build/ARM/base/statistics.hh:277: warn: One of the stats is a legacy stat. Legacy stat is a stat that does not belong to any statistics::Group. Legacy stat is deprecated.
Global frequency set at 1000000000000 ticks per second
build/ARM/mem/mem_interface.cc:793: warn: DRAM device capacity (16384 Mbytes) does not match the address range assigned (4096 Mbytes)
build/ARM/sim/kernel_workload.cc:46: info: kernel located at: /gem5-SALAM/benchmarks/mobilenetv2/sw/main.elf
build/ARM/arch/arm/system.cc:95: warn: Highest ARM exception-level set to AArch64 but the workload is for AArch32. Assuming you wanted these to match.
build/ARM/base/vnc/vncserver.cc:163: warn: Sockets disabled, not accepting vnc client connections
build/ARM/dev/serial/terminal.cc:170: warn: Sockets disabled, not accepting terminal connections
build/ARM/mem/coherent_xbar.cc:140: warn: CoherentXBar system.body.coherency_bus has no snooping ports attached!
build/ARM/mem/coherent_xbar.cc:140: warn: CoherentXBar system.classifier.coherency_bus has no snooping ports attached!
build/ARM/base/remote_gdb.cc:377: warn: Sockets disabled, not accepting gdb connections
build/ARM/mem/coherent_xbar.cc:140: warn: CoherentXBar system.head.coherency_bus has no snooping ports attached!
build/ARM/mem/coherent_xbar.cc:140: warn: CoherentXBar system.tail.coherency_bus has no snooping ports attached!
build/ARM/dev/arm/energy_ctrl.cc:252: warn: Existing EnergyCtrl, but no enabled DVFSHandler found.
gem5 Simulator System.  http://gem5.org
gem5 is copyrighted software; use the --copyright option for details.

gem5 version 21.1.0.1
gem5 compiled May  4 2026 18:12:38
gem5 started May  5 2026 00:27:30
gem5 executing on 3b7fb6fd27b8, pid 2790653
command line: /gem5-SALAM/build/ARM/gem5.opt --listener-mode=off --outdir=/gem5-SALAM/BM_ARM_OUT/run_all/mobilenetv2_75/iommu_e16_m1000ns /gem5-SALAM/configs/SALAM/fs_mobilenetv2_75.py --mem-size=4GB --mem-type=DDR4_2400_8x8 --machine-type=VExpress_GEM5_V1 --dtb-file=none --bare-metal --cpu-type=DerivO3CPU --caches --l2cache --kernel=/gem5-SALAM/benchmarks/mobilenetv2/sw/main.elf --disk-image=/gem5-SALAM/benchmarks/common/fake.iso --accpath=/gem5-SALAM/benchmarks/mobilenetv2 --accbench=mobilenetv2_75 --enable-iommu --iotlb-entries 16 --iotlb-hit-latency 2000 --iotlb-miss-latency 1000000

[HWAccConfig] IOMMU ENABLED: entries=16, hit_lat=2000, miss_lat=1000000
head_top Profile Loaded
[HWAccConfig] IOMMU ENABLED: entries=16, hit_lat=2000, miss_lat=1000000
head_NormalConv Profile Loaded
[HWAccConfig] IOMMU ENABLED: entries=16, hit_lat=2000, miss_lat=1000000
head_DWConv Profile Loaded
[HWAccConfig] IOMMU ENABLED: entries=16, hit_lat=2000, miss_lat=1000000
head_PWConv Profile Loaded
[HWAccConfig] IOMMU ENABLED: entries=16, hit_lat=2000, miss_lat=1000000
body_top Profile Loaded
[HWAccConfig] IOMMU ENABLED: entries=16, hit_lat=2000, miss_lat=1000000
body_Residual Profile Loaded
[HWAccConfig] IOMMU ENABLED: entries=16, hit_lat=2000, miss_lat=1000000
body_PWConv0 Profile Loaded
[HWAccConfig] IOMMU ENABLED: entries=16, hit_lat=2000, miss_lat=1000000
body_DWConv Profile Loaded
[HWAccConfig] IOMMU ENABLED: entries=16, hit_lat=2000, miss_lat=1000000
body_PWConv1 Profile Loaded
[HWAccConfig] IOMMU ENABLED: entries=16, hit_lat=2000, miss_lat=1000000
tail_top Profile Loaded
[HWAccConfig] IOMMU ENABLED: entries=16, hit_lat=2000, miss_lat=1000000
tail_PWConv Profile Loaded
[HWAccConfig] IOMMU ENABLED: entries=16, hit_lat=2000, miss_lat=1000000
tail_Reshape Profile Loaded
[HWAccConfig] IOMMU ENABLED: entries=16, hit_lat=2000, miss_lat=1000000
tail_AvgPool Profile Loaded
[HWAccConfig] IOMMU ENABLED: entries=16, hit_lat=2000, miss_lat=1000000
classifier_top Profile Loaded
[HWAccConfig] IOMMU ENABLED: entries=16, hit_lat=2000, miss_lat=1000000
classifier_Linear Profile Loaded
**** REAL SIMULATION ****
warn: iobus.slave is deprecated. `slave` is now called `cpu_side_ports`
warn: bridge.master is deprecated. `master` is now called `mem_side_port`
warn: membus.master is deprecated. `master` is now called `mem_side_ports`
warn: bridge.slave is deprecated. `slave` is now called `cpu_side_port`
warn: membus.slave is deprecated. `slave` is now called `cpu_side_ports`
warn: tol2bus.master is deprecated. `master` is now called `mem_side_ports`
warn: membus.slave is deprecated. `slave` is now called `cpu_side_ports`
warn: tol2bus.slave is deprecated. `slave` is now called `cpu_side_ports`
warn: tol2bus.slave is deprecated. `slave` is now called `cpu_side_ports`
warn: tol2bus.slave is deprecated. `slave` is now called `cpu_side_ports`
warn: tol2bus.slave is deprecated. `slave` is now called `cpu_side_ports`
warn: membus.slave is deprecated. `slave` is now called `cpu_side_ports`
warn: coherency_bus.master is deprecated. `master` is now called `mem_side_ports`
warn: membus.slave is deprecated. `slave` is now called `cpu_side_ports`
warn: coherency_bus.master is deprecated. `master` is now called `mem_side_ports`
warn: membus.slave is deprecated. `slave` is now called `cpu_side_ports`
warn: coherency_bus.master is deprecated. `master` is now called `mem_side_ports`
warn: membus.slave is deprecated. `slave` is now called `cpu_side_ports`
warn: coherency_bus.master is deprecated. `master` is now called `mem_side_ports`
warn: No dot file generated. Please install pydot to generate the dot file and pdf.
build/ARM/sim/simulate.cc:107: info: Entering event queue @ 0.  Starting simulation...
********************************************************************************
system.head.head_top.llvm_interface
Total Area: 3799.78
Total Power Static: 158.765

Total Power Dynamic: 780.235
   ========= Performance Analysis =============
   Setup Time:                      0h 0m 0s 3ms 864us
   Simulation Time (Total):         0h 25m 11s 611ms
   Simulation Time (Active):        0h 0m 1s 554ms
        Queue Processing Time:      0h 0m 1s 365ms
             Scheduling Time:       0h 0m 0s 620ms
             Computation Time:      0h 0m 0s 222ms
   System Clock:                    0.1GHz
   Runtime:                         2198741 cycles
   Runtime:                         21987.4 us
   Stalls:                          0 cycles
   Executed Nodes:                  2198740 cycles

   ========= Kernel Validation Stats ==========
   Kernel validation enabled:       NO
   Configured latency per check:    0 us

   --- Access Breakdown ---
   Total memory accesses (validated): 0
   Cache hits (0 latency):          0
   Validation requests (full lat):  0
     of which DMA-ctrl writes:      0
   Coalesced waits (partial lat):   0
   Validations denied:              0

   --- Latency Breakdown ---
   Validation request latency:      0 us
   Coalesced wait latency:          0 us
   TOTAL SECURITY OVERHEAD:         0 us
   Avg latency per validation:      0 us
   Avg latency per coalesced wait:  0 us
   Avg overhead per blocked access: 0 us

   --- Cache Statistics ---
   Processes with cached pages:     0
   Unique pages validated (total):  0
   Cache hit rate:                  0%

   ========= IOMMU Stats =====================
   IOMMU enabled:                   YES
   IOMMU SimObject:                 system.head.iommu

   --- Access Breakdown ---
   Total IOMMU checks:              10362942
   IOTLB hits:                      10362924
   IOTLB misses (page walks):       18
   IOTLB hit rate:                  99.9998%

   --- Latency Breakdown ---
   TOTAL IOMMU OVERHEAD:            20743.8 us
   Avg latency per access:          0.00200173 us

********************************************************************************
system.head.head_pwconv.llvm_interface
Total Area: 11678.9
Total Power Static: 2554.71

Total Power Dynamic: 61491.8
   ========= Performance Analysis =============
   Setup Time:                      0h 0m 0s 0ms 560us
   Simulation Time (Total):         0h 34m 39s 263ms
   Simulation Time (Active):        0h 0m 45s 792ms
        Queue Processing Time:      0h 0m 45s 758ms
             Scheduling Time:       0h 0m 15s 108ms
             Computation Time:      0h 0m 0s 387ms
   System Clock:                    0.1GHz
   Runtime:                         2481748 cycles
   Runtime:                         24817.5 us
   Stalls:                          0 cycles
   Executed Nodes:                  2481747 cycles

   ========= Kernel Validation Stats ==========
   Kernel validation enabled:       NO
   Configured latency per check:    0 us

   --- Access Breakdown ---
   Total memory accesses (validated): 0
   Cache hits (0 latency):          0
   Validation requests (full lat):  0
     of which DMA-ctrl writes:      0
   Coalesced waits (partial lat):   0
   Validations denied:              0

   --- Latency Breakdown ---
   Validation request latency:      0 us
   Coalesced wait latency:          0 us
   TOTAL SECURITY OVERHEAD:         0 us
   Avg latency per validation:      0 us
   Avg latency per coalesced wait:  0 us
   Avg overhead per blocked access: 0 us

   --- Cache Statistics ---
   Processes with cached pages:     0
   Unique pages validated (total):  0
   Cache hit rate:                  0%

   ========= IOMMU Stats =====================
   IOMMU enabled:                   YES
   IOMMU SimObject:                 system.head.iommu

   --- Access Breakdown ---
   Total IOMMU checks:              11684219
   IOTLB hits:                      11684201
   IOTLB misses (page walks):       18
   IOTLB hit rate:                  99.9998%

   --- Latency Breakdown ---
   TOTAL IOMMU OVERHEAD:            23386.4 us
   Avg latency per access:          0.00200154 us

********************************************************************************
system.head.head_dwconv.llvm_interface
Total Area: 116081
Total Power Static: 72931.3

Total Power Dynamic: 869084
   ========= Performance Analysis =============
   Setup Time:                      0h 0m 0s 4ms 612us
   Simulation Time (Total):         0h 34m 39s 300ms
   Simulation Time (Active):        0h 4m 13s 393ms
        Queue Processing Time:      0h 4m 13s 365ms
             Scheduling Time:       0h 3m 35s 853ms
             Computation Time:      0h 0m 3s 937ms
   System Clock:                    0.1GHz
   Runtime:                         2481790 cycles
   Runtime:                         24817.9 us
   Stalls:                          0 cycles
   Executed Nodes:                  2481789 cycles

   ========= Kernel Validation Stats ==========
   Kernel validation enabled:       NO
   Configured latency per check:    0 us

   --- Access Breakdown ---
   Total memory accesses (validated): 0
   Cache hits (0 latency):          0
   Validation requests (full lat):  0
     of which DMA-ctrl writes:      0
   Coalesced waits (partial lat):   0
   Validations denied:              0

   --- Latency Breakdown ---
   Validation request latency:      0 us
   Coalesced wait latency:          0 us
   TOTAL SECURITY OVERHEAD:         0 us
   Avg latency per validation:      0 us
   Avg latency per coalesced wait:  0 us
   Avg overhead per blocked access: 0 us

   --- Cache Statistics ---
   Processes with cached pages:     0
   Unique pages validated (total):  0
   Cache hit rate:                  0%

   ========= IOMMU Stats =====================
   IOMMU enabled:                   YES
   IOMMU SimObject:                 system.head.iommu

   --- Access Breakdown ---
   Total IOMMU checks:              11684351
   IOTLB hits:                      11684333
   IOTLB misses (page walks):       18
   IOTLB hit rate:                  99.9998%

   --- Latency Breakdown ---
   TOTAL IOMMU OVERHEAD:            23386.7 us
   Avg latency per access:          0.00200154 us

********************************************************************************
system.head.head_normalconv.llvm_interface
Total Area: 200127
Total Power Static: 259429

Total Power Dynamic: 6.41728e+06
   ========= Performance Analysis =============
   Setup Time:                      0h 0m 0s 11ms 198us
   Simulation Time (Total):         0h 34m 52s 710ms
   Simulation Time (Active):        0h 22m 37s 892ms
        Queue Processing Time:      0h 22m 38s 625ms
             Scheduling Time:       0h 20m 3s 756ms
             Computation Time:      0h 0m 17s 270ms
   System Clock:                    0.1GHz
   Runtime:                         2487376 cycles
   Runtime:                         24873.8 us
   Stalls:                          0 cycles
   Executed Nodes:                  2487375 cycles

   ========= Kernel Validation Stats ==========
   Kernel validation enabled:       NO
   Configured latency per check:    0 us

   --- Access Breakdown ---
   Total memory accesses (validated): 0
   Cache hits (0 latency):          0
   Validation requests (full lat):  0
     of which DMA-ctrl writes:      0
   Coalesced waits (partial lat):   0
   Validations denied:              0

   --- Latency Breakdown ---
   Validation request latency:      0 us
   Coalesced wait latency:          0 us
   TOTAL SECURITY OVERHEAD:         0 us
   Avg latency per validation:      0 us
   Avg latency per coalesced wait:  0 us
   Avg overhead per blocked access: 0 us

   --- Cache Statistics ---
   Processes with cached pages:     0
   Unique pages validated (total):  0
   Cache hit rate:                  0%

   ========= IOMMU Stats =====================
   IOMMU enabled:                   YES
   IOMMU SimObject:                 system.head.iommu

   --- Access Breakdown ---
   Total IOMMU checks:              11708802
   IOTLB hits:                      11708784
   IOTLB misses (page walks):       18
   IOTLB hit rate:                  99.9998%

   --- Latency Breakdown ---
   TOTAL IOMMU OVERHEAD:            23435.6 us
   Avg latency per access:          0.00200153 us

********************************************************************************
system.body.body_residual.llvm_interface
Total Area: 538.329
Total Power Static: 87.7635

Total Power Dynamic: 263.175
   ========= Performance Analysis =============
   Setup Time:                      0h 0m 0s 0ms 538us
   Simulation Time (Total):         0h 41m 9s 843ms
   Simulation Time (Active):        0h 0m 0s 493ms
        Queue Processing Time:      0h 0m 0s 360ms
             Scheduling Time:       0h 0m 0s 174ms
             Computation Time:      0h 0m 0s 15ms
   System Clock:                    0.1GHz
   Runtime:                         1802854 cycles
   Runtime:                         18028.5 us
   Stalls:                          0 cycles
   Executed Nodes:                  1802853 cycles

   ========= Kernel Validation Stats ==========
   Kernel validation enabled:       NO
   Configured latency per check:    0 us

   --- Access Breakdown ---
   Total memory accesses (validated): 0
   Cache hits (0 latency):          0
   Validation requests (full lat):  0
     of which DMA-ctrl writes:      0
   Coalesced waits (partial lat):   0
   Validations denied:              0

   --- Latency Breakdown ---
   Validation request latency:      0 us
   Coalesced wait latency:          0 us
   TOTAL SECURITY OVERHEAD:         0 us
   Avg latency per validation:      0 us
   Avg latency per coalesced wait:  0 us
   Avg overhead per blocked access: 0 us

   --- Cache Statistics ---
   Processes with cached pages:     0
   Unique pages validated (total):  0
   Cache hit rate:                  0%

   ========= IOMMU Stats =====================
   IOMMU enabled:                   YES
   IOMMU SimObject:                 system.body.iommu

   --- Access Breakdown ---
   Total IOMMU checks:              8610130
   IOTLB hits:                      8610098
   IOTLB misses (page walks):       32
   IOTLB hit rate:                  99.9996%

   --- Latency Breakdown ---
   TOTAL IOMMU OVERHEAD:            17252.2 us
   Avg latency per access:          0.00200371 us

********************************************************************************
system.body.body_pwconv0.llvm_interface
Total Area: 12037.8
Total Power Static: 15393.1

Total Power Dynamic: 366196
   ========= Performance Analysis =============
   Setup Time:                      0h 0m 0s 0ms 827us
   Simulation Time (Total):         0h 41m 22s 99ms
   Simulation Time (Active):        0h 4m 42s 804ms
        Queue Processing Time:      0h 4m 42s 599ms
             Scheduling Time:       0h 3m 14s 593ms
             Computation Time:      0h 0m 2s 766ms
   System Clock:                    0.1GHz
   Runtime:                         1812979 cycles
   Runtime:                         18129.8 us
   Stalls:                          0 cycles
   Executed Nodes:                  1812978 cycles

   ========= Kernel Validation Stats ==========
   Kernel validation enabled:       NO
   Configured latency per check:    0 us

   --- Access Breakdown ---
   Total memory accesses (validated): 0
   Cache hits (0 latency):          0
   Validation requests (full lat):  0
     of which DMA-ctrl writes:      0
   Coalesced waits (partial lat):   0
   Validations denied:              0

   --- Latency Breakdown ---
   Validation request latency:      0 us
   Coalesced wait latency:          0 us
   TOTAL SECURITY OVERHEAD:         0 us
   Avg latency per validation:      0 us
   Avg latency per coalesced wait:  0 us
   Avg overhead per blocked access: 0 us

   --- Cache Statistics ---
   Processes with cached pages:     0
   Unique pages validated (total):  0
   Cache hit rate:                  0%

   ========= IOMMU Stats =====================
   IOMMU enabled:                   YES
   IOMMU SimObject:                 system.body.iommu

   --- Access Breakdown ---
   Total IOMMU checks:              8659892
   IOTLB hits:                      8659860
   IOTLB misses (page walks):       32
   IOTLB hit rate:                  99.9996%

   --- Latency Breakdown ---
   TOTAL IOMMU OVERHEAD:            17351.7 us
   Avg latency per access:          0.00200369 us

********************************************************************************
system.body.body_pwconv1.llvm_interface
Total Area: 749685
Total Power Static: 185773

Total Power Dynamic: 1.83603e+06
   ========= Performance Analysis =============
   Setup Time:                      0h 0m 0s 136ms 786us
   Simulation Time (Total):         0h 41m 46s 590ms
   Simulation Time (Active):        0h 9m 46s 459ms
        Queue Processing Time:      0h 9m 46s 427ms
             Scheduling Time:       0h 8m 17s 191ms
             Computation Time:      0h 0m 10s 843ms
   System Clock:                    0.1GHz
   Runtime:                         1835128 cycles
   Runtime:                         18351.3 us
   Stalls:                          0 cycles
   Executed Nodes:                  1835127 cycles

   ========= Kernel Validation Stats ==========
   Kernel validation enabled:       NO
   Configured latency per check:    0 us

   --- Access Breakdown ---
   Total memory accesses (validated): 0
   Cache hits (0 latency):          0
   Validation requests (full lat):  0
     of which DMA-ctrl writes:      0
   Coalesced waits (partial lat):   0
   Validations denied:              0

   --- Latency Breakdown ---
   Validation request latency:      0 us
   Coalesced wait latency:          0 us
   TOTAL SECURITY OVERHEAD:         0 us
   Avg latency per validation:      0 us
   Avg latency per coalesced wait:  0 us
   Avg overhead per blocked access: 0 us

   --- Cache Statistics ---
   Processes with cached pages:     0
   Unique pages validated (total):  0
   Cache hit rate:                  0%

   ========= IOMMU Stats =====================
   IOMMU enabled:                   YES
   IOMMU SimObject:                 system.body.iommu

   --- Access Breakdown ---
   Total IOMMU checks:              8756117
   IOTLB hits:                      8756085
   IOTLB misses (page walks):       32
   IOTLB hit rate:                  99.9996%

   --- Latency Breakdown ---
   TOTAL IOMMU OVERHEAD:            17544.2 us
   Avg latency per access:          0.00200365 us

********************************************************************************
system.body.body_dwconv.llvm_interface
Total Area: 129609
Total Power Static: 229952

Total Power Dynamic: 2.63548e+06
   ========= Performance Analysis =============
   Setup Time:                      0h 0m 0s 9ms 253us
   Simulation Time (Total):         0h 41m 46s 836ms
   Simulation Time (Active):        0h 22m 10s 377ms
        Queue Processing Time:      0h 22m 10s 545ms
             Scheduling Time:       0h 20m 39s 587ms
             Computation Time:      0h 0m 13s 698ms
   System Clock:                    0.1GHz
   Runtime:                         1835659 cycles
   Runtime:                         18356.6 us
   Stalls:                          0 cycles
   Executed Nodes:                  1835658 cycles

   ========= Kernel Validation Stats ==========
   Kernel validation enabled:       NO
   Configured latency per check:    0 us

   --- Access Breakdown ---
   Total memory accesses (validated): 0
   Cache hits (0 latency):          0
   Validation requests (full lat):  0
     of which DMA-ctrl writes:      0
   Coalesced waits (partial lat):   0
   Validations denied:              0

   --- Latency Breakdown ---
   Validation request latency:      0 us
   Coalesced wait latency:          0 us
   TOTAL SECURITY OVERHEAD:         0 us
   Avg latency per validation:      0 us
   Avg latency per coalesced wait:  0 us
   Avg overhead per blocked access: 0 us

   --- Cache Statistics ---
   Processes with cached pages:     0
   Unique pages validated (total):  0
   Cache hit rate:                  0%

   ========= IOMMU Stats =====================
   IOMMU enabled:                   YES
   IOMMU SimObject:                 system.body.iommu

   --- Access Breakdown ---
   Total IOMMU checks:              8757850
   IOTLB hits:                      8757818
   IOTLB misses (page walks):       32
   IOTLB hit rate:                  99.9996%

   --- Latency Breakdown ---
   TOTAL IOMMU OVERHEAD:            17547.6 us
   Avg latency per access:          0.00200365 us

********************************************************************************
system.body.body_top.llvm_interface
Total Area: 3749.41
Total Power Static: 0.961624

Total Power Dynamic: 4.76427
   ========= Performance Analysis =============
   Setup Time:                      0h 0m 0s 8ms 445us
   Simulation Time (Total):         0h 42m 0s 351ms
   Simulation Time (Active):        0h 0m 0s 888ms
        Queue Processing Time:      0h 0m 0s 735ms
             Scheduling Time:       0h 0m 0s 334ms
             Computation Time:      0h 0m 0s 83ms
   System Clock:                    0.1GHz
   Runtime:                         1855881 cycles
   Runtime:                         18558.8 us
   Stalls:                          0 cycles
   Executed Nodes:                  1855880 cycles

   ========= Kernel Validation Stats ==========
   Kernel validation enabled:       NO
   Configured latency per check:    0 us

   --- Access Breakdown ---
   Total memory accesses (validated): 0
   Cache hits (0 latency):          0
   Validation requests (full lat):  0
     of which DMA-ctrl writes:      0
   Coalesced waits (partial lat):   0
   Validations denied:              0

   --- Latency Breakdown ---
   Validation request latency:      0 us
   Coalesced wait latency:          0 us
   TOTAL SECURITY OVERHEAD:         0 us
   Avg latency per validation:      0 us
   Avg latency per coalesced wait:  0 us
   Avg overhead per blocked access: 0 us

   --- Cache Statistics ---
   Processes with cached pages:     0
   Unique pages validated (total):  0
   Cache hit rate:                  0%

   ========= IOMMU Stats =====================
   IOMMU enabled:                   YES
   IOMMU SimObject:                 system.body.iommu

   --- Access Breakdown ---
   Total IOMMU checks:              8757853
   IOTLB hits:                      8757821
   IOTLB misses (page walks):       32
   IOTLB hit rate:                  99.9996%

   --- Latency Breakdown ---
   TOTAL IOMMU OVERHEAD:            17547.6 us
   Avg latency per access:          0.00200365 us

********************************************************************************
system.body.body_residual.llvm_interface
Total Area: 1076.66
Total Power Static: 21.9391

Total Power Dynamic: 65.7937
   ========= Performance Analysis =============
   Setup Time:                      0h 0m 0s 0ms 361us
   Simulation Time (Total):         0h 15m 38s 568ms
   Simulation Time (Active):        0h 0m 0s 187ms
        Queue Processing Time:      0h 0m 0s 119ms
             Scheduling Time:       0h 0m 0s 41ms
             Computation Time:      0h 0m 0s 3ms
   System Clock:                    0.1GHz
   Runtime:                         1038967 cycles
   Runtime:                         10389.7 us
   Stalls:                          0 cycles
   Executed Nodes:                  1038966 cycles

   ========= Kernel Validation Stats ==========
   Kernel validation enabled:       NO
   Configured latency per check:    0 us

   --- Access Breakdown ---
   Total memory accesses (validated): 0
   Cache hits (0 latency):          0
   Validation requests (full lat):  0
     of which DMA-ctrl writes:      0
   Coalesced waits (partial lat):   0
   Validations denied:              0

   --- Latency Breakdown ---
   Validation request latency:      0 us
   Coalesced wait latency:          0 us
   TOTAL SECURITY OVERHEAD:         0 us
   Avg latency per validation:      0 us
   Avg latency per coalesced wait:  0 us
   Avg overhead per blocked access: 0 us

   --- Cache Statistics ---
   Processes with cached pages:     0
   Unique pages validated (total):  0
   Cache hit rate:                  0%

   ========= IOMMU Stats =====================
   IOMMU enabled:                   YES
   IOMMU SimObject:                 system.body.iommu

   --- Access Breakdown ---
   Total IOMMU checks:              12627977
   IOTLB hits:                      12627920
   IOTLB misses (page walks):       57
   IOTLB hit rate:                  99.9995%

   --- Latency Breakdown ---
   TOTAL IOMMU OVERHEAD:            25312.8 us
   Avg latency per access:          0.0020045 us

********************************************************************************
system.body.body_pwconv0.llvm_interface
Total Area: 24075.6
Total Power Static: 3848.3

Total Power Dynamic: 91549.2
   ========= Performance Analysis =============
   Setup Time:                      0h 0m 0s 0ms 766us
   Simulation Time (Total):         0h 15m 59s 17ms
   Simulation Time (Active):        0h 1m 5s 736ms
        Queue Processing Time:      0h 1m 5s 714ms
             Scheduling Time:       0h 0m 43s 805ms
             Computation Time:      0h 0m 0s 668ms
   System Clock:                    0.1GHz
   Runtime:                         1055147 cycles
   Runtime:                         10551.5 us
   Stalls:                          0 cycles
   Executed Nodes:                  1055146 cycles

   ========= Kernel Validation Stats ==========
   Kernel validation enabled:       NO
   Configured latency per check:    0 us

   --- Access Breakdown ---
   Total memory accesses (validated): 0
   Cache hits (0 latency):          0
   Validation requests (full lat):  0
     of which DMA-ctrl writes:      0
   Coalesced waits (partial lat):   0
   Validations denied:              0

   --- Latency Breakdown ---
   Validation request latency:      0 us
   Coalesced wait latency:          0 us
   TOTAL SECURITY OVERHEAD:         0 us
   Avg latency per validation:      0 us
   Avg latency per coalesced wait:  0 us
   Avg overhead per blocked access: 0 us

   --- Cache Statistics ---
   Processes with cached pages:     0
   Unique pages validated (total):  0
   Cache hit rate:                  0%

   ========= IOMMU Stats =====================
   IOMMU enabled:                   YES
   IOMMU SimObject:                 system.body.iommu

   --- Access Breakdown ---
   Total IOMMU checks:              12708146
   IOTLB hits:                      12708089
   IOTLB misses (page walks):       57
   IOTLB hit rate:                  99.9996%

   --- Latency Breakdown ---
   TOTAL IOMMU OVERHEAD:            25473.2 us
   Avg latency per access:          0.00200448 us

********************************************************************************
system.body.body_dwconv.llvm_interface
Total Area: 259219
Total Power Static: 56863.8

Total Power Dynamic: 649870
   ========= Performance Analysis =============
   Setup Time:                      0h 0m 0s 9ms 367us
   Simulation Time (Total):         0h 16m 35s 883ms
   Simulation Time (Active):        0h 5m 29s 924ms
        Queue Processing Time:      0h 5m 29s 906ms
             Scheduling Time:       0h 5m 3s 344ms
             Computation Time:      0h 0m 3s 629ms
   System Clock:                    0.1GHz
   Runtime:                         1099221 cycles
   Runtime:                         10992.2 us
   Stalls:                          0 cycles
   Executed Nodes:                  1099220 cycles

   ========= Kernel Validation Stats ==========
   Kernel validation enabled:       NO
   Configured latency per check:    0 us

   --- Access Breakdown ---
   Total memory accesses (validated): 0
   Cache hits (0 latency):          0
   Validation requests (full lat):  0
     of which DMA-ctrl writes:      0
   Coalesced waits (partial lat):   0
   Validations denied:              0

   --- Latency Breakdown ---
   Validation request latency:      0 us
   Coalesced wait latency:          0 us
   TOTAL SECURITY OVERHEAD:         0 us
   Avg latency per validation:      0 us
   Avg latency per coalesced wait:  0 us
   Avg overhead per blocked access: 0 us

   --- Cache Statistics ---
   Processes with cached pages:     0
   Unique pages validated (total):  0
   Cache hit rate:                  0%

   ========= IOMMU Stats =====================
   IOMMU enabled:                   YES
   IOMMU SimObject:                 system.body.iommu

   --- Access Breakdown ---
   Total IOMMU checks:              12863695
   IOTLB hits:                      12863638
   IOTLB misses (page walks):       57
   IOTLB hit rate:                  99.9996%

   --- Latency Breakdown ---
   TOTAL IOMMU OVERHEAD:            25784.3 us
   Avg latency per access:          0.00200442 us

********************************************************************************
system.body.body_pwconv1.llvm_interface
Total Area: 1.49937e+06
Total Power Static: 185773

Total Power Dynamic: 1.83603e+06
   ========= Performance Analysis =============
   Setup Time:                      0h 0m 0s 141ms 39us
   Simulation Time (Total):         0h 16m 36s 467ms
   Simulation Time (Active):        0h 9m 11s 466ms
        Queue Processing Time:      0h 9m 11s 445ms
             Scheduling Time:       0h 8m 2s 475ms
             Computation Time:      0h 0m 10s 578ms
   System Clock:                    0.1GHz
   Runtime:                         1106008 cycles
   Runtime:                         11060.1 us
   Stalls:                          0 cycles
   Executed Nodes:                  1106007 cycles

   ========= Kernel Validation Stats ==========
   Kernel validation enabled:       NO
   Configured latency per check:    0 us

   --- Access Breakdown ---
   Total memory accesses (validated): 0
   Cache hits (0 latency):          0
   Validation requests (full lat):  0
     of which DMA-ctrl writes:      0
   Coalesced waits (partial lat):   0
   Validations denied:              0

   --- Latency Breakdown ---
   Validation request latency:      0 us
   Coalesced wait latency:          0 us
   TOTAL SECURITY OVERHEAD:         0 us
   Avg latency per validation:      0 us
   Avg latency per coalesced wait:  0 us
   Avg overhead per blocked access: 0 us

   --- Cache Statistics ---
   Processes with cached pages:     0
   Unique pages validated (total):  0
   Cache hit rate:                  0%

   ========= IOMMU Stats =====================
   IOMMU enabled:                   YES
   IOMMU SimObject:                 system.body.iommu

   --- Access Breakdown ---
   Total IOMMU checks:              12871198
   IOTLB hits:                      12871141
   IOTLB misses (page walks):       57
   IOTLB hit rate:                  99.9996%

   --- Latency Breakdown ---
   TOTAL IOMMU OVERHEAD:            25799.3 us
   Avg latency per access:          0.00200442 us

********************************************************************************
system.body.body_top.llvm_interface
Total Area: 7498.83
Total Power Static: 0.96468

Total Power Dynamic: 4.77928
   ========= Performance Analysis =============
   Setup Time:                      0h 0m 0s 7ms 345us
   Simulation Time (Total):         0h 16m 37s 123ms
   Simulation Time (Active):        0h 0m 0s 404ms
        Queue Processing Time:      0h 0m 0s 316ms
             Scheduling Time:       0h 0m 0s 135ms
             Computation Time:      0h 0m 0s 30ms
   System Clock:                    0.1GHz
   Runtime:                         1125994 cycles
   Runtime:                         11259.9 us
   Stalls:                          0 cycles
   Executed Nodes:                  1125993 cycles

   ========= Kernel Validation Stats ==========
   Kernel validation enabled:       NO
   Configured latency per check:    0 us

   --- Access Breakdown ---
   Total memory accesses (validated): 0
   Cache hits (0 latency):          0
   Validation requests (full lat):  0
     of which DMA-ctrl writes:      0
   Coalesced waits (partial lat):   0
   Validations denied:              0

   --- Latency Breakdown ---
   Validation request latency:      0 us
   Coalesced wait latency:          0 us
   TOTAL SECURITY OVERHEAD:         0 us
   Avg latency per validation:      0 us
   Avg latency per coalesced wait:  0 us
   Avg overhead per blocked access: 0 us

   --- Cache Statistics ---
   Processes with cached pages:     0
   Unique pages validated (total):  0
   Cache hit rate:                  0%

   ========= IOMMU Stats =====================
   IOMMU enabled:                   YES
   IOMMU SimObject:                 system.body.iommu

   --- Access Breakdown ---
   Total IOMMU checks:              12871200
   IOTLB hits:                      12871143
   IOTLB misses (page walks):       57
   IOTLB hit rate:                  99.9996%

   --- Latency Breakdown ---
   TOTAL IOMMU OVERHEAD:            25799.3 us
   Avg latency per access:          0.00200442 us

********************************************************************************
system.body.body_residual.llvm_interface
Total Area: 1614.99
Total Power Static: 32.9098

Total Power Dynamic: 131.587
   ========= Performance Analysis =============
   Setup Time:                      0h 0m 0s 0ms 512us
   Simulation Time (Total):         0h 10m 4s 774ms
   Simulation Time (Active):        0h 0m 0s 153ms
        Queue Processing Time:      0h 0m 0s 116ms
             Scheduling Time:       0h 0m 0s 63ms
             Computation Time:      0h 0m 0s 6ms
   System Clock:                    0.1GHz
   Runtime:                         539679 cycles
   Runtime:                         5396.79 us
   Stalls:                          0 cycles
   Executed Nodes:                  539678 cycles

   ========= Kernel Validation Stats ==========
   Kernel validation enabled:       NO
   Configured latency per check:    0 us

   --- Access Breakdown ---
   Total memory accesses (validated): 0
   Cache hits (0 latency):          0
   Validation requests (full lat):  0
     of which DMA-ctrl writes:      0
   Coalesced waits (partial lat):   0
   Validations denied:              0

   --- Latency Breakdown ---
   Validation request latency:      0 us
   Coalesced wait latency:          0 us
   TOTAL SECURITY OVERHEAD:         0 us
   Avg latency per validation:      0 us
   Avg latency per coalesced wait:  0 us
   Avg overhead per blocked access: 0 us

   --- Cache Statistics ---
   Processes with cached pages:     0
   Unique pages validated (total):  0
   Cache hit rate:                  0%

   ========= IOMMU Stats =====================
   IOMMU enabled:                   YES
   IOMMU SimObject:                 system.body.iommu

   --- Access Breakdown ---
   Total IOMMU checks:              15475424
   IOTLB hits:                      15475340
   IOTLB misses (page walks):       84
   IOTLB hit rate:                  99.9995%

   --- Latency Breakdown ---
   TOTAL IOMMU OVERHEAD:            31034.7 us
   Avg latency per access:          0.00200542 us

********************************************************************************
system.body.body_pwconv0.llvm_interface
Total Area: 36113.4
Total Power Static: 3848.3

Total Power Dynamic: 91549.2
   ========= Performance Analysis =============
   Setup Time:                      0h 0m 0s 0ms 755us
   Simulation Time (Total):         0h 10m 27s 632ms
   Simulation Time (Active):        0h 1m 2s 68ms
        Queue Processing Time:      0h 1m 2s 48ms
             Scheduling Time:       0h 0m 42s 818ms
             Computation Time:      0h 0m 0s 664ms
   System Clock:                    0.1GHz
   Runtime:                         559953 cycles
   Runtime:                         5599.53 us
   Stalls:                          0 cycles
   Executed Nodes:                  559952 cycles

   ========= Kernel Validation Stats ==========
   Kernel validation enabled:       NO
   Configured latency per check:    0 us

   --- Access Breakdown ---
   Total memory accesses (validated): 0
   Cache hits (0 latency):          0
   Validation requests (full lat):  0
     of which DMA-ctrl writes:      0
   Coalesced waits (partial lat):   0
   Validations denied:              0

   --- Latency Breakdown ---
   Validation request latency:      0 us
   Coalesced wait latency:          0 us
   TOTAL SECURITY OVERHEAD:         0 us
   Avg latency per validation:      0 us
   Avg latency per coalesced wait:  0 us
   Avg overhead per blocked access: 0 us

   --- Cache Statistics ---
   Processes with cached pages:     0
   Unique pages validated (total):  0
   Cache hit rate:                  0%

   ========= IOMMU Stats =====================
   IOMMU enabled:                   YES
   IOMMU SimObject:                 system.body.iommu

   --- Access Breakdown ---
   Total IOMMU checks:              15576283
   IOTLB hits:                      15576199
   IOTLB misses (page walks):       84
   IOTLB hit rate:                  99.9995%

   --- Latency Breakdown ---
   TOTAL IOMMU OVERHEAD:            31236.4 us
   Avg latency per access:          0.00200538 us

********************************************************************************
system.body.body_pwconv1.llvm_interface
Total Area: 2.24905e+06
Total Power Static: 92541.7

Total Power Dynamic: 914996
   ========= Performance Analysis =============
   Setup Time:                      0h 0m 0s 138ms 103us
   Simulation Time (Total):         0h 10m 40s 380ms
   Simulation Time (Active):        0h 3m 44s 820ms
        Queue Processing Time:      0h 3m 44s 800ms
             Scheduling Time:       0h 3m 20s 42ms
             Computation Time:      0h 0m 5s 527ms
   System Clock:                    0.1GHz
   Runtime:                         571325 cycles
   Runtime:                         5713.25 us
   Stalls:                          0 cycles
   Executed Nodes:                  571324 cycles

   ========= Kernel Validation Stats ==========
   Kernel validation enabled:       NO
   Configured latency per check:    0 us

   --- Access Breakdown ---
   Total memory accesses (validated): 0
   Cache hits (0 latency):          0
   Validation requests (full lat):  0
     of which DMA-ctrl writes:      0
   Coalesced waits (partial lat):   0
   Validations denied:              0

   --- Latency Breakdown ---
   Validation request latency:      0 us
   Coalesced wait latency:          0 us
   TOTAL SECURITY OVERHEAD:         0 us
   Avg latency per validation:      0 us
   Avg latency per coalesced wait:  0 us
   Avg overhead per blocked access: 0 us

   --- Cache Statistics ---
   Processes with cached pages:     0
   Unique pages validated (total):  0
   Cache hit rate:                  0%

   ========= IOMMU Stats =====================
   IOMMU enabled:                   YES
   IOMMU SimObject:                 system.body.iommu

   --- Access Breakdown ---
   Total IOMMU checks:              15626599
   IOTLB hits:                      15626515
   IOTLB misses (page walks):       84
   IOTLB hit rate:                  99.9995%

   --- Latency Breakdown ---
   TOTAL IOMMU OVERHEAD:            31337 us
   Avg latency per access:          0.00200536 us

********************************************************************************
system.body.body_dwconv.llvm_interface
Total Area: 388828
Total Power Static: 56814.8

Total Power Dynamic: 649870
   ========= Performance Analysis =============
   Setup Time:                      0h 0m 0s 9ms 369us
   Simulation Time (Total):         0h 10m 40s 571ms
   Simulation Time (Active):        0h 5m 22s 346ms
        Queue Processing Time:      0h 5m 22s 324ms
             Scheduling Time:       0h 4m 59s 29ms
             Computation Time:      0h 0m 3s 588ms
   System Clock:                    0.1GHz
   Runtime:                         571848 cycles
   Runtime:                         5718.48 us
   Stalls:                          0 cycles
   Executed Nodes:                  571847 cycles

   ========= Kernel Validation Stats ==========
   Kernel validation enabled:       NO
   Configured latency per check:    0 us

   --- Access Breakdown ---
   Total memory accesses (validated): 0
   Cache hits (0 latency):          0
   Validation requests (full lat):  0
     of which DMA-ctrl writes:      0
   Coalesced waits (partial lat):   0
   Validations denied:              0

   --- Latency Breakdown ---
   Validation request latency:      0 us
   Coalesced wait latency:          0 us
   TOTAL SECURITY OVERHEAD:         0 us
   Avg latency per validation:      0 us
   Avg latency per coalesced wait:  0 us
   Avg overhead per blocked access: 0 us

   --- Cache Statistics ---
   Processes with cached pages:     0
   Unique pages validated (total):  0
   Cache hit rate:                  0%

   ========= IOMMU Stats =====================
   IOMMU enabled:                   YES
   IOMMU SimObject:                 system.body.iommu

   --- Access Breakdown ---
   Total IOMMU checks:              15628298
   IOTLB hits:                      15628214
   IOTLB misses (page walks):       84
   IOTLB hit rate:                  99.9995%

   --- Latency Breakdown ---
   TOTAL IOMMU OVERHEAD:            31340.4 us
   Avg latency per access:          0.00200536 us

********************************************************************************
system.body.body_top.llvm_interface
Total Area: 11248.2
Total Power Static: 0.958569

Total Power Dynamic: 4.74925
   ========= Performance Analysis =============
   Setup Time:                      0h 0m 0s 7ms 317us
   Simulation Time (Total):         0h 10m 41s 96ms
   Simulation Time (Active):        0h 0m 0s 215ms
        Queue Processing Time:      0h 0m 0s 175ms
             Scheduling Time:       0h 0m 0s 77ms
             Computation Time:      0h 0m 0s 18ms
   System Clock:                    0.1GHz
   Runtime:                         591623 cycles
   Runtime:                         5916.23 us
   Stalls:                          0 cycles
   Executed Nodes:                  591622 cycles

   ========= Kernel Validation Stats ==========
   Kernel validation enabled:       NO
   Configured latency per check:    0 us

   --- Access Breakdown ---
   Total memory accesses (validated): 0
   Cache hits (0 latency):          0
   Validation requests (full lat):  0
     of which DMA-ctrl writes:      0
   Coalesced waits (partial lat):   0
   Validations denied:              0

   --- Latency Breakdown ---
   Validation request latency:      0 us
   Coalesced wait latency:          0 us
   TOTAL SECURITY OVERHEAD:         0 us
   Avg latency per validation:      0 us
   Avg latency per coalesced wait:  0 us
   Avg overhead per blocked access: 0 us

   --- Cache Statistics ---
   Processes with cached pages:     0
   Unique pages validated (total):  0
   Cache hit rate:                  0%

   ========= IOMMU Stats =====================
   IOMMU enabled:                   YES
   IOMMU SimObject:                 system.body.iommu

   --- Access Breakdown ---
   Total IOMMU checks:              15628301
   IOTLB hits:                      15628217
   IOTLB misses (page walks):       84
   IOTLB hit rate:                  99.9995%

   --- Latency Breakdown ---
   TOTAL IOMMU OVERHEAD:            31340.4 us
   Avg latency per access:          0.00200536 us

********************************************************************************
system.body.body_residual.llvm_interface
Total Area: 2153.32
Total Power Static: 10.9684

Total Power Dynamic: 32.8969
   ========= Performance Analysis =============
   Setup Time:                      0h 0m 0s 0ms 403us
   Simulation Time (Total):         0h 6m 13s 47ms
   Simulation Time (Active):        0h 0m 0s 71ms
        Queue Processing Time:      0h 0m 0s 45ms
             Scheduling Time:       0h 0m 0s 17ms
             Computation Time:      0h 0m 0s 1ms
   System Clock:                    0.1GHz
   Runtime:                         391379 cycles
   Runtime:                         3913.79 us
   Stalls:                          0 cycles
   Executed Nodes:                  391378 cycles

   ========= Kernel Validation Stats ==========
   Kernel validation enabled:       NO
   Configured latency per check:    0 us

   --- Access Breakdown ---
   Total memory accesses (validated): 0
   Cache hits (0 latency):          0
   Validation requests (full lat):  0
     of which DMA-ctrl writes:      0
   Coalesced waits (partial lat):   0
   Validations denied:              0

   --- Latency Breakdown ---
   Validation request latency:      0 us
   Coalesced wait latency:          0 us
   TOTAL SECURITY OVERHEAD:         0 us
   Avg latency per validation:      0 us
   Avg latency per coalesced wait:  0 us
   Avg overhead per blocked access: 0 us

   --- Cache Statistics ---
   Processes with cached pages:     0
   Unique pages validated (total):  0
   Cache hit rate:                  0%

   ========= IOMMU Stats =====================
   IOMMU enabled:                   YES
   IOMMU SimObject:                 system.body.iommu

   --- Access Breakdown ---
   Total IOMMU checks:              17335224
   IOTLB hits:                      17335116
   IOTLB misses (page walks):       108
   IOTLB hit rate:                  99.9994%

   --- Latency Breakdown ---
   TOTAL IOMMU OVERHEAD:            34778.2 us
   Avg latency per access:          0.00200622 us

********************************************************************************
system.body.body_pwconv0.llvm_interface
Total Area: 48151.2
Total Power Static: 1866.67

Total Power Dynamic: 45269.9
   ========= Performance Analysis =============
   Setup Time:                      0h 0m 0s 0ms 782us
   Simulation Time (Total):         0h 6m 39s 786ms
   Simulation Time (Active):        0h 0m 25s 167ms
        Queue Processing Time:      0h 0m 25s 155ms
             Scheduling Time:       0h 0m 15s 136ms
             Computation Time:      0h 0m 0s 317ms
   System Clock:                    0.1GHz
   Runtime:                         415536 cycles
   Runtime:                         4155.36 us
   Stalls:                          0 cycles
   Executed Nodes:                  415535 cycles

   ========= Kernel Validation Stats ==========
   Kernel validation enabled:       NO
   Configured latency per check:    0 us

   --- Access Breakdown ---
   Total memory accesses (validated): 0
   Cache hits (0 latency):          0
   Validation requests (full lat):  0
     of which DMA-ctrl writes:      0
   Coalesced waits (partial lat):   0
   Validations denied:              0

   --- Latency Breakdown ---
   Validation request latency:      0 us
   Coalesced wait latency:          0 us
   TOTAL SECURITY OVERHEAD:         0 us
   Avg latency per validation:      0 us
   Avg latency per coalesced wait:  0 us
   Avg overhead per blocked access: 0 us

   --- Cache Statistics ---
   Processes with cached pages:     0
   Unique pages validated (total):  0
   Cache hit rate:                  0%

   ========= IOMMU Stats =====================
   IOMMU enabled:                   YES
   IOMMU SimObject:                 system.body.iommu

   --- Access Breakdown ---
   Total IOMMU checks:              17455710
   IOTLB hits:                      17455602
   IOTLB misses (page walks):       108
   IOTLB hit rate:                  99.9994%

   --- Latency Breakdown ---
   TOTAL IOMMU OVERHEAD:            35019.2 us
   Avg latency per access:          0.00200617 us

********************************************************************************
system.body.body_dwconv.llvm_interface
Total Area: 518438
Total Power Static: 27794.7

Total Power Dynamic: 316697
   ========= Performance Analysis =============
   Setup Time:                      0h 0m 0s 10ms 472us
   Simulation Time (Total):         0h 7m 13s 799ms
   Simulation Time (Active):        0h 2m 42s 967ms
        Queue Processing Time:      0h 2m 42s 954ms
             Scheduling Time:       0h 2m 30s 178ms
             Computation Time:      0h 0m 1s 751ms
   System Clock:                    0.1GHz
   Runtime:                         453277 cycles
   Runtime:                         4532.77 us
   Stalls:                          0 cycles
   Executed Nodes:                  453276 cycles

   ========= Kernel Validation Stats ==========
   Kernel validation enabled:       NO
   Configured latency per check:    0 us

   --- Access Breakdown ---
   Total memory accesses (validated): 0
   Cache hits (0 latency):          0
   Validation requests (full lat):  0
     of which DMA-ctrl writes:      0
   Coalesced waits (partial lat):   0
   Validations denied:              0

   --- Latency Breakdown ---
   Validation request latency:      0 us
   Coalesced wait latency:          0 us
   TOTAL SECURITY OVERHEAD:         0 us
   Avg latency per validation:      0 us
   Avg latency per coalesced wait:  0 us
   Avg overhead per blocked access: 0 us

   --- Cache Statistics ---
   Processes with cached pages:     0
   Unique pages validated (total):  0
   Cache hit rate:                  0%

   ========= IOMMU Stats =====================
   IOMMU enabled:                   YES
   IOMMU SimObject:                 system.body.iommu

   --- Access Breakdown ---
   Total IOMMU checks:              17613876
   IOTLB hits:                      17613768
   IOTLB misses (page walks):       108
   IOTLB hit rate:                  99.9994%

   --- Latency Breakdown ---
   TOTAL IOMMU OVERHEAD:            35335.5 us
   Avg latency per access:          0.00200612 us

********************************************************************************
system.body.body_pwconv1.llvm_interface
Total Area: 2.99874e+06
Total Power Static: 92541.7

Total Power Dynamic: 914996
   ========= Performance Analysis =============
   Setup Time:                      0h 0m 0s 136ms 980us
   Simulation Time (Total):         0h 7m 13s 781ms
   Simulation Time (Active):        0h 3m 42s 561ms
        Queue Processing Time:      0h 3m 42s 546ms
             Scheduling Time:       0h 3m 18s 170ms
             Computation Time:      0h 0m 5s 460ms
   System Clock:                    0.1GHz
   Runtime:                         456011 cycles
   Runtime:                         4560.11 us
   Stalls:                          0 cycles
   Executed Nodes:                  456010 cycles

   ========= Kernel Validation Stats ==========
   Kernel validation enabled:       NO
   Configured latency per check:    0 us

   --- Access Breakdown ---
   Total memory accesses (validated): 0
   Cache hits (0 latency):          0
   Validation requests (full lat):  0
     of which DMA-ctrl writes:      0
   Coalesced waits (partial lat):   0
   Validations denied:              0

   --- Latency Breakdown ---
   Validation request latency:      0 us
   Coalesced wait latency:          0 us
   TOTAL SECURITY OVERHEAD:         0 us
   Avg latency per validation:      0 us
   Avg latency per coalesced wait:  0 us
   Avg overhead per blocked access: 0 us

   --- Cache Statistics ---
   Processes with cached pages:     0
   Unique pages validated (total):  0
   Cache hit rate:                  0%

   ========= IOMMU Stats =====================
   IOMMU enabled:                   YES
   IOMMU SimObject:                 system.body.iommu

   --- Access Breakdown ---
   Total IOMMU checks:              17616971
   IOTLB hits:                      17616863
   IOTLB misses (page walks):       108
   IOTLB hit rate:                  99.9994%

   --- Latency Breakdown ---
   TOTAL IOMMU OVERHEAD:            35341.7 us
   Avg latency per access:          0.00200612 us

********************************************************************************
system.body.body_top.llvm_interface
Total Area: 14997.7
Total Power Static: 0.964069

Total Power Dynamic: 4.77628
   ========= Performance Analysis =============
   Setup Time:                      0h 0m 0s 7ms 584us
   Simulation Time (Total):         0h 7m 14s 403ms
   Simulation Time (Active):        0h 0m 0s 161ms
        Queue Processing Time:      0h 0m 0s 122ms
             Scheduling Time:       0h 0m 0s 52ms
             Computation Time:      0h 0m 0s 12ms
   System Clock:                    0.1GHz
   Runtime:                         475978 cycles
   Runtime:                         4759.78 us
   Stalls:                          0 cycles
   Executed Nodes:                  475977 cycles

   ========= Kernel Validation Stats ==========
   Kernel validation enabled:       NO
   Configured latency per check:    0 us

   --- Access Breakdown ---
   Total memory accesses (validated): 0
   Cache hits (0 latency):          0
   Validation requests (full lat):  0
     of which DMA-ctrl writes:      0
   Coalesced waits (partial lat):   0
   Validations denied:              0

   --- Latency Breakdown ---
   Validation request latency:      0 us
   Coalesced wait latency:          0 us
   TOTAL SECURITY OVERHEAD:         0 us
   Avg latency per validation:      0 us
   Avg latency per coalesced wait:  0 us
   Avg overhead per blocked access: 0 us

   --- Cache Statistics ---
   Processes with cached pages:     0
   Unique pages validated (total):  0
   Cache hit rate:                  0%

   ========= IOMMU Stats =====================
   IOMMU enabled:                   YES
   IOMMU SimObject:                 system.body.iommu

   --- Access Breakdown ---
   Total IOMMU checks:              17616972
   IOTLB hits:                      17616864
   IOTLB misses (page walks):       108
   IOTLB hit rate:                  99.9994%

   --- Latency Breakdown ---
   TOTAL IOMMU OVERHEAD:            35341.7 us
   Avg latency per access:          0.00200612 us

********************************************************************************
system.body.body_residual.llvm_interface
Total Area: 2691.64
Total Power Static: 16.4537

Total Power Dynamic: 65.7937
   ========= Performance Analysis =============
   Setup Time:                      0h 0m 0s 0ms 407us
   Simulation Time (Total):         0h 6m 15s 246ms
   Simulation Time (Active):        0h 0m 0s 83ms
        Queue Processing Time:      0h 0m 0s 56ms
             Scheduling Time:       0h 0m 0s 24ms
             Computation Time:      0h 0m 0s 3ms
   System Clock:                    0.1GHz
   Runtime:                         391579 cycles
   Runtime:                         3915.79 us
   Stalls:                          0 cycles
   Executed Nodes:                  391578 cycles

   ========= Kernel Validation Stats ==========
   Kernel validation enabled:       NO
   Configured latency per check:    0 us

   --- Access Breakdown ---
   Total memory accesses (validated): 0
   Cache hits (0 latency):          0
   Validation requests (full lat):  0
     of which DMA-ctrl writes:      0
   Coalesced waits (partial lat):   0
   Validations denied:              0

   --- Latency Breakdown ---
   Validation request latency:      0 us
   Coalesced wait latency:          0 us
   TOTAL SECURITY OVERHEAD:         0 us
   Avg latency per validation:      0 us
   Avg latency per coalesced wait:  0 us
   Avg overhead per blocked access: 0 us

   --- Cache Statistics ---
   Processes with cached pages:     0
   Unique pages validated (total):  0
   Cache hit rate:                  0%

   ========= IOMMU Stats =====================
   IOMMU enabled:                   YES
   IOMMU SimObject:                 system.body.iommu

   --- Access Breakdown ---
   Total IOMMU checks:              19326263
   IOTLB hits:                      19326130
   IOTLB misses (page walks):       133
   IOTLB hit rate:                  99.9993%

   --- Latency Breakdown ---
   TOTAL IOMMU OVERHEAD:            38785.3 us
   Avg latency per access:          0.00200687 us

********************************************************************************
system.body.body_pwconv0.llvm_interface
Total Area: 60189
Total Power Static: 1866.67

Total Power Dynamic: 45269.9
   ========= Performance Analysis =============
   Setup Time:                      0h 0m 0s 0ms 779us
   Simulation Time (Total):         0h 6m 41s 726ms
   Simulation Time (Active):        0h 0m 25s 501ms
        Queue Processing Time:      0h 0m 25s 489ms
             Scheduling Time:       0h 0m 15s 315ms
             Computation Time:      0h 0m 0s 318ms
   System Clock:                    0.1GHz
   Runtime:                         415688 cycles
   Runtime:                         4156.88 us
   Stalls:                          0 cycles
   Executed Nodes:                  415687 cycles

   ========= Kernel Validation Stats ==========
   Kernel validation enabled:       NO
   Configured latency per check:    0 us

   --- Access Breakdown ---
   Total memory accesses (validated): 0
   Cache hits (0 latency):          0
   Validation requests (full lat):  0
     of which DMA-ctrl writes:      0
   Coalesced waits (partial lat):   0
   Validations denied:              0

   --- Latency Breakdown ---
   Validation request latency:      0 us
   Coalesced wait latency:          0 us
   TOTAL SECURITY OVERHEAD:         0 us
   Avg latency per validation:      0 us
   Avg latency per coalesced wait:  0 us
   Avg overhead per blocked access: 0 us

   --- Cache Statistics ---
   Processes with cached pages:     0
   Unique pages validated (total):  0
   Cache hit rate:                  0%

   ========= IOMMU Stats =====================
   IOMMU enabled:                   YES
   IOMMU SimObject:                 system.body.iommu

   --- Access Breakdown ---
   Total IOMMU checks:              19446750
   IOTLB hits:                      19446617
   IOTLB misses (page walks):       133
   IOTLB hit rate:                  99.9993%

   --- Latency Breakdown ---
   TOTAL IOMMU OVERHEAD:            39026.2 us
   Avg latency per access:          0.00200683 us

********************************************************************************
system.body.body_dwconv.llvm_interface
Total Area: 648047
Total Power Static: 27794.7

Total Power Dynamic: 316697
   ========= Performance Analysis =============
   Setup Time:                      0h 0m 0s 9ms 176us
   Simulation Time (Total):         0h 7m 15s 870ms
   Simulation Time (Active):        0h 2m 43s 528ms
        Queue Processing Time:      0h 2m 43s 514ms
             Scheduling Time:       0h 2m 30s 616ms
             Computation Time:      0h 0m 1s 761ms
   System Clock:                    0.1GHz
   Runtime:                         453414 cycles
   Runtime:                         4534.14 us
   Stalls:                          0 cycles
   Executed Nodes:                  453413 cycles

   ========= Kernel Validation Stats ==========
   Kernel validation enabled:       NO
   Configured latency per check:    0 us

   --- Access Breakdown ---
   Total memory accesses (validated): 0
   Cache hits (0 latency):          0
   Validation requests (full lat):  0
     of which DMA-ctrl writes:      0
   Coalesced waits (partial lat):   0
   Validations denied:              0

   --- Latency Breakdown ---
   Validation request latency:      0 us
   Coalesced wait latency:          0 us
   TOTAL SECURITY OVERHEAD:         0 us
   Avg latency per validation:      0 us
   Avg latency per coalesced wait:  0 us
   Avg overhead per blocked access: 0 us

   --- Cache Statistics ---
   Processes with cached pages:     0
   Unique pages validated (total):  0
   Cache hit rate:                  0%

   ========= IOMMU Stats =====================
   IOMMU enabled:                   YES
   IOMMU SimObject:                 system.body.iommu

   --- Access Breakdown ---
   Total IOMMU checks:              19604915
   IOTLB hits:                      19604782
   IOTLB misses (page walks):       133
   IOTLB hit rate:                  99.9993%

   --- Latency Breakdown ---
   TOTAL IOMMU OVERHEAD:            39342.6 us
   Avg latency per access:          0.00200677 us

********************************************************************************
system.body.body_pwconv1.llvm_interface
Total Area: 3.74842e+06
Total Power Static: 92541.7

Total Power Dynamic: 914996
   ========= Performance Analysis =============
   Setup Time:                      0h 0m 0s 138ms 729us
   Simulation Time (Total):         0h 7m 15s 852ms
   Simulation Time (Active):        0h 3m 43s 595ms
        Queue Processing Time:      0h 3m 43s 578ms
             Scheduling Time:       0h 3m 19s 41ms
             Computation Time:      0h 0m 5s 463ms
   System Clock:                    0.1GHz
   Runtime:                         456148 cycles
   Runtime:                         4561.48 us
   Stalls:                          0 cycles
   Executed Nodes:                  456147 cycles

   ========= Kernel Validation Stats ==========
   Kernel validation enabled:       NO
   Configured latency per check:    0 us

   --- Access Breakdown ---
   Total memory accesses (validated): 0
   Cache hits (0 latency):          0
   Validation requests (full lat):  0
     of which DMA-ctrl writes:      0
   Coalesced waits (partial lat):   0
   Validations denied:              0

   --- Latency Breakdown ---
   Validation request latency:      0 us
   Coalesced wait latency:          0 us
   TOTAL SECURITY OVERHEAD:         0 us
   Avg latency per validation:      0 us
   Avg latency per coalesced wait:  0 us
   Avg overhead per blocked access: 0 us

   --- Cache Statistics ---
   Processes with cached pages:     0
   Unique pages validated (total):  0
   Cache hit rate:                  0%

   ========= IOMMU Stats =====================
   IOMMU enabled:                   YES
   IOMMU SimObject:                 system.body.iommu

   --- Access Breakdown ---
   Total IOMMU checks:              19608010
   IOTLB hits:                      19607877
   IOTLB misses (page walks):       133
   IOTLB hit rate:                  99.9993%

   --- Latency Breakdown ---
   TOTAL IOMMU OVERHEAD:            39348.8 us
   Avg latency per access:          0.00200677 us

********************************************************************************
system.body.body_top.llvm_interface
Total Area: 18747.1
Total Power Static: 0.961624

Total Power Dynamic: 4.76427
   ========= Performance Analysis =============
   Setup Time:                      0h 0m 0s 7ms 320us
   Simulation Time (Total):         0h 7m 16s 493ms
   Simulation Time (Active):        0h 0m 0s 156ms
        Queue Processing Time:      0h 0m 0s 119ms
             Scheduling Time:       0h 0m 0s 50ms
             Computation Time:      0h 0m 0s 12ms
   System Clock:                    0.1GHz
   Runtime:                         476081 cycles
   Runtime:                         4760.81 us
   Stalls:                          0 cycles
   Executed Nodes:                  476080 cycles

   ========= Kernel Validation Stats ==========
   Kernel validation enabled:       NO
   Configured latency per check:    0 us

   --- Access Breakdown ---
   Total memory accesses (validated): 0
   Cache hits (0 latency):          0
   Validation requests (full lat):  0
     of which DMA-ctrl writes:      0
   Coalesced waits (partial lat):   0
   Validations denied:              0

   --- Latency Breakdown ---
   Validation request latency:      0 us
   Coalesced wait latency:          0 us
   TOTAL SECURITY OVERHEAD:         0 us
   Avg latency per validation:      0 us
   Avg latency per coalesced wait:  0 us
   Avg overhead per blocked access: 0 us

   --- Cache Statistics ---
   Processes with cached pages:     0
   Unique pages validated (total):  0
   Cache hit rate:                  0%

   ========= IOMMU Stats =====================
   IOMMU enabled:                   YES
   IOMMU SimObject:                 system.body.iommu

   --- Access Breakdown ---
   Total IOMMU checks:              19608011
   IOTLB hits:                      19607878
   IOTLB misses (page walks):       133
   IOTLB hit rate:                  99.9993%

   --- Latency Breakdown ---
   TOTAL IOMMU OVERHEAD:            39348.8 us
   Avg latency per access:          0.00200677 us

********************************************************************************
system.body.body_residual.llvm_interface
Total Area: 3229.97
Total Power Static: 16.4537

Total Power Dynamic: 65.7937
   ========= Performance Analysis =============
   Setup Time:                      0h 0m 0s 0ms 413us
   Simulation Time (Total):         0h 3m 58s 394ms
   Simulation Time (Active):        0h 0m 0s 58ms
        Queue Processing Time:      0h 0m 0s 43ms
             Scheduling Time:       0h 0m 0s 21ms
             Computation Time:      0h 0m 0s 2ms
   System Clock:                    0.1GHz
   Runtime:                         215389 cycles
   Runtime:                         2153.89 us
   Stalls:                          0 cycles
   Executed Nodes:                  215388 cycles

   ========= Kernel Validation Stats ==========
   Kernel validation enabled:       NO
   Configured latency per check:    0 us

   --- Access Breakdown ---
   Total memory accesses (validated): 0
   Cache hits (0 latency):          0
   Validation requests (full lat):  0
     of which DMA-ctrl writes:      0
   Coalesced waits (partial lat):   0
   Validations denied:              0

   --- Latency Breakdown ---
   Validation request latency:      0 us
   Coalesced wait latency:          0 us
   TOTAL SECURITY OVERHEAD:         0 us
   Avg latency per validation:      0 us
   Avg latency per coalesced wait:  0 us
   Avg overhead per blocked access: 0 us

   --- Cache Statistics ---
   Processes with cached pages:     0
   Unique pages validated (total):  0
   Cache hit rate:                  0%

   ========= IOMMU Stats =====================
   IOMMU enabled:                   YES
   IOMMU SimObject:                 system.body.iommu

   --- Access Breakdown ---
   Total IOMMU checks:              20672066
   IOTLB hits:                      20671908
   IOTLB misses (page walks):       158
   IOTLB hit rate:                  99.9992%

   --- Latency Breakdown ---
   TOTAL IOMMU OVERHEAD:            41501.8 us
   Avg latency per access:          0.00200763 us

********************************************************************************
system.body.body_pwconv0.llvm_interface
Total Area: 72226.8
Total Power Static: 1866.67

Total Power Dynamic: 45269.9
   ========= Performance Analysis =============
   Setup Time:                      0h 0m 0s 0ms 740us
   Simulation Time (Total):         0h 4m 18s 535ms
   Simulation Time (Active):        0h 0m 23s 706ms
        Queue Processing Time:      0h 0m 23s 694ms
             Scheduling Time:       0h 0m 14s 891ms
             Computation Time:      0h 0m 0s 316ms
   System Clock:                    0.1GHz
   Runtime:                         234135 cycles
   Runtime:                         2341.35 us
   Stalls:                          0 cycles
   Executed Nodes:                  234134 cycles

   ========= Kernel Validation Stats ==========
   Kernel validation enabled:       NO
   Configured latency per check:    0 us

   --- Access Breakdown ---
   Total memory accesses (validated): 0
   Cache hits (0 latency):          0
   Validation requests (full lat):  0
     of which DMA-ctrl writes:      0
   Coalesced waits (partial lat):   0
   Validations denied:              0

   --- Latency Breakdown ---
   Validation request latency:      0 us
   Coalesced wait latency:          0 us
   TOTAL SECURITY OVERHEAD:         0 us
   Avg latency per validation:      0 us
   Avg latency per coalesced wait:  0 us
   Avg overhead per blocked access: 0 us

   --- Cache Statistics ---
   Processes with cached pages:     0
   Unique pages validated (total):  0
   Cache hit rate:                  0%

   ========= IOMMU Stats =====================
   IOMMU enabled:                   YES
   IOMMU SimObject:                 system.body.iommu

   --- Access Breakdown ---
   Total IOMMU checks:              20764206
   IOTLB hits:                      20764048
   IOTLB misses (page walks):       158
   IOTLB hit rate:                  99.9992%

   --- Latency Breakdown ---
   TOTAL IOMMU OVERHEAD:            41686.1 us
   Avg latency per access:          0.00200759 us

********************************************************************************
system.body.body_pwconv1.llvm_interface
Total Area: 4.49811e+06
Total Power Static: 34660

Total Power Dynamic: 342746
   ========= Performance Analysis =============
   Setup Time:                      0h 0m 0s 140ms 294us
   Simulation Time (Total):         0h 4m 25s 583ms
   Simulation Time (Active):        0h 1m 17s 401ms
        Queue Processing Time:      0h 1m 17s 394ms
             Scheduling Time:       0h 1m 9s 150ms
             Computation Time:      0h 0m 2s 50ms
   System Clock:                    0.1GHz
   Runtime:                         240137 cycles
   Runtime:                         2401.37 us
   Stalls:                          0 cycles
   Executed Nodes:                  240136 cycles

   ========= Kernel Validation Stats ==========
   Kernel validation enabled:       NO
   Configured latency per check:    0 us

   --- Access Breakdown ---
   Total memory accesses (validated): 0
   Cache hits (0 latency):          0
   Validation requests (full lat):  0
     of which DMA-ctrl writes:      0
   Coalesced waits (partial lat):   0
   Validations denied:              0

   --- Latency Breakdown ---
   Validation request latency:      0 us
   Coalesced wait latency:          0 us
   TOTAL SECURITY OVERHEAD:         0 us
   Avg latency per validation:      0 us
   Avg latency per coalesced wait:  0 us
   Avg overhead per blocked access: 0 us

   --- Cache Statistics ---
   Processes with cached pages:     0
   Unique pages validated (total):  0
   Cache hit rate:                  0%

   ========= IOMMU Stats =====================
   IOMMU enabled:                   YES
   IOMMU SimObject:                 system.body.iommu

   --- Access Breakdown ---
   Total IOMMU checks:              20791726
   IOTLB hits:                      20791568
   IOTLB misses (page walks):       158
   IOTLB hit rate:                  99.9992%

   --- Latency Breakdown ---
   TOTAL IOMMU OVERHEAD:            41741.1 us
   Avg latency per access:          0.00200758 us

********************************************************************************
system.body.body_dwconv.llvm_interface
Total Area: 777657
Total Power Static: 27770.1

Total Power Dynamic: 316697
   ========= Performance Analysis =============
   Setup Time:                      0h 0m 0s 9ms 144us
   Simulation Time (Total):         0h 4m 33s 152ms
   Simulation Time (Active):        0h 2m 39s 111ms
        Queue Processing Time:      0h 2m 39s 98ms
             Scheduling Time:       0h 2m 27s 858ms
             Computation Time:      0h 0m 1s 748ms
   System Clock:                    0.1GHz
   Runtime:                         247127 cycles
   Runtime:                         2471.27 us
   Stalls:                          0 cycles
   Executed Nodes:                  247126 cycles

   ========= Kernel Validation Stats ==========
   Kernel validation enabled:       NO
   Configured latency per check:    0 us

   --- Access Breakdown ---
   Total memory accesses (validated): 0
   Cache hits (0 latency):          0
   Validation requests (full lat):  0
     of which DMA-ctrl writes:      0
   Coalesced waits (partial lat):   0
   Validations denied:              0

   --- Latency Breakdown ---
   Validation request latency:      0 us
   Coalesced wait latency:          0 us
   TOTAL SECURITY OVERHEAD:         0 us
   Avg latency per validation:      0 us
   Avg latency per coalesced wait:  0 us
   Avg overhead per blocked access: 0 us

   --- Cache Statistics ---
   Processes with cached pages:     0
   Unique pages validated (total):  0
   Cache hit rate:                  0%

   ========= IOMMU Stats =====================
   IOMMU enabled:                   YES
   IOMMU SimObject:                 system.body.iommu

   --- Access Breakdown ---
   Total IOMMU checks:              20821355
   IOTLB hits:                      20821197
   IOTLB misses (page walks):       158
   IOTLB hit rate:                  99.9992%

   --- Latency Breakdown ---
   TOTAL IOMMU OVERHEAD:            41800.4 us
   Avg latency per access:          0.00200757 us

********************************************************************************
system.body.body_top.llvm_interface
Total Area: 22496.5
Total Power Static: 0.963458

Total Power Dynamic: 4.77328
   ========= Performance Analysis =============
   Setup Time:                      0h 0m 0s 7ms 375us
   Simulation Time (Total):         0h 4m 33s 629ms
   Simulation Time (Active):        0h 0m 0s 102ms
        Queue Processing Time:      0h 0m 0s 81ms
             Scheduling Time:       0h 0m 0s 35ms
             Computation Time:      0h 0m 0s 9ms
   System Clock:                    0.1GHz
   Runtime:                         266993 cycles
   Runtime:                         2669.93 us
   Stalls:                          0 cycles
   Executed Nodes:                  266992 cycles

   ========= Kernel Validation Stats ==========
   Kernel validation enabled:       NO
   Configured latency per check:    0 us

   --- Access Breakdown ---
   Total memory accesses (validated): 0
   Cache hits (0 latency):          0
   Validation requests (full lat):  0
     of which DMA-ctrl writes:      0
   Coalesced waits (partial lat):   0
   Validations denied:              0

   --- Latency Breakdown ---
   Validation request latency:      0 us
   Coalesced wait latency:          0 us
   TOTAL SECURITY OVERHEAD:         0 us
   Avg latency per validation:      0 us
   Avg latency per coalesced wait:  0 us
   Avg overhead per blocked access: 0 us

   --- Cache Statistics ---
   Processes with cached pages:     0
   Unique pages validated (total):  0
   Cache hit rate:                  0%

   ========= IOMMU Stats =====================
   IOMMU enabled:                   YES
   IOMMU SimObject:                 system.body.iommu

   --- Access Breakdown ---
   Total IOMMU checks:              20821358
   IOTLB hits:                      20821200
   IOTLB misses (page walks):       158
   IOTLB hit rate:                  99.9992%

   --- Latency Breakdown ---
   TOTAL IOMMU OVERHEAD:            41800.4 us
   Avg latency per access:          0.00200757 us

********************************************************************************
system.body.body_residual.llvm_interface
Total Area: 3768.3
Total Power Static: 4.11165

Total Power Dynamic: 12.3363
   ========= Performance Analysis =============
   Setup Time:                      0h 0m 0s 0ms 397us
   Simulation Time (Total):         0h 1m 41s 441ms
   Simulation Time (Active):        0h 0m 0s 21ms
        Queue Processing Time:      0h 0m 0s 14ms
             Scheduling Time:       0h 0m 0s 6ms
             Computation Time:      0h 0m 0s 0ms
   System Clock:                    0.1GHz
   Runtime:                         103735 cycles
   Runtime:                         1037.35 us
   Stalls:                          0 cycles
   Executed Nodes:                  103734 cycles

   ========= Kernel Validation Stats ==========
   Kernel validation enabled:       NO
   Configured latency per check:    0 us

   --- Access Breakdown ---
   Total memory accesses (validated): 0
   Cache hits (0 latency):          0
   Validation requests (full lat):  0
     of which DMA-ctrl writes:      0
   Coalesced waits (partial lat):   0
   Validations denied:              0

   --- Latency Breakdown ---
   Validation request latency:      0 us
   Coalesced wait latency:          0 us
   TOTAL SECURITY OVERHEAD:         0 us
   Avg latency per validation:      0 us
   Avg latency per coalesced wait:  0 us
   Avg overhead per blocked access: 0 us

   --- Cache Statistics ---
   Processes with cached pages:     0
   Unique pages validated (total):  0
   Cache hit rate:                  0%

   ========= IOMMU Stats =====================
   IOMMU enabled:                   YES
   IOMMU SimObject:                 system.body.iommu

   --- Access Breakdown ---
   Total IOMMU checks:              21323832
   IOTLB hits:                      21323651
   IOTLB misses (page walks):       181
   IOTLB hit rate:                  99.9992%

   --- Latency Breakdown ---
   TOTAL IOMMU OVERHEAD:            42828.3 us
   Avg latency per access:          0.00200847 us

********************************************************************************
system.body.body_pwconv0.llvm_interface
Total Area: 84264.5
Total Power Static: 692.817

Total Power Dynamic: 16913.1
   ========= Performance Analysis =============
   Setup Time:                      0h 0m 0s 0ms 768us
   Simulation Time (Total):         0h 2m 5s 440ms
   Simulation Time (Active):        0h 0m 7s 488ms
        Queue Processing Time:      0h 0m 7s 482ms
             Scheduling Time:       0h 0m 4s 230ms
             Computation Time:      0h 0m 0s 109ms
   System Clock:                    0.1GHz
   Runtime:                         127420 cycles
   Runtime:                         1274.2 us
   Stalls:                          0 cycles
   Executed Nodes:                  127419 cycles

   ========= Kernel Validation Stats ==========
   Kernel validation enabled:       NO
   Configured latency per check:    0 us

   --- Access Breakdown ---
   Total memory accesses (validated): 0
   Cache hits (0 latency):          0
   Validation requests (full lat):  0
     of which DMA-ctrl writes:      0
   Coalesced waits (partial lat):   0
   Validations denied:              0

   --- Latency Breakdown ---
   Validation request latency:      0 us
   Coalesced wait latency:          0 us
   TOTAL SECURITY OVERHEAD:         0 us
   Avg latency per validation:      0 us
   Avg latency per coalesced wait:  0 us
   Avg overhead per blocked access: 0 us

   --- Cache Statistics ---
   Processes with cached pages:     0
   Unique pages validated (total):  0
   Cache hit rate:                  0%

   ========= IOMMU Stats =====================
   IOMMU enabled:                   YES
   IOMMU SimObject:                 system.body.iommu

   --- Access Breakdown ---
   Total IOMMU checks:              21437793
   IOTLB hits:                      21437612
   IOTLB misses (page walks):       181
   IOTLB hit rate:                  99.9992%

   --- Latency Breakdown ---
   TOTAL IOMMU OVERHEAD:            43056.2 us
   Avg latency per access:          0.00200843 us

********************************************************************************
system.body.body_dwconv.llvm_interface
Total Area: 907266
Total Power Static: 10000

Total Power Dynamic: 113736
   ========= Performance Analysis =============
   Setup Time:                      0h 0m 0s 9ms 183us
   Simulation Time (Total):         0h 2m 30s 991ms
   Simulation Time (Active):        0h 0m 59s 605ms
        Queue Processing Time:      0h 0m 59s 599ms
             Scheduling Time:       0h 0m 54s 948ms
             Computation Time:      0h 0m 0s 628ms
   System Clock:                    0.1GHz
   Runtime:                         153738 cycles
   Runtime:                         1537.38 us
   Stalls:                          0 cycles
   Executed Nodes:                  153737 cycles

   ========= Kernel Validation Stats ==========
   Kernel validation enabled:       NO
   Configured latency per check:    0 us

   --- Access Breakdown ---
   Total memory accesses (validated): 0
   Cache hits (0 latency):          0
   Validation requests (full lat):  0
     of which DMA-ctrl writes:      0
   Coalesced waits (partial lat):   0
   Validations denied:              0

   --- Latency Breakdown ---
   Validation request latency:      0 us
   Coalesced wait latency:          0 us
   TOTAL SECURITY OVERHEAD:         0 us
   Avg latency per validation:      0 us
   Avg latency per coalesced wait:  0 us
   Avg overhead per blocked access: 0 us

   --- Cache Statistics ---
   Processes with cached pages:     0
   Unique pages validated (total):  0
   Cache hit rate:                  0%

   ========= IOMMU Stats =====================
   IOMMU enabled:                   YES
   IOMMU SimObject:                 system.body.iommu

   --- Access Breakdown ---
   Total IOMMU checks:              21560574
   IOTLB hits:                      21560393
   IOTLB misses (page walks):       181
   IOTLB hit rate:                  99.9992%

   --- Latency Breakdown ---
   TOTAL IOMMU OVERHEAD:            43301.8 us
   Avg latency per access:          0.00200838 us

********************************************************************************
system.body.body_pwconv1.llvm_interface
Total Area: 5.24779e+06
Total Power Static: 34660

Total Power Dynamic: 342746
   ========= Performance Analysis =============
   Setup Time:                      0h 0m 0s 137ms 173us
   Simulation Time (Total):         0h 2m 30s 868ms
   Simulation Time (Active):        0h 1m 15s 864ms
        Queue Processing Time:      0h 1m 15s 858ms
             Scheduling Time:       0h 1m 7s 844ms
             Computation Time:      0h 0m 1s 992ms
   System Clock:                    0.1GHz
   Runtime:                         154679 cycles
   Runtime:                         1546.79 us
   Stalls:                          0 cycles
   Executed Nodes:                  154678 cycles

   ========= Kernel Validation Stats ==========
   Kernel validation enabled:       NO
   Configured latency per check:    0 us

   --- Access Breakdown ---
   Total memory accesses (validated): 0
   Cache hits (0 latency):          0
   Validation requests (full lat):  0
     of which DMA-ctrl writes:      0
   Coalesced waits (partial lat):   0
   Validations denied:              0

   --- Latency Breakdown ---
   Validation request latency:      0 us
   Coalesced wait latency:          0 us
   TOTAL SECURITY OVERHEAD:         0 us
   Avg latency per validation:      0 us
   Avg latency per coalesced wait:  0 us
   Avg overhead per blocked access: 0 us

   --- Cache Statistics ---
   Processes with cached pages:     0
   Unique pages validated (total):  0
   Cache hit rate:                  0%

   ========= IOMMU Stats =====================
   IOMMU enabled:                   YES
   IOMMU SimObject:                 system.body.iommu

   --- Access Breakdown ---
   Total IOMMU checks:              21561718
   IOTLB hits:                      21561537
   IOTLB misses (page walks):       181
   IOTLB hit rate:                  99.9992%

   --- Latency Breakdown ---
   TOTAL IOMMU OVERHEAD:            43304.1 us
   Avg latency per access:          0.00200838 us

********************************************************************************
system.body.body_top.llvm_interface
Total Area: 26245.9
Total Power Static: 0.958569

Total Power Dynamic: 4.74925
   ========= Performance Analysis =============
   Setup Time:                      0h 0m 0s 17ms 325us
   Simulation Time (Total):         0h 2m 31s 472ms
   Simulation Time (Active):        0h 0m 0s 54ms
        Queue Processing Time:      0h 0m 0s 42ms
             Scheduling Time:       0h 0m 0s 18ms
             Computation Time:      0h 0m 0s 4ms
   System Clock:                    0.1GHz
   Runtime:                         174551 cycles
   Runtime:                         1745.51 us
   Stalls:                          0 cycles
   Executed Nodes:                  174550 cycles

   ========= Kernel Validation Stats ==========
   Kernel validation enabled:       NO
   Configured latency per check:    0 us

   --- Access Breakdown ---
   Total memory accesses (validated): 0
   Cache hits (0 latency):          0
   Validation requests (full lat):  0
     of which DMA-ctrl writes:      0
   Coalesced waits (partial lat):   0
   Validations denied:              0

   --- Latency Breakdown ---
   Validation request latency:      0 us
   Coalesced wait latency:          0 us
   TOTAL SECURITY OVERHEAD:         0 us
   Avg latency per validation:      0 us
   Avg latency per coalesced wait:  0 us
   Avg overhead per blocked access: 0 us

   --- Cache Statistics ---
   Processes with cached pages:     0
   Unique pages validated (total):  0
   Cache hit rate:                  0%

   ========= IOMMU Stats =====================
   IOMMU enabled:                   YES
   IOMMU SimObject:                 system.body.iommu

   --- Access Breakdown ---
   Total IOMMU checks:              21561720
   IOTLB hits:                      21561539
   IOTLB misses (page walks):       181
   IOTLB hit rate:                  99.9992%

   --- Latency Breakdown ---
   TOTAL IOMMU OVERHEAD:            43304.1 us
   Avg latency per access:          0.00200838 us

********************************************************************************
system.body.body_residual.llvm_interface
Total Area: 4306.63
Total Power Static: 6.16866

Total Power Dynamic: 24.6726
   ========= Performance Analysis =============
   Setup Time:                      0h 0m 0s 0ms 398us
   Simulation Time (Total):         0h 1m 43s 997ms
   Simulation Time (Active):        0h 0m 0s 25ms
        Queue Processing Time:      0h 0m 0s 18ms
             Scheduling Time:       0h 0m 0s 8ms
             Computation Time:      0h 0m 0s 1ms
   System Clock:                    0.1GHz
   Runtime:                         103611 cycles
   Runtime:                         1036.11 us
   Stalls:                          0 cycles
   Executed Nodes:                  103610 cycles

   ========= Kernel Validation Stats ==========
   Kernel validation enabled:       NO
   Configured latency per check:    0 us

   --- Access Breakdown ---
   Total memory accesses (validated): 0
   Cache hits (0 latency):          0
   Validation requests (full lat):  0
     of which DMA-ctrl writes:      0
   Coalesced waits (partial lat):   0
   Validations denied:              0

   --- Latency Breakdown ---
   Validation request latency:      0 us
   Coalesced wait latency:          0 us
   TOTAL SECURITY OVERHEAD:         0 us
   Avg latency per validation:      0 us
   Avg latency per coalesced wait:  0 us
   Avg overhead per blocked access: 0 us

   --- Cache Statistics ---
   Processes with cached pages:     0
   Unique pages validated (total):  0
   Cache hit rate:                  0%

   ========= IOMMU Stats =====================
   IOMMU enabled:                   YES
   IOMMU SimObject:                 system.body.iommu

   --- Access Breakdown ---
   Total IOMMU checks:              22065074
   IOTLB hits:                      22064869
   IOTLB misses (page walks):       205
   IOTLB hit rate:                  99.9991%

   --- Latency Breakdown ---
   TOTAL IOMMU OVERHEAD:            44334.7 us
   Avg latency per access:          0.00200927 us

********************************************************************************
system.body.body_pwconv0.llvm_interface
Total Area: 96302.3
Total Power Static: 692.817

Total Power Dynamic: 16913.1
   ========= Performance Analysis =============
   Setup Time:                      0h 0m 0s 0ms 779us
   Simulation Time (Total):         0h 2m 8s 886ms
   Simulation Time (Active):        0h 0m 8s 144ms
        Queue Processing Time:      0h 0m 8s 137ms
             Scheduling Time:       0h 0m 4s 570ms
             Computation Time:      0h 0m 0s 113ms
   System Clock:                    0.1GHz
   Runtime:                         127305 cycles
   Runtime:                         1273.05 us
   Stalls:                          0 cycles
   Executed Nodes:                  127304 cycles

   ========= Kernel Validation Stats ==========
   Kernel validation enabled:       NO
   Configured latency per check:    0 us

   --- Access Breakdown ---
   Total memory accesses (validated): 0
   Cache hits (0 latency):          0
   Validation requests (full lat):  0
     of which DMA-ctrl writes:      0
   Coalesced waits (partial lat):   0
   Validations denied:              0

   --- Latency Breakdown ---
   Validation request latency:      0 us
   Coalesced wait latency:          0 us
   TOTAL SECURITY OVERHEAD:         0 us
   Avg latency per validation:      0 us
   Avg latency per coalesced wait:  0 us
   Avg overhead per blocked access: 0 us

   --- Cache Statistics ---
   Processes with cached pages:     0
   Unique pages validated (total):  0
   Cache hit rate:                  0%

   ========= IOMMU Stats =====================
   IOMMU enabled:                   YES
   IOMMU SimObject:                 system.body.iommu

   --- Access Breakdown ---
   Total IOMMU checks:              22179043
   IOTLB hits:                      22178838
   IOTLB misses (page walks):       205
   IOTLB hit rate:                  99.9991%

   --- Latency Breakdown ---
   TOTAL IOMMU OVERHEAD:            44562.7 us
   Avg latency per access:          0.00200922 us

********************************************************************************
system.body.body_dwconv.llvm_interface
Total Area: 1.03688e+06
Total Power Static: 10000

Total Power Dynamic: 113736
   ========= Performance Analysis =============
   Setup Time:                      0h 0m 0s 9ms 148us
   Simulation Time (Total):         0h 2m 35s 683ms
   Simulation Time (Active):        0h 1m 0s 774ms
        Queue Processing Time:      0h 1m 0s 767ms
             Scheduling Time:       0h 0m 55s 839ms
             Computation Time:      0h 0m 0s 655ms
   System Clock:                    0.1GHz
   Runtime:                         153646 cycles
   Runtime:                         1536.46 us
   Stalls:                          0 cycles
   Executed Nodes:                  153645 cycles

   ========= Kernel Validation Stats ==========
   Kernel validation enabled:       NO
   Configured latency per check:    0 us

   --- Access Breakdown ---
   Total memory accesses (validated): 0
   Cache hits (0 latency):          0
   Validation requests (full lat):  0
     of which DMA-ctrl writes:      0
   Coalesced waits (partial lat):   0
   Validations denied:              0

   --- Latency Breakdown ---
   Validation request latency:      0 us
   Coalesced wait latency:          0 us
   TOTAL SECURITY OVERHEAD:         0 us
   Avg latency per validation:      0 us
   Avg latency per coalesced wait:  0 us
   Avg overhead per blocked access: 0 us

   --- Cache Statistics ---
   Processes with cached pages:     0
   Unique pages validated (total):  0
   Cache hit rate:                  0%

   ========= IOMMU Stats =====================
   IOMMU enabled:                   YES
   IOMMU SimObject:                 system.body.iommu

   --- Access Breakdown ---
   Total IOMMU checks:              22301823
   IOTLB hits:                      22301618
   IOTLB misses (page walks):       205
   IOTLB hit rate:                  99.9991%

   --- Latency Breakdown ---
   TOTAL IOMMU OVERHEAD:            44808.2 us
   Avg latency per access:          0.00200917 us

********************************************************************************
system.body.body_pwconv1.llvm_interface
Total Area: 5.99748e+06
Total Power Static: 34660

Total Power Dynamic: 342746
   ========= Performance Analysis =============
   Setup Time:                      0h 0m 0s 145ms 983us
   Simulation Time (Total):         0h 2m 35s 552ms
   Simulation Time (Active):        0h 1m 18s 418ms
        Queue Processing Time:      0h 1m 18s 413ms
             Scheduling Time:       0h 1m 9s 854ms
             Computation Time:      0h 0m 2s 62ms
   System Clock:                    0.1GHz
   Runtime:                         154587 cycles
   Runtime:                         1545.87 us
   Stalls:                          0 cycles
   Executed Nodes:                  154586 cycles

   ========= Kernel Validation Stats ==========
   Kernel validation enabled:       NO
   Configured latency per check:    0 us

   --- Access Breakdown ---
   Total memory accesses (validated): 0
   Cache hits (0 latency):          0
   Validation requests (full lat):  0
     of which DMA-ctrl writes:      0
   Coalesced waits (partial lat):   0
   Validations denied:              0

   --- Latency Breakdown ---
   Validation request latency:      0 us
   Coalesced wait latency:          0 us
   TOTAL SECURITY OVERHEAD:         0 us
   Avg latency per validation:      0 us
   Avg latency per coalesced wait:  0 us
   Avg overhead per blocked access: 0 us

   --- Cache Statistics ---
   Processes with cached pages:     0
   Unique pages validated (total):  0
   Cache hit rate:                  0%

   ========= IOMMU Stats =====================
   IOMMU enabled:                   YES
   IOMMU SimObject:                 system.body.iommu

   --- Access Breakdown ---
   Total IOMMU checks:              22302967
   IOTLB hits:                      22302762
   IOTLB misses (page walks):       205
   IOTLB hit rate:                  99.9991%

   --- Latency Breakdown ---
   TOTAL IOMMU OVERHEAD:            44810.5 us
   Avg latency per access:          0.00200917 us

********************************************************************************
system.body.body_top.llvm_interface
Total Area: 29995.3
Total Power Static: 0.961624

Total Power Dynamic: 4.76427
   ========= Performance Analysis =============
   Setup Time:                      0h 0m 0s 7ms 380us
   Simulation Time (Total):         0h 2m 36s 170ms
   Simulation Time (Active):        0h 0m 0s 58ms
        Queue Processing Time:      0h 0m 0s 44ms
             Scheduling Time:       0h 0m 0s 18ms
             Computation Time:      0h 0m 0s 4ms
   System Clock:                    0.1GHz
   Runtime:                         174615 cycles
   Runtime:                         1746.15 us
   Stalls:                          0 cycles
   Executed Nodes:                  174614 cycles

   ========= Kernel Validation Stats ==========
   Kernel validation enabled:       NO
   Configured latency per check:    0 us

   --- Access Breakdown ---
   Total memory accesses (validated): 0
   Cache hits (0 latency):          0
   Validation requests (full lat):  0
     of which DMA-ctrl writes:      0
   Coalesced waits (partial lat):   0
   Validations denied:              0

   --- Latency Breakdown ---
   Validation request latency:      0 us
   Coalesced wait latency:          0 us
   TOTAL SECURITY OVERHEAD:         0 us
   Avg latency per validation:      0 us
   Avg latency per coalesced wait:  0 us
   Avg overhead per blocked access: 0 us

   --- Cache Statistics ---
   Processes with cached pages:     0
   Unique pages validated (total):  0
   Cache hit rate:                  0%

   ========= IOMMU Stats =====================
   IOMMU enabled:                   YES
   IOMMU SimObject:                 system.body.iommu

   --- Access Breakdown ---
   Total IOMMU checks:              22302969
   IOTLB hits:                      22302764
   IOTLB misses (page walks):       205
   IOTLB hit rate:                  99.9991%

   --- Latency Breakdown ---
   TOTAL IOMMU OVERHEAD:            44810.5 us
   Avg latency per access:          0.00200917 us

********************************************************************************
system.body.body_residual.llvm_interface
Total Area: 4844.96
Total Power Static: 6.16866

Total Power Dynamic: 24.6726
   ========= Performance Analysis =============
   Setup Time:                      0h 0m 0s 0ms 398us
   Simulation Time (Total):         0h 1m 45s 711ms
   Simulation Time (Active):        0h 0m 0s 26ms
        Queue Processing Time:      0h 0m 0s 19ms
             Scheduling Time:       0h 0m 0s 9ms
             Computation Time:      0h 0m 0s 1ms
   System Clock:                    0.1GHz
   Runtime:                         103611 cycles
   Runtime:                         1036.11 us
   Stalls:                          0 cycles
   Executed Nodes:                  103610 cycles

   ========= Kernel Validation Stats ==========
   Kernel validation enabled:       NO
   Configured latency per check:    0 us

   --- Access Breakdown ---
   Total memory accesses (validated): 0
   Cache hits (0 latency):          0
   Validation requests (full lat):  0
     of which DMA-ctrl writes:      0
   Coalesced waits (partial lat):   0
   Validations denied:              0

   --- Latency Breakdown ---
   Validation request latency:      0 us
   Coalesced wait latency:          0 us
   TOTAL SECURITY OVERHEAD:         0 us
   Avg latency per validation:      0 us
   Avg latency per coalesced wait:  0 us
   Avg overhead per blocked access: 0 us

   --- Cache Statistics ---
   Processes with cached pages:     0
   Unique pages validated (total):  0
   Cache hit rate:                  0%

   ========= IOMMU Stats =====================
   IOMMU enabled:                   YES
   IOMMU SimObject:                 system.body.iommu

   --- Access Breakdown ---
   Total IOMMU checks:              22806327
   IOTLB hits:                      22806098
   IOTLB misses (page walks):       229
   IOTLB hit rate:                  99.999%

   --- Latency Breakdown ---
   TOTAL IOMMU OVERHEAD:            45841.2 us
   Avg latency per access:          0.00201002 us

********************************************************************************
system.body.body_pwconv0.llvm_interface
Total Area: 108340
Total Power Static: 692.817

Total Power Dynamic: 16913.1
   ========= Performance Analysis =============
   Setup Time:                      0h 0m 0s 0ms 759us
   Simulation Time (Total):         0h 2m 10s 287ms
   Simulation Time (Active):        0h 0m 8s 317ms
        Queue Processing Time:      0h 0m 8s 310ms
             Scheduling Time:       0h 0m 4s 509ms
             Computation Time:      0h 0m 0s 116ms
   System Clock:                    0.1GHz
   Runtime:                         127305 cycles
   Runtime:                         1273.05 us
   Stalls:                          0 cycles
   Executed Nodes:                  127304 cycles

   ========= Kernel Validation Stats ==========
   Kernel validation enabled:       NO
   Configured latency per check:    0 us

   --- Access Breakdown ---
   Total memory accesses (validated): 0
   Cache hits (0 latency):          0
   Validation requests (full lat):  0
     of which DMA-ctrl writes:      0
   Coalesced waits (partial lat):   0
   Validations denied:              0

   --- Latency Breakdown ---
   Validation request latency:      0 us
   Coalesced wait latency:          0 us
   TOTAL SECURITY OVERHEAD:         0 us
   Avg latency per validation:      0 us
   Avg latency per coalesced wait:  0 us
   Avg overhead per blocked access: 0 us

   --- Cache Statistics ---
   Processes with cached pages:     0
   Unique pages validated (total):  0
   Cache hit rate:                  0%

   ========= IOMMU Stats =====================
   IOMMU enabled:                   YES
   IOMMU SimObject:                 system.body.iommu

   --- Access Breakdown ---
   Total IOMMU checks:              22920296
   IOTLB hits:                      22920067
   IOTLB misses (page walks):       229
   IOTLB hit rate:                  99.999%

   --- Latency Breakdown ---
   TOTAL IOMMU OVERHEAD:            46069.1 us
   Avg latency per access:          0.00200997 us

********************************************************************************
system.body.body_dwconv.llvm_interface
Total Area: 1.16649e+06
Total Power Static: 10000

Total Power Dynamic: 113736
   ========= Performance Analysis =============
   Setup Time:                      0h 0m 0s 9ms 238us
   Simulation Time (Total):         0h 2m 36s 730ms
   Simulation Time (Active):        0h 1m 0s 868ms
        Queue Processing Time:      0h 1m 0s 860ms
             Scheduling Time:       0h 0m 55s 802ms
             Computation Time:      0h 0m 0s 656ms
   System Clock:                    0.1GHz
   Runtime:                         153646 cycles
   Runtime:                         1536.46 us
   Stalls:                          0 cycles
   Executed Nodes:                  153645 cycles

   ========= Kernel Validation Stats ==========
   Kernel validation enabled:       NO
   Configured latency per check:    0 us

   --- Access Breakdown ---
   Total memory accesses (validated): 0
   Cache hits (0 latency):          0
   Validation requests (full lat):  0
     of which DMA-ctrl writes:      0
   Coalesced waits (partial lat):   0
   Validations denied:              0

   --- Latency Breakdown ---
   Validation request latency:      0 us
   Coalesced wait latency:          0 us
   TOTAL SECURITY OVERHEAD:         0 us
   Avg latency per validation:      0 us
   Avg latency per coalesced wait:  0 us
   Avg overhead per blocked access: 0 us

   --- Cache Statistics ---
   Processes with cached pages:     0
   Unique pages validated (total):  0
   Cache hit rate:                  0%

   ========= IOMMU Stats =====================
   IOMMU enabled:                   YES
   IOMMU SimObject:                 system.body.iommu

   --- Access Breakdown ---
   Total IOMMU checks:              23043076
   IOTLB hits:                      23042847
   IOTLB misses (page walks):       229
   IOTLB hit rate:                  99.999%

   --- Latency Breakdown ---
   TOTAL IOMMU OVERHEAD:            46314.7 us
   Avg latency per access:          0.00200992 us

********************************************************************************
system.body.body_pwconv1.llvm_interface
Total Area: 6.74716e+06
Total Power Static: 34660

Total Power Dynamic: 342746
   ========= Performance Analysis =============
   Setup Time:                      0h 0m 0s 139ms 306us
   Simulation Time (Total):         0h 2m 36s 604ms
   Simulation Time (Active):        0h 1m 19s 126ms
        Queue Processing Time:      0h 1m 19s 120ms
             Scheduling Time:       0h 1m 10s 313ms
             Computation Time:      0h 0m 2s 85ms
   System Clock:                    0.1GHz
   Runtime:                         154587 cycles
   Runtime:                         1545.87 us
   Stalls:                          0 cycles
   Executed Nodes:                  154586 cycles

   ========= Kernel Validation Stats ==========
   Kernel validation enabled:       NO
   Configured latency per check:    0 us

   --- Access Breakdown ---
   Total memory accesses (validated): 0
   Cache hits (0 latency):          0
   Validation requests (full lat):  0
     of which DMA-ctrl writes:      0
   Coalesced waits (partial lat):   0
   Validations denied:              0

   --- Latency Breakdown ---
   Validation request latency:      0 us
   Coalesced wait latency:          0 us
   TOTAL SECURITY OVERHEAD:         0 us
   Avg latency per validation:      0 us
   Avg latency per coalesced wait:  0 us
   Avg overhead per blocked access: 0 us

   --- Cache Statistics ---
   Processes with cached pages:     0
   Unique pages validated (total):  0
   Cache hit rate:                  0%

   ========= IOMMU Stats =====================
   IOMMU enabled:                   YES
   IOMMU SimObject:                 system.body.iommu

   --- Access Breakdown ---
   Total IOMMU checks:              23044220
   IOTLB hits:                      23043991
   IOTLB misses (page walks):       229
   IOTLB hit rate:                  99.999%

   --- Latency Breakdown ---
   TOTAL IOMMU OVERHEAD:            46317 us
   Avg latency per access:          0.00200992 us

********************************************************************************
system.body.body_top.llvm_interface
Total Area: 33744.7
Total Power Static: 0.964069

Total Power Dynamic: 4.77628
   ========= Performance Analysis =============
   Setup Time:                      0h 0m 0s 7ms 435us
   Simulation Time (Total):         0h 2m 37s 216ms
   Simulation Time (Active):        0h 0m 0s 58ms
        Queue Processing Time:      0h 0m 0s 44ms
             Scheduling Time:       0h 0m 0s 18ms
             Computation Time:      0h 0m 0s 5ms
   System Clock:                    0.1GHz
   Runtime:                         174660 cycles
   Runtime:                         1746.6 us
   Stalls:                          0 cycles
   Executed Nodes:                  174659 cycles

   ========= Kernel Validation Stats ==========
   Kernel validation enabled:       NO
   Configured latency per check:    0 us

   --- Access Breakdown ---
   Total memory accesses (validated): 0
   Cache hits (0 latency):          0
   Validation requests (full lat):  0
     of which DMA-ctrl writes:      0
   Coalesced waits (partial lat):   0
   Validations denied:              0

   --- Latency Breakdown ---
   Validation request latency:      0 us
   Coalesced wait latency:          0 us
   TOTAL SECURITY OVERHEAD:         0 us
   Avg latency per validation:      0 us
   Avg latency per coalesced wait:  0 us
   Avg overhead per blocked access: 0 us

   --- Cache Statistics ---
   Processes with cached pages:     0
   Unique pages validated (total):  0
   Cache hit rate:                  0%

   ========= IOMMU Stats =====================
   IOMMU enabled:                   YES
   IOMMU SimObject:                 system.body.iommu

   --- Access Breakdown ---
   Total IOMMU checks:              23044222
   IOTLB hits:                      23043993
   IOTLB misses (page walks):       229
   IOTLB hit rate:                  99.999%

   --- Latency Breakdown ---
   TOTAL IOMMU OVERHEAD:            46317 us
   Avg latency per access:          0.00200992 us

********************************************************************************
system.body.body_residual.llvm_interface
Total Area: 5383.29
Total Power Static: 6.16866

Total Power Dynamic: 24.6726
   ========= Performance Analysis =============
   Setup Time:                      0h 0m 0s 0ms 419us
   Simulation Time (Total):         0h 2m 2s 825ms
   Simulation Time (Active):        0h 0m 0s 28ms
        Queue Processing Time:      0h 0m 0s 19ms
             Scheduling Time:       0h 0m 0s 9ms
             Computation Time:      0h 0m 0s 1ms
   System Clock:                    0.1GHz
   Runtime:                         122511 cycles
   Runtime:                         1225.11 us
   Stalls:                          0 cycles
   Executed Nodes:                  122510 cycles

   ========= Kernel Validation Stats ==========
   Kernel validation enabled:       NO
   Configured latency per check:    0 us

   --- Access Breakdown ---
   Total memory accesses (validated): 0
   Cache hits (0 latency):          0
   Validation requests (full lat):  0
     of which DMA-ctrl writes:      0
   Coalesced waits (partial lat):   0
   Validations denied:              0

   --- Latency Breakdown ---
   Validation request latency:      0 us
   Coalesced wait latency:          0 us
   TOTAL SECURITY OVERHEAD:         0 us
   Avg latency per validation:      0 us
   Avg latency per coalesced wait:  0 us
   Avg overhead per blocked access: 0 us

   --- Cache Statistics ---
   Processes with cached pages:     0
   Unique pages validated (total):  0
   Cache hit rate:                  0%

   ========= IOMMU Stats =====================
   IOMMU enabled:                   YES
   IOMMU SimObject:                 system.body.iommu

   --- Access Breakdown ---
   Total IOMMU checks:              23641307
   IOTLB hits:                      23641053
   IOTLB misses (page walks):       254
   IOTLB hit rate:                  99.9989%

   --- Latency Breakdown ---
   TOTAL IOMMU OVERHEAD:            47536.1 us
   Avg latency per access:          0.00201072 us

********************************************************************************
system.body.body_pwconv0.llvm_interface
Total Area: 120378
Total Power Static: 692.817

Total Power Dynamic: 16913.1
   ========= Performance Analysis =============
   Setup Time:                      0h 0m 0s 0ms 751us
   Simulation Time (Total):         0h 2m 32s 813ms
   Simulation Time (Active):        0h 0m 8s 522ms
        Queue Processing Time:      0h 0m 8s 514ms
             Scheduling Time:       0h 0m 4s 649ms
             Computation Time:      0h 0m 0s 118ms
   System Clock:                    0.1GHz
   Runtime:                         150891 cycles
   Runtime:                         1508.91 us
   Stalls:                          0 cycles
   Executed Nodes:                  150890 cycles

   ========= Kernel Validation Stats ==========
   Kernel validation enabled:       NO
   Configured latency per check:    0 us

   --- Access Breakdown ---
   Total memory accesses (validated): 0
   Cache hits (0 latency):          0
   Validation requests (full lat):  0
     of which DMA-ctrl writes:      0
   Coalesced waits (partial lat):   0
   Validations denied:              0

   --- Latency Breakdown ---
   Validation request latency:      0 us
   Coalesced wait latency:          0 us
   TOTAL SECURITY OVERHEAD:         0 us
   Avg latency per validation:      0 us
   Avg latency per coalesced wait:  0 us
   Avg overhead per blocked access: 0 us

   --- Cache Statistics ---
   Processes with cached pages:     0
   Unique pages validated (total):  0
   Cache hit rate:                  0%

   ========= IOMMU Stats =====================
   IOMMU enabled:                   YES
   IOMMU SimObject:                 system.body.iommu

   --- Access Breakdown ---
   Total IOMMU checks:              23778702
   IOTLB hits:                      23778448
   IOTLB misses (page walks):       254
   IOTLB hit rate:                  99.9989%

   --- Latency Breakdown ---
   TOTAL IOMMU OVERHEAD:            47810.9 us
   Avg latency per access:          0.00201066 us

********************************************************************************
system.body.body_dwconv.llvm_interface
Total Area: 1.29609e+06
Total Power Static: 10000

Total Power Dynamic: 113736
   ========= Performance Analysis =============
   Setup Time:                      0h 0m 0s 9ms 343us
   Simulation Time (Total):         0h 3m 3s 620ms
   Simulation Time (Active):        0h 1m 1s 644ms
        Queue Processing Time:      0h 1m 1s 636ms
             Scheduling Time:       0h 0m 56s 124ms
             Computation Time:      0h 0m 0s 663ms
   System Clock:                    0.1GHz
   Runtime:                         181772 cycles
   Runtime:                         1817.72 us
   Stalls:                          0 cycles
   Executed Nodes:                  181771 cycles

   ========= Kernel Validation Stats ==========
   Kernel validation enabled:       NO
   Configured latency per check:    0 us

   --- Access Breakdown ---
   Total memory accesses (validated): 0
   Cache hits (0 latency):          0
   Validation requests (full lat):  0
     of which DMA-ctrl writes:      0
   Coalesced waits (partial lat):   0
   Validations denied:              0

   --- Latency Breakdown ---
   Validation request latency:      0 us
   Coalesced wait latency:          0 us
   TOTAL SECURITY OVERHEAD:         0 us
   Avg latency per validation:      0 us
   Avg latency per coalesced wait:  0 us
   Avg overhead per blocked access: 0 us

   --- Cache Statistics ---
   Processes with cached pages:     0
   Unique pages validated (total):  0
   Cache hit rate:                  0%

   ========= IOMMU Stats =====================
   IOMMU enabled:                   YES
   IOMMU SimObject:                 system.body.iommu

   --- Access Breakdown ---
   Total IOMMU checks:              23924923
   IOTLB hits:                      23924669
   IOTLB misses (page walks):       254
   IOTLB hit rate:                  99.9989%

   --- Latency Breakdown ---
   TOTAL IOMMU OVERHEAD:            48103.3 us
   Avg latency per access:          0.0020106 us

********************************************************************************
system.body.body_pwconv1.llvm_interface
Total Area: 7.49685e+06
Total Power Static: 46184.6

Total Power Dynamic: 456743
   ========= Performance Analysis =============
   Setup Time:                      0h 0m 0s 135ms 218us
   Simulation Time (Total):         0h 3m 3s 499ms
   Simulation Time (Active):        0h 1m 43s 178ms
        Queue Processing Time:      0h 1m 43s 171ms
             Scheduling Time:       0h 1m 31s 732ms
             Computation Time:      0h 0m 2s 789ms
   System Clock:                    0.1GHz
   Runtime:                         182713 cycles
   Runtime:                         1827.13 us
   Stalls:                          0 cycles
   Executed Nodes:                  182712 cycles

   ========= Kernel Validation Stats ==========
   Kernel validation enabled:       NO
   Configured latency per check:    0 us

   --- Access Breakdown ---
   Total memory accesses (validated): 0
   Cache hits (0 latency):          0
   Validation requests (full lat):  0
     of which DMA-ctrl writes:      0
   Coalesced waits (partial lat):   0
   Validations denied:              0

   --- Latency Breakdown ---
   Validation request latency:      0 us
   Coalesced wait latency:          0 us
   TOTAL SECURITY OVERHEAD:         0 us
   Avg latency per validation:      0 us
   Avg latency per coalesced wait:  0 us
   Avg overhead per blocked access: 0 us

   --- Cache Statistics ---
   Processes with cached pages:     0
   Unique pages validated (total):  0
   Cache hit rate:                  0%

   ========= IOMMU Stats =====================
   IOMMU enabled:                   YES
   IOMMU SimObject:                 system.body.iommu

   --- Access Breakdown ---
   Total IOMMU checks:              23926067
   IOTLB hits:                      23925813
   IOTLB misses (page walks):       254
   IOTLB hit rate:                  99.9989%

   --- Latency Breakdown ---
   TOTAL IOMMU OVERHEAD:            48105.6 us
   Avg latency per access:          0.00201059 us

********************************************************************************
system.body.body_top.llvm_interface
Total Area: 37494.1
Total Power Static: 0.95918

Total Power Dynamic: 4.75225
   ========= Performance Analysis =============
   Setup Time:                      0h 0m 0s 7ms 291us
   Simulation Time (Total):         0h 3m 4s 106ms
   Simulation Time (Active):        0h 0m 0s 63ms
        Queue Processing Time:      0h 0m 0s 48ms
             Scheduling Time:       0h 0m 0s 20ms
             Computation Time:      0h 0m 0s 5ms
   System Clock:                    0.1GHz
   Runtime:                         202697 cycles
   Runtime:                         2026.97 us
   Stalls:                          0 cycles
   Executed Nodes:                  202696 cycles

   ========= Kernel Validation Stats ==========
   Kernel validation enabled:       NO
   Configured latency per check:    0 us

   --- Access Breakdown ---
   Total memory accesses (validated): 0
   Cache hits (0 latency):          0
   Validation requests (full lat):  0
     of which DMA-ctrl writes:      0
   Coalesced waits (partial lat):   0
   Validations denied:              0

   --- Latency Breakdown ---
   Validation request latency:      0 us
   Coalesced wait latency:          0 us
   TOTAL SECURITY OVERHEAD:         0 us
   Avg latency per validation:      0 us
   Avg latency per coalesced wait:  0 us
   Avg overhead per blocked access: 0 us

   --- Cache Statistics ---
   Processes with cached pages:     0
   Unique pages validated (total):  0
   Cache hit rate:                  0%

   ========= IOMMU Stats =====================
   IOMMU enabled:                   YES
   IOMMU SimObject:                 system.body.iommu

   --- Access Breakdown ---
   Total IOMMU checks:              23926069
   IOTLB hits:                      23925815
   IOTLB misses (page walks):       254
   IOTLB hit rate:                  99.9989%

   --- Latency Breakdown ---
   TOTAL IOMMU OVERHEAD:            48105.6 us
   Avg latency per access:          0.00201059 us

********************************************************************************
system.body.body_residual.llvm_interface
Total Area: 5921.62
Total Power Static: 5.48299

Total Power Dynamic: 16.4484
   ========= Performance Analysis =============
   Setup Time:                      0h 0m 0s 0ms 403us
   Simulation Time (Total):         0h 2m 21s 910ms
   Simulation Time (Active):        0h 0m 0s 30ms
        Queue Processing Time:      0h 0m 0s 21ms
             Scheduling Time:       0h 0m 0s 9ms
             Computation Time:      0h 0m 0s 0ms
   System Clock:                    0.1GHz
   Runtime:                         138055 cycles
   Runtime:                         1380.55 us
   Stalls:                          0 cycles
   Executed Nodes:                  138054 cycles

   ========= Kernel Validation Stats ==========
   Kernel validation enabled:       NO
   Configured latency per check:    0 us

   --- Access Breakdown ---
   Total memory accesses (validated): 0
   Cache hits (0 latency):          0
   Validation requests (full lat):  0
     of which DMA-ctrl writes:      0
   Coalesced waits (partial lat):   0
   Validations denied:              0

   --- Latency Breakdown ---
   Validation request latency:      0 us
   Coalesced wait latency:          0 us
   TOTAL SECURITY OVERHEAD:         0 us
   Avg latency per validation:      0 us
   Avg latency per coalesced wait:  0 us
   Avg overhead per blocked access: 0 us

   --- Cache Statistics ---
   Processes with cached pages:     0
   Unique pages validated (total):  0
   Cache hit rate:                  0%

   ========= IOMMU Stats =====================
   IOMMU enabled:                   YES
   IOMMU SimObject:                 system.body.iommu

   --- Access Breakdown ---
   Total IOMMU checks:              24595368
   IOTLB hits:                      24595089
   IOTLB misses (page walks):       279
   IOTLB hit rate:                  99.9989%

   --- Latency Breakdown ---
   TOTAL IOMMU OVERHEAD:            49469.2 us
   Avg latency per access:          0.00201132 us

********************************************************************************
system.body.body_pwconv0.llvm_interface
Total Area: 132416
Total Power Static: 918.962

Total Power Dynamic: 22508.7
   ========= Performance Analysis =============
   Setup Time:                      0h 0m 0s 0ms 764us
   Simulation Time (Total):         0h 2m 52s 857ms
   Simulation Time (Active):        0h 0m 11s 365ms
        Queue Processing Time:      0h 0m 11s 357ms
             Scheduling Time:       0h 0m 5s 961ms
             Computation Time:      0h 0m 0s 156ms
   System Clock:                    0.1GHz
   Runtime:                         167692 cycles
   Runtime:                         1676.92 us
   Stalls:                          0 cycles
   Executed Nodes:                  167691 cycles

   ========= Kernel Validation Stats ==========
   Kernel validation enabled:       NO
   Configured latency per check:    0 us

   --- Access Breakdown ---
   Total memory accesses (validated): 0
   Cache hits (0 latency):          0
   Validation requests (full lat):  0
     of which DMA-ctrl writes:      0
   Coalesced waits (partial lat):   0
   Validations denied:              0

   --- Latency Breakdown ---
   Validation request latency:      0 us
   Coalesced wait latency:          0 us
   TOTAL SECURITY OVERHEAD:         0 us
   Avg latency per validation:      0 us
   Avg latency per coalesced wait:  0 us
   Avg overhead per blocked access: 0 us

   --- Cache Statistics ---
   Processes with cached pages:     0
   Unique pages validated (total):  0
   Cache hit rate:                  0%

   ========= IOMMU Stats =====================
   IOMMU enabled:                   YES
   IOMMU SimObject:                 system.body.iommu

   --- Access Breakdown ---
   Total IOMMU checks:              24740233
   IOTLB hits:                      24739954
   IOTLB misses (page walks):       279
   IOTLB hit rate:                  99.9989%

   --- Latency Breakdown ---
   TOTAL IOMMU OVERHEAD:            49758.9 us
   Avg latency per access:          0.00201125 us

********************************************************************************
system.body.body_dwconv.llvm_interface
Total Area: 1.4257e+06
Total Power Static: 13333.2

Total Power Dynamic: 151645
   ========= Performance Analysis =============
   Setup Time:                      0h 0m 0s 9ms 326us
   Simulation Time (Total):         0h 3m 27s 915ms
   Simulation Time (Active):        0h 1m 21s 745ms
        Queue Processing Time:      0h 1m 21s 735ms
             Scheduling Time:       0h 1m 14s 807ms
             Computation Time:      0h 0m 0s 885ms
   System Clock:                    0.1GHz
   Runtime:                         202473 cycles
   Runtime:                         2024.73 us
   Stalls:                          0 cycles
   Executed Nodes:                  202472 cycles

   ========= Kernel Validation Stats ==========
   Kernel validation enabled:       NO
   Configured latency per check:    0 us

   --- Access Breakdown ---
   Total memory accesses (validated): 0
   Cache hits (0 latency):          0
   Validation requests (full lat):  0
     of which DMA-ctrl writes:      0
   Coalesced waits (partial lat):   0
   Validations denied:              0

   --- Latency Breakdown ---
   Validation request latency:      0 us
   Coalesced wait latency:          0 us
   TOTAL SECURITY OVERHEAD:         0 us
   Avg latency per validation:      0 us
   Avg latency per coalesced wait:  0 us
   Avg overhead per blocked access: 0 us

   --- Cache Statistics ---
   Processes with cached pages:     0
   Unique pages validated (total):  0
   Cache hit rate:                  0%

   ========= IOMMU Stats =====================
   IOMMU enabled:                   YES
   IOMMU SimObject:                 system.body.iommu

   --- Access Breakdown ---
   Total IOMMU checks:              24901548
   IOTLB hits:                      24901269
   IOTLB misses (page walks):       279
   IOTLB hit rate:                  99.9989%

   --- Latency Breakdown ---
   TOTAL IOMMU OVERHEAD:            50081.5 us
   Avg latency per access:          0.00201118 us

********************************************************************************
system.body.body_pwconv1.llvm_interface
Total Area: 8.24653e+06
Total Power Static: 46184.6

Total Power Dynamic: 456743
   ========= Performance Analysis =============
   Setup Time:                      0h 0m 0s 144ms 42us
   Simulation Time (Total):         0h 3m 27s 772ms
   Simulation Time (Active):        0h 1m 43s 542ms
        Queue Processing Time:      0h 1m 43s 533ms
             Scheduling Time:       0h 1m 31s 674ms
             Computation Time:      0h 0m 2s 793ms
   System Clock:                    0.1GHz
   Runtime:                         203062 cycles
   Runtime:                         2030.62 us
   Stalls:                          0 cycles
   Executed Nodes:                  203061 cycles

   ========= Kernel Validation Stats ==========
   Kernel validation enabled:       NO
   Configured latency per check:    0 us

   --- Access Breakdown ---
   Total memory accesses (validated): 0
   Cache hits (0 latency):          0
   Validation requests (full lat):  0
     of which DMA-ctrl writes:      0
   Coalesced waits (partial lat):   0
   Validations denied:              0

   --- Latency Breakdown ---
   Validation request latency:      0 us
   Coalesced wait latency:          0 us
   TOTAL SECURITY OVERHEAD:         0 us
   Avg latency per validation:      0 us
   Avg latency per coalesced wait:  0 us
   Avg overhead per blocked access: 0 us

   --- Cache Statistics ---
   Processes with cached pages:     0
   Unique pages validated (total):  0
   Cache hit rate:                  0%

   ========= IOMMU Stats =====================
   IOMMU enabled:                   YES
   IOMMU SimObject:                 system.body.iommu

   --- Access Breakdown ---
   Total IOMMU checks:              24902309
   IOTLB hits:                      24902030
   IOTLB misses (page walks):       279
   IOTLB hit rate:                  99.9989%

   --- Latency Breakdown ---
   TOTAL IOMMU OVERHEAD:            50083.1 us
   Avg latency per access:          0.00201118 us

********************************************************************************
system.body.body_top.llvm_interface
Total Area: 41243.6
Total Power Static: 0.958569

Total Power Dynamic: 4.74925
   ========= Performance Analysis =============
   Setup Time:                      0h 0m 0s 7ms 284us
   Simulation Time (Total):         0h 3m 28s 370ms
   Simulation Time (Active):        0h 0m 0s 76ms
        Queue Processing Time:      0h 0m 0s 58ms
             Scheduling Time:       0h 0m 0s 24ms
             Computation Time:      0h 0m 0s 6ms
   System Clock:                    0.1GHz
   Runtime:                         222932 cycles
   Runtime:                         2229.32 us
   Stalls:                          0 cycles
   Executed Nodes:                  222931 cycles

   ========= Kernel Validation Stats ==========
   Kernel validation enabled:       NO
   Configured latency per check:    0 us

   --- Access Breakdown ---
   Total memory accesses (validated): 0
   Cache hits (0 latency):          0
   Validation requests (full lat):  0
     of which DMA-ctrl writes:      0
   Coalesced waits (partial lat):   0
   Validations denied:              0

   --- Latency Breakdown ---
   Validation request latency:      0 us
   Coalesced wait latency:          0 us
   TOTAL SECURITY OVERHEAD:         0 us
   Avg latency per validation:      0 us
   Avg latency per coalesced wait:  0 us
   Avg overhead per blocked access: 0 us

   --- Cache Statistics ---
   Processes with cached pages:     0
   Unique pages validated (total):  0
   Cache hit rate:                  0%

   ========= IOMMU Stats =====================
   IOMMU enabled:                   YES
   IOMMU SimObject:                 system.body.iommu

   --- Access Breakdown ---
   Total IOMMU checks:              24902311
   IOTLB hits:                      24902032
   IOTLB misses (page walks):       279
   IOTLB hit rate:                  99.9989%

   --- Latency Breakdown ---
   TOTAL IOMMU OVERHEAD:            50083.1 us
   Avg latency per access:          0.00201118 us

********************************************************************************
system.body.body_residual.llvm_interface
Total Area: 6459.95
Total Power Static: 8.22567

Total Power Dynamic: 32.8969
   ========= Performance Analysis =============
   Setup Time:                      0h 0m 0s 0ms 401us
   Simulation Time (Total):         0h 2m 22s 942ms
   Simulation Time (Active):        0h 0m 0s 35ms
        Queue Processing Time:      0h 0m 0s 25ms
             Scheduling Time:       0h 0m 0s 12ms
             Computation Time:      0h 0m 0s 1ms
   System Clock:                    0.1GHz
   Runtime:                         137839 cycles
   Runtime:                         1378.39 us
   Stalls:                          0 cycles
   Executed Nodes:                  137838 cycles

   ========= Kernel Validation Stats ==========
   Kernel validation enabled:       NO
   Configured latency per check:    0 us

   --- Access Breakdown ---
   Total memory accesses (validated): 0
   Cache hits (0 latency):          0
   Validation requests (full lat):  0
     of which DMA-ctrl writes:      0
   Coalesced waits (partial lat):   0
   Validations denied:              0

   --- Latency Breakdown ---
   Validation request latency:      0 us
   Coalesced wait latency:          0 us
   TOTAL SECURITY OVERHEAD:         0 us
   Avg latency per validation:      0 us
   Avg latency per coalesced wait:  0 us
   Avg overhead per blocked access: 0 us

   --- Cache Statistics ---
   Processes with cached pages:     0
   Unique pages validated (total):  0
   Cache hit rate:                  0%

   ========= IOMMU Stats =====================
   IOMMU enabled:                   YES
   IOMMU SimObject:                 system.body.iommu

   --- Access Breakdown ---
   Total IOMMU checks:              25572763
   IOTLB hits:                      25572458
   IOTLB misses (page walks):       305
   IOTLB hit rate:                  99.9988%

   --- Latency Breakdown ---
   TOTAL IOMMU OVERHEAD:            51449.9 us
   Avg latency per access:          0.0020119 us

********************************************************************************
system.body.body_pwconv0.llvm_interface
Total Area: 144454
Total Power Static: 918.962

Total Power Dynamic: 22508.7
   ========= Performance Analysis =============
   Setup Time:                      0h 0m 0s 0ms 767us
   Simulation Time (Total):         0h 2m 54s 45ms
   Simulation Time (Active):        0h 0m 11s 640ms
        Queue Processing Time:      0h 0m 11s 632ms
             Scheduling Time:       0h 0m 6s 197ms
             Computation Time:      0h 0m 0s 157ms
   System Clock:                    0.1GHz
   Runtime:                         167473 cycles
   Runtime:                         1674.73 us
   Stalls:                          0 cycles
   Executed Nodes:                  167472 cycles

   ========= Kernel Validation Stats ==========
   Kernel validation enabled:       NO
   Configured latency per check:    0 us

   --- Access Breakdown ---
   Total memory accesses (validated): 0
   Cache hits (0 latency):          0
   Validation requests (full lat):  0
     of which DMA-ctrl writes:      0
   Coalesced waits (partial lat):   0
   Validations denied:              0

   --- Latency Breakdown ---
   Validation request latency:      0 us
   Coalesced wait latency:          0 us
   TOTAL SECURITY OVERHEAD:         0 us
   Avg latency per validation:      0 us
   Avg latency per coalesced wait:  0 us
   Avg overhead per blocked access: 0 us

   --- Cache Statistics ---
   Processes with cached pages:     0
   Unique pages validated (total):  0
   Cache hit rate:                  0%

   ========= IOMMU Stats =====================
   IOMMU enabled:                   YES
   IOMMU SimObject:                 system.body.iommu

   --- Access Breakdown ---
   Total IOMMU checks:              25717629
   IOTLB hits:                      25717324
   IOTLB misses (page walks):       305
   IOTLB hit rate:                  99.9988%

   --- Latency Breakdown ---
   TOTAL IOMMU OVERHEAD:            51739.6 us
   Avg latency per access:          0.00201184 us

********************************************************************************
system.body.body_dwconv.llvm_interface
Total Area: 1.55531e+06
Total Power Static: 13333.2

Total Power Dynamic: 151645
   ========= Performance Analysis =============
   Setup Time:                      0h 0m 0s 8ms 865us
   Simulation Time (Total):         0h 3m 28s 552ms
   Simulation Time (Active):        0h 1m 21s 842ms
        Queue Processing Time:      0h 1m 21s 832ms
             Scheduling Time:       0h 1m 14s 934ms
             Computation Time:      0h 0m 0s 877ms
   System Clock:                    0.1GHz
   Runtime:                         202253 cycles
   Runtime:                         2022.53 us
   Stalls:                          0 cycles
   Executed Nodes:                  202252 cycles

   ========= Kernel Validation Stats ==========
   Kernel validation enabled:       NO
   Configured latency per check:    0 us

   --- Access Breakdown ---
   Total memory accesses (validated): 0
   Cache hits (0 latency):          0
   Validation requests (full lat):  0
     of which DMA-ctrl writes:      0
   Coalesced waits (partial lat):   0
   Validations denied:              0

   --- Latency Breakdown ---
   Validation request latency:      0 us
   Coalesced wait latency:          0 us
   TOTAL SECURITY OVERHEAD:         0 us
   Avg latency per validation:      0 us
   Avg latency per coalesced wait:  0 us
   Avg overhead per blocked access: 0 us

   --- Cache Statistics ---
   Processes with cached pages:     0
   Unique pages validated (total):  0
   Cache hit rate:                  0%

   ========= IOMMU Stats =====================
   IOMMU enabled:                   YES
   IOMMU SimObject:                 system.body.iommu

   --- Access Breakdown ---
   Total IOMMU checks:              25878944
   IOTLB hits:                      25878639
   IOTLB misses (page walks):       305
   IOTLB hit rate:                  99.9988%

   --- Latency Breakdown ---
   TOTAL IOMMU OVERHEAD:            52062.3 us
   Avg latency per access:          0.00201176 us

********************************************************************************
system.body.body_pwconv1.llvm_interface
Total Area: 8.99621e+06
Total Power Static: 46184.6

Total Power Dynamic: 456743
   ========= Performance Analysis =============
   Setup Time:                      0h 0m 0s 135ms 256us
   Simulation Time (Total):         0h 3m 28s 420ms
   Simulation Time (Active):        0h 1m 43s 806ms
        Queue Processing Time:      0h 1m 43s 798ms
             Scheduling Time:       0h 1m 31s 944ms
             Computation Time:      0h 0m 2s 795ms
   System Clock:                    0.1GHz
   Runtime:                         202842 cycles
   Runtime:                         2028.42 us
   Stalls:                          0 cycles
   Executed Nodes:                  202841 cycles

   ========= Kernel Validation Stats ==========
   Kernel validation enabled:       NO
   Configured latency per check:    0 us

   --- Access Breakdown ---
   Total memory accesses (validated): 0
   Cache hits (0 latency):          0
   Validation requests (full lat):  0
     of which DMA-ctrl writes:      0
   Coalesced waits (partial lat):   0
   Validations denied:              0

   --- Latency Breakdown ---
   Validation request latency:      0 us
   Coalesced wait latency:          0 us
   TOTAL SECURITY OVERHEAD:         0 us
   Avg latency per validation:      0 us
   Avg latency per coalesced wait:  0 us
   Avg overhead per blocked access: 0 us

   --- Cache Statistics ---
   Processes with cached pages:     0
   Unique pages validated (total):  0
   Cache hit rate:                  0%

   ========= IOMMU Stats =====================
   IOMMU enabled:                   YES
   IOMMU SimObject:                 system.body.iommu

   --- Access Breakdown ---
   Total IOMMU checks:              25879705
   IOTLB hits:                      25879400
   IOTLB misses (page walks):       305
   IOTLB hit rate:                  99.9988%

   --- Latency Breakdown ---
   TOTAL IOMMU OVERHEAD:            52063.8 us
   Avg latency per access:          0.00201176 us

********************************************************************************
system.body.body_top.llvm_interface
Total Area: 44993
Total Power Static: 0.96468

Total Power Dynamic: 4.77928
   ========= Performance Analysis =============
   Setup Time:                      0h 0m 0s 7ms 313us
   Simulation Time (Total):         0h 3m 29s 27ms
   Simulation Time (Active):        0h 0m 0s 76ms
        Queue Processing Time:      0h 0m 0s 58ms
             Scheduling Time:       0h 0m 0s 23ms
             Computation Time:      0h 0m 0s 6ms
   System Clock:                    0.1GHz
   Runtime:                         222830 cycles
   Runtime:                         2228.3 us
   Stalls:                          0 cycles
   Executed Nodes:                  222829 cycles

   ========= Kernel Validation Stats ==========
   Kernel validation enabled:       NO
   Configured latency per check:    0 us

   --- Access Breakdown ---
   Total memory accesses (validated): 0
   Cache hits (0 latency):          0
   Validation requests (full lat):  0
     of which DMA-ctrl writes:      0
   Coalesced waits (partial lat):   0
   Validations denied:              0

   --- Latency Breakdown ---
   Validation request latency:      0 us
   Coalesced wait latency:          0 us
   TOTAL SECURITY OVERHEAD:         0 us
   Avg latency per validation:      0 us
   Avg latency per coalesced wait:  0 us
   Avg overhead per blocked access: 0 us

   --- Cache Statistics ---
   Processes with cached pages:     0
   Unique pages validated (total):  0
   Cache hit rate:                  0%

   ========= IOMMU Stats =====================
   IOMMU enabled:                   YES
   IOMMU SimObject:                 system.body.iommu

   --- Access Breakdown ---
   Total IOMMU checks:              25879707
   IOTLB hits:                      25879402
   IOTLB misses (page walks):       305
   IOTLB hit rate:                  99.9988%

   --- Latency Breakdown ---
   TOTAL IOMMU OVERHEAD:            52063.8 us
   Avg latency per access:          0.00201176 us

********************************************************************************
system.body.body_residual.llvm_interface
Total Area: 6998.28
Total Power Static: 8.22567

Total Power Dynamic: 32.8969
   ========= Performance Analysis =============
   Setup Time:                      0h 0m 0s 0ms 393us
   Simulation Time (Total):         0h 1m 37s 753ms
   Simulation Time (Active):        0h 0m 0s 28ms
        Queue Processing Time:      0h 0m 0s 21ms
             Scheduling Time:       0h 0m 0s 10ms
             Computation Time:      0h 0m 0s 1ms
   System Clock:                    0.1GHz
   Runtime:                         90784 cycles
   Runtime:                         907.84 us
   Stalls:                          0 cycles
   Executed Nodes:                  90783 cycles

   ========= Kernel Validation Stats ==========
   Kernel validation enabled:       NO
   Configured latency per check:    0 us

   --- Access Breakdown ---
   Total memory accesses (validated): 0
   Cache hits (0 latency):          0
   Validation requests (full lat):  0
     of which DMA-ctrl writes:      0
   Coalesced waits (partial lat):   0
   Validations denied:              0

   --- Latency Breakdown ---
   Validation request latency:      0 us
   Coalesced wait latency:          0 us
   TOTAL SECURITY OVERHEAD:         0 us
   Avg latency per validation:      0 us
   Avg latency per coalesced wait:  0 us
   Avg overhead per blocked access: 0 us

   --- Cache Statistics ---
   Processes with cached pages:     0
   Unique pages validated (total):  0
   Cache hit rate:                  0%

   ========= IOMMU Stats =====================
   IOMMU enabled:                   YES
   IOMMU SimObject:                 system.body.iommu

   --- Access Breakdown ---
   Total IOMMU checks:              26322940
   IOTLB hits:                      26322607
   IOTLB misses (page walks):       333
   IOTLB hit rate:                  99.9987%

   --- Latency Breakdown ---
   TOTAL IOMMU OVERHEAD:            52978.2 us
   Avg latency per access:          0.00201263 us

********************************************************************************
system.body.body_pwconv0.llvm_interface
Total Area: 156491
Total Power Static: 918.962

Total Power Dynamic: 22508.7
   ========= Performance Analysis =============
   Setup Time:                      0h 0m 0s 0ms 769us
   Simulation Time (Total):         0h 2m 6s 106ms
   Simulation Time (Active):        0h 0m 10s 917ms
        Queue Processing Time:      0h 0m 10s 909ms
             Scheduling Time:       0h 0m 5s 969ms
             Computation Time:      0h 0m 0s 153ms
   System Clock:                    0.1GHz
   Runtime:                         117059 cycles
   Runtime:                         1170.59 us
   Stalls:                          0 cycles
   Executed Nodes:                  117058 cycles

   ========= Kernel Validation Stats ==========
   Kernel validation enabled:       NO
   Configured latency per check:    0 us

   --- Access Breakdown ---
   Total memory accesses (validated): 0
   Cache hits (0 latency):          0
   Validation requests (full lat):  0
     of which DMA-ctrl writes:      0
   Coalesced waits (partial lat):   0
   Validations denied:              0

   --- Latency Breakdown ---
   Validation request latency:      0 us
   Coalesced wait latency:          0 us
   TOTAL SECURITY OVERHEAD:         0 us
   Avg latency per validation:      0 us
   Avg latency per coalesced wait:  0 us
   Avg overhead per blocked access: 0 us

   --- Cache Statistics ---
   Processes with cached pages:     0
   Unique pages validated (total):  0
   Cache hit rate:                  0%

   ========= IOMMU Stats =====================
   IOMMU enabled:                   YES
   IOMMU SimObject:                 system.body.iommu

   --- Access Breakdown ---
   Total IOMMU checks:              26453308
   IOTLB hits:                      26452975
   IOTLB misses (page walks):       333
   IOTLB hit rate:                  99.9987%

   --- Latency Breakdown ---
   TOTAL IOMMU OVERHEAD:            53238.9 us
   Avg latency per access:          0.00201256 us

********************************************************************************
system.body.body_pwconv1.llvm_interface
Total Area: 9.7459e+06
Total Power Static: 20189.6

Total Power Dynamic: 199684
   ========= Performance Analysis =============
   Setup Time:                      0h 0m 0s 134ms 65us
   Simulation Time (Total):         0h 2m 9s 192ms
   Simulation Time (Active):        0h 0m 44s 366ms
        Queue Processing Time:      0h 0m 44s 361ms
             Scheduling Time:       0h 0m 39s 461ms
             Computation Time:      0h 0m 1s 219ms
   System Clock:                    0.1GHz
   Runtime:                         119648 cycles
   Runtime:                         1196.48 us
   Stalls:                          0 cycles
   Executed Nodes:                  119647 cycles

   ========= Kernel Validation Stats ==========
   Kernel validation enabled:       NO
   Configured latency per check:    0 us

   --- Access Breakdown ---
   Total memory accesses (validated): 0
   Cache hits (0 latency):          0
   Validation requests (full lat):  0
     of which DMA-ctrl writes:      0
   Coalesced waits (partial lat):   0
   Validations denied:              0

   --- Latency Breakdown ---
   Validation request latency:      0 us
   Coalesced wait latency:          0 us
   TOTAL SECURITY OVERHEAD:         0 us
   Avg latency per validation:      0 us
   Avg latency per coalesced wait:  0 us
   Avg overhead per blocked access: 0 us

   --- Cache Statistics ---
   Processes with cached pages:     0
   Unique pages validated (total):  0
   Cache hit rate:                  0%

   ========= IOMMU Stats =====================
   IOMMU enabled:                   YES
   IOMMU SimObject:                 system.body.iommu

   --- Access Breakdown ---
   Total IOMMU checks:              26465965
   IOTLB hits:                      26465632
   IOTLB misses (page walks):       333
   IOTLB hit rate:                  99.9987%

   --- Latency Breakdown ---
   TOTAL IOMMU OVERHEAD:            53264.3 us
   Avg latency per access:          0.00201256 us

********************************************************************************
system.body.body_dwconv.llvm_interface
Total Area: 1.68492e+06
Total Power Static: 13321

Total Power Dynamic: 151645
   ========= Performance Analysis =============
   Setup Time:                      0h 0m 0s 8ms 631us
   Simulation Time (Total):         0h 2m 22s 374ms
   Simulation Time (Active):        0h 1m 20s 152ms
        Queue Processing Time:      0h 1m 20s 142ms
             Scheduling Time:       0h 1m 13s 957ms
             Computation Time:      0h 0m 0s 877ms
   System Clock:                    0.1GHz
   Runtime:                         131304 cycles
   Runtime:                         1313.04 us
   Stalls:                          0 cycles
   Executed Nodes:                  131303 cycles

   ========= Kernel Validation Stats ==========
   Kernel validation enabled:       NO
   Configured latency per check:    0 us

   --- Access Breakdown ---
   Total memory accesses (validated): 0
   Cache hits (0 latency):          0
   Validation requests (full lat):  0
     of which DMA-ctrl writes:      0
   Coalesced waits (partial lat):   0
   Validations denied:              0

   --- Latency Breakdown ---
   Validation request latency:      0 us
   Coalesced wait latency:          0 us
   TOTAL SECURITY OVERHEAD:         0 us
   Avg latency per validation:      0 us
   Avg latency per coalesced wait:  0 us
   Avg overhead per blocked access: 0 us

   --- Cache Statistics ---
   Processes with cached pages:     0
   Unique pages validated (total):  0
   Cache hit rate:                  0%

   ========= IOMMU Stats =====================
   IOMMU enabled:                   YES
   IOMMU SimObject:                 system.body.iommu

   --- Access Breakdown ---
   Total IOMMU checks:              26514581
   IOTLB hits:                      26514248
   IOTLB misses (page walks):       333
   IOTLB hit rate:                  99.9987%

   --- Latency Breakdown ---
   TOTAL IOMMU OVERHEAD:            53361.5 us
   Avg latency per access:          0.00201253 us

********************************************************************************
system.body.body_top.llvm_interface
Total Area: 48742.4
Total Power Static: 0.96468

Total Power Dynamic: 4.77928
   ========= Performance Analysis =============
   Setup Time:                      0h 0m 0s 7ms 309us
   Simulation Time (Total):         0h 2m 22s 813ms
   Simulation Time (Active):        0h 0m 0s 58ms
        Queue Processing Time:      0h 0m 0s 45ms
             Scheduling Time:       0h 0m 0s 18ms
             Computation Time:      0h 0m 0s 5ms
   System Clock:                    0.1GHz
   Runtime:                         151177 cycles
   Runtime:                         1511.77 us
   Stalls:                          0 cycles
   Executed Nodes:                  151176 cycles

   ========= Kernel Validation Stats ==========
   Kernel validation enabled:       NO
   Configured latency per check:    0 us

   --- Access Breakdown ---
   Total memory accesses (validated): 0
   Cache hits (0 latency):          0
   Validation requests (full lat):  0
     of which DMA-ctrl writes:      0
   Coalesced waits (partial lat):   0
   Validations denied:              0

   --- Latency Breakdown ---
   Validation request latency:      0 us
   Coalesced wait latency:          0 us
   TOTAL SECURITY OVERHEAD:         0 us
   Avg latency per validation:      0 us
   Avg latency per coalesced wait:  0 us
   Avg overhead per blocked access: 0 us

   --- Cache Statistics ---
   Processes with cached pages:     0
   Unique pages validated (total):  0
   Cache hit rate:                  0%

   ========= IOMMU Stats =====================
   IOMMU enabled:                   YES
   IOMMU SimObject:                 system.body.iommu

   --- Access Breakdown ---
   Total IOMMU checks:              26514584
   IOTLB hits:                      26514251
   IOTLB misses (page walks):       333
   IOTLB hit rate:                  99.9987%

   --- Latency Breakdown ---
   TOTAL IOMMU OVERHEAD:            53361.5 us
   Avg latency per access:          0.00201253 us

********************************************************************************
system.body.body_residual.llvm_interface
Total Area: 7536.61
Total Power Static: 2.39747

Total Power Dynamic: 7.19619
   ========= Performance Analysis =============
   Setup Time:                      0h 0m 0s 0ms 391us
   Simulation Time (Total):         0h 0m 24s 591ms
   Simulation Time (Active):        0h 0m 0s 7ms
        Queue Processing Time:      0h 0m 0s 5ms
             Scheduling Time:       0h 0m 0s 2ms
             Computation Time:      0h 0m 0s 0ms
   System Clock:                    0.1GHz
   Runtime:                         31009 cycles
   Runtime:                         310.09 us
   Stalls:                          0 cycles
   Executed Nodes:                  31008 cycles

   ========= Kernel Validation Stats ==========
   Kernel validation enabled:       NO
   Configured latency per check:    0 us

   --- Access Breakdown ---
   Total memory accesses (validated): 0
   Cache hits (0 latency):          0
   Validation requests (full lat):  0
     of which DMA-ctrl writes:      0
   Coalesced waits (partial lat):   0
   Validations denied:              0

   --- Latency Breakdown ---
   Validation request latency:      0 us
   Coalesced wait latency:          0 us
   TOTAL SECURITY OVERHEAD:         0 us
   Avg latency per validation:      0 us
   Avg latency per coalesced wait:  0 us
   Avg overhead per blocked access: 0 us

   --- Cache Statistics ---
   Processes with cached pages:     0
   Unique pages validated (total):  0
   Cache hit rate:                  0%

   ========= IOMMU Stats =====================
   IOMMU enabled:                   YES
   IOMMU SimObject:                 system.body.iommu

   --- Access Breakdown ---
   Total IOMMU checks:              26660987
   IOTLB hits:                      26660628
   IOTLB misses (page walks):       359
   IOTLB hit rate:                  99.9987%

   --- Latency Breakdown ---
   TOTAL IOMMU OVERHEAD:            53680.3 us
   Avg latency per access:          0.00201344 us

********************************************************************************
system.body.body_pwconv0.llvm_interface
Total Area: 168529
Total Power Static: 399.351

Total Power Dynamic: 9823.92
   ========= Performance Analysis =============
   Setup Time:                      0h 0m 0s 0ms 752us
   Simulation Time (Total):         0h 0m 51s 145ms
   Simulation Time (Active):        0h 0m 3s 172ms
        Queue Processing Time:      0h 0m 3s 167ms
             Scheduling Time:       0h 0m 1s 738ms
             Computation Time:      0h 0m 0s 56ms
   System Clock:                    0.1GHz
   Runtime:                         57147 cycles
   Runtime:                         571.47 us
   Stalls:                          0 cycles
   Executed Nodes:                  57146 cycles

   ========= Kernel Validation Stats ==========
   Kernel validation enabled:       NO
   Configured latency per check:    0 us

   --- Access Breakdown ---
   Total memory accesses (validated): 0
   Cache hits (0 latency):          0
   Validation requests (full lat):  0
     of which DMA-ctrl writes:      0
   Coalesced waits (partial lat):   0
   Validations denied:              0

   --- Latency Breakdown ---
   Validation request latency:      0 us
   Coalesced wait latency:          0 us
   TOTAL SECURITY OVERHEAD:         0 us
   Avg latency per validation:      0 us
   Avg latency per coalesced wait:  0 us
   Avg overhead per blocked access: 0 us

   --- Cache Statistics ---
   Processes with cached pages:     0
   Unique pages validated (total):  0
   Cache hit rate:                  0%

   ========= IOMMU Stats =====================
   IOMMU enabled:                   YES
   IOMMU SimObject:                 system.body.iommu

   --- Access Breakdown ---
   Total IOMMU checks:              26788612
   IOTLB hits:                      26788253
   IOTLB misses (page walks):       359
   IOTLB hit rate:                  99.9987%

   --- Latency Breakdown ---
   TOTAL IOMMU OVERHEAD:            53935.5 us
   Avg latency per access:          0.00201337 us

********************************************************************************
system.body.body_pwconv1.llvm_interface
Total Area: 1.04956e+07
Total Power Static: 20189.6

Total Power Dynamic: 199684
   ========= Performance Analysis =============
   Setup Time:                      0h 0m 0s 132ms 521us
   Simulation Time (Total):         0h 1m 23s 805ms
   Simulation Time (Active):        0h 0m 41s 400ms
        Queue Processing Time:      0h 0m 41s 396ms
             Scheduling Time:       0h 0m 36s 672ms
             Computation Time:      0h 0m 1s 170ms
   System Clock:                    0.1GHz
   Runtime:                         88572 cycles
   Runtime:                         885.72 us
   Stalls:                          0 cycles
   Executed Nodes:                  88571 cycles

   ========= Kernel Validation Stats ==========
   Kernel validation enabled:       NO
   Configured latency per check:    0 us

   --- Access Breakdown ---
   Total memory accesses (validated): 0
   Cache hits (0 latency):          0
   Validation requests (full lat):  0
     of which DMA-ctrl writes:      0
   Coalesced waits (partial lat):   0
   Validations denied:              0

   --- Latency Breakdown ---
   Validation request latency:      0 us
   Coalesced wait latency:          0 us
   TOTAL SECURITY OVERHEAD:         0 us
   Avg latency per validation:      0 us
   Avg latency per coalesced wait:  0 us
   Avg overhead per blocked access: 0 us

   --- Cache Statistics ---
   Processes with cached pages:     0
   Unique pages validated (total):  0
   Cache hit rate:                  0%

   ========= IOMMU Stats =====================
   IOMMU enabled:                   YES
   IOMMU SimObject:                 system.body.iommu

   --- Access Breakdown ---
   Total IOMMU checks:              26937732
   IOTLB hits:                      26937373
   IOTLB misses (page walks):       359
   IOTLB hit rate:                  99.9987%

   --- Latency Breakdown ---
   TOTAL IOMMU OVERHEAD:            54233.7 us
   Avg latency per access:          0.0020133 us

********************************************************************************
system.body.body_dwconv.llvm_interface
Total Area: 1.81453e+06
Total Power Static: 5467.5

Total Power Dynamic: 63163.1
   ========= Performance Analysis =============
   Setup Time:                      0h 0m 0s 8ms 668us
   Simulation Time (Total):         0h 1m 24s 126ms
   Simulation Time (Active):        0h 0m 34s 985ms
        Queue Processing Time:      0h 0m 34s 980ms
             Scheduling Time:       0h 0m 31s 742ms
             Computation Time:      0h 0m 0s 347ms
   System Clock:                    0.1GHz
   Runtime:                         89770 cycles
   Runtime:                         897.7 us
   Stalls:                          0 cycles
   Executed Nodes:                  89769 cycles

   ========= Kernel Validation Stats ==========
   Kernel validation enabled:       NO
   Configured latency per check:    0 us

   --- Access Breakdown ---
   Total memory accesses (validated): 0
   Cache hits (0 latency):          0
   Validation requests (full lat):  0
     of which DMA-ctrl writes:      0
   Coalesced waits (partial lat):   0
   Validations denied:              0

   --- Latency Breakdown ---
   Validation request latency:      0 us
   Coalesced wait latency:          0 us
   TOTAL SECURITY OVERHEAD:         0 us
   Avg latency per validation:      0 us
   Avg latency per coalesced wait:  0 us
   Avg overhead per blocked access: 0 us

   --- Cache Statistics ---
   Processes with cached pages:     0
   Unique pages validated (total):  0
   Cache hit rate:                  0%

   ========= IOMMU Stats =====================
   IOMMU enabled:                   YES
   IOMMU SimObject:                 system.body.iommu

   --- Access Breakdown ---
   Total IOMMU checks:              26941911
   IOTLB hits:                      26941552
   IOTLB misses (page walks):       359
   IOTLB hit rate:                  99.9987%

   --- Latency Breakdown ---
   TOTAL IOMMU OVERHEAD:            54242.1 us
   Avg latency per access:          0.0020133 us

********************************************************************************
system.body.body_top.llvm_interface
Total Area: 52491.8
Total Power Static: 0.960402

Total Power Dynamic: 4.75826
   ========= Performance Analysis =============
   Setup Time:                      0h 0m 0s 19ms 132us
   Simulation Time (Total):         0h 1m 24s 527ms
   Simulation Time (Active):        0h 0m 0s 35ms
        Queue Processing Time:      0h 0m 0s 27ms
             Scheduling Time:       0h 0m 0s 12ms
             Computation Time:      0h 0m 0s 2ms
   System Clock:                    0.1GHz
   Runtime:                         109581 cycles
   Runtime:                         1095.81 us
   Stalls:                          0 cycles
   Executed Nodes:                  109580 cycles

   ========= Kernel Validation Stats ==========
   Kernel validation enabled:       NO
   Configured latency per check:    0 us

   --- Access Breakdown ---
   Total memory accesses (validated): 0
   Cache hits (0 latency):          0
   Validation requests (full lat):  0
     of which DMA-ctrl writes:      0
   Coalesced waits (partial lat):   0
   Validations denied:              0

   --- Latency Breakdown ---
   Validation request latency:      0 us
   Coalesced wait latency:          0 us
   TOTAL SECURITY OVERHEAD:         0 us
   Avg latency per validation:      0 us
   Avg latency per coalesced wait:  0 us
   Avg overhead per blocked access: 0 us

   --- Cache Statistics ---
   Processes with cached pages:     0
   Unique pages validated (total):  0
   Cache hit rate:                  0%

   ========= IOMMU Stats =====================
   IOMMU enabled:                   YES
   IOMMU SimObject:                 system.body.iommu

   --- Access Breakdown ---
   Total IOMMU checks:              26941914
   IOTLB hits:                      26941555
   IOTLB misses (page walks):       359
   IOTLB hit rate:                  99.9987%

   --- Latency Breakdown ---
   TOTAL IOMMU OVERHEAD:            54242.1 us
   Avg latency per access:          0.0020133 us

********************************************************************************
system.body.body_residual.llvm_interface
Total Area: 8074.94
Total Power Static: 3.59739

Total Power Dynamic: 14.3924
   ========= Performance Analysis =============
   Setup Time:                      0h 0m 0s 0ms 395us
   Simulation Time (Total):         0h 0m 24s 437ms
   Simulation Time (Active):        0h 0m 0s 8ms
        Queue Processing Time:      0h 0m 0s 6ms
             Scheduling Time:       0h 0m 0s 3ms
             Computation Time:      0h 0m 0s 0ms
   System Clock:                    0.1GHz
   Runtime:                         30984 cycles
   Runtime:                         309.84 us
   Stalls:                          0 cycles
   Executed Nodes:                  30983 cycles

   ========= Kernel Validation Stats ==========
   Kernel validation enabled:       NO
   Configured latency per check:    0 us

   --- Access Breakdown ---
   Total memory accesses (validated): 0
   Cache hits (0 latency):          0
   Validation requests (full lat):  0
     of which DMA-ctrl writes:      0
   Coalesced waits (partial lat):   0
   Validations denied:              0

   --- Latency Breakdown ---
   Validation request latency:      0 us
   Coalesced wait latency:          0 us
   TOTAL SECURITY OVERHEAD:         0 us
   Avg latency per validation:      0 us
   Avg latency per coalesced wait:  0 us
   Avg overhead per blocked access: 0 us

   --- Cache Statistics ---
   Processes with cached pages:     0
   Unique pages validated (total):  0
   Cache hit rate:                  0%

   ========= IOMMU Stats =====================
   IOMMU enabled:                   YES
   IOMMU SimObject:                 system.body.iommu

   --- Access Breakdown ---
   Total IOMMU checks:              27088838
   IOTLB hits:                      27088452
   IOTLB misses (page walks):       386
   IOTLB hit rate:                  99.9986%

   --- Latency Breakdown ---
   TOTAL IOMMU OVERHEAD:            54562.9 us
   Avg latency per access:          0.00201422 us

********************************************************************************
system.body.body_pwconv0.llvm_interface
Total Area: 180567
Total Power Static: 399.351

Total Power Dynamic: 9823.92
   ========= Performance Analysis =============
   Setup Time:                      0h 0m 0s 0ms 762us
   Simulation Time (Total):         0h 0m 51s 438ms
   Simulation Time (Active):        0h 0m 3s 138ms
        Queue Processing Time:      0h 0m 3s 133ms
             Scheduling Time:       0h 0m 1s 770ms
             Computation Time:      0h 0m 0s 55ms
   System Clock:                    0.1GHz
   Runtime:                         57090 cycles
   Runtime:                         570.9 us
   Stalls:                          0 cycles
   Executed Nodes:                  57089 cycles

   ========= Kernel Validation Stats ==========
   Kernel validation enabled:       NO
   Configured latency per check:    0 us

   --- Access Breakdown ---
   Total memory accesses (validated): 0
   Cache hits (0 latency):          0
   Validation requests (full lat):  0
     of which DMA-ctrl writes:      0
   Coalesced waits (partial lat):   0
   Validations denied:              0

   --- Latency Breakdown ---
   Validation request latency:      0 us
   Coalesced wait latency:          0 us
   TOTAL SECURITY OVERHEAD:         0 us
   Avg latency per validation:      0 us
   Avg latency per coalesced wait:  0 us
   Avg overhead per blocked access: 0 us

   --- Cache Statistics ---
   Processes with cached pages:     0
   Unique pages validated (total):  0
   Cache hit rate:                  0%

   ========= IOMMU Stats =====================
   IOMMU enabled:                   YES
   IOMMU SimObject:                 system.body.iommu

   --- Access Breakdown ---
   Total IOMMU checks:              27216467
   IOTLB hits:                      27216081
   IOTLB misses (page walks):       386
   IOTLB hit rate:                  99.9986%

   --- Latency Breakdown ---
   TOTAL IOMMU OVERHEAD:            54818.2 us
   Avg latency per access:          0.00201415 us

********************************************************************************
system.body.body_pwconv1.llvm_interface
Total Area: 1.12453e+07
Total Power Static: 20189.6

Total Power Dynamic: 199684
   ========= Performance Analysis =============
   Setup Time:                      0h 0m 0s 132ms 784us
   Simulation Time (Total):         0h 1m 24s 789ms
   Simulation Time (Active):        0h 0m 42s 147ms
        Queue Processing Time:      0h 0m 42s 143ms
             Scheduling Time:       0h 0m 37s 293ms
             Computation Time:      0h 0m 1s 185ms
   System Clock:                    0.1GHz
   Runtime:                         88516 cycles
   Runtime:                         885.16 us
   Stalls:                          0 cycles
   Executed Nodes:                  88515 cycles

   ========= Kernel Validation Stats ==========
   Kernel validation enabled:       NO
   Configured latency per check:    0 us

   --- Access Breakdown ---
   Total memory accesses (validated): 0
   Cache hits (0 latency):          0
   Validation requests (full lat):  0
     of which DMA-ctrl writes:      0
   Coalesced waits (partial lat):   0
   Validations denied:              0

   --- Latency Breakdown ---
   Validation request latency:      0 us
   Coalesced wait latency:          0 us
   TOTAL SECURITY OVERHEAD:         0 us
   Avg latency per validation:      0 us
   Avg latency per coalesced wait:  0 us
   Avg overhead per blocked access: 0 us

   --- Cache Statistics ---
   Processes with cached pages:     0
   Unique pages validated (total):  0
   Cache hit rate:                  0%

   ========= IOMMU Stats =====================
   IOMMU enabled:                   YES
   IOMMU SimObject:                 system.body.iommu

   --- Access Breakdown ---
   Total IOMMU checks:              27365587
   IOTLB hits:                      27365201
   IOTLB misses (page walks):       386
   IOTLB hit rate:                  99.9986%

   --- Latency Breakdown ---
   TOTAL IOMMU OVERHEAD:            55116.4 us
   Avg latency per access:          0.00201408 us

********************************************************************************
system.body.body_dwconv.llvm_interface
Total Area: 1.94414e+06
Total Power Static: 5467.5

Total Power Dynamic: 63163.1
   ========= Performance Analysis =============
   Setup Time:                      0h 0m 0s 8ms 722us
   Simulation Time (Total):         0h 1m 25s 89ms
   Simulation Time (Active):        0h 0m 35s 216ms
        Queue Processing Time:      0h 0m 35s 211ms
             Scheduling Time:       0h 0m 31s 972ms
             Computation Time:      0h 0m 0s 349ms
   System Clock:                    0.1GHz
   Runtime:                         89713 cycles
   Runtime:                         897.13 us
   Stalls:                          0 cycles
   Executed Nodes:                  89712 cycles

   ========= Kernel Validation Stats ==========
   Kernel validation enabled:       NO
   Configured latency per check:    0 us

   --- Access Breakdown ---
   Total memory accesses (validated): 0
   Cache hits (0 latency):          0
   Validation requests (full lat):  0
     of which DMA-ctrl writes:      0
   Coalesced waits (partial lat):   0
   Validations denied:              0

   --- Latency Breakdown ---
   Validation request latency:      0 us
   Coalesced wait latency:          0 us
   TOTAL SECURITY OVERHEAD:         0 us
   Avg latency per validation:      0 us
   Avg latency per coalesced wait:  0 us
   Avg overhead per blocked access: 0 us

   --- Cache Statistics ---
   Processes with cached pages:     0
   Unique pages validated (total):  0
   Cache hit rate:                  0%

   ========= IOMMU Stats =====================
   IOMMU enabled:                   YES
   IOMMU SimObject:                 system.body.iommu

   --- Access Breakdown ---
   Total IOMMU checks:              27369766
   IOTLB hits:                      27369380
   IOTLB misses (page walks):       386
   IOTLB hit rate:                  99.9986%

   --- Latency Breakdown ---
   TOTAL IOMMU OVERHEAD:            55124.8 us
   Avg latency per access:          0.00201407 us

********************************************************************************
system.body.body_top.llvm_interface
Total Area: 56241.2
Total Power Static: 0.961624

Total Power Dynamic: 4.76427
   ========= Performance Analysis =============
   Setup Time:                      0h 0m 0s 18ms 712us
   Simulation Time (Total):         0h 1m 25s 491ms
   Simulation Time (Active):        0h 0m 0s 35ms
        Queue Processing Time:      0h 0m 0s 27ms
             Scheduling Time:       0h 0m 0s 11ms
             Computation Time:      0h 0m 0s 2ms
   System Clock:                    0.1GHz
   Runtime:                         109636 cycles
   Runtime:                         1096.36 us
   Stalls:                          0 cycles
   Executed Nodes:                  109635 cycles

   ========= Kernel Validation Stats ==========
   Kernel validation enabled:       NO
   Configured latency per check:    0 us

   --- Access Breakdown ---
   Total memory accesses (validated): 0
   Cache hits (0 latency):          0
   Validation requests (full lat):  0
     of which DMA-ctrl writes:      0
   Coalesced waits (partial lat):   0
   Validations denied:              0

   --- Latency Breakdown ---
   Validation request latency:      0 us
   Coalesced wait latency:          0 us
   TOTAL SECURITY OVERHEAD:         0 us
   Avg latency per validation:      0 us
   Avg latency per coalesced wait:  0 us
   Avg overhead per blocked access: 0 us

   --- Cache Statistics ---
   Processes with cached pages:     0
   Unique pages validated (total):  0
   Cache hit rate:                  0%

   ========= IOMMU Stats =====================
   IOMMU enabled:                   YES
   IOMMU SimObject:                 system.body.iommu

   --- Access Breakdown ---
   Total IOMMU checks:              27369769
   IOTLB hits:                      27369383
   IOTLB misses (page walks):       386
   IOTLB hit rate:                  99.9986%

   --- Latency Breakdown ---
   TOTAL IOMMU OVERHEAD:            55124.8 us
   Avg latency per access:          0.00201407 us

********************************************************************************
system.tail.tail_pwconv.llvm_interface
Total Area: 11678.9
Total Power Static: 1439.58

Total Power Dynamic: 37038.2
   ========= Performance Analysis =============
   Setup Time:                      0h 0m 0s 0ms 717us
   Simulation Time (Total):         0h 0m 17s 298ms
   Simulation Time (Active):        0h 0m 7s 84ms
        Queue Processing Time:      0h 0m 7s 78ms
             Scheduling Time:       0h 0m 2s 794ms
             Computation Time:      0h 0m 0s 173ms
   System Clock:                    0.1GHz
   Runtime:                         36531 cycles
   Runtime:                         365.31 us
   Stalls:                          0 cycles
   Executed Nodes:                  36530 cycles

   ========= Kernel Validation Stats ==========
   Kernel validation enabled:       NO
   Configured latency per check:    0 us

   --- Access Breakdown ---
   Total memory accesses (validated): 0
   Cache hits (0 latency):          0
   Validation requests (full lat):  0
     of which DMA-ctrl writes:      0
   Coalesced waits (partial lat):   0
   Validations denied:              0

   --- Latency Breakdown ---
   Validation request latency:      0 us
   Coalesced wait latency:          0 us
   TOTAL SECURITY OVERHEAD:         0 us
   Avg latency per validation:      0 us
   Avg latency per coalesced wait:  0 us
   Avg overhead per blocked access: 0 us

   --- Cache Statistics ---
   Processes with cached pages:     0
   Unique pages validated (total):  0
   Cache hit rate:                  0%

   ========= IOMMU Stats =====================
   IOMMU enabled:                   YES
   IOMMU SimObject:                 system.tail.iommu

   --- Access Breakdown ---
   Total IOMMU checks:              177058
   IOTLB hits:                      177012
   IOTLB misses (page walks):       46
   IOTLB hit rate:                  99.974%

   --- Latency Breakdown ---
   TOTAL IOMMU OVERHEAD:            400.024 us
   Avg latency per access:          0.00225928 us

********************************************************************************
system.tail.tail_reshape.llvm_interface
Total Area: 10278.6
Total Power Static: 692.426

Total Power Dynamic: 17462.9
   ========= Performance Analysis =============
   Setup Time:                      0h 0m 0s 0ms 360us
   Simulation Time (Total):         0h 0m 17s 255ms
   Simulation Time (Active):        0h 0m 7s 243ms
        Queue Processing Time:      0h 0m 7s 238ms
             Scheduling Time:       0h 0m 3s 984ms
             Computation Time:      0h 0m 0s 28ms
   System Clock:                    0.1GHz
   Runtime:                         36230 cycles
   Runtime:                         362.3 us
   Stalls:                          0 cycles
   Executed Nodes:                  36229 cycles

   ========= Kernel Validation Stats ==========
   Kernel validation enabled:       NO
   Configured latency per check:    0 us

   --- Access Breakdown ---
   Total memory accesses (validated): 0
   Cache hits (0 latency):          0
   Validation requests (full lat):  0
     of which DMA-ctrl writes:      0
   Coalesced waits (partial lat):   0
   Validations denied:              0

   --- Latency Breakdown ---
   Validation request latency:      0 us
   Coalesced wait latency:          0 us
   TOTAL SECURITY OVERHEAD:         0 us
   Avg latency per validation:      0 us
   Avg latency per coalesced wait:  0 us
   Avg overhead per blocked access: 0 us

   --- Cache Statistics ---
   Processes with cached pages:     0
   Unique pages validated (total):  0
   Cache hit rate:                  0%

   ========= IOMMU Stats =====================
   IOMMU enabled:                   YES
   IOMMU SimObject:                 system.tail.iommu

   --- Access Breakdown ---
   Total IOMMU checks:              177059
   IOTLB hits:                      177013
   IOTLB misses (page walks):       46
   IOTLB hit rate:                  99.974%

   --- Latency Breakdown ---
   TOTAL IOMMU OVERHEAD:            400.026 us
   Avg latency per access:          0.00225928 us

********************************************************************************
system.tail.tail_avgpool.llvm_interface
Total Area: 5554.55
Total Power Static: 178.864

Total Power Dynamic: 2910.95
   ========= Performance Analysis =============
   Setup Time:                      0h 0m 0s 0ms 355us
   Simulation Time (Total):         0h 0m 21s 801ms
   Simulation Time (Active):        0h 0m 6s 333ms
        Queue Processing Time:      0h 0m 6s 327ms
             Scheduling Time:       0h 0m 3s 965ms
             Computation Time:      0h 0m 0s 39ms
   System Clock:                    0.1GHz
   Runtime:                         54176 cycles
   Runtime:                         541.76 us
   Stalls:                          0 cycles
   Executed Nodes:                  54175 cycles

   ========= Kernel Validation Stats ==========
   Kernel validation enabled:       NO
   Configured latency per check:    0 us

   --- Access Breakdown ---
   Total memory accesses (validated): 0
   Cache hits (0 latency):          0
   Validation requests (full lat):  0
     of which DMA-ctrl writes:      0
   Coalesced waits (partial lat):   0
   Validations denied:              0

   --- Latency Breakdown ---
   Validation request latency:      0 us
   Coalesced wait latency:          0 us
   TOTAL SECURITY OVERHEAD:         0 us
   Avg latency per validation:      0 us
   Avg latency per coalesced wait:  0 us
   Avg overhead per blocked access: 0 us

   --- Cache Statistics ---
   Processes with cached pages:     0
   Unique pages validated (total):  0
   Cache hit rate:                  0%

   ========= IOMMU Stats =====================
   IOMMU enabled:                   YES
   IOMMU SimObject:                 system.tail.iommu

   --- Access Breakdown ---
   Total IOMMU checks:              196027
   IOTLB hits:                      195981
   IOTLB misses (page walks):       46
   IOTLB hit rate:                  99.9765%

   --- Latency Breakdown ---
   TOTAL IOMMU OVERHEAD:            437.962 us
   Avg latency per access:          0.00223419 us

********************************************************************************
system.tail.tail_top.llvm_interface
Total Area: 1300.17
Total Power Static: 17.2339

Total Power Dynamic: 84.7031
   ========= Performance Analysis =============
   Setup Time:                      0h 0m 0s 12ms 528us
   Simulation Time (Total):         0h 0m 22s 503ms
   Simulation Time (Active):        0h 0m 0s 117ms
        Queue Processing Time:      0h 0m 0s 109ms
             Scheduling Time:       0h 0m 0s 53ms
             Computation Time:      0h 0m 0s 17ms
   System Clock:                    0.1GHz
   Runtime:                         98350 cycles
   Runtime:                         983.5 us
   Stalls:                          0 cycles
   Executed Nodes:                  98349 cycles

   ========= Kernel Validation Stats ==========
   Kernel validation enabled:       NO
   Configured latency per check:    0 us

   --- Access Breakdown ---
   Total memory accesses (validated): 0
   Cache hits (0 latency):          0
   Validation requests (full lat):  0
     of which DMA-ctrl writes:      0
   Coalesced waits (partial lat):   0
   Validations denied:              0

   --- Latency Breakdown ---
   Validation request latency:      0 us
   Coalesced wait latency:          0 us
   TOTAL SECURITY OVERHEAD:         0 us
   Avg latency per validation:      0 us
   Avg latency per coalesced wait:  0 us
   Avg overhead per blocked access: 0 us

   --- Cache Statistics ---
   Processes with cached pages:     0
   Unique pages validated (total):  0
   Cache hit rate:                  0%

   ========= IOMMU Stats =====================
   IOMMU enabled:                   YES
   IOMMU SimObject:                 system.tail.iommu

   --- Access Breakdown ---
   Total IOMMU checks:              196031
   IOTLB hits:                      195985
   IOTLB misses (page walks):       46
   IOTLB hit rate:                  99.9765%

   --- Latency Breakdown ---
   TOTAL IOMMU OVERHEAD:            437.97 us
   Avg latency per access:          0.00223419 us

********************************************************************************
system.classifier.classifier_linear.llvm_interface
Total Area: 1.83064e+06
Total Power Static: 149974

Total Power Dynamic: 2.0398e+06
   ========= Performance Analysis =============
   Setup Time:                      0h 0m 0s 588ms 830us
   Simulation Time (Total):         0h 20m 53s 247ms
   Simulation Time (Active):        0h 17m 40s 247ms
        Queue Processing Time:      0h 17m 40s 234ms
             Scheduling Time:       0h 17m 13s 123ms
             Computation Time:      0h 0m 7s 683ms
   System Clock:                    0.1GHz
   Runtime:                         1065497 cycles
   Runtime:                         10655 us
   Stalls:                          0 cycles
   Executed Nodes:                  1065496 cycles

   ========= Kernel Validation Stats ==========
   Kernel validation enabled:       NO
   Configured latency per check:    0 us

   --- Access Breakdown ---
   Total memory accesses (validated): 0
   Cache hits (0 latency):          0
   Validation requests (full lat):  0
     of which DMA-ctrl writes:      0
   Coalesced waits (partial lat):   0
   Validations denied:              0

   --- Latency Breakdown ---
   Validation request latency:      0 us
   Coalesced wait latency:          0 us
   TOTAL SECURITY OVERHEAD:         0 us
   Avg latency per validation:      0 us
   Avg latency per coalesced wait:  0 us
   Avg overhead per blocked access: 0 us

   --- Cache Statistics ---
   Processes with cached pages:     0
   Unique pages validated (total):  0
   Cache hit rate:                  0%

   ========= IOMMU Stats =====================
   IOMMU enabled:                   YES
   IOMMU SimObject:                 system.classifier.iommu

   --- Access Breakdown ---
   Total IOMMU checks:              5490264
   IOTLB hits:                      5489630
   IOTLB misses (page walks):       634
   IOTLB hit rate:                  99.9885%

   --- Latency Breakdown ---
   TOTAL IOMMU OVERHEAD:            11613.3 us
   Avg latency per access:          0.00211525 us

********************************************************************************
system.classifier.classifier_top.llvm_interface
Total Area: 1350.54
Total Power Static: 23.4763

Total Power Dynamic: 115.379
   ========= Performance Analysis =============
   Setup Time:                      0h 0m 0s 1ms 280us
   Simulation Time (Total):         0h 20m 59s 385ms
   Simulation Time (Active):        0h 0m 0s 318ms
        Queue Processing Time:      0h 0m 0s 220ms
             Scheduling Time:       0h 0m 0s 88ms
             Computation Time:      0h 0m 0s 25ms
   System Clock:                    0.1GHz
   Runtime:                         1433488 cycles
   Runtime:                         14334.9 us
   Stalls:                          0 cycles
   Executed Nodes:                  1433487 cycles

   ========= Kernel Validation Stats ==========
   Kernel validation enabled:       NO
   Configured latency per check:    0 us

   --- Access Breakdown ---
   Total memory accesses (validated): 0
   Cache hits (0 latency):          0
   Validation requests (full lat):  0
     of which DMA-ctrl writes:      0
   Coalesced waits (partial lat):   0
   Validations denied:              0

   --- Latency Breakdown ---
   Validation request latency:      0 us
   Coalesced wait latency:          0 us
   TOTAL SECURITY OVERHEAD:         0 us
   Avg latency per validation:      0 us
   Avg latency per coalesced wait:  0 us
   Avg overhead per blocked access: 0 us

   --- Cache Statistics ---
   Processes with cached pages:     0
   Unique pages validated (total):  0
   Cache hit rate:                  0%

   ========= IOMMU Stats =====================
   IOMMU enabled:                   YES
   IOMMU SimObject:                 system.classifier.iommu

   --- Access Breakdown ---
   Total IOMMU checks:              5490267
   IOTLB hits:                      5489633
   IOTLB misses (page walks):       634
   IOTLB hit rate:                  99.9885%

   --- Latency Breakdown ---
   TOTAL IOMMU OVERHEAD:            11613.3 us
   Avg latency per access:          0.00211525 us

Exiting @ tick 102555305000 because m5_exit instruction encountered
