build/ARM/base/statistics.hh:277: warn: One of the stats is a legacy stat. Legacy stat is a stat that does not belong to any statistics::Group. Legacy stat is deprecated.
Global frequency set at 1000000000000 ticks per second
build/ARM/mem/mem_interface.cc:793: warn: DRAM device capacity (16384 Mbytes) does not match the address range assigned (4096 Mbytes)
build/ARM/sim/kernel_workload.cc:46: info: kernel located at: /gem5-SALAM/benchmarks/mobilenetv2/sw/main.elf
build/ARM/arch/arm/system.cc:95: warn: Highest ARM exception-level set to AArch64 but the workload is for AArch32. Assuming you wanted these to match.
build/ARM/base/vnc/vncserver.cc:163: warn: Sockets disabled, not accepting vnc client connections
build/ARM/dev/serial/terminal.cc:170: warn: Sockets disabled, not accepting terminal connections
build/ARM/mem/coherent_xbar.cc:140: warn: CoherentXBar system.body.coherency_bus has no snooping ports attached!
build/ARM/mem/coherent_xbar.cc:140: warn: CoherentXBar system.classifier.coherency_bus has no snooping ports attached!
build/ARM/base/remote_gdb.cc:377: warn: Sockets disabled, not accepting gdb connections
build/ARM/mem/coherent_xbar.cc:140: warn: CoherentXBar system.head.coherency_bus has no snooping ports attached!
build/ARM/mem/coherent_xbar.cc:140: warn: CoherentXBar system.tail.coherency_bus has no snooping ports attached!
build/ARM/dev/arm/energy_ctrl.cc:252: warn: Existing EnergyCtrl, but no enabled DVFSHandler found.
gem5 Simulator System.  http://gem5.org
gem5 is copyrighted software; use the --copyright option for details.

gem5 version 21.1.0.1
gem5 compiled May  2 2026 19:55:51
gem5 started May  3 2026 06:23:16
gem5 executing on 3b7fb6fd27b8, pid 1325643
command line: /gem5-SALAM/build/ARM/gem5.opt --listener-mode=off --outdir=/gem5-SALAM/BM_ARM_OUT/run_all/mobilenetv2_75/iommu_e8_m250ns /gem5-SALAM/configs/SALAM/fs_mobilenetv2_75.py --mem-size=4GB --mem-type=DDR4_2400_8x8 --machine-type=VExpress_GEM5_V1 --dtb-file=none --bare-metal --cpu-type=DerivO3CPU --caches --l2cache --kernel=/gem5-SALAM/benchmarks/mobilenetv2/sw/main.elf --disk-image=/gem5-SALAM/benchmarks/common/fake.iso --accpath=/gem5-SALAM/benchmarks/mobilenetv2 --accbench=mobilenetv2_75 --enable-iommu --iotlb-entries 8 --iotlb-hit-latency 2000 --iotlb-miss-latency 250000

[HWAccConfig] IOMMU ENABLED: entries=8, hit_lat=2000, miss_lat=250000
head_top Profile Loaded
[HWAccConfig] IOMMU ENABLED: entries=8, hit_lat=2000, miss_lat=250000
head_NormalConv Profile Loaded
[HWAccConfig] IOMMU ENABLED: entries=8, hit_lat=2000, miss_lat=250000
head_DWConv Profile Loaded
[HWAccConfig] IOMMU ENABLED: entries=8, hit_lat=2000, miss_lat=250000
head_PWConv Profile Loaded
[HWAccConfig] IOMMU ENABLED: entries=8, hit_lat=2000, miss_lat=250000
body_top Profile Loaded
[HWAccConfig] IOMMU ENABLED: entries=8, hit_lat=2000, miss_lat=250000
body_Residual Profile Loaded
[HWAccConfig] IOMMU ENABLED: entries=8, hit_lat=2000, miss_lat=250000
body_PWConv0 Profile Loaded
[HWAccConfig] IOMMU ENABLED: entries=8, hit_lat=2000, miss_lat=250000
body_DWConv Profile Loaded
[HWAccConfig] IOMMU ENABLED: entries=8, hit_lat=2000, miss_lat=250000
body_PWConv1 Profile Loaded
[HWAccConfig] IOMMU ENABLED: entries=8, hit_lat=2000, miss_lat=250000
tail_top Profile Loaded
[HWAccConfig] IOMMU ENABLED: entries=8, hit_lat=2000, miss_lat=250000
tail_PWConv Profile Loaded
[HWAccConfig] IOMMU ENABLED: entries=8, hit_lat=2000, miss_lat=250000
tail_Reshape Profile Loaded
[HWAccConfig] IOMMU ENABLED: entries=8, hit_lat=2000, miss_lat=250000
tail_AvgPool Profile Loaded
[HWAccConfig] IOMMU ENABLED: entries=8, hit_lat=2000, miss_lat=250000
classifier_top Profile Loaded
[HWAccConfig] IOMMU ENABLED: entries=8, hit_lat=2000, miss_lat=250000
classifier_Linear Profile Loaded
**** REAL SIMULATION ****
warn: iobus.slave is deprecated. `slave` is now called `cpu_side_ports`
warn: bridge.master is deprecated. `master` is now called `mem_side_port`
warn: membus.master is deprecated. `master` is now called `mem_side_ports`
warn: bridge.slave is deprecated. `slave` is now called `cpu_side_port`
warn: membus.slave is deprecated. `slave` is now called `cpu_side_ports`
warn: tol2bus.master is deprecated. `master` is now called `mem_side_ports`
warn: membus.slave is deprecated. `slave` is now called `cpu_side_ports`
warn: tol2bus.slave is deprecated. `slave` is now called `cpu_side_ports`
warn: tol2bus.slave is deprecated. `slave` is now called `cpu_side_ports`
warn: tol2bus.slave is deprecated. `slave` is now called `cpu_side_ports`
warn: tol2bus.slave is deprecated. `slave` is now called `cpu_side_ports`
warn: membus.slave is deprecated. `slave` is now called `cpu_side_ports`
warn: coherency_bus.master is deprecated. `master` is now called `mem_side_ports`
warn: membus.slave is deprecated. `slave` is now called `cpu_side_ports`
warn: coherency_bus.master is deprecated. `master` is now called `mem_side_ports`
warn: membus.slave is deprecated. `slave` is now called `cpu_side_ports`
warn: coherency_bus.master is deprecated. `master` is now called `mem_side_ports`
warn: membus.slave is deprecated. `slave` is now called `cpu_side_ports`
warn: coherency_bus.master is deprecated. `master` is now called `mem_side_ports`
warn: No dot file generated. Please install pydot to generate the dot file and pdf.
build/ARM/sim/simulate.cc:107: info: Entering event queue @ 0.  Starting simulation...
********************************************************************************
system.head.head_top.llvm_interface
Total Area: 3799.78
Total Power Static: 158.894

Total Power Dynamic: 780.869
   ========= Performance Analysis =============
   Setup Time:                      0h 0m 0s 4ms 21us
   Simulation Time (Total):         0h 26m 42s 672ms
   Simulation Time (Active):        0h 0m 1s 807ms
        Queue Processing Time:      0h 0m 1s 591ms
             Scheduling Time:       0h 0m 0s 729ms
             Computation Time:      0h 0m 0s 282ms
   System Clock:                    0.1GHz
   Runtime:                         2197375 cycles
   Runtime:                         21973.8 us
   Stalls:                          0 cycles
   Executed Nodes:                  2197374 cycles

   ========= Kernel Validation Stats ==========
   Kernel validation enabled:       NO
   Configured latency per check:    0 us

   --- Access Breakdown ---
   Total memory accesses (validated): 0
   Cache hits (0 latency):          0
   Validation requests (full lat):  0
   Coalesced waits (partial lat):   0
   Validations denied:              0

   --- Latency Breakdown ---
   Validation request latency:      0 us
   Coalesced wait latency:          0 us
   TOTAL SECURITY OVERHEAD:         0 us
   Avg latency per validation:      0 us
   Avg latency per coalesced wait:  0 us
   Avg overhead per blocked access: 0 us

   --- Cache Statistics ---
   Processes with cached pages:     0
   Unique pages validated (total):  0
   Cache hit rate:                  0%

   ========= IOMMU Stats =====================
   IOMMU enabled:                   YES
   IOMMU SimObject:                 system.head.iommu

   --- Access Breakdown ---
   Total IOMMU checks:              10362121
   IOTLB hits:                      10362119
   IOTLB misses (page walks):       2
   IOTLB hit rate:                  100%

   --- Latency Breakdown ---
   TOTAL IOMMU OVERHEAD:            20724.7 us
   Avg latency per access:          0.00200005 us

********************************************************************************
system.head.head_pwconv.llvm_interface
Total Area: 11678.9
Total Power Static: 2554.71

Total Power Dynamic: 61491.8
   ========= Performance Analysis =============
   Setup Time:                      0h 0m 0s 0ms 558us
   Simulation Time (Total):         0h 31m 51s 685ms
   Simulation Time (Active):        0h 0m 58s 817ms
        Queue Processing Time:      0h 0m 58s 776ms
             Scheduling Time:       0h 0m 20s 352ms
             Computation Time:      0h 0m 0s 438ms
   System Clock:                    0.1GHz
   Runtime:                         2480282 cycles
   Runtime:                         24802.8 us
   Stalls:                          0 cycles
   Executed Nodes:                  2480281 cycles

   ========= Kernel Validation Stats ==========
   Kernel validation enabled:       NO
   Configured latency per check:    0 us

   --- Access Breakdown ---
   Total memory accesses (validated): 0
   Cache hits (0 latency):          0
   Validation requests (full lat):  0
   Coalesced waits (partial lat):   0
   Validations denied:              0

   --- Latency Breakdown ---
   Validation request latency:      0 us
   Coalesced wait latency:          0 us
   TOTAL SECURITY OVERHEAD:         0 us
   Avg latency per validation:      0 us
   Avg latency per coalesced wait:  0 us
   Avg overhead per blocked access: 0 us

   --- Cache Statistics ---
   Processes with cached pages:     0
   Unique pages validated (total):  0
   Cache hit rate:                  0%

   ========= IOMMU Stats =====================
   IOMMU enabled:                   YES
   IOMMU SimObject:                 system.head.iommu

   --- Access Breakdown ---
   Total IOMMU checks:              11680620
   IOTLB hits:                      11680618
   IOTLB misses (page walks):       2
   IOTLB hit rate:                  100%

   --- Latency Breakdown ---
   TOTAL IOMMU OVERHEAD:            23361.7 us
   Avg latency per access:          0.00200004 us

********************************************************************************
system.head.head_dwconv.llvm_interface
Total Area: 116081
Total Power Static: 72931.3

Total Power Dynamic: 869084
   ========= Performance Analysis =============
   Setup Time:                      0h 0m 0s 4ms 599us
   Simulation Time (Total):         0h 31m 51s 714ms
   Simulation Time (Active):        0h 4m 35s 821ms
        Queue Processing Time:      0h 4m 35s 780ms
             Scheduling Time:       0h 3m 49s 269ms
             Computation Time:      0h 0m 4s 262ms
   System Clock:                    0.1GHz
   Runtime:                         2480316 cycles
   Runtime:                         24803.2 us
   Stalls:                          0 cycles
   Executed Nodes:                  2480315 cycles

   ========= Kernel Validation Stats ==========
   Kernel validation enabled:       NO
   Configured latency per check:    0 us

   --- Access Breakdown ---
   Total memory accesses (validated): 0
   Cache hits (0 latency):          0
   Validation requests (full lat):  0
   Coalesced waits (partial lat):   0
   Validations denied:              0

   --- Latency Breakdown ---
   Validation request latency:      0 us
   Coalesced wait latency:          0 us
   TOTAL SECURITY OVERHEAD:         0 us
   Avg latency per validation:      0 us
   Avg latency per coalesced wait:  0 us
   Avg overhead per blocked access: 0 us

   --- Cache Statistics ---
   Processes with cached pages:     0
   Unique pages validated (total):  0
   Cache hit rate:                  0%

   ========= IOMMU Stats =====================
   IOMMU enabled:                   YES
   IOMMU SimObject:                 system.head.iommu

   --- Access Breakdown ---
   Total IOMMU checks:              11680751
   IOTLB hits:                      11680749
   IOTLB misses (page walks):       2
   IOTLB hit rate:                  100%

   --- Latency Breakdown ---
   TOTAL IOMMU OVERHEAD:            23362 us
   Avg latency per access:          0.00200004 us

********************************************************************************
system.head.head_normalconv.llvm_interface
Total Area: 200127
Total Power Static: 259429

Total Power Dynamic: 6.41728e+06
   ========= Performance Analysis =============
   Setup Time:                      0h 0m 0s 10ms 891us
   Simulation Time (Total):         0h 31m 59s 731ms
   Simulation Time (Active):        0h 23m 27s 432ms
        Queue Processing Time:      0h 23m 27s 402ms
             Scheduling Time:       0h 20m 44s 737ms
             Computation Time:      0h 0m 18s 239ms
   System Clock:                    0.1GHz
   Runtime:                         2486546 cycles
   Runtime:                         24865.5 us
   Stalls:                          0 cycles
   Executed Nodes:                  2486545 cycles

   ========= Kernel Validation Stats ==========
   Kernel validation enabled:       NO
   Configured latency per check:    0 us

   --- Access Breakdown ---
   Total memory accesses (validated): 0
   Cache hits (0 latency):          0
   Validation requests (full lat):  0
   Coalesced waits (partial lat):   0
   Validations denied:              0

   --- Latency Breakdown ---
   Validation request latency:      0 us
   Coalesced wait latency:          0 us
   TOTAL SECURITY OVERHEAD:         0 us
   Avg latency per validation:      0 us
   Avg latency per coalesced wait:  0 us
   Avg overhead per blocked access: 0 us

   --- Cache Statistics ---
   Processes with cached pages:     0
   Unique pages validated (total):  0
   Cache hit rate:                  0%

   ========= IOMMU Stats =====================
   IOMMU enabled:                   YES
   IOMMU SimObject:                 system.head.iommu

   --- Access Breakdown ---
   Total IOMMU checks:              11708053
   IOTLB hits:                      11708051
   IOTLB misses (page walks):       2
   IOTLB hit rate:                  100%

   --- Latency Breakdown ---
   TOTAL IOMMU OVERHEAD:            23416.6 us
   Avg latency per access:          0.00200004 us

********************************************************************************
system.body.body_residual.llvm_interface
Total Area: 538.329
Total Power Static: 87.7635

Total Power Dynamic: 263.175
   ========= Performance Analysis =============
   Setup Time:                      0h 0m 0s 0ms 650us
   Simulation Time (Total):         0h 45m 25s 657ms
   Simulation Time (Active):        0h 0m 1s 282ms
        Queue Processing Time:      0h 0m 0s 720ms
             Scheduling Time:       0h 0m 0s 184ms
             Computation Time:      0h 0m 0s 16ms
   System Clock:                    0.1GHz
   Runtime:                         9299893 cycles
   Runtime:                         92998.9 us
   Stalls:                          0 cycles
   Executed Nodes:                  9299892 cycles

   ========= Kernel Validation Stats ==========
   Kernel validation enabled:       NO
   Configured latency per check:    0 us

   --- Access Breakdown ---
   Total memory accesses (validated): 0
   Cache hits (0 latency):          0
   Validation requests (full lat):  0
   Coalesced waits (partial lat):   0
   Validations denied:              0

   --- Latency Breakdown ---
   Validation request latency:      0 us
   Coalesced wait latency:          0 us
   TOTAL SECURITY OVERHEAD:         0 us
   Avg latency per validation:      0 us
   Avg latency per coalesced wait:  0 us
   Avg overhead per blocked access: 0 us

   --- Cache Statistics ---
   Processes with cached pages:     0
   Unique pages validated (total):  0
   Cache hit rate:                  0%

   ========= IOMMU Stats =====================
   IOMMU enabled:                   YES
   IOMMU SimObject:                 system.body.iommu

   --- Access Breakdown ---
   Total IOMMU checks:              8604614
   IOTLB hits:                      8302077
   IOTLB misses (page walks):       302537
   IOTLB hit rate:                  96.484%

   --- Latency Breakdown ---
   TOTAL IOMMU OVERHEAD:            92238.4 us
   Avg latency per access:          0.0107196 us

********************************************************************************
system.body.body_pwconv0.llvm_interface
Total Area: 12037.8
Total Power Static: 15393.1

Total Power Dynamic: 366196
   ========= Performance Analysis =============
   Setup Time:                      0h 0m 0s 0ms 887us
   Simulation Time (Total):         0h 45m 38s 808ms
   Simulation Time (Active):        0h 5m 30s 38ms
        Queue Processing Time:      0h 5m 29s 919ms
             Scheduling Time:       0h 3m 36s 496ms
             Computation Time:      0h 0m 3s 68ms
   System Clock:                    0.1GHz
   Runtime:                         9357838 cycles
   Runtime:                         93578.4 us
   Stalls:                          0 cycles
   Executed Nodes:                  9357837 cycles

   ========= Kernel Validation Stats ==========
   Kernel validation enabled:       NO
   Configured latency per check:    0 us

   --- Access Breakdown ---
   Total memory accesses (validated): 0
   Cache hits (0 latency):          0
   Validation requests (full lat):  0
   Coalesced waits (partial lat):   0
   Validations denied:              0

   --- Latency Breakdown ---
   Validation request latency:      0 us
   Coalesced wait latency:          0 us
   TOTAL SECURITY OVERHEAD:         0 us
   Avg latency per validation:      0 us
   Avg latency per coalesced wait:  0 us
   Avg overhead per blocked access: 0 us

   --- Cache Statistics ---
   Processes with cached pages:     0
   Unique pages validated (total):  0
   Cache hit rate:                  0%

   ========= IOMMU Stats =====================
   IOMMU enabled:                   YES
   IOMMU SimObject:                 system.body.iommu

   --- Access Breakdown ---
   Total IOMMU checks:              8654053
   IOTLB hits:                      8349586
   IOTLB misses (page walks):       304467
   IOTLB hit rate:                  96.4818%

   --- Latency Breakdown ---
   TOTAL IOMMU OVERHEAD:            92815.9 us
   Avg latency per access:          0.0107251 us

********************************************************************************
system.body.body_pwconv1.llvm_interface
Total Area: 749685
Total Power Static: 185773

Total Power Dynamic: 1.83603e+06
   ========= Performance Analysis =============
   Setup Time:                      0h 0m 0s 133ms 116us
   Simulation Time (Total):         0h 46m 3s 823ms
   Simulation Time (Active):        0h 10m 15s 817ms
        Queue Processing Time:      0h 10m 15s 752ms
             Scheduling Time:       0h 8m 27s 708ms
             Computation Time:      0h 0m 11s 502ms
   System Clock:                    0.1GHz
   Runtime:                         9380313 cycles
   Runtime:                         93803.1 us
   Stalls:                          0 cycles
   Executed Nodes:                  9380312 cycles

   ========= Kernel Validation Stats ==========
   Kernel validation enabled:       NO
   Configured latency per check:    0 us

   --- Access Breakdown ---
   Total memory accesses (validated): 0
   Cache hits (0 latency):          0
   Validation requests (full lat):  0
   Coalesced waits (partial lat):   0
   Validations denied:              0

   --- Latency Breakdown ---
   Validation request latency:      0 us
   Coalesced wait latency:          0 us
   TOTAL SECURITY OVERHEAD:         0 us
   Avg latency per validation:      0 us
   Avg latency per coalesced wait:  0 us
   Avg overhead per blocked access: 0 us

   --- Cache Statistics ---
   Processes with cached pages:     0
   Unique pages validated (total):  0
   Cache hit rate:                  0%

   ========= IOMMU Stats =====================
   IOMMU enabled:                   YES
   IOMMU SimObject:                 system.body.iommu

   --- Access Breakdown ---
   Total IOMMU checks:              8750629
   IOTLB hits:                      8446162
   IOTLB misses (page walks):       304467
   IOTLB hit rate:                  96.5206%

   --- Latency Breakdown ---
   TOTAL IOMMU OVERHEAD:            93009.1 us
   Avg latency per access:          0.0106288 us

********************************************************************************
system.body.body_dwconv.llvm_interface
Total Area: 129609
Total Power Static: 229952

Total Power Dynamic: 2.63548e+06
   ========= Performance Analysis =============
   Setup Time:                      0h 0m 0s 8ms 788us
   Simulation Time (Total):         0h 46m 4s 1ms
   Simulation Time (Active):        0h 22m 44s 405ms
        Queue Processing Time:      0h 22m 44s 708ms
             Scheduling Time:       0h 20m 59s 785ms
             Computation Time:      0h 0m 14s 395ms
   System Clock:                    0.1GHz
   Runtime:                         9380754 cycles
   Runtime:                         93807.5 us
   Stalls:                          0 cycles
   Executed Nodes:                  9380753 cycles

   ========= Kernel Validation Stats ==========
   Kernel validation enabled:       NO
   Configured latency per check:    0 us

   --- Access Breakdown ---
   Total memory accesses (validated): 0
   Cache hits (0 latency):          0
   Validation requests (full lat):  0
   Coalesced waits (partial lat):   0
   Validations denied:              0

   --- Latency Breakdown ---
   Validation request latency:      0 us
   Coalesced wait latency:          0 us
   TOTAL SECURITY OVERHEAD:         0 us
   Avg latency per validation:      0 us
   Avg latency per coalesced wait:  0 us
   Avg overhead per blocked access: 0 us

   --- Cache Statistics ---
   Processes with cached pages:     0
   Unique pages validated (total):  0
   Cache hit rate:                  0%

   ========= IOMMU Stats =====================
   IOMMU enabled:                   YES
   IOMMU SimObject:                 system.body.iommu

   --- Access Breakdown ---
   Total IOMMU checks:              8752397
   IOTLB hits:                      8447930
   IOTLB misses (page walks):       304467
   IOTLB hit rate:                  96.5213%

   --- Latency Breakdown ---
   TOTAL IOMMU OVERHEAD:            93012.6 us
   Avg latency per access:          0.0106271 us

********************************************************************************
system.body.body_top.llvm_interface
Total Area: 3749.41
Total Power Static: 0.962236

Total Power Dynamic: 4.76727
   ========= Performance Analysis =============
   Setup Time:                      0h 0m 0s 9ms 0us
   Simulation Time (Total):         0h 46m 16s 909ms
   Simulation Time (Active):        0h 0m 1s 773ms
        Queue Processing Time:      0h 0m 1s 174ms
             Scheduling Time:       0h 0m 0s 418ms
             Computation Time:      0h 0m 0s 106ms
   System Clock:                    0.1GHz
   Runtime:                         9399424 cycles
   Runtime:                         93994.2 us
   Stalls:                          0 cycles
   Executed Nodes:                  9399423 cycles

   ========= Kernel Validation Stats ==========
   Kernel validation enabled:       NO
   Configured latency per check:    0 us

   --- Access Breakdown ---
   Total memory accesses (validated): 0
   Cache hits (0 latency):          0
   Validation requests (full lat):  0
   Coalesced waits (partial lat):   0
   Validations denied:              0

   --- Latency Breakdown ---
   Validation request latency:      0 us
   Coalesced wait latency:          0 us
   TOTAL SECURITY OVERHEAD:         0 us
   Avg latency per validation:      0 us
   Avg latency per coalesced wait:  0 us
   Avg overhead per blocked access: 0 us

   --- Cache Statistics ---
   Processes with cached pages:     0
   Unique pages validated (total):  0
   Cache hit rate:                  0%

   ========= IOMMU Stats =====================
   IOMMU enabled:                   YES
   IOMMU SimObject:                 system.body.iommu

   --- Access Breakdown ---
   Total IOMMU checks:              8752400
   IOTLB hits:                      8447933
   IOTLB misses (page walks):       304467
   IOTLB hit rate:                  96.5213%

   --- Latency Breakdown ---
   TOTAL IOMMU OVERHEAD:            93012.6 us
   Avg latency per access:          0.0106271 us

********************************************************************************
system.body.body_residual.llvm_interface
Total Area: 1076.66
Total Power Static: 21.9391

Total Power Dynamic: 65.7937
   ========= Performance Analysis =============
   Setup Time:                      0h 0m 0s 0ms 385us
   Simulation Time (Total):         0h 16m 20s 130ms
   Simulation Time (Active):        0h 0m 0s 379ms
        Queue Processing Time:      0h 0m 0s 184ms
             Scheduling Time:       0h 0m 0s 36ms
             Computation Time:      0h 0m 0s 4ms
   System Clock:                    0.1GHz
   Runtime:                         2924981 cycles
   Runtime:                         29249.8 us
   Stalls:                          0 cycles
   Executed Nodes:                  2924980 cycles

   ========= Kernel Validation Stats ==========
   Kernel validation enabled:       NO
   Configured latency per check:    0 us

   --- Access Breakdown ---
   Total memory accesses (validated): 0
   Cache hits (0 latency):          0
   Validation requests (full lat):  0
   Coalesced waits (partial lat):   0
   Validations denied:              0

   --- Latency Breakdown ---
   Validation request latency:      0 us
   Coalesced wait latency:          0 us
   TOTAL SECURITY OVERHEAD:         0 us
   Avg latency per validation:      0 us
   Avg latency per coalesced wait:  0 us
   Avg overhead per blocked access: 0 us

   --- Cache Statistics ---
   Processes with cached pages:     0
   Unique pages validated (total):  0
   Cache hit rate:                  0%

   ========= IOMMU Stats =====================
   IOMMU enabled:                   YES
   IOMMU SimObject:                 system.body.iommu

   --- Access Breakdown ---
   Total IOMMU checks:              12608484
   IOTLB hits:                      12227619
   IOTLB misses (page walks):       380865
   IOTLB hit rate:                  96.9793%

   --- Latency Breakdown ---
   TOTAL IOMMU OVERHEAD:            119671 us
   Avg latency per access:          0.00949135 us

********************************************************************************
system.body.body_pwconv0.llvm_interface
Total Area: 24075.6
Total Power Static: 3848.3

Total Power Dynamic: 91549.2
   ========= Performance Analysis =============
   Setup Time:                      0h 0m 0s 0ms 754us
   Simulation Time (Total):         0h 16m 41s 219ms
   Simulation Time (Active):        0h 1m 5s 912ms
        Queue Processing Time:      0h 1m 5s 891ms
             Scheduling Time:       0h 0m 43s 398ms
             Computation Time:      0h 0m 0s 696ms
   System Clock:                    0.1GHz
   Runtime:                         2986087 cycles
   Runtime:                         29860.9 us
   Stalls:                          0 cycles
   Executed Nodes:                  2986086 cycles

   ========= Kernel Validation Stats ==========
   Kernel validation enabled:       NO
   Configured latency per check:    0 us

   --- Access Breakdown ---
   Total memory accesses (validated): 0
   Cache hits (0 latency):          0
   Validation requests (full lat):  0
   Coalesced waits (partial lat):   0
   Validations denied:              0

   --- Latency Breakdown ---
   Validation request latency:      0 us
   Coalesced wait latency:          0 us
   TOTAL SECURITY OVERHEAD:         0 us
   Avg latency per validation:      0 us
   Avg latency per coalesced wait:  0 us
   Avg overhead per blocked access: 0 us

   --- Cache Statistics ---
   Processes with cached pages:     0
   Unique pages validated (total):  0
   Cache hit rate:                  0%

   ========= IOMMU Stats =====================
   IOMMU enabled:                   YES
   IOMMU SimObject:                 system.body.iommu

   --- Access Breakdown ---
   Total IOMMU checks:              12688956
   IOTLB hits:                      12306283
   IOTLB misses (page walks):       382673
   IOTLB hit rate:                  96.9842%

   --- Latency Breakdown ---
   TOTAL IOMMU OVERHEAD:            120281 us
   Avg latency per access:          0.00947917 us

********************************************************************************
system.body.body_dwconv.llvm_interface
Total Area: 259219
Total Power Static: 56863.8

Total Power Dynamic: 649870
   ========= Performance Analysis =============
   Setup Time:                      0h 0m 0s 8ms 469us
   Simulation Time (Total):         0h 17m 18s 87ms
   Simulation Time (Active):        0h 5m 30s 188ms
        Queue Processing Time:      0h 5m 30s 148ms
             Scheduling Time:       0h 5m 3s 83ms
             Computation Time:      0h 0m 3s 663ms
   System Clock:                    0.1GHz
   Runtime:                         3038429 cycles
   Runtime:                         30384.3 us
   Stalls:                          0 cycles
   Executed Nodes:                  3038428 cycles

   ========= Kernel Validation Stats ==========
   Kernel validation enabled:       NO
   Configured latency per check:    0 us

   --- Access Breakdown ---
   Total memory accesses (validated): 0
   Cache hits (0 latency):          0
   Validation requests (full lat):  0
   Coalesced waits (partial lat):   0
   Validations denied:              0

   --- Latency Breakdown ---
   Validation request latency:      0 us
   Coalesced wait latency:          0 us
   TOTAL SECURITY OVERHEAD:         0 us
   Avg latency per validation:      0 us
   Avg latency per coalesced wait:  0 us
   Avg overhead per blocked access: 0 us

   --- Cache Statistics ---
   Processes with cached pages:     0
   Unique pages validated (total):  0
   Cache hit rate:                  0%

   ========= IOMMU Stats =====================
   IOMMU enabled:                   YES
   IOMMU SimObject:                 system.body.iommu

   --- Access Breakdown ---
   Total IOMMU checks:              12844517
   IOTLB hits:                      12461518
   IOTLB misses (page walks):       382999
   IOTLB hit rate:                  97.0182%

   --- Latency Breakdown ---
   TOTAL IOMMU OVERHEAD:            120673 us
   Avg latency per access:          0.00939489 us

********************************************************************************
system.body.body_pwconv1.llvm_interface
Total Area: 1.49937e+06
Total Power Static: 185773

Total Power Dynamic: 1.83603e+06
   ========= Performance Analysis =============
   Setup Time:                      0h 0m 0s 143ms 11us
   Simulation Time (Total):         0h 17m 18s 674ms
   Simulation Time (Active):        0h 9m 14s 122ms
        Queue Processing Time:      0h 9m 14s 105ms
             Scheduling Time:       0h 8m 3s 465ms
             Computation Time:      0h 0m 10s 855ms
   System Clock:                    0.1GHz
   Runtime:                         3045315 cycles
   Runtime:                         30453.2 us
   Stalls:                          0 cycles
   Executed Nodes:                  3045314 cycles

   ========= Kernel Validation Stats ==========
   Kernel validation enabled:       NO
   Configured latency per check:    0 us

   --- Access Breakdown ---
   Total memory accesses (validated): 0
   Cache hits (0 latency):          0
   Validation requests (full lat):  0
   Coalesced waits (partial lat):   0
   Validations denied:              0

   --- Latency Breakdown ---
   Validation request latency:      0 us
   Coalesced wait latency:          0 us
   TOTAL SECURITY OVERHEAD:         0 us
   Avg latency per validation:      0 us
   Avg latency per coalesced wait:  0 us
   Avg overhead per blocked access: 0 us

   --- Cache Statistics ---
   Processes with cached pages:     0
   Unique pages validated (total):  0
   Cache hit rate:                  0%

   ========= IOMMU Stats =====================
   IOMMU enabled:                   YES
   IOMMU SimObject:                 system.body.iommu

   --- Access Breakdown ---
   Total IOMMU checks:              12852020
   IOTLB hits:                      12469021
   IOTLB misses (page walks):       382999
   IOTLB hit rate:                  97.0199%

   --- Latency Breakdown ---
   TOTAL IOMMU OVERHEAD:            120688 us
   Avg latency per access:          0.00939057 us

********************************************************************************
system.body.body_top.llvm_interface
Total Area: 7498.83
Total Power Static: 0.959791

Total Power Dynamic: 4.75526
   ========= Performance Analysis =============
   Setup Time:                      0h 0m 0s 7ms 490us
   Simulation Time (Total):         0h 17m 19s 300ms
   Simulation Time (Active):        0h 0m 0s 626ms
        Queue Processing Time:      0h 0m 0s 408ms
             Scheduling Time:       0h 0m 0s 148ms
             Computation Time:      0h 0m 0s 35ms
   System Clock:                    0.1GHz
   Runtime:                         3063845 cycles
   Runtime:                         30638.5 us
   Stalls:                          0 cycles
   Executed Nodes:                  3063844 cycles

   ========= Kernel Validation Stats ==========
   Kernel validation enabled:       NO
   Configured latency per check:    0 us

   --- Access Breakdown ---
   Total memory accesses (validated): 0
   Cache hits (0 latency):          0
   Validation requests (full lat):  0
   Coalesced waits (partial lat):   0
   Validations denied:              0

   --- Latency Breakdown ---
   Validation request latency:      0 us
   Coalesced wait latency:          0 us
   TOTAL SECURITY OVERHEAD:         0 us
   Avg latency per validation:      0 us
   Avg latency per coalesced wait:  0 us
   Avg overhead per blocked access: 0 us

   --- Cache Statistics ---
   Processes with cached pages:     0
   Unique pages validated (total):  0
   Cache hit rate:                  0%

   ========= IOMMU Stats =====================
   IOMMU enabled:                   YES
   IOMMU SimObject:                 system.body.iommu

   --- Access Breakdown ---
   Total IOMMU checks:              12852022
   IOTLB hits:                      12469023
   IOTLB misses (page walks):       382999
   IOTLB hit rate:                  97.0199%

   --- Latency Breakdown ---
   TOTAL IOMMU OVERHEAD:            120688 us
   Avg latency per access:          0.00939057 us

********************************************************************************
system.body.body_residual.llvm_interface
Total Area: 1614.99
Total Power Static: 32.9098

Total Power Dynamic: 131.587
   ========= Performance Analysis =============
   Setup Time:                      0h 0m 0s 0ms 380us
   Simulation Time (Total):         0h 10m 37s 967ms
   Simulation Time (Active):        0h 0m 0s 284ms
        Queue Processing Time:      0h 0m 0s 160ms
             Scheduling Time:       0h 0m 0s 52ms
             Computation Time:      0h 0m 0s 7ms
   System Clock:                    0.1GHz
   Runtime:                         1982467 cycles
   Runtime:                         19824.7 us
   Stalls:                          0 cycles
   Executed Nodes:                  1982466 cycles

   ========= Kernel Validation Stats ==========
   Kernel validation enabled:       NO
   Configured latency per check:    0 us

   --- Access Breakdown ---
   Total memory accesses (validated): 0
   Cache hits (0 latency):          0
   Validation requests (full lat):  0
   Coalesced waits (partial lat):   0
   Validations denied:              0

   --- Latency Breakdown ---
   Validation request latency:      0 us
   Coalesced wait latency:          0 us
   TOTAL SECURITY OVERHEAD:         0 us
   Avg latency per validation:      0 us
   Avg latency per coalesced wait:  0 us
   Avg overhead per blocked access: 0 us

   --- Cache Statistics ---
   Processes with cached pages:     0
   Unique pages validated (total):  0
   Cache hit rate:                  0%

   ========= IOMMU Stats =====================
   IOMMU enabled:                   YES
   IOMMU SimObject:                 system.body.iommu

   --- Access Breakdown ---
   Total IOMMU checks:              15442680
   IOTLB hits:                      15001337
   IOTLB misses (page walks):       441343
   IOTLB hit rate:                  97.1421%

   --- Latency Breakdown ---
   TOTAL IOMMU OVERHEAD:            140338 us
   Avg latency per access:          0.0090877 us

********************************************************************************
system.body.body_pwconv0.llvm_interface
Total Area: 36113.4
Total Power Static: 3848.3

Total Power Dynamic: 91549.2
   ========= Performance Analysis =============
   Setup Time:                      0h 0m 0s 0ms 773us
   Simulation Time (Total):         0h 11m 1s 980ms
   Simulation Time (Active):        0h 1m 3s 512ms
        Queue Processing Time:      0h 1m 3s 491ms
             Scheduling Time:       0h 0m 43s 187ms
             Computation Time:      0h 0m 0s 695ms
   System Clock:                    0.1GHz
   Runtime:                         2063581 cycles
   Runtime:                         20635.8 us
   Stalls:                          0 cycles
   Executed Nodes:                  2063580 cycles

   ========= Kernel Validation Stats ==========
   Kernel validation enabled:       NO
   Configured latency per check:    0 us

   --- Access Breakdown ---
   Total memory accesses (validated): 0
   Cache hits (0 latency):          0
   Validation requests (full lat):  0
   Coalesced waits (partial lat):   0
   Validations denied:              0

   --- Latency Breakdown ---
   Validation request latency:      0 us
   Coalesced wait latency:          0 us
   TOTAL SECURITY OVERHEAD:         0 us
   Avg latency per validation:      0 us
   Avg latency per coalesced wait:  0 us
   Avg overhead per blocked access: 0 us

   --- Cache Statistics ---
   Processes with cached pages:     0
   Unique pages validated (total):  0
   Cache hit rate:                  0%

   ========= IOMMU Stats =====================
   IOMMU enabled:                   YES
   IOMMU SimObject:                 system.body.iommu

   --- Access Breakdown ---
   Total IOMMU checks:              15543155
   IOTLB hits:                      15099357
   IOTLB misses (page walks):       443798
   IOTLB hit rate:                  97.1447%

   --- Latency Breakdown ---
   TOTAL IOMMU OVERHEAD:            141148 us
   Avg latency per access:          0.00908105 us

********************************************************************************
system.body.body_pwconv1.llvm_interface
Total Area: 2.24905e+06
Total Power Static: 92541.7

Total Power Dynamic: 914996
   ========= Performance Analysis =============
   Setup Time:                      0h 0m 0s 138ms 946us
   Simulation Time (Total):         0h 11m 14s 970ms
   Simulation Time (Active):        0h 3m 46s 597ms
        Queue Processing Time:      0h 3m 46s 573ms
             Scheduling Time:       0h 3m 20s 902ms
             Computation Time:      0h 0m 5s 653ms
   System Clock:                    0.1GHz
   Runtime:                         2075328 cycles
   Runtime:                         20753.3 us
   Stalls:                          0 cycles
   Executed Nodes:                  2075327 cycles

   ========= Kernel Validation Stats ==========
   Kernel validation enabled:       NO
   Configured latency per check:    0 us

   --- Access Breakdown ---
   Total memory accesses (validated): 0
   Cache hits (0 latency):          0
   Validation requests (full lat):  0
   Coalesced waits (partial lat):   0
   Validations denied:              0

   --- Latency Breakdown ---
   Validation request latency:      0 us
   Coalesced wait latency:          0 us
   TOTAL SECURITY OVERHEAD:         0 us
   Avg latency per validation:      0 us
   Avg latency per coalesced wait:  0 us
   Avg overhead per blocked access: 0 us

   --- Cache Statistics ---
   Processes with cached pages:     0
   Unique pages validated (total):  0
   Cache hit rate:                  0%

   ========= IOMMU Stats =====================
   IOMMU enabled:                   YES
   IOMMU SimObject:                 system.body.iommu

   --- Access Breakdown ---
   Total IOMMU checks:              15594041
   IOTLB hits:                      15150243
   IOTLB misses (page walks):       443798
   IOTLB hit rate:                  97.1541%

   --- Latency Breakdown ---
   TOTAL IOMMU OVERHEAD:            141250 us
   Avg latency per access:          0.00905795 us

********************************************************************************
system.body.body_dwconv.llvm_interface
Total Area: 388828
Total Power Static: 56814.8

Total Power Dynamic: 649870
   ========= Performance Analysis =============
   Setup Time:                      0h 0m 0s 8ms 643us
   Simulation Time (Total):         0h 11m 15s 148ms
   Simulation Time (Active):        0h 5m 23s 148ms
        Queue Processing Time:      0h 5m 23s 118ms
             Scheduling Time:       0h 4m 59s 125ms
             Computation Time:      0h 0m 3s 662ms
   System Clock:                    0.1GHz
   Runtime:                         2075745 cycles
   Runtime:                         20757.5 us
   Stalls:                          0 cycles
   Executed Nodes:                  2075744 cycles

   ========= Kernel Validation Stats ==========
   Kernel validation enabled:       NO
   Configured latency per check:    0 us

   --- Access Breakdown ---
   Total memory accesses (validated): 0
   Cache hits (0 latency):          0
   Validation requests (full lat):  0
   Coalesced waits (partial lat):   0
   Validations denied:              0

   --- Latency Breakdown ---
   Validation request latency:      0 us
   Coalesced wait latency:          0 us
   TOTAL SECURITY OVERHEAD:         0 us
   Avg latency per validation:      0 us
   Avg latency per coalesced wait:  0 us
   Avg overhead per blocked access: 0 us

   --- Cache Statistics ---
   Processes with cached pages:     0
   Unique pages validated (total):  0
   Cache hit rate:                  0%

   ========= IOMMU Stats =====================
   IOMMU enabled:                   YES
   IOMMU SimObject:                 system.body.iommu

   --- Access Breakdown ---
   Total IOMMU checks:              15595706
   IOTLB hits:                      15151908
   IOTLB misses (page walks):       443798
   IOTLB hit rate:                  97.1544%

   --- Latency Breakdown ---
   TOTAL IOMMU OVERHEAD:            141253 us
   Avg latency per access:          0.00905719 us

********************************************************************************
system.body.body_top.llvm_interface
Total Area: 11248.2
Total Power Static: 0.961013

Total Power Dynamic: 4.76126
   ========= Performance Analysis =============
   Setup Time:                      0h 0m 0s 7ms 450us
   Simulation Time (Total):         0h 11m 15s 646ms
   Simulation Time (Active):        0h 0m 0s 407ms
        Queue Processing Time:      0h 0m 0s 260ms
             Scheduling Time:       0h 0m 0s 97ms
             Computation Time:      0h 0m 0s 23ms
   System Clock:                    0.1GHz
   Runtime:                         2094324 cycles
   Runtime:                         20943.2 us
   Stalls:                          0 cycles
   Executed Nodes:                  2094323 cycles

   ========= Kernel Validation Stats ==========
   Kernel validation enabled:       NO
   Configured latency per check:    0 us

   --- Access Breakdown ---
   Total memory accesses (validated): 0
   Cache hits (0 latency):          0
   Validation requests (full lat):  0
   Coalesced waits (partial lat):   0
   Validations denied:              0

   --- Latency Breakdown ---
   Validation request latency:      0 us
   Coalesced wait latency:          0 us
   TOTAL SECURITY OVERHEAD:         0 us
   Avg latency per validation:      0 us
   Avg latency per coalesced wait:  0 us
   Avg overhead per blocked access: 0 us

   --- Cache Statistics ---
   Processes with cached pages:     0
   Unique pages validated (total):  0
   Cache hit rate:                  0%

   ========= IOMMU Stats =====================
   IOMMU enabled:                   YES
   IOMMU SimObject:                 system.body.iommu

   --- Access Breakdown ---
   Total IOMMU checks:              15595709
   IOTLB hits:                      15151911
   IOTLB misses (page walks):       443798
   IOTLB hit rate:                  97.1544%

   --- Latency Breakdown ---
   TOTAL IOMMU OVERHEAD:            141253 us
   Avg latency per access:          0.00905719 us

********************************************************************************
system.body.body_residual.llvm_interface
Total Area: 2153.32
Total Power Static: 10.9684

Total Power Dynamic: 32.8969
   ========= Performance Analysis =============
   Setup Time:                      0h 0m 0s 0ms 391us
   Simulation Time (Total):         0h 6m 29s 279ms
   Simulation Time (Active):        0h 0m 0s 148ms
        Queue Processing Time:      0h 0m 0s 74ms
             Scheduling Time:       0h 0m 0s 18ms
             Computation Time:      0h 0m 0s 1ms
   System Clock:                    0.1GHz
   Runtime:                         1108185 cycles
   Runtime:                         11081.9 us
   Stalls:                          0 cycles
   Executed Nodes:                  1108184 cycles

   ========= Kernel Validation Stats ==========
   Kernel validation enabled:       NO
   Configured latency per check:    0 us

   --- Access Breakdown ---
   Total memory accesses (validated): 0
   Cache hits (0 latency):          0
   Validation requests (full lat):  0
   Coalesced waits (partial lat):   0
   Validations denied:              0

   --- Latency Breakdown ---
   Validation request latency:      0 us
   Coalesced wait latency:          0 us
   TOTAL SECURITY OVERHEAD:         0 us
   Avg latency per validation:      0 us
   Avg latency per coalesced wait:  0 us
   Avg overhead per blocked access: 0 us

   --- Cache Statistics ---
   Processes with cached pages:     0
   Unique pages validated (total):  0
   Cache hit rate:                  0%

   ========= IOMMU Stats =====================
   IOMMU enabled:                   YES
   IOMMU SimObject:                 system.body.iommu

   --- Access Breakdown ---
   Total IOMMU checks:              17284481
   IOTLB hits:                      16810617
   IOTLB misses (page walks):       473864
   IOTLB hit rate:                  97.2584%

   --- Latency Breakdown ---
   TOTAL IOMMU OVERHEAD:            152087 us
   Avg latency per access:          0.00879906 us

********************************************************************************
system.body.body_pwconv0.llvm_interface
Total Area: 48151.2
Total Power Static: 1866.67

Total Power Dynamic: 45269.9
   ========= Performance Analysis =============
   Setup Time:                      0h 0m 0s 0ms 750us
   Simulation Time (Total):         0h 6m 57s 195ms
   Simulation Time (Active):        0h 0m 25s 593ms
        Queue Processing Time:      0h 0m 25s 577ms
             Scheduling Time:       0h 0m 15s 212ms
             Computation Time:      0h 0m 0s 326ms
   System Clock:                    0.1GHz
   Runtime:                         1187461 cycles
   Runtime:                         11874.6 us
   Stalls:                          0 cycles
   Executed Nodes:                  1187460 cycles

   ========= Kernel Validation Stats ==========
   Kernel validation enabled:       NO
   Configured latency per check:    0 us

   --- Access Breakdown ---
   Total memory accesses (validated): 0
   Cache hits (0 latency):          0
   Validation requests (full lat):  0
   Coalesced waits (partial lat):   0
   Validations denied:              0

   --- Latency Breakdown ---
   Validation request latency:      0 us
   Coalesced wait latency:          0 us
   TOTAL SECURITY OVERHEAD:         0 us
   Avg latency per validation:      0 us
   Avg latency per coalesced wait:  0 us
   Avg overhead per blocked access: 0 us

   --- Cache Statistics ---
   Processes with cached pages:     0
   Unique pages validated (total):  0
   Cache hit rate:                  0%

   ========= IOMMU Stats =====================
   IOMMU enabled:                   YES
   IOMMU SimObject:                 system.body.iommu

   --- Access Breakdown ---
   Total IOMMU checks:              17406058
   IOTLB hits:                      16929983
   IOTLB misses (page walks):       476075
   IOTLB hit rate:                  97.2649%

   --- Latency Breakdown ---
   TOTAL IOMMU OVERHEAD:            152879 us
   Avg latency per access:          0.00878308 us

********************************************************************************
system.body.body_dwconv.llvm_interface
Total Area: 518438
Total Power Static: 27794.7

Total Power Dynamic: 316697
   ========= Performance Analysis =============
   Setup Time:                      0h 0m 0s 8ms 494us
   Simulation Time (Total):         0h 7m 31s 664ms
   Simulation Time (Active):        0h 2m 43s 467ms
        Queue Processing Time:      0h 2m 43s 449ms
             Scheduling Time:       0h 2m 30s 444ms
             Computation Time:      0h 0m 1s 786ms
   System Clock:                    0.1GHz
   Runtime:                         1235130 cycles
   Runtime:                         12351.3 us
   Stalls:                          0 cycles
   Executed Nodes:                  1235129 cycles

   ========= Kernel Validation Stats ==========
   Kernel validation enabled:       NO
   Configured latency per check:    0 us

   --- Access Breakdown ---
   Total memory accesses (validated): 0
   Cache hits (0 latency):          0
   Validation requests (full lat):  0
   Coalesced waits (partial lat):   0
   Validations denied:              0

   --- Latency Breakdown ---
   Validation request latency:      0 us
   Coalesced wait latency:          0 us
   TOTAL SECURITY OVERHEAD:         0 us
   Avg latency per validation:      0 us
   Avg latency per coalesced wait:  0 us
   Avg overhead per blocked access: 0 us

   --- Cache Statistics ---
   Processes with cached pages:     0
   Unique pages validated (total):  0
   Cache hit rate:                  0%

   ========= IOMMU Stats =====================
   IOMMU enabled:                   YES
   IOMMU SimObject:                 system.body.iommu

   --- Access Breakdown ---
   Total IOMMU checks:              17564225
   IOTLB hits:                      17087757
   IOTLB misses (page walks):       476468
   IOTLB hit rate:                  97.2873%

   --- Latency Breakdown ---
   TOTAL IOMMU OVERHEAD:            153293 us
   Avg latency per access:          0.00872754 us

********************************************************************************
system.body.body_pwconv1.llvm_interface
Total Area: 2.99874e+06
Total Power Static: 92541.7

Total Power Dynamic: 914996
   ========= Performance Analysis =============
   Setup Time:                      0h 0m 0s 137ms 721us
   Simulation Time (Total):         0h 7m 31s 651ms
   Simulation Time (Active):        0h 3m 43s 526ms
        Queue Processing Time:      0h 3m 43s 507ms
             Scheduling Time:       0h 3m 18s 692ms
             Computation Time:      0h 0m 5s 576ms
   System Clock:                    0.1GHz
   Runtime:                         1237963 cycles
   Runtime:                         12379.6 us
   Stalls:                          0 cycles
   Executed Nodes:                  1237962 cycles

   ========= Kernel Validation Stats ==========
   Kernel validation enabled:       NO
   Configured latency per check:    0 us

   --- Access Breakdown ---
   Total memory accesses (validated): 0
   Cache hits (0 latency):          0
   Validation requests (full lat):  0
   Coalesced waits (partial lat):   0
   Validations denied:              0

   --- Latency Breakdown ---
   Validation request latency:      0 us
   Coalesced wait latency:          0 us
   TOTAL SECURITY OVERHEAD:         0 us
   Avg latency per validation:      0 us
   Avg latency per coalesced wait:  0 us
   Avg overhead per blocked access: 0 us

   --- Cache Statistics ---
   Processes with cached pages:     0
   Unique pages validated (total):  0
   Cache hit rate:                  0%

   ========= IOMMU Stats =====================
   IOMMU enabled:                   YES
   IOMMU SimObject:                 system.body.iommu

   --- Access Breakdown ---
   Total IOMMU checks:              17567320
   IOTLB hits:                      17090852
   IOTLB misses (page walks):       476468
   IOTLB hit rate:                  97.2878%

   --- Latency Breakdown ---
   TOTAL IOMMU OVERHEAD:            153299 us
   Avg latency per access:          0.00872636 us

********************************************************************************
system.body.body_top.llvm_interface
Total Area: 14997.7
Total Power Static: 0.957957

Total Power Dynamic: 4.74625
   ========= Performance Analysis =============
   Setup Time:                      0h 0m 0s 7ms 92us
   Simulation Time (Total):         0h 7m 32s 245ms
   Simulation Time (Active):        0h 0m 0s 242ms
        Queue Processing Time:      0h 0m 0s 152ms
             Scheduling Time:       0h 0m 0s 55ms
             Computation Time:      0h 0m 0s 13ms
   System Clock:                    0.1GHz
   Runtime:                         1256451 cycles
   Runtime:                         12564.5 us
   Stalls:                          0 cycles
   Executed Nodes:                  1256450 cycles

   ========= Kernel Validation Stats ==========
   Kernel validation enabled:       NO
   Configured latency per check:    0 us

   --- Access Breakdown ---
   Total memory accesses (validated): 0
   Cache hits (0 latency):          0
   Validation requests (full lat):  0
   Coalesced waits (partial lat):   0
   Validations denied:              0

   --- Latency Breakdown ---
   Validation request latency:      0 us
   Coalesced wait latency:          0 us
   TOTAL SECURITY OVERHEAD:         0 us
   Avg latency per validation:      0 us
   Avg latency per coalesced wait:  0 us
   Avg overhead per blocked access: 0 us

   --- Cache Statistics ---
   Processes with cached pages:     0
   Unique pages validated (total):  0
   Cache hit rate:                  0%

   ========= IOMMU Stats =====================
   IOMMU enabled:                   YES
   IOMMU SimObject:                 system.body.iommu

   --- Access Breakdown ---
   Total IOMMU checks:              17567321
   IOTLB hits:                      17090853
   IOTLB misses (page walks):       476468
   IOTLB hit rate:                  97.2878%

   --- Latency Breakdown ---
   TOTAL IOMMU OVERHEAD:            153299 us
   Avg latency per access:          0.00872636 us

********************************************************************************
system.body.body_residual.llvm_interface
Total Area: 2691.64
Total Power Static: 16.4537

Total Power Dynamic: 65.7937
   ========= Performance Analysis =============
   Setup Time:                      0h 0m 0s 0ms 384us
   Simulation Time (Total):         0h 6m 28s 797ms
   Simulation Time (Active):        0h 0m 0s 147ms
        Queue Processing Time:      0h 0m 0s 79ms
             Scheduling Time:       0h 0m 0s 21ms
             Computation Time:      0h 0m 0s 3ms
   System Clock:                    0.1GHz
   Runtime:                         1100915 cycles
   Runtime:                         11009.1 us
   Stalls:                          0 cycles
   Executed Nodes:                  1100914 cycles

   ========= Kernel Validation Stats ==========
   Kernel validation enabled:       NO
   Configured latency per check:    0 us

   --- Access Breakdown ---
   Total memory accesses (validated): 0
   Cache hits (0 latency):          0
   Validation requests (full lat):  0
   Coalesced waits (partial lat):   0
   Validations denied:              0

   --- Latency Breakdown ---
   Validation request latency:      0 us
   Coalesced wait latency:          0 us
   TOTAL SECURITY OVERHEAD:         0 us
   Avg latency per validation:      0 us
   Avg latency per coalesced wait:  0 us
   Avg overhead per blocked access: 0 us

   --- Cache Statistics ---
   Processes with cached pages:     0
   Unique pages validated (total):  0
   Cache hit rate:                  0%

   ========= IOMMU Stats =====================
   IOMMU enabled:                   YES
   IOMMU SimObject:                 system.body.iommu

   --- Access Breakdown ---
   Total IOMMU checks:              19258441
   IOTLB hits:                      18752213
   IOTLB misses (page walks):       506228
   IOTLB hit rate:                  97.3714%

   --- Latency Breakdown ---
   TOTAL IOMMU OVERHEAD:            164061 us
   Avg latency per access:          0.00851894 us

********************************************************************************
system.body.body_pwconv0.llvm_interface
Total Area: 60189
Total Power Static: 1866.67

Total Power Dynamic: 45269.9
   ========= Performance Analysis =============
   Setup Time:                      0h 0m 0s 0ms 741us
   Simulation Time (Total):         0h 6m 57s 223ms
   Simulation Time (Active):        0h 0m 25s 460ms
        Queue Processing Time:      0h 0m 25s 444ms
             Scheduling Time:       0h 0m 15s 92ms
             Computation Time:      0h 0m 0s 325ms
   System Clock:                    0.1GHz
   Runtime:                         1180190 cycles
   Runtime:                         11801.9 us
   Stalls:                          0 cycles
   Executed Nodes:                  1180189 cycles

   ========= Kernel Validation Stats ==========
   Kernel validation enabled:       NO
   Configured latency per check:    0 us

   --- Access Breakdown ---
   Total memory accesses (validated): 0
   Cache hits (0 latency):          0
   Validation requests (full lat):  0
   Coalesced waits (partial lat):   0
   Validations denied:              0

   --- Latency Breakdown ---
   Validation request latency:      0 us
   Coalesced wait latency:          0 us
   TOTAL SECURITY OVERHEAD:         0 us
   Avg latency per validation:      0 us
   Avg latency per coalesced wait:  0 us
   Avg overhead per blocked access: 0 us

   --- Cache Statistics ---
   Processes with cached pages:     0
   Unique pages validated (total):  0
   Cache hit rate:                  0%

   ========= IOMMU Stats =====================
   IOMMU enabled:                   YES
   IOMMU SimObject:                 system.body.iommu

   --- Access Breakdown ---
   Total IOMMU checks:              19380016
   IOTLB hits:                      18871577
   IOTLB misses (page walks):       508439
   IOTLB hit rate:                  97.3765%

   --- Latency Breakdown ---
   TOTAL IOMMU OVERHEAD:            164853 us
   Avg latency per access:          0.00850633 us

********************************************************************************
system.body.body_dwconv.llvm_interface
Total Area: 648047
Total Power Static: 27794.7

Total Power Dynamic: 316697
   ========= Performance Analysis =============
   Setup Time:                      0h 0m 0s 8ms 211us
   Simulation Time (Total):         0h 7m 31s 857ms
   Simulation Time (Active):        0h 2m 43s 247ms
        Queue Processing Time:      0h 2m 43s 231ms
             Scheduling Time:       0h 2m 30s 216ms
             Computation Time:      0h 0m 1s 780ms
   System Clock:                    0.1GHz
   Runtime:                         1227834 cycles
   Runtime:                         12278.3 us
   Stalls:                          0 cycles
   Executed Nodes:                  1227833 cycles

   ========= Kernel Validation Stats ==========
   Kernel validation enabled:       NO
   Configured latency per check:    0 us

   --- Access Breakdown ---
   Total memory accesses (validated): 0
   Cache hits (0 latency):          0
   Validation requests (full lat):  0
   Coalesced waits (partial lat):   0
   Validations denied:              0

   --- Latency Breakdown ---
   Validation request latency:      0 us
   Coalesced wait latency:          0 us
   TOTAL SECURITY OVERHEAD:         0 us
   Avg latency per validation:      0 us
   Avg latency per coalesced wait:  0 us
   Avg overhead per blocked access: 0 us

   --- Cache Statistics ---
   Processes with cached pages:     0
   Unique pages validated (total):  0
   Cache hit rate:                  0%

   ========= IOMMU Stats =====================
   IOMMU enabled:                   YES
   IOMMU SimObject:                 system.body.iommu

   --- Access Breakdown ---
   Total IOMMU checks:              19538183
   IOTLB hits:                      19029351
   IOTLB misses (page walks):       508832
   IOTLB hit rate:                  97.3957%

   --- Latency Breakdown ---
   TOTAL IOMMU OVERHEAD:            165267 us
   Avg latency per access:          0.00845865 us

********************************************************************************
system.body.body_pwconv1.llvm_interface
Total Area: 3.74842e+06
Total Power Static: 92541.7

Total Power Dynamic: 914996
   ========= Performance Analysis =============
   Setup Time:                      0h 0m 0s 138ms 726us
   Simulation Time (Total):         0h 7m 31s 844ms
   Simulation Time (Active):        0h 3m 43s 560ms
        Queue Processing Time:      0h 3m 43s 542ms
             Scheduling Time:       0h 3m 18s 653ms
             Computation Time:      0h 0m 5s 593ms
   System Clock:                    0.1GHz
   Runtime:                         1230667 cycles
   Runtime:                         12306.7 us
   Stalls:                          0 cycles
   Executed Nodes:                  1230666 cycles

   ========= Kernel Validation Stats ==========
   Kernel validation enabled:       NO
   Configured latency per check:    0 us

   --- Access Breakdown ---
   Total memory accesses (validated): 0
   Cache hits (0 latency):          0
   Validation requests (full lat):  0
   Coalesced waits (partial lat):   0
   Validations denied:              0

   --- Latency Breakdown ---
   Validation request latency:      0 us
   Coalesced wait latency:          0 us
   TOTAL SECURITY OVERHEAD:         0 us
   Avg latency per validation:      0 us
   Avg latency per coalesced wait:  0 us
   Avg overhead per blocked access: 0 us

   --- Cache Statistics ---
   Processes with cached pages:     0
   Unique pages validated (total):  0
   Cache hit rate:                  0%

   ========= IOMMU Stats =====================
   IOMMU enabled:                   YES
   IOMMU SimObject:                 system.body.iommu

   --- Access Breakdown ---
   Total IOMMU checks:              19541278
   IOTLB hits:                      19032446
   IOTLB misses (page walks):       508832
   IOTLB hit rate:                  97.3961%

   --- Latency Breakdown ---
   TOTAL IOMMU OVERHEAD:            165273 us
   Avg latency per access:          0.00845763 us

********************************************************************************
system.body.body_top.llvm_interface
Total Area: 18747.1
Total Power Static: 0.961013

Total Power Dynamic: 4.76126
   ========= Performance Analysis =============
   Setup Time:                      0h 0m 0s 7ms 261us
   Simulation Time (Total):         0h 7m 32s 452ms
   Simulation Time (Active):        0h 0m 0s 242ms
        Queue Processing Time:      0h 0m 0s 152ms
             Scheduling Time:       0h 0m 0s 53ms
             Computation Time:      0h 0m 0s 13ms
   System Clock:                    0.1GHz
   Runtime:                         1249238 cycles
   Runtime:                         12492.4 us
   Stalls:                          0 cycles
   Executed Nodes:                  1249237 cycles

   ========= Kernel Validation Stats ==========
   Kernel validation enabled:       NO
   Configured latency per check:    0 us

   --- Access Breakdown ---
   Total memory accesses (validated): 0
   Cache hits (0 latency):          0
   Validation requests (full lat):  0
   Coalesced waits (partial lat):   0
   Validations denied:              0

   --- Latency Breakdown ---
   Validation request latency:      0 us
   Coalesced wait latency:          0 us
   TOTAL SECURITY OVERHEAD:         0 us
   Avg latency per validation:      0 us
   Avg latency per coalesced wait:  0 us
   Avg overhead per blocked access: 0 us

   --- Cache Statistics ---
   Processes with cached pages:     0
   Unique pages validated (total):  0
   Cache hit rate:                  0%

   ========= IOMMU Stats =====================
   IOMMU enabled:                   YES
   IOMMU SimObject:                 system.body.iommu

   --- Access Breakdown ---
   Total IOMMU checks:              19541279
   IOTLB hits:                      19032447
   IOTLB misses (page walks):       508832
   IOTLB hit rate:                  97.3961%

   --- Latency Breakdown ---
   TOTAL IOMMU OVERHEAD:            165273 us
   Avg latency per access:          0.00845763 us

********************************************************************************
system.body.body_residual.llvm_interface
Total Area: 3229.97
Total Power Static: 16.4537

Total Power Dynamic: 65.7937
   ========= Performance Analysis =============
   Setup Time:                      0h 0m 0s 0ms 416us
   Simulation Time (Total):         0h 4m 8s 150ms
   Simulation Time (Active):        0h 0m 0s 108ms
        Queue Processing Time:      0h 0m 0s 63ms
             Scheduling Time:       0h 0m 0s 20ms
             Computation Time:      0h 0m 0s 3ms
   System Clock:                    0.1GHz
   Runtime:                         733267 cycles
   Runtime:                         7332.67 us
   Stalls:                          0 cycles
   Executed Nodes:                  733266 cycles

   ========= Kernel Validation Stats ==========
   Kernel validation enabled:       NO
   Configured latency per check:    0 us

   --- Access Breakdown ---
   Total memory accesses (validated): 0
   Cache hits (0 latency):          0
   Validation requests (full lat):  0
   Coalesced waits (partial lat):   0
   Validations denied:              0

   --- Latency Breakdown ---
   Validation request latency:      0 us
   Coalesced wait latency:          0 us
   TOTAL SECURITY OVERHEAD:         0 us
   Avg latency per validation:      0 us
   Avg latency per coalesced wait:  0 us
   Avg overhead per blocked access: 0 us

   --- Cache Statistics ---
   Processes with cached pages:     0
   Unique pages validated (total):  0
   Cache hit rate:                  0%

   ========= IOMMU Stats =====================
   IOMMU enabled:                   YES
   IOMMU SimObject:                 system.body.iommu

   --- Access Breakdown ---
   Total IOMMU checks:              20590186
   IOTLB hits:                      20060375
   IOTLB misses (page walks):       529811
   IOTLB hit rate:                  97.4269%

   --- Latency Breakdown ---
   TOTAL IOMMU OVERHEAD:            172574 us
   Avg latency per access:          0.00838135 us

********************************************************************************
system.body.body_pwconv0.llvm_interface
Total Area: 72226.8
Total Power Static: 1866.67

Total Power Dynamic: 45269.9
   ========= Performance Analysis =============
   Setup Time:                      0h 0m 0s 0ms 775us
   Simulation Time (Total):         0h 4m 28s 854ms
   Simulation Time (Active):        0h 0m 23s 470ms
        Queue Processing Time:      0h 0m 23s 455ms
             Scheduling Time:       0h 0m 14s 524ms
             Computation Time:      0h 0m 0s 318ms
   System Clock:                    0.1GHz
   Runtime:                         798702 cycles
   Runtime:                         7987.02 us
   Stalls:                          0 cycles
   Executed Nodes:                  798701 cycles

   ========= Kernel Validation Stats ==========
   Kernel validation enabled:       NO
   Configured latency per check:    0 us

   --- Access Breakdown ---
   Total memory accesses (validated): 0
   Cache hits (0 latency):          0
   Validation requests (full lat):  0
   Coalesced waits (partial lat):   0
   Validations denied:              0

   --- Latency Breakdown ---
   Validation request latency:      0 us
   Coalesced wait latency:          0 us
   TOTAL SECURITY OVERHEAD:         0 us
   Avg latency per validation:      0 us
   Avg latency per coalesced wait:  0 us
   Avg overhead per blocked access: 0 us

   --- Cache Statistics ---
   Processes with cached pages:     0
   Unique pages validated (total):  0
   Cache hit rate:                  0%

   ========= IOMMU Stats =====================
   IOMMU enabled:                   YES
   IOMMU SimObject:                 system.body.iommu

   --- Access Breakdown ---
   Total IOMMU checks:              20682358
   IOTLB hits:                      20150653
   IOTLB misses (page walks):       531705
   IOTLB hit rate:                  97.4292%

   --- Latency Breakdown ---
   TOTAL IOMMU OVERHEAD:            173228 us
   Avg latency per access:          0.00837562 us

********************************************************************************
system.body.body_pwconv1.llvm_interface
Total Area: 4.49811e+06
Total Power Static: 34660

Total Power Dynamic: 342746
   ========= Performance Analysis =============
   Setup Time:                      0h 0m 0s 143ms 427us
   Simulation Time (Total):         0h 4m 35s 910ms
   Simulation Time (Active):        0h 1m 17s 227ms
        Queue Processing Time:      0h 1m 17s 219ms
             Scheduling Time:       0h 1m 8s 871ms
             Computation Time:      0h 0m 2s 63ms
   System Clock:                    0.1GHz
   Runtime:                         804953 cycles
   Runtime:                         8049.53 us
   Stalls:                          0 cycles
   Executed Nodes:                  804952 cycles

   ========= Kernel Validation Stats ==========
   Kernel validation enabled:       NO
   Configured latency per check:    0 us

   --- Access Breakdown ---
   Total memory accesses (validated): 0
   Cache hits (0 latency):          0
   Validation requests (full lat):  0
   Coalesced waits (partial lat):   0
   Validations denied:              0

   --- Latency Breakdown ---
   Validation request latency:      0 us
   Coalesced wait latency:          0 us
   TOTAL SECURITY OVERHEAD:         0 us
   Avg latency per validation:      0 us
   Avg latency per coalesced wait:  0 us
   Avg overhead per blocked access: 0 us

   --- Cache Statistics ---
   Processes with cached pages:     0
   Unique pages validated (total):  0
   Cache hit rate:                  0%

   ========= IOMMU Stats =====================
   IOMMU enabled:                   YES
   IOMMU SimObject:                 system.body.iommu

   --- Access Breakdown ---
   Total IOMMU checks:              20709878
   IOTLB hits:                      20178173
   IOTLB misses (page walks):       531705
   IOTLB hit rate:                  97.4326%

   --- Latency Breakdown ---
   TOTAL IOMMU OVERHEAD:            173283 us
   Avg latency per access:          0.00836715 us

********************************************************************************
system.body.body_dwconv.llvm_interface
Total Area: 777657
Total Power Static: 27770.1

Total Power Dynamic: 316697
   ========= Performance Analysis =============
   Setup Time:                      0h 0m 0s 8ms 435us
   Simulation Time (Total):         0h 4m 43s 511ms
   Simulation Time (Active):        0h 2m 38s 707ms
        Queue Processing Time:      0h 2m 38s 691ms
             Scheduling Time:       0h 2m 27s 465ms
             Computation Time:      0h 0m 1s 739ms
   System Clock:                    0.1GHz
   Runtime:                         811844 cycles
   Runtime:                         8118.44 us
   Stalls:                          0 cycles
   Executed Nodes:                  811843 cycles

   ========= Kernel Validation Stats ==========
   Kernel validation enabled:       NO
   Configured latency per check:    0 us

   --- Access Breakdown ---
   Total memory accesses (validated): 0
   Cache hits (0 latency):          0
   Validation requests (full lat):  0
   Coalesced waits (partial lat):   0
   Validations denied:              0

   --- Latency Breakdown ---
   Validation request latency:      0 us
   Coalesced wait latency:          0 us
   TOTAL SECURITY OVERHEAD:         0 us
   Avg latency per validation:      0 us
   Avg latency per coalesced wait:  0 us
   Avg overhead per blocked access: 0 us

   --- Cache Statistics ---
   Processes with cached pages:     0
   Unique pages validated (total):  0
   Cache hit rate:                  0%

   ========= IOMMU Stats =====================
   IOMMU enabled:                   YES
   IOMMU SimObject:                 system.body.iommu

   --- Access Breakdown ---
   Total IOMMU checks:              20739507
   IOTLB hits:                      20207802
   IOTLB misses (page walks):       531705
   IOTLB hit rate:                  97.4363%

   --- Latency Breakdown ---
   TOTAL IOMMU OVERHEAD:            173342 us
   Avg latency per access:          0.00835805 us

********************************************************************************
system.body.body_top.llvm_interface
Total Area: 22496.5
Total Power Static: 0.962847

Total Power Dynamic: 4.77027
   ========= Performance Analysis =============
   Setup Time:                      0h 0m 0s 7ms 400us
   Simulation Time (Total):         0h 4m 43s 963ms
   Simulation Time (Active):        0h 0m 0s 164ms
        Queue Processing Time:      0h 0m 0s 105ms
             Scheduling Time:       0h 0m 0s 37ms
             Computation Time:      0h 0m 0s 10ms
   System Clock:                    0.1GHz
   Runtime:                         830453 cycles
   Runtime:                         8304.53 us
   Stalls:                          0 cycles
   Executed Nodes:                  830452 cycles

   ========= Kernel Validation Stats ==========
   Kernel validation enabled:       NO
   Configured latency per check:    0 us

   --- Access Breakdown ---
   Total memory accesses (validated): 0
   Cache hits (0 latency):          0
   Validation requests (full lat):  0
   Coalesced waits (partial lat):   0
   Validations denied:              0

   --- Latency Breakdown ---
   Validation request latency:      0 us
   Coalesced wait latency:          0 us
   TOTAL SECURITY OVERHEAD:         0 us
   Avg latency per validation:      0 us
   Avg latency per coalesced wait:  0 us
   Avg overhead per blocked access: 0 us

   --- Cache Statistics ---
   Processes with cached pages:     0
   Unique pages validated (total):  0
   Cache hit rate:                  0%

   ========= IOMMU Stats =====================
   IOMMU enabled:                   YES
   IOMMU SimObject:                 system.body.iommu

   --- Access Breakdown ---
   Total IOMMU checks:              20739510
   IOTLB hits:                      20207805
   IOTLB misses (page walks):       531705
   IOTLB hit rate:                  97.4363%

   --- Latency Breakdown ---
   TOTAL IOMMU OVERHEAD:            173342 us
   Avg latency per access:          0.00835805 us

********************************************************************************
system.body.body_residual.llvm_interface
Total Area: 3768.3
Total Power Static: 4.11165

Total Power Dynamic: 12.3363
   ========= Performance Analysis =============
   Setup Time:                      0h 0m 0s 0ms 401us
   Simulation Time (Total):         0h 1m 44s 653ms
   Simulation Time (Active):        0h 0m 0s 36ms
        Queue Processing Time:      0h 0m 0s 19ms
             Scheduling Time:       0h 0m 0s 6ms
             Computation Time:      0h 0m 0s 0ms
   System Clock:                    0.1GHz
   Runtime:                         246736 cycles
   Runtime:                         2467.36 us
   Stalls:                          0 cycles
   Executed Nodes:                  246735 cycles

   ========= Kernel Validation Stats ==========
   Kernel validation enabled:       NO
   Configured latency per check:    0 us

   --- Access Breakdown ---
   Total memory accesses (validated): 0
   Cache hits (0 latency):          0
   Validation requests (full lat):  0
   Coalesced waits (partial lat):   0
   Validations denied:              0

   --- Latency Breakdown ---
   Validation request latency:      0 us
   Coalesced wait latency:          0 us
   TOTAL SECURITY OVERHEAD:         0 us
   Avg latency per validation:      0 us
   Avg latency per coalesced wait:  0 us
   Avg overhead per blocked access: 0 us

   --- Cache Statistics ---
   Processes with cached pages:     0
   Unique pages validated (total):  0
   Cache hit rate:                  0%

   ========= IOMMU Stats =====================
   IOMMU enabled:                   YES
   IOMMU SimObject:                 system.body.iommu

   --- Access Breakdown ---
   Total IOMMU checks:              21226165
   IOTLB hits:                      20688639
   IOTLB misses (page walks):       537526
   IOTLB hit rate:                  97.4676%

   --- Latency Breakdown ---
   TOTAL IOMMU OVERHEAD:            175759 us
   Avg latency per access:          0.00828029 us

********************************************************************************
system.body.body_pwconv0.llvm_interface
Total Area: 84264.5
Total Power Static: 692.817

Total Power Dynamic: 16913.1
   ========= Performance Analysis =============
   Setup Time:                      0h 0m 0s 0ms 764us
   Simulation Time (Total):         0h 2m 9s 400ms
   Simulation Time (Active):        0h 0m 7s 559ms
        Queue Processing Time:      0h 0m 7s 548ms
             Scheduling Time:       0h 0m 4s 272ms
             Computation Time:      0h 0m 0s 112ms
   System Clock:                    0.1GHz
   Runtime:                         304756 cycles
   Runtime:                         3047.56 us
   Stalls:                          0 cycles
   Executed Nodes:                  304755 cycles

   ========= Kernel Validation Stats ==========
   Kernel validation enabled:       NO
   Configured latency per check:    0 us

   --- Access Breakdown ---
   Total memory accesses (validated): 0
   Cache hits (0 latency):          0
   Validation requests (full lat):  0
   Coalesced waits (partial lat):   0
   Validations denied:              0

   --- Latency Breakdown ---
   Validation request latency:      0 us
   Coalesced wait latency:          0 us
   TOTAL SECURITY OVERHEAD:         0 us
   Avg latency per validation:      0 us
   Avg latency per coalesced wait:  0 us
   Avg overhead per blocked access: 0 us

   --- Cache Statistics ---
   Processes with cached pages:     0
   Unique pages validated (total):  0
   Cache hit rate:                  0%

   ========= IOMMU Stats =====================
   IOMMU enabled:                   YES
   IOMMU SimObject:                 system.body.iommu

   --- Access Breakdown ---
   Total IOMMU checks:              21340258
   IOTLB hits:                      20801349
   IOTLB misses (page walks):       538909
   IOTLB hit rate:                  97.4747%

   --- Latency Breakdown ---
   TOTAL IOMMU OVERHEAD:            176330 us
   Avg latency per access:          0.00826278 us

********************************************************************************
system.body.body_dwconv.llvm_interface
Total Area: 907266
Total Power Static: 10000

Total Power Dynamic: 113736
   ========= Performance Analysis =============
   Setup Time:                      0h 0m 0s 8ms 362us
   Simulation Time (Total):         0h 2m 35s 328ms
   Simulation Time (Active):        0h 0m 59s 743ms
        Queue Processing Time:      0h 0m 59s 735ms
             Scheduling Time:       0h 0m 55s 67ms
             Computation Time:      0h 0m 0s 636ms
   System Clock:                    0.1GHz
   Runtime:                         334576 cycles
   Runtime:                         3345.76 us
   Stalls:                          0 cycles
   Executed Nodes:                  334575 cycles

   ========= Kernel Validation Stats ==========
   Kernel validation enabled:       NO
   Configured latency per check:    0 us

   --- Access Breakdown ---
   Total memory accesses (validated): 0
   Cache hits (0 latency):          0
   Validation requests (full lat):  0
   Coalesced waits (partial lat):   0
   Validations denied:              0

   --- Latency Breakdown ---
   Validation request latency:      0 us
   Coalesced wait latency:          0 us
   TOTAL SECURITY OVERHEAD:         0 us
   Avg latency per validation:      0 us
   Avg latency per coalesced wait:  0 us
   Avg overhead per blocked access: 0 us

   --- Cache Statistics ---
   Processes with cached pages:     0
   Unique pages validated (total):  0
   Cache hit rate:                  0%

   ========= IOMMU Stats =====================
   IOMMU enabled:                   YES
   IOMMU SimObject:                 system.body.iommu

   --- Access Breakdown ---
   Total IOMMU checks:              21463020
   IOTLB hits:                      20923975
   IOTLB misses (page walks):       539045
   IOTLB hit rate:                  97.4885%

   --- Latency Breakdown ---
   TOTAL IOMMU OVERHEAD:            176609 us
   Avg latency per access:          0.00822853 us

********************************************************************************
system.body.body_pwconv1.llvm_interface
Total Area: 5.24779e+06
Total Power Static: 34660

Total Power Dynamic: 342746
   ========= Performance Analysis =============
   Setup Time:                      0h 0m 0s 140ms 845us
   Simulation Time (Total):         0h 2m 35s 215ms
   Simulation Time (Active):        0h 1m 16s 238ms
        Queue Processing Time:      0h 1m 16s 231ms
             Scheduling Time:       0h 1m 8s 172ms
             Computation Time:      0h 0m 2s 27ms
   System Clock:                    0.1GHz
   Runtime:                         336669 cycles
   Runtime:                         3366.69 us
   Stalls:                          0 cycles
   Executed Nodes:                  336668 cycles

   ========= Kernel Validation Stats ==========
   Kernel validation enabled:       NO
   Configured latency per check:    0 us

   --- Access Breakdown ---
   Total memory accesses (validated): 0
   Cache hits (0 latency):          0
   Validation requests (full lat):  0
   Coalesced waits (partial lat):   0
   Validations denied:              0

   --- Latency Breakdown ---
   Validation request latency:      0 us
   Coalesced wait latency:          0 us
   TOTAL SECURITY OVERHEAD:         0 us
   Avg latency per validation:      0 us
   Avg latency per coalesced wait:  0 us
   Avg overhead per blocked access: 0 us

   --- Cache Statistics ---
   Processes with cached pages:     0
   Unique pages validated (total):  0
   Cache hit rate:                  0%

   ========= IOMMU Stats =====================
   IOMMU enabled:                   YES
   IOMMU SimObject:                 system.body.iommu

   --- Access Breakdown ---
   Total IOMMU checks:              21464258
   IOTLB hits:                      20925213
   IOTLB misses (page walks):       539045
   IOTLB hit rate:                  97.4886%

   --- Latency Breakdown ---
   TOTAL IOMMU OVERHEAD:            176612 us
   Avg latency per access:          0.00822818 us

********************************************************************************
system.body.body_top.llvm_interface
Total Area: 26245.9
Total Power Static: 0.961013

Total Power Dynamic: 4.76126
   ========= Performance Analysis =============
   Setup Time:                      0h 0m 0s 7ms 213us
   Simulation Time (Total):         0h 2m 35s 798ms
   Simulation Time (Active):        0h 0m 0s 76ms
        Queue Processing Time:      0h 0m 0s 50ms
             Scheduling Time:       0h 0m 0s 19ms
             Computation Time:      0h 0m 0s 4ms
   System Clock:                    0.1GHz
   Runtime:                         355220 cycles
   Runtime:                         3552.2 us
   Stalls:                          0 cycles
   Executed Nodes:                  355219 cycles

   ========= Kernel Validation Stats ==========
   Kernel validation enabled:       NO
   Configured latency per check:    0 us

   --- Access Breakdown ---
   Total memory accesses (validated): 0
   Cache hits (0 latency):          0
   Validation requests (full lat):  0
   Coalesced waits (partial lat):   0
   Validations denied:              0

   --- Latency Breakdown ---
   Validation request latency:      0 us
   Coalesced wait latency:          0 us
   TOTAL SECURITY OVERHEAD:         0 us
   Avg latency per validation:      0 us
   Avg latency per coalesced wait:  0 us
   Avg overhead per blocked access: 0 us

   --- Cache Statistics ---
   Processes with cached pages:     0
   Unique pages validated (total):  0
   Cache hit rate:                  0%

   ========= IOMMU Stats =====================
   IOMMU enabled:                   YES
   IOMMU SimObject:                 system.body.iommu

   --- Access Breakdown ---
   Total IOMMU checks:              21464260
   IOTLB hits:                      20925215
   IOTLB misses (page walks):       539045
   IOTLB hit rate:                  97.4886%

   --- Latency Breakdown ---
   TOTAL IOMMU OVERHEAD:            176612 us
   Avg latency per access:          0.00822817 us

********************************************************************************
system.body.body_residual.llvm_interface
Total Area: 4306.63
Total Power Static: 6.16866

Total Power Dynamic: 24.6726
   ========= Performance Analysis =============
   Setup Time:                      0h 0m 0s 0ms 402us
   Simulation Time (Total):         0h 1m 46s 482ms
   Simulation Time (Active):        0h 0m 0s 37ms
        Queue Processing Time:      0h 0m 0s 22ms
             Scheduling Time:       0h 0m 0s 7ms
             Computation Time:      0h 0m 0s 1ms
   System Clock:                    0.1GHz
   Runtime:                         246085 cycles
   Runtime:                         2460.85 us
   Stalls:                          0 cycles
   Executed Nodes:                  246084 cycles

   ========= Kernel Validation Stats ==========
   Kernel validation enabled:       NO
   Configured latency per check:    0 us

   --- Access Breakdown ---
   Total memory accesses (validated): 0
   Cache hits (0 latency):          0
   Validation requests (full lat):  0
   Coalesced waits (partial lat):   0
   Validations denied:              0

   --- Latency Breakdown ---
   Validation request latency:      0 us
   Coalesced wait latency:          0 us
   TOTAL SECURITY OVERHEAD:         0 us
   Avg latency per validation:      0 us
   Avg latency per coalesced wait:  0 us
   Avg overhead per blocked access: 0 us

   --- Cache Statistics ---
   Processes with cached pages:     0
   Unique pages validated (total):  0
   Cache hit rate:                  0%

   ========= IOMMU Stats =====================
   IOMMU enabled:                   YES
   IOMMU SimObject:                 system.body.iommu

   --- Access Breakdown ---
   Total IOMMU checks:              21951794
   IOTLB hits:                      21406962
   IOTLB misses (page walks):       544832
   IOTLB hit rate:                  97.5181%

   --- Latency Breakdown ---
   TOTAL IOMMU OVERHEAD:            179022 us
   Avg latency per access:          0.00815523 us

********************************************************************************
system.body.body_pwconv0.llvm_interface
Total Area: 96302.3
Total Power Static: 692.817

Total Power Dynamic: 16913.1
   ========= Performance Analysis =============
   Setup Time:                      0h 0m 0s 0ms 775us
   Simulation Time (Total):         0h 2m 11s 503ms
   Simulation Time (Active):        0h 0m 7s 771ms
        Queue Processing Time:      0h 0m 7s 759ms
             Scheduling Time:       0h 0m 4s 419ms
             Computation Time:      0h 0m 0s 115ms
   System Clock:                    0.1GHz
   Runtime:                         304288 cycles
   Runtime:                         3042.88 us
   Stalls:                          0 cycles
   Executed Nodes:                  304287 cycles

   ========= Kernel Validation Stats ==========
   Kernel validation enabled:       NO
   Configured latency per check:    0 us

   --- Access Breakdown ---
   Total memory accesses (validated): 0
   Cache hits (0 latency):          0
   Validation requests (full lat):  0
   Coalesced waits (partial lat):   0
   Validations denied:              0

   --- Latency Breakdown ---
   Validation request latency:      0 us
   Coalesced wait latency:          0 us
   TOTAL SECURITY OVERHEAD:         0 us
   Avg latency per validation:      0 us
   Avg latency per coalesced wait:  0 us
   Avg overhead per blocked access: 0 us

   --- Cache Statistics ---
   Processes with cached pages:     0
   Unique pages validated (total):  0
   Cache hit rate:                  0%

   ========= IOMMU Stats =====================
   IOMMU enabled:                   YES
   IOMMU SimObject:                 system.body.iommu

   --- Access Breakdown ---
   Total IOMMU checks:              22065893
   IOTLB hits:                      21519670
   IOTLB misses (page walks):       546223
   IOTLB hit rate:                  97.5246%

   --- Latency Breakdown ---
   TOTAL IOMMU OVERHEAD:            179595 us
   Avg latency per access:          0.00813904 us

********************************************************************************
system.body.body_dwconv.llvm_interface
Total Area: 1.03688e+06
Total Power Static: 10000

Total Power Dynamic: 113736
   ========= Performance Analysis =============
   Setup Time:                      0h 0m 0s 8ms 199us
   Simulation Time (Total):         0h 2m 37s 324ms
   Simulation Time (Active):        0h 1m 0s 261ms
        Queue Processing Time:      0h 1m 0s 253ms
             Scheduling Time:       0h 0m 55s 558ms
             Computation Time:      0h 0m 0s 645ms
   System Clock:                    0.1GHz
   Runtime:                         334178 cycles
   Runtime:                         3341.78 us
   Stalls:                          0 cycles
   Executed Nodes:                  334177 cycles

   ========= Kernel Validation Stats ==========
   Kernel validation enabled:       NO
   Configured latency per check:    0 us

   --- Access Breakdown ---
   Total memory accesses (validated): 0
   Cache hits (0 latency):          0
   Validation requests (full lat):  0
   Coalesced waits (partial lat):   0
   Validations denied:              0

   --- Latency Breakdown ---
   Validation request latency:      0 us
   Coalesced wait latency:          0 us
   TOTAL SECURITY OVERHEAD:         0 us
   Avg latency per validation:      0 us
   Avg latency per coalesced wait:  0 us
   Avg overhead per blocked access: 0 us

   --- Cache Statistics ---
   Processes with cached pages:     0
   Unique pages validated (total):  0
   Cache hit rate:                  0%

   ========= IOMMU Stats =====================
   IOMMU enabled:                   YES
   IOMMU SimObject:                 system.body.iommu

   --- Access Breakdown ---
   Total IOMMU checks:              22188669
   IOTLB hits:                      21642309
   IOTLB misses (page walks):       546360
   IOTLB hit rate:                  97.5377%

   --- Latency Breakdown ---
   TOTAL IOMMU OVERHEAD:            179875 us
   Avg latency per access:          0.0081066 us

********************************************************************************
system.body.body_pwconv1.llvm_interface
Total Area: 5.99748e+06
Total Power Static: 34660

Total Power Dynamic: 342746
   ========= Performance Analysis =============
   Setup Time:                      0h 0m 0s 143ms 76us
   Simulation Time (Total):         0h 2m 37s 208ms
   Simulation Time (Active):        0h 1m 17s 473ms
        Queue Processing Time:      0h 1m 17s 467ms
             Scheduling Time:       0h 1m 9s 331ms
             Computation Time:      0h 0m 2s 49ms
   System Clock:                    0.1GHz
   Runtime:                         336271 cycles
   Runtime:                         3362.71 us
   Stalls:                          0 cycles
   Executed Nodes:                  336270 cycles

   ========= Kernel Validation Stats ==========
   Kernel validation enabled:       NO
   Configured latency per check:    0 us

   --- Access Breakdown ---
   Total memory accesses (validated): 0
   Cache hits (0 latency):          0
   Validation requests (full lat):  0
   Coalesced waits (partial lat):   0
   Validations denied:              0

   --- Latency Breakdown ---
   Validation request latency:      0 us
   Coalesced wait latency:          0 us
   TOTAL SECURITY OVERHEAD:         0 us
   Avg latency per validation:      0 us
   Avg latency per coalesced wait:  0 us
   Avg overhead per blocked access: 0 us

   --- Cache Statistics ---
   Processes with cached pages:     0
   Unique pages validated (total):  0
   Cache hit rate:                  0%

   ========= IOMMU Stats =====================
   IOMMU enabled:                   YES
   IOMMU SimObject:                 system.body.iommu

   --- Access Breakdown ---
   Total IOMMU checks:              22189907
   IOTLB hits:                      21643547
   IOTLB misses (page walks):       546360
   IOTLB hit rate:                  97.5378%

   --- Latency Breakdown ---
   TOTAL IOMMU OVERHEAD:            179877 us
   Avg latency per access:          0.00810626 us

********************************************************************************
system.body.body_top.llvm_interface
Total Area: 29995.3
Total Power Static: 0.960402

Total Power Dynamic: 4.75826
   ========= Performance Analysis =============
   Setup Time:                      0h 0m 0s 7ms 281us
   Simulation Time (Total):         0h 2m 37s 795ms
   Simulation Time (Active):        0h 0m 0s 76ms
        Queue Processing Time:      0h 0m 0s 51ms
             Scheduling Time:       0h 0m 0s 19ms
             Computation Time:      0h 0m 0s 5ms
   System Clock:                    0.1GHz
   Runtime:                         354836 cycles
   Runtime:                         3548.36 us
   Stalls:                          0 cycles
   Executed Nodes:                  354835 cycles

   ========= Kernel Validation Stats ==========
   Kernel validation enabled:       NO
   Configured latency per check:    0 us

   --- Access Breakdown ---
   Total memory accesses (validated): 0
   Cache hits (0 latency):          0
   Validation requests (full lat):  0
   Coalesced waits (partial lat):   0
   Validations denied:              0

   --- Latency Breakdown ---
   Validation request latency:      0 us
   Coalesced wait latency:          0 us
   TOTAL SECURITY OVERHEAD:         0 us
   Avg latency per validation:      0 us
   Avg latency per coalesced wait:  0 us
   Avg overhead per blocked access: 0 us

   --- Cache Statistics ---
   Processes with cached pages:     0
   Unique pages validated (total):  0
   Cache hit rate:                  0%

   ========= IOMMU Stats =====================
   IOMMU enabled:                   YES
   IOMMU SimObject:                 system.body.iommu

   --- Access Breakdown ---
   Total IOMMU checks:              22189909
   IOTLB hits:                      21643549
   IOTLB misses (page walks):       546360
   IOTLB hit rate:                  97.5378%

   --- Latency Breakdown ---
   TOTAL IOMMU OVERHEAD:            179877 us
   Avg latency per access:          0.00810626 us

********************************************************************************
system.body.body_residual.llvm_interface
Total Area: 4844.96
Total Power Static: 6.16866

Total Power Dynamic: 24.6726
   ========= Performance Analysis =============
   Setup Time:                      0h 0m 0s 0ms 394us
   Simulation Time (Total):         0h 1m 45s 316ms
   Simulation Time (Active):        0h 0m 0s 37ms
        Queue Processing Time:      0h 0m 0s 22ms
             Scheduling Time:       0h 0m 0s 7ms
             Computation Time:      0h 0m 0s 1ms
   System Clock:                    0.1GHz
   Runtime:                         246085 cycles
   Runtime:                         2460.85 us
   Stalls:                          0 cycles
   Executed Nodes:                  246084 cycles

   ========= Kernel Validation Stats ==========
   Kernel validation enabled:       NO
   Configured latency per check:    0 us

   --- Access Breakdown ---
   Total memory accesses (validated): 0
   Cache hits (0 latency):          0
   Validation requests (full lat):  0
   Coalesced waits (partial lat):   0
   Validations denied:              0

   --- Latency Breakdown ---
   Validation request latency:      0 us
   Coalesced wait latency:          0 us
   TOTAL SECURITY OVERHEAD:         0 us
   Avg latency per validation:      0 us
   Avg latency per coalesced wait:  0 us
   Avg overhead per blocked access: 0 us

   --- Cache Statistics ---
   Processes with cached pages:     0
   Unique pages validated (total):  0
   Cache hit rate:                  0%

   ========= IOMMU Stats =====================
   IOMMU enabled:                   YES
   IOMMU SimObject:                 system.body.iommu

   --- Access Breakdown ---
   Total IOMMU checks:              22677445
   IOTLB hits:                      22125298
   IOTLB misses (page walks):       552147
   IOTLB hit rate:                  97.5652%

   --- Latency Breakdown ---
   TOTAL IOMMU OVERHEAD:            182287 us
   Avg latency per access:          0.00803827 us

********************************************************************************
system.body.body_pwconv0.llvm_interface
Total Area: 108340
Total Power Static: 692.817

Total Power Dynamic: 16913.1
   ========= Performance Analysis =============
   Setup Time:                      0h 0m 0s 0ms 760us
   Simulation Time (Total):         0h 2m 10s 266ms
   Simulation Time (Active):        0h 0m 7s 617ms
        Queue Processing Time:      0h 0m 7s 606ms
             Scheduling Time:       0h 0m 4s 323ms
             Computation Time:      0h 0m 0s 113ms
   System Clock:                    0.1GHz
   Runtime:                         304288 cycles
   Runtime:                         3042.88 us
   Stalls:                          0 cycles
   Executed Nodes:                  304287 cycles

   ========= Kernel Validation Stats ==========
   Kernel validation enabled:       NO
   Configured latency per check:    0 us

   --- Access Breakdown ---
   Total memory accesses (validated): 0
   Cache hits (0 latency):          0
   Validation requests (full lat):  0
   Coalesced waits (partial lat):   0
   Validations denied:              0

   --- Latency Breakdown ---
   Validation request latency:      0 us
   Coalesced wait latency:          0 us
   TOTAL SECURITY OVERHEAD:         0 us
   Avg latency per validation:      0 us
   Avg latency per coalesced wait:  0 us
   Avg overhead per blocked access: 0 us

   --- Cache Statistics ---
   Processes with cached pages:     0
   Unique pages validated (total):  0
   Cache hit rate:                  0%

   ========= IOMMU Stats =====================
   IOMMU enabled:                   YES
   IOMMU SimObject:                 system.body.iommu

   --- Access Breakdown ---
   Total IOMMU checks:              22791544
   IOTLB hits:                      22238006
   IOTLB misses (page walks):       553538
   IOTLB hit rate:                  97.5713%

   --- Latency Breakdown ---
   TOTAL IOMMU OVERHEAD:            182861 us
   Avg latency per access:          0.00802317 us

********************************************************************************
system.body.body_dwconv.llvm_interface
Total Area: 1.16649e+06
Total Power Static: 10000

Total Power Dynamic: 113736
   ========= Performance Analysis =============
   Setup Time:                      0h 0m 0s 8ms 548us
   Simulation Time (Total):         0h 2m 36s 433ms
   Simulation Time (Active):        0h 1m 0s 56ms
        Queue Processing Time:      0h 1m 0s 48ms
             Scheduling Time:       0h 0m 55s 366ms
             Computation Time:      0h 0m 0s 640ms
   System Clock:                    0.1GHz
   Runtime:                         334178 cycles
   Runtime:                         3341.78 us
   Stalls:                          0 cycles
   Executed Nodes:                  334177 cycles

   ========= Kernel Validation Stats ==========
   Kernel validation enabled:       NO
   Configured latency per check:    0 us

   --- Access Breakdown ---
   Total memory accesses (validated): 0
   Cache hits (0 latency):          0
   Validation requests (full lat):  0
   Coalesced waits (partial lat):   0
   Validations denied:              0

   --- Latency Breakdown ---
   Validation request latency:      0 us
   Coalesced wait latency:          0 us
   TOTAL SECURITY OVERHEAD:         0 us
   Avg latency per validation:      0 us
   Avg latency per coalesced wait:  0 us
   Avg overhead per blocked access: 0 us

   --- Cache Statistics ---
   Processes with cached pages:     0
   Unique pages validated (total):  0
   Cache hit rate:                  0%

   ========= IOMMU Stats =====================
   IOMMU enabled:                   YES
   IOMMU SimObject:                 system.body.iommu

   --- Access Breakdown ---
   Total IOMMU checks:              22914320
   IOTLB hits:                      22360645
   IOTLB misses (page walks):       553675
   IOTLB hit rate:                  97.5837%

   --- Latency Breakdown ---
   TOTAL IOMMU OVERHEAD:            183140 us
   Avg latency per access:          0.00799238 us

********************************************************************************
system.body.body_pwconv1.llvm_interface
Total Area: 6.74716e+06
Total Power Static: 34660

Total Power Dynamic: 342746
   ========= Performance Analysis =============
   Setup Time:                      0h 0m 0s 141ms 256us
   Simulation Time (Total):         0h 2m 36s 318ms
   Simulation Time (Active):        0h 1m 16s 974ms
        Queue Processing Time:      0h 1m 16s 968ms
             Scheduling Time:       0h 1m 8s 827ms
             Computation Time:      0h 0m 2s 51ms
   System Clock:                    0.1GHz
   Runtime:                         336271 cycles
   Runtime:                         3362.71 us
   Stalls:                          0 cycles
   Executed Nodes:                  336270 cycles

   ========= Kernel Validation Stats ==========
   Kernel validation enabled:       NO
   Configured latency per check:    0 us

   --- Access Breakdown ---
   Total memory accesses (validated): 0
   Cache hits (0 latency):          0
   Validation requests (full lat):  0
   Coalesced waits (partial lat):   0
   Validations denied:              0

   --- Latency Breakdown ---
   Validation request latency:      0 us
   Coalesced wait latency:          0 us
   TOTAL SECURITY OVERHEAD:         0 us
   Avg latency per validation:      0 us
   Avg latency per coalesced wait:  0 us
   Avg overhead per blocked access: 0 us

   --- Cache Statistics ---
   Processes with cached pages:     0
   Unique pages validated (total):  0
   Cache hit rate:                  0%

   ========= IOMMU Stats =====================
   IOMMU enabled:                   YES
   IOMMU SimObject:                 system.body.iommu

   --- Access Breakdown ---
   Total IOMMU checks:              22915558
   IOTLB hits:                      22361883
   IOTLB misses (page walks):       553675
   IOTLB hit rate:                  97.5838%

   --- Latency Breakdown ---
   TOTAL IOMMU OVERHEAD:            183143 us
   Avg latency per access:          0.00799206 us

********************************************************************************
system.body.body_top.llvm_interface
Total Area: 33744.7
Total Power Static: 0.961624

Total Power Dynamic: 4.76427
   ========= Performance Analysis =============
   Setup Time:                      0h 0m 0s 7ms 319us
   Simulation Time (Total):         0h 2m 36s 903ms
   Simulation Time (Active):        0h 0m 0s 76ms
        Queue Processing Time:      0h 0m 0s 51ms
             Scheduling Time:       0h 0m 0s 19ms
             Computation Time:      0h 0m 0s 4ms
   System Clock:                    0.1GHz
   Runtime:                         354859 cycles
   Runtime:                         3548.59 us
   Stalls:                          0 cycles
   Executed Nodes:                  354858 cycles

   ========= Kernel Validation Stats ==========
   Kernel validation enabled:       NO
   Configured latency per check:    0 us

   --- Access Breakdown ---
   Total memory accesses (validated): 0
   Cache hits (0 latency):          0
   Validation requests (full lat):  0
   Coalesced waits (partial lat):   0
   Validations denied:              0

   --- Latency Breakdown ---
   Validation request latency:      0 us
   Coalesced wait latency:          0 us
   TOTAL SECURITY OVERHEAD:         0 us
   Avg latency per validation:      0 us
   Avg latency per coalesced wait:  0 us
   Avg overhead per blocked access: 0 us

   --- Cache Statistics ---
   Processes with cached pages:     0
   Unique pages validated (total):  0
   Cache hit rate:                  0%

   ========= IOMMU Stats =====================
   IOMMU enabled:                   YES
   IOMMU SimObject:                 system.body.iommu

   --- Access Breakdown ---
   Total IOMMU checks:              22915560
   IOTLB hits:                      22361885
   IOTLB misses (page walks):       553675
   IOTLB hit rate:                  97.5838%

   --- Latency Breakdown ---
   TOTAL IOMMU OVERHEAD:            183143 us
   Avg latency per access:          0.00799206 us

********************************************************************************
system.body.body_residual.llvm_interface
Total Area: 5383.29
Total Power Static: 6.16866

Total Power Dynamic: 24.6726
   ========= Performance Analysis =============
   Setup Time:                      0h 0m 0s 0ms 394us
   Simulation Time (Total):         0h 2m 3s 726ms
   Simulation Time (Active):        0h 0m 0s 44ms
        Queue Processing Time:      0h 0m 0s 24ms
             Scheduling Time:       0h 0m 0s 7ms
             Computation Time:      0h 0m 0s 1ms
   System Clock:                    0.1GHz
   Runtime:                         314635 cycles
   Runtime:                         3146.35 us
   Stalls:                          0 cycles
   Executed Nodes:                  314634 cycles

   ========= Kernel Validation Stats ==========
   Kernel validation enabled:       NO
   Configured latency per check:    0 us

   --- Access Breakdown ---
   Total memory accesses (validated): 0
   Cache hits (0 latency):          0
   Validation requests (full lat):  0
   Coalesced waits (partial lat):   0
   Validations denied:              0

   --- Latency Breakdown ---
   Validation request latency:      0 us
   Coalesced wait latency:          0 us
   TOTAL SECURITY OVERHEAD:         0 us
   Avg latency per validation:      0 us
   Avg latency per coalesced wait:  0 us
   Avg overhead per blocked access: 0 us

   --- Cache Statistics ---
   Processes with cached pages:     0
   Unique pages validated (total):  0
   Cache hit rate:                  0%

   ========= IOMMU Stats =====================
   IOMMU enabled:                   YES
   IOMMU SimObject:                 system.body.iommu

   --- Access Breakdown ---
   Total IOMMU checks:              23497019
   IOTLB hits:                      22935545
   IOTLB misses (page walks):       561474
   IOTLB hit rate:                  97.6104%

   --- Latency Breakdown ---
   TOTAL IOMMU OVERHEAD:            186240 us
   Avg latency per access:          0.00792609 us

********************************************************************************
system.body.body_pwconv0.llvm_interface
Total Area: 120378
Total Power Static: 692.817

Total Power Dynamic: 16913.1
   ========= Performance Analysis =============
   Setup Time:                      0h 0m 0s 0ms 771us
   Simulation Time (Total):         0h 2m 32s 702ms
   Simulation Time (Active):        0h 0m 7s 754ms
        Queue Processing Time:      0h 0m 7s 740ms
             Scheduling Time:       0h 0m 4s 329ms
             Computation Time:      0h 0m 0s 114ms
   System Clock:                    0.1GHz
   Runtime:                         390526 cycles
   Runtime:                         3905.26 us
   Stalls:                          0 cycles
   Executed Nodes:                  390525 cycles

   ========= Kernel Validation Stats ==========
   Kernel validation enabled:       NO
   Configured latency per check:    0 us

   --- Access Breakdown ---
   Total memory accesses (validated): 0
   Cache hits (0 latency):          0
   Validation requests (full lat):  0
   Coalesced waits (partial lat):   0
   Validations denied:              0

   --- Latency Breakdown ---
   Validation request latency:      0 us
   Coalesced wait latency:          0 us
   TOTAL SECURITY OVERHEAD:         0 us
   Avg latency per validation:      0 us
   Avg latency per coalesced wait:  0 us
   Avg overhead per blocked access: 0 us

   --- Cache Statistics ---
   Processes with cached pages:     0
   Unique pages validated (total):  0
   Cache hit rate:                  0%

   ========= IOMMU Stats =====================
   IOMMU enabled:                   YES
   IOMMU SimObject:                 system.body.iommu

   --- Access Breakdown ---
   Total IOMMU checks:              23634540
   IOTLB hits:                      23071152
   IOTLB misses (page walks):       563388
   IOTLB hit rate:                  97.6163%

   --- Latency Breakdown ---
   TOTAL IOMMU OVERHEAD:            186989 us
   Avg latency per access:          0.0079117 us

********************************************************************************
system.body.body_dwconv.llvm_interface
Total Area: 1.29609e+06
Total Power Static: 10000

Total Power Dynamic: 113736
   ========= Performance Analysis =============
   Setup Time:                      0h 0m 0s 8ms 499us
   Simulation Time (Total):         0h 3m 2s 540ms
   Simulation Time (Active):        0h 1m 0s 511ms
        Queue Processing Time:      0h 1m 0s 503ms
             Scheduling Time:       0h 0m 55s 397ms
             Computation Time:      0h 0m 0s 640ms
   System Clock:                    0.1GHz
   Runtime:                         426576 cycles
   Runtime:                         4265.76 us
   Stalls:                          0 cycles
   Executed Nodes:                  426575 cycles

   ========= Kernel Validation Stats ==========
   Kernel validation enabled:       NO
   Configured latency per check:    0 us

   --- Access Breakdown ---
   Total memory accesses (validated): 0
   Cache hits (0 latency):          0
   Validation requests (full lat):  0
   Coalesced waits (partial lat):   0
   Validations denied:              0

   --- Latency Breakdown ---
   Validation request latency:      0 us
   Coalesced wait latency:          0 us
   TOTAL SECURITY OVERHEAD:         0 us
   Avg latency per validation:      0 us
   Avg latency per coalesced wait:  0 us
   Avg overhead per blocked access: 0 us

   --- Cache Statistics ---
   Processes with cached pages:     0
   Unique pages validated (total):  0
   Cache hit rate:                  0%

   ========= IOMMU Stats =====================
   IOMMU enabled:                   YES
   IOMMU SimObject:                 system.body.iommu

   --- Access Breakdown ---
   Total IOMMU checks:              23780778
   IOTLB hits:                      23217192
   IOTLB misses (page walks):       563586
   IOTLB hit rate:                  97.6301%

   --- Latency Breakdown ---
   TOTAL IOMMU OVERHEAD:            187331 us
   Avg latency per access:          0.00787741 us

********************************************************************************
system.body.body_pwconv1.llvm_interface
Total Area: 7.49685e+06
Total Power Static: 46184.6

Total Power Dynamic: 456743
   ========= Performance Analysis =============
   Setup Time:                      0h 0m 0s 135ms 582us
   Simulation Time (Total):         0h 3m 2s 420ms
   Simulation Time (Active):        0h 1m 39s 285ms
        Queue Processing Time:      0h 1m 39s 279ms
             Scheduling Time:       0h 1m 28s 755ms
             Computation Time:      0h 0m 2s 714ms
   System Clock:                    0.1GHz
   Runtime:                         427616 cycles
   Runtime:                         4276.16 us
   Stalls:                          0 cycles
   Executed Nodes:                  427615 cycles

   ========= Kernel Validation Stats ==========
   Kernel validation enabled:       NO
   Configured latency per check:    0 us

   --- Access Breakdown ---
   Total memory accesses (validated): 0
   Cache hits (0 latency):          0
   Validation requests (full lat):  0
   Coalesced waits (partial lat):   0
   Validations denied:              0

   --- Latency Breakdown ---
   Validation request latency:      0 us
   Coalesced wait latency:          0 us
   TOTAL SECURITY OVERHEAD:         0 us
   Avg latency per validation:      0 us
   Avg latency per coalesced wait:  0 us
   Avg overhead per blocked access: 0 us

   --- Cache Statistics ---
   Processes with cached pages:     0
   Unique pages validated (total):  0
   Cache hit rate:                  0%

   ========= IOMMU Stats =====================
   IOMMU enabled:                   YES
   IOMMU SimObject:                 system.body.iommu

   --- Access Breakdown ---
   Total IOMMU checks:              23781922
   IOTLB hits:                      23218336
   IOTLB misses (page walks):       563586
   IOTLB hit rate:                  97.6302%

   --- Latency Breakdown ---
   TOTAL IOMMU OVERHEAD:            187333 us
   Avg latency per access:          0.00787712 us

********************************************************************************
system.body.body_top.llvm_interface
Total Area: 37494.1
Total Power Static: 0.961013

Total Power Dynamic: 4.76126
   ========= Performance Analysis =============
   Setup Time:                      0h 0m 0s 7ms 213us
   Simulation Time (Total):         0h 3m 2s 989ms
   Simulation Time (Active):        0h 0m 0s 90ms
        Queue Processing Time:      0h 0m 0s 58ms
             Scheduling Time:       0h 0m 0s 21ms
             Computation Time:      0h 0m 0s 5ms
   System Clock:                    0.1GHz
   Runtime:                         446193 cycles
   Runtime:                         4461.93 us
   Stalls:                          0 cycles
   Executed Nodes:                  446192 cycles

   ========= Kernel Validation Stats ==========
   Kernel validation enabled:       NO
   Configured latency per check:    0 us

   --- Access Breakdown ---
   Total memory accesses (validated): 0
   Cache hits (0 latency):          0
   Validation requests (full lat):  0
   Coalesced waits (partial lat):   0
   Validations denied:              0

   --- Latency Breakdown ---
   Validation request latency:      0 us
   Coalesced wait latency:          0 us
   TOTAL SECURITY OVERHEAD:         0 us
   Avg latency per validation:      0 us
   Avg latency per coalesced wait:  0 us
   Avg overhead per blocked access: 0 us

   --- Cache Statistics ---
   Processes with cached pages:     0
   Unique pages validated (total):  0
   Cache hit rate:                  0%

   ========= IOMMU Stats =====================
   IOMMU enabled:                   YES
   IOMMU SimObject:                 system.body.iommu

   --- Access Breakdown ---
   Total IOMMU checks:              23781924
   IOTLB hits:                      23218338
   IOTLB misses (page walks):       563586
   IOTLB hit rate:                  97.6302%

   --- Latency Breakdown ---
   TOTAL IOMMU OVERHEAD:            187333 us
   Avg latency per access:          0.00787712 us

********************************************************************************
system.body.body_residual.llvm_interface
Total Area: 5921.62
Total Power Static: 5.48299

Total Power Dynamic: 16.4484
   ========= Performance Analysis =============
   Setup Time:                      0h 0m 0s 0ms 388us
   Simulation Time (Total):         0h 2m 23s 221ms
   Simulation Time (Active):        0h 0m 0s 53ms
        Queue Processing Time:      0h 0m 0s 29ms
             Scheduling Time:       0h 0m 0s 7ms
             Computation Time:      0h 0m 0s 0ms
   System Clock:                    0.1GHz
   Runtime:                         398233 cycles
   Runtime:                         3982.33 us
   Stalls:                          0 cycles
   Executed Nodes:                  398232 cycles

   ========= Kernel Validation Stats ==========
   Kernel validation enabled:       NO
   Configured latency per check:    0 us

   --- Access Breakdown ---
   Total memory accesses (validated): 0
   Cache hits (0 latency):          0
   Validation requests (full lat):  0
   Coalesced waits (partial lat):   0
   Validations denied:              0

   --- Latency Breakdown ---
   Validation request latency:      0 us
   Coalesced wait latency:          0 us
   TOTAL SECURITY OVERHEAD:         0 us
   Avg latency per validation:      0 us
   Avg latency per coalesced wait:  0 us
   Avg overhead per blocked access: 0 us

   --- Cache Statistics ---
   Processes with cached pages:     0
   Unique pages validated (total):  0
   Cache hit rate:                  0%

   ========= IOMMU Stats =====================
   IOMMU enabled:                   YES
   IOMMU SimObject:                 system.body.iommu

   --- Access Breakdown ---
   Total IOMMU checks:              24435878
   IOTLB hits:                      23861808
   IOTLB misses (page walks):       574070
   IOTLB hit rate:                  97.6507%

   --- Latency Breakdown ---
   TOTAL IOMMU OVERHEAD:            191241 us
   Avg latency per access:          0.00782624 us

********************************************************************************
system.body.body_pwconv0.llvm_interface
Total Area: 132416
Total Power Static: 918.962

Total Power Dynamic: 22508.7
   ========= Performance Analysis =============
   Setup Time:                      0h 0m 0s 0ms 758us
   Simulation Time (Total):         0h 2m 54s 950ms
   Simulation Time (Active):        0h 0m 10s 344ms
        Queue Processing Time:      0h 0m 10s 332ms
             Scheduling Time:       0h 0m 5s 760ms
             Computation Time:      0h 0m 0s 152ms
   System Clock:                    0.1GHz
   Runtime:                         485832 cycles
   Runtime:                         4858.32 us
   Stalls:                          0 cycles
   Executed Nodes:                  485831 cycles

   ========= Kernel Validation Stats ==========
   Kernel validation enabled:       NO
   Configured latency per check:    0 us

   --- Access Breakdown ---
   Total memory accesses (validated): 0
   Cache hits (0 latency):          0
   Validation requests (full lat):  0
   Coalesced waits (partial lat):   0
   Validations denied:              0

   --- Latency Breakdown ---
   Validation request latency:      0 us
   Coalesced wait latency:          0 us
   TOTAL SECURITY OVERHEAD:         0 us
   Avg latency per validation:      0 us
   Avg latency per coalesced wait:  0 us
   Avg overhead per blocked access: 0 us

   --- Cache Statistics ---
   Processes with cached pages:     0
   Unique pages validated (total):  0
   Cache hit rate:                  0%

   ========= IOMMU Stats =====================
   IOMMU enabled:                   YES
   IOMMU SimObject:                 system.body.iommu

   --- Access Breakdown ---
   Total IOMMU checks:              24580919
   IOTLB hits:                      24004541
   IOTLB misses (page walks):       576378
   IOTLB hit rate:                  97.6552%

   --- Latency Breakdown ---
   TOTAL IOMMU OVERHEAD:            192104 us
   Avg latency per access:          0.00781515 us

********************************************************************************
system.body.body_dwconv.llvm_interface
Total Area: 1.4257e+06
Total Power Static: 13333.2

Total Power Dynamic: 151645
   ========= Performance Analysis =============
   Setup Time:                      0h 0m 0s 8ms 602us
   Simulation Time (Total):         0h 3m 29s 428ms
   Simulation Time (Active):        0h 1m 20s 930ms
        Queue Processing Time:      0h 1m 20s 921ms
             Scheduling Time:       0h 1m 14s 568ms
             Computation Time:      0h 0m 0s 858ms
   System Clock:                    0.1GHz
   Runtime:                         529393 cycles
   Runtime:                         5293.93 us
   Stalls:                          0 cycles
   Executed Nodes:                  529392 cycles

   ========= Kernel Validation Stats ==========
   Kernel validation enabled:       NO
   Configured latency per check:    0 us

   --- Access Breakdown ---
   Total memory accesses (validated): 0
   Cache hits (0 latency):          0
   Validation requests (full lat):  0
   Coalesced waits (partial lat):   0
   Validations denied:              0

   --- Latency Breakdown ---
   Validation request latency:      0 us
   Coalesced wait latency:          0 us
   TOTAL SECURITY OVERHEAD:         0 us
   Avg latency per validation:      0 us
   Avg latency per coalesced wait:  0 us
   Avg overhead per blocked access: 0 us

   --- Cache Statistics ---
   Processes with cached pages:     0
   Unique pages validated (total):  0
   Cache hit rate:                  0%

   ========= IOMMU Stats =====================
   IOMMU enabled:                   YES
   IOMMU SimObject:                 system.body.iommu

   --- Access Breakdown ---
   Total IOMMU checks:              24742237
   IOTLB hits:                      24165512
   IOTLB misses (page walks):       576725
   IOTLB hit rate:                  97.6691%

   --- Latency Breakdown ---
   TOTAL IOMMU OVERHEAD:            192512 us
   Avg latency per access:          0.00778071 us

********************************************************************************
system.body.body_pwconv1.llvm_interface
Total Area: 8.24653e+06
Total Power Static: 46184.6

Total Power Dynamic: 456743
   ========= Performance Analysis =============
   Setup Time:                      0h 0m 0s 147ms 83us
   Simulation Time (Total):         0h 3m 29s 287ms
   Simulation Time (Active):        0h 1m 40s 967ms
        Queue Processing Time:      0h 1m 40s 961ms
             Scheduling Time:       0h 1m 30s 123ms
             Computation Time:      0h 0m 2s 723ms
   System Clock:                    0.1GHz
   Runtime:                         530082 cycles
   Runtime:                         5300.82 us
   Stalls:                          0 cycles
   Executed Nodes:                  530081 cycles

   ========= Kernel Validation Stats ==========
   Kernel validation enabled:       NO
   Configured latency per check:    0 us

   --- Access Breakdown ---
   Total memory accesses (validated): 0
   Cache hits (0 latency):          0
   Validation requests (full lat):  0
   Coalesced waits (partial lat):   0
   Validations denied:              0

   --- Latency Breakdown ---
   Validation request latency:      0 us
   Coalesced wait latency:          0 us
   TOTAL SECURITY OVERHEAD:         0 us
   Avg latency per validation:      0 us
   Avg latency per coalesced wait:  0 us
   Avg overhead per blocked access: 0 us

   --- Cache Statistics ---
   Processes with cached pages:     0
   Unique pages validated (total):  0
   Cache hit rate:                  0%

   ========= IOMMU Stats =====================
   IOMMU enabled:                   YES
   IOMMU SimObject:                 system.body.iommu

   --- Access Breakdown ---
   Total IOMMU checks:              24742998
   IOTLB hits:                      24166273
   IOTLB misses (page walks):       576725
   IOTLB hit rate:                  97.6691%

   --- Latency Breakdown ---
   TOTAL IOMMU OVERHEAD:            192514 us
   Avg latency per access:          0.00778054 us

********************************************************************************
system.body.body_top.llvm_interface
Total Area: 41243.6
Total Power Static: 0.95918

Total Power Dynamic: 4.75225
   ========= Performance Analysis =============
   Setup Time:                      0h 0m 0s 7ms 289us
   Simulation Time (Total):         0h 3m 29s 855ms
   Simulation Time (Active):        0h 0m 0s 104ms
        Queue Processing Time:      0h 0m 0s 70ms
             Scheduling Time:       0h 0m 0s 25ms
             Computation Time:      0h 0m 0s 6ms
   System Clock:                    0.1GHz
   Runtime:                         548621 cycles
   Runtime:                         5486.21 us
   Stalls:                          0 cycles
   Executed Nodes:                  548620 cycles

   ========= Kernel Validation Stats ==========
   Kernel validation enabled:       NO
   Configured latency per check:    0 us

   --- Access Breakdown ---
   Total memory accesses (validated): 0
   Cache hits (0 latency):          0
   Validation requests (full lat):  0
   Coalesced waits (partial lat):   0
   Validations denied:              0

   --- Latency Breakdown ---
   Validation request latency:      0 us
   Coalesced wait latency:          0 us
   TOTAL SECURITY OVERHEAD:         0 us
   Avg latency per validation:      0 us
   Avg latency per coalesced wait:  0 us
   Avg overhead per blocked access: 0 us

   --- Cache Statistics ---
   Processes with cached pages:     0
   Unique pages validated (total):  0
   Cache hit rate:                  0%

   ========= IOMMU Stats =====================
   IOMMU enabled:                   YES
   IOMMU SimObject:                 system.body.iommu

   --- Access Breakdown ---
   Total IOMMU checks:              24743000
   IOTLB hits:                      24166275
   IOTLB misses (page walks):       576725
   IOTLB hit rate:                  97.6691%

   --- Latency Breakdown ---
   TOTAL IOMMU OVERHEAD:            192514 us
   Avg latency per access:          0.00778054 us

********************************************************************************
system.body.body_residual.llvm_interface
Total Area: 6459.95
Total Power Static: 8.22567

Total Power Dynamic: 32.8969
   ========= Performance Analysis =============
   Setup Time:                      0h 0m 0s 0ms 390us
   Simulation Time (Total):         0h 2m 22s 881ms
   Simulation Time (Active):        0h 0m 0s 57ms
        Queue Processing Time:      0h 0m 0s 32ms
             Scheduling Time:       0h 0m 0s 10ms
             Computation Time:      0h 0m 0s 1ms
   System Clock:                    0.1GHz
   Runtime:                         396763 cycles
   Runtime:                         3967.63 us
   Stalls:                          0 cycles
   Executed Nodes:                  396762 cycles

   ========= Kernel Validation Stats ==========
   Kernel validation enabled:       NO
   Configured latency per check:    0 us

   --- Access Breakdown ---
   Total memory accesses (validated): 0
   Cache hits (0 latency):          0
   Validation requests (full lat):  0
   Coalesced waits (partial lat):   0
   Validations denied:              0

   --- Latency Breakdown ---
   Validation request latency:      0 us
   Coalesced wait latency:          0 us
   TOTAL SECURITY OVERHEAD:         0 us
   Avg latency per validation:      0 us
   Avg latency per coalesced wait:  0 us
   Avg overhead per blocked access: 0 us

   --- Cache Statistics ---
   Processes with cached pages:     0
   Unique pages validated (total):  0
   Cache hit rate:                  0%

   ========= IOMMU Stats =====================
   IOMMU enabled:                   YES
   IOMMU SimObject:                 system.body.iommu

   --- Access Breakdown ---
   Total IOMMU checks:              25398161
   IOTLB hits:                      24811021
   IOTLB misses (page walks):       587140
   IOTLB hit rate:                  97.6883%

   --- Latency Breakdown ---
   TOTAL IOMMU OVERHEAD:            196407 us
   Avg latency per access:          0.00773312 us

********************************************************************************
system.body.body_pwconv0.llvm_interface
Total Area: 144454
Total Power Static: 918.962

Total Power Dynamic: 22508.7
   ========= Performance Analysis =============
   Setup Time:                      0h 0m 0s 0ms 784us
   Simulation Time (Total):         0h 2m 53s 981ms
   Simulation Time (Active):        0h 0m 10s 61ms
        Queue Processing Time:      0h 0m 10s 49ms
             Scheduling Time:       0h 0m 5s 538ms
             Computation Time:      0h 0m 0s 149ms
   System Clock:                    0.1GHz
   Runtime:                         483690 cycles
   Runtime:                         4836.9 us
   Stalls:                          0 cycles
   Executed Nodes:                  483689 cycles

   ========= Kernel Validation Stats ==========
   Kernel validation enabled:       NO
   Configured latency per check:    0 us

   --- Access Breakdown ---
   Total memory accesses (validated): 0
   Cache hits (0 latency):          0
   Validation requests (full lat):  0
   Coalesced waits (partial lat):   0
   Validations denied:              0

   --- Latency Breakdown ---
   Validation request latency:      0 us
   Coalesced wait latency:          0 us
   TOTAL SECURITY OVERHEAD:         0 us
   Avg latency per validation:      0 us
   Avg latency per coalesced wait:  0 us
   Avg overhead per blocked access: 0 us

   --- Cache Statistics ---
   Processes with cached pages:     0
   Unique pages validated (total):  0
   Cache hit rate:                  0%

   ========= IOMMU Stats =====================
   IOMMU enabled:                   YES
   IOMMU SimObject:                 system.body.iommu

   --- Access Breakdown ---
   Total IOMMU checks:              25543202
   IOTLB hits:                      24953780
   IOTLB misses (page walks):       589422
   IOTLB hit rate:                  97.6925%

   --- Latency Breakdown ---
   TOTAL IOMMU OVERHEAD:            197263 us
   Avg latency per access:          0.00772272 us

********************************************************************************
system.body.body_dwconv.llvm_interface
Total Area: 1.55531e+06
Total Power Static: 13333.2

Total Power Dynamic: 151645
   ========= Performance Analysis =============
   Setup Time:                      0h 0m 0s 8ms 586us
   Simulation Time (Total):         0h 3m 28s 222ms
   Simulation Time (Active):        0h 1m 20s 721ms
        Queue Processing Time:      0h 1m 20s 711ms
             Scheduling Time:       0h 1m 14s 408ms
             Computation Time:      0h 0m 0s 852ms
   System Clock:                    0.1GHz
   Runtime:                         527250 cycles
   Runtime:                         5272.5 us
   Stalls:                          0 cycles
   Executed Nodes:                  527249 cycles

   ========= Kernel Validation Stats ==========
   Kernel validation enabled:       NO
   Configured latency per check:    0 us

   --- Access Breakdown ---
   Total memory accesses (validated): 0
   Cache hits (0 latency):          0
   Validation requests (full lat):  0
   Coalesced waits (partial lat):   0
   Validations denied:              0

   --- Latency Breakdown ---
   Validation request latency:      0 us
   Coalesced wait latency:          0 us
   TOTAL SECURITY OVERHEAD:         0 us
   Avg latency per validation:      0 us
   Avg latency per coalesced wait:  0 us
   Avg overhead per blocked access: 0 us

   --- Cache Statistics ---
   Processes with cached pages:     0
   Unique pages validated (total):  0
   Cache hit rate:                  0%

   ========= IOMMU Stats =====================
   IOMMU enabled:                   YES
   IOMMU SimObject:                 system.body.iommu

   --- Access Breakdown ---
   Total IOMMU checks:              25704520
   IOTLB hits:                      25114751
   IOTLB misses (page walks):       589769
   IOTLB hit rate:                  97.7056%

   --- Latency Breakdown ---
   TOTAL IOMMU OVERHEAD:            197672 us
   Avg latency per access:          0.00769016 us

********************************************************************************
system.body.body_pwconv1.llvm_interface
Total Area: 8.99621e+06
Total Power Static: 46184.6

Total Power Dynamic: 456743
   ========= Performance Analysis =============
   Setup Time:                      0h 0m 0s 142ms 855us
   Simulation Time (Total):         0h 3m 28s 85ms
   Simulation Time (Active):        0h 1m 40s 217ms
        Queue Processing Time:      0h 1m 40s 211ms
             Scheduling Time:       0h 1m 29s 460ms
             Computation Time:      0h 0m 2s 713ms
   System Clock:                    0.1GHz
   Runtime:                         527938 cycles
   Runtime:                         5279.38 us
   Stalls:                          0 cycles
   Executed Nodes:                  527937 cycles

   ========= Kernel Validation Stats ==========
   Kernel validation enabled:       NO
   Configured latency per check:    0 us

   --- Access Breakdown ---
   Total memory accesses (validated): 0
   Cache hits (0 latency):          0
   Validation requests (full lat):  0
   Coalesced waits (partial lat):   0
   Validations denied:              0

   --- Latency Breakdown ---
   Validation request latency:      0 us
   Coalesced wait latency:          0 us
   TOTAL SECURITY OVERHEAD:         0 us
   Avg latency per validation:      0 us
   Avg latency per coalesced wait:  0 us
   Avg overhead per blocked access: 0 us

   --- Cache Statistics ---
   Processes with cached pages:     0
   Unique pages validated (total):  0
   Cache hit rate:                  0%

   ========= IOMMU Stats =====================
   IOMMU enabled:                   YES
   IOMMU SimObject:                 system.body.iommu

   --- Access Breakdown ---
   Total IOMMU checks:              25705281
   IOTLB hits:                      25115512
   IOTLB misses (page walks):       589769
   IOTLB hit rate:                  97.7057%

   --- Latency Breakdown ---
   TOTAL IOMMU OVERHEAD:            197673 us
   Avg latency per access:          0.00768999 us

********************************************************************************
system.body.body_top.llvm_interface
Total Area: 44993
Total Power Static: 0.959791

Total Power Dynamic: 4.75526
   ========= Performance Analysis =============
   Setup Time:                      0h 0m 0s 7ms 333us
   Simulation Time (Total):         0h 3m 28s 670ms
   Simulation Time (Active):        0h 0m 0s 108ms
        Queue Processing Time:      0h 0m 0s 70ms
             Scheduling Time:       0h 0m 0s 25ms
             Computation Time:      0h 0m 0s 6ms
   System Clock:                    0.1GHz
   Runtime:                         546491 cycles
   Runtime:                         5464.91 us
   Stalls:                          0 cycles
   Executed Nodes:                  546490 cycles

   ========= Kernel Validation Stats ==========
   Kernel validation enabled:       NO
   Configured latency per check:    0 us

   --- Access Breakdown ---
   Total memory accesses (validated): 0
   Cache hits (0 latency):          0
   Validation requests (full lat):  0
   Coalesced waits (partial lat):   0
   Validations denied:              0

   --- Latency Breakdown ---
   Validation request latency:      0 us
   Coalesced wait latency:          0 us
   TOTAL SECURITY OVERHEAD:         0 us
   Avg latency per validation:      0 us
   Avg latency per coalesced wait:  0 us
   Avg overhead per blocked access: 0 us

   --- Cache Statistics ---
   Processes with cached pages:     0
   Unique pages validated (total):  0
   Cache hit rate:                  0%

   ========= IOMMU Stats =====================
   IOMMU enabled:                   YES
   IOMMU SimObject:                 system.body.iommu

   --- Access Breakdown ---
   Total IOMMU checks:              25705283
   IOTLB hits:                      25115514
   IOTLB misses (page walks):       589769
   IOTLB hit rate:                  97.7057%

   --- Latency Breakdown ---
   TOTAL IOMMU OVERHEAD:            197673 us
   Avg latency per access:          0.00768999 us

********************************************************************************
system.body.body_residual.llvm_interface
Total Area: 6998.28
Total Power Static: 8.22567

Total Power Dynamic: 32.8969
   ========= Performance Analysis =============
   Setup Time:                      0h 0m 0s 0ms 377us
   Simulation Time (Total):         0h 1m 39s 642ms
   Simulation Time (Active):        0h 0m 0s 46ms
        Queue Processing Time:      0h 0m 0s 26ms
             Scheduling Time:       0h 0m 0s 8ms
             Computation Time:      0h 0m 0s 1ms
   System Clock:                    0.1GHz
   Runtime:                         313008 cycles
   Runtime:                         3130.08 us
   Stalls:                          0 cycles
   Executed Nodes:                  313007 cycles

   ========= Kernel Validation Stats ==========
   Kernel validation enabled:       NO
   Configured latency per check:    0 us

   --- Access Breakdown ---
   Total memory accesses (validated): 0
   Cache hits (0 latency):          0
   Validation requests (full lat):  0
   Coalesced waits (partial lat):   0
   Validations denied:              0

   --- Latency Breakdown ---
   Validation request latency:      0 us
   Coalesced wait latency:          0 us
   TOTAL SECURITY OVERHEAD:         0 us
   Avg latency per validation:      0 us
   Avg latency per coalesced wait:  0 us
   Avg overhead per blocked access: 0 us

   --- Cache Statistics ---
   Processes with cached pages:     0
   Unique pages validated (total):  0
   Cache hit rate:                  0%

   ========= IOMMU Stats =====================
   IOMMU enabled:                   YES
   IOMMU SimObject:                 system.body.iommu

   --- Access Breakdown ---
   Total IOMMU checks:              26132978
   IOTLB hits:                      25534191
   IOTLB misses (page walks):       598787
   IOTLB hit rate:                  97.7087%

   --- Latency Breakdown ---
   TOTAL IOMMU OVERHEAD:            200765 us
   Avg latency per access:          0.00768244 us

********************************************************************************
system.body.body_pwconv0.llvm_interface
Total Area: 156491
Total Power Static: 918.962

Total Power Dynamic: 22508.7
   ========= Performance Analysis =============
   Setup Time:                      0h 0m 0s 0ms 762us
   Simulation Time (Total):         0h 2m 8s 741ms
   Simulation Time (Active):        0h 0m 9s 794ms
        Queue Processing Time:      0h 0m 9s 783ms
             Scheduling Time:       0h 0m 5s 714ms
             Computation Time:      0h 0m 0s 149ms
   System Clock:                    0.1GHz
   Runtime:                         399791 cycles
   Runtime:                         3997.91 us
   Stalls:                          0 cycles
   Executed Nodes:                  399790 cycles

   ========= Kernel Validation Stats ==========
   Kernel validation enabled:       NO
   Configured latency per check:    0 us

   --- Access Breakdown ---
   Total memory accesses (validated): 0
   Cache hits (0 latency):          0
   Validation requests (full lat):  0
   Coalesced waits (partial lat):   0
   Validations denied:              0

   --- Latency Breakdown ---
   Validation request latency:      0 us
   Coalesced wait latency:          0 us
   TOTAL SECURITY OVERHEAD:         0 us
   Avg latency per validation:      0 us
   Avg latency per coalesced wait:  0 us
   Avg overhead per blocked access: 0 us

   --- Cache Statistics ---
   Processes with cached pages:     0
   Unique pages validated (total):  0
   Cache hit rate:                  0%

   ========= IOMMU Stats =====================
   IOMMU enabled:                   YES
   IOMMU SimObject:                 system.body.iommu

   --- Access Breakdown ---
   Total IOMMU checks:              26263543
   IOTLB hits:                      25662312
   IOTLB misses (page walks):       601231
   IOTLB hit rate:                  97.7108%

   --- Latency Breakdown ---
   TOTAL IOMMU OVERHEAD:            201632 us
   Avg latency per access:          0.00767727 us

********************************************************************************
system.body.body_pwconv1.llvm_interface
Total Area: 9.7459e+06
Total Power Static: 20189.6

Total Power Dynamic: 199684
   ========= Performance Analysis =============
   Setup Time:                      0h 0m 0s 133ms 619us
   Simulation Time (Total):         0h 2m 11s 798ms
   Simulation Time (Active):        0h 0m 43s 800ms
        Queue Processing Time:      0h 0m 43s 796ms
             Scheduling Time:       0h 0m 39s 293ms
             Computation Time:      0h 0m 1s 182ms
   System Clock:                    0.1GHz
   Runtime:                         402630 cycles
   Runtime:                         4026.3 us
   Stalls:                          0 cycles
   Executed Nodes:                  402629 cycles

   ========= Kernel Validation Stats ==========
   Kernel validation enabled:       NO
   Configured latency per check:    0 us

   --- Access Breakdown ---
   Total memory accesses (validated): 0
   Cache hits (0 latency):          0
   Validation requests (full lat):  0
   Coalesced waits (partial lat):   0
   Validations denied:              0

   --- Latency Breakdown ---
   Validation request latency:      0 us
   Coalesced wait latency:          0 us
   TOTAL SECURITY OVERHEAD:         0 us
   Avg latency per validation:      0 us
   Avg latency per coalesced wait:  0 us
   Avg overhead per blocked access: 0 us

   --- Cache Statistics ---
   Processes with cached pages:     0
   Unique pages validated (total):  0
   Cache hit rate:                  0%

   ========= IOMMU Stats =====================
   IOMMU enabled:                   YES
   IOMMU SimObject:                 system.body.iommu

   --- Access Breakdown ---
   Total IOMMU checks:              26276200
   IOTLB hits:                      25674969
   IOTLB misses (page walks):       601231
   IOTLB hit rate:                  97.7119%

   --- Latency Breakdown ---
   TOTAL IOMMU OVERHEAD:            201658 us
   Avg latency per access:          0.00767454 us

********************************************************************************
system.body.body_dwconv.llvm_interface
Total Area: 1.68492e+06
Total Power Static: 13321

Total Power Dynamic: 151645
   ========= Performance Analysis =============
   Setup Time:                      0h 0m 0s 8ms 659us
   Simulation Time (Total):         0h 2m 24s 671ms
   Simulation Time (Active):        0h 1m 19s 55ms
        Queue Processing Time:      0h 1m 19s 45ms
             Scheduling Time:       0h 1m 13s 471ms
             Computation Time:      0h 0m 0s 834ms
   System Clock:                    0.1GHz
   Runtime:                         414187 cycles
   Runtime:                         4141.87 us
   Stalls:                          0 cycles
   Executed Nodes:                  414186 cycles

   ========= Kernel Validation Stats ==========
   Kernel validation enabled:       NO
   Configured latency per check:    0 us

   --- Access Breakdown ---
   Total memory accesses (validated): 0
   Cache hits (0 latency):          0
   Validation requests (full lat):  0
   Coalesced waits (partial lat):   0
   Validations denied:              0

   --- Latency Breakdown ---
   Validation request latency:      0 us
   Coalesced wait latency:          0 us
   TOTAL SECURITY OVERHEAD:         0 us
   Avg latency per validation:      0 us
   Avg latency per coalesced wait:  0 us
   Avg overhead per blocked access: 0 us

   --- Cache Statistics ---
   Processes with cached pages:     0
   Unique pages validated (total):  0
   Cache hit rate:                  0%

   ========= IOMMU Stats =====================
   IOMMU enabled:                   YES
   IOMMU SimObject:                 system.body.iommu

   --- Access Breakdown ---
   Total IOMMU checks:              26324816
   IOTLB hits:                      25723585
   IOTLB misses (page walks):       601231
   IOTLB hit rate:                  97.7161%

   --- Latency Breakdown ---
   TOTAL IOMMU OVERHEAD:            201755 us
   Avg latency per access:          0.00766406 us

********************************************************************************
system.body.body_top.llvm_interface
Total Area: 48742.4
Total Power Static: 0.961013

Total Power Dynamic: 4.76126
   ========= Performance Analysis =============
   Setup Time:                      0h 0m 0s 7ms 346us
   Simulation Time (Total):         0h 2m 25s 83ms
   Simulation Time (Active):        0h 0m 0s 87ms
        Queue Processing Time:      0h 0m 0s 55ms
             Scheduling Time:       0h 0m 0s 20ms
             Computation Time:      0h 0m 0s 5ms
   System Clock:                    0.1GHz
   Runtime:                         432759 cycles
   Runtime:                         4327.59 us
   Stalls:                          0 cycles
   Executed Nodes:                  432758 cycles

   ========= Kernel Validation Stats ==========
   Kernel validation enabled:       NO
   Configured latency per check:    0 us

   --- Access Breakdown ---
   Total memory accesses (validated): 0
   Cache hits (0 latency):          0
   Validation requests (full lat):  0
   Coalesced waits (partial lat):   0
   Validations denied:              0

   --- Latency Breakdown ---
   Validation request latency:      0 us
   Coalesced wait latency:          0 us
   TOTAL SECURITY OVERHEAD:         0 us
   Avg latency per validation:      0 us
   Avg latency per coalesced wait:  0 us
   Avg overhead per blocked access: 0 us

   --- Cache Statistics ---
   Processes with cached pages:     0
   Unique pages validated (total):  0
   Cache hit rate:                  0%

   ========= IOMMU Stats =====================
   IOMMU enabled:                   YES
   IOMMU SimObject:                 system.body.iommu

   --- Access Breakdown ---
   Total IOMMU checks:              26324819
   IOTLB hits:                      25723588
   IOTLB misses (page walks):       601231
   IOTLB hit rate:                  97.7161%

   --- Latency Breakdown ---
   TOTAL IOMMU OVERHEAD:            201755 us
   Avg latency per access:          0.00766406 us

********************************************************************************
system.body.body_residual.llvm_interface
Total Area: 7536.61
Total Power Static: 2.39747

Total Power Dynamic: 7.19619
   ========= Performance Analysis =============
   Setup Time:                      0h 0m 0s 0ms 380us
   Simulation Time (Total):         0h 0m 23s 888ms
   Simulation Time (Active):        0h 0m 0s 8ms
        Queue Processing Time:      0h 0m 0s 5ms
             Scheduling Time:       0h 0m 0s 2ms
             Computation Time:      0h 0m 0s 0ms
   System Clock:                    0.1GHz
   Runtime:                         47345 cycles
   Runtime:                         473.45 us
   Stalls:                          0 cycles
   Executed Nodes:                  47344 cycles

   ========= Kernel Validation Stats ==========
   Kernel validation enabled:       NO
   Configured latency per check:    0 us

   --- Access Breakdown ---
   Total memory accesses (validated): 0
   Cache hits (0 latency):          0
   Validation requests (full lat):  0
   Coalesced waits (partial lat):   0
   Validations denied:              0

   --- Latency Breakdown ---
   Validation request latency:      0 us
   Coalesced wait latency:          0 us
   TOTAL SECURITY OVERHEAD:         0 us
   Avg latency per validation:      0 us
   Avg latency per coalesced wait:  0 us
   Avg overhead per blocked access: 0 us

   --- Cache Statistics ---
   Processes with cached pages:     0
   Unique pages validated (total):  0
   Cache hit rate:                  0%

   ========= IOMMU Stats =====================
   IOMMU enabled:                   YES
   IOMMU SimObject:                 system.body.iommu

   --- Access Breakdown ---
   Total IOMMU checks:              26455155
   IOTLB hits:                      25853208
   IOTLB misses (page walks):       601947
   IOTLB hit rate:                  97.7247%

   --- Latency Breakdown ---
   TOTAL IOMMU OVERHEAD:            202193 us
   Avg latency per access:          0.00764286 us

********************************************************************************
system.body.body_pwconv0.llvm_interface
Total Area: 168529
Total Power Static: 399.351

Total Power Dynamic: 9823.92
   ========= Performance Analysis =============
   Setup Time:                      0h 0m 0s 0ms 755us
   Simulation Time (Total):         0h 0m 50s 161ms
   Simulation Time (Active):        0h 0m 2s 884ms
        Queue Processing Time:      0h 0m 2s 876ms
             Scheduling Time:       0h 0m 1s 724ms
             Computation Time:      0h 0m 0s 52ms
   System Clock:                    0.1GHz
   Runtime:                         111701 cycles
   Runtime:                         1117.01 us
   Stalls:                          0 cycles
   Executed Nodes:                  111700 cycles

   ========= Kernel Validation Stats ==========
   Kernel validation enabled:       NO
   Configured latency per check:    0 us

   --- Access Breakdown ---
   Total memory accesses (validated): 0
   Cache hits (0 latency):          0
   Validation requests (full lat):  0
   Coalesced waits (partial lat):   0
   Validations denied:              0

   --- Latency Breakdown ---
   Validation request latency:      0 us
   Coalesced wait latency:          0 us
   TOTAL SECURITY OVERHEAD:         0 us
   Avg latency per validation:      0 us
   Avg latency per coalesced wait:  0 us
   Avg overhead per blocked access: 0 us

   --- Cache Statistics ---
   Processes with cached pages:     0
   Unique pages validated (total):  0
   Cache hit rate:                  0%

   ========= IOMMU Stats =====================
   IOMMU enabled:                   YES
   IOMMU SimObject:                 system.body.iommu

   --- Access Breakdown ---
   Total IOMMU checks:              26582924
   IOTLB hits:                      25979429
   IOTLB misses (page walks):       603495
   IOTLB hit rate:                  97.7298%

   --- Latency Breakdown ---
   TOTAL IOMMU OVERHEAD:            202833 us
   Avg latency per access:          0.00763018 us

********************************************************************************
system.body.body_pwconv1.llvm_interface
Total Area: 1.04956e+07
Total Power Static: 20189.6

Total Power Dynamic: 199684
   ========= Performance Analysis =============
   Setup Time:                      0h 0m 0s 132ms 996us
   Simulation Time (Total):         0h 1m 21s 742ms
   Simulation Time (Active):        0h 0m 39s 217ms
        Queue Processing Time:      0h 0m 39s 213ms
             Scheduling Time:       0h 0m 35s 338ms
             Computation Time:      0h 0m 1s 47ms
   System Clock:                    0.1GHz
   Runtime:                         149832 cycles
   Runtime:                         1498.32 us
   Stalls:                          0 cycles
   Executed Nodes:                  149831 cycles

   ========= Kernel Validation Stats ==========
   Kernel validation enabled:       NO
   Configured latency per check:    0 us

   --- Access Breakdown ---
   Total memory accesses (validated): 0
   Cache hits (0 latency):          0
   Validation requests (full lat):  0
   Coalesced waits (partial lat):   0
   Validations denied:              0

   --- Latency Breakdown ---
   Validation request latency:      0 us
   Coalesced wait latency:          0 us
   TOTAL SECURITY OVERHEAD:         0 us
   Avg latency per validation:      0 us
   Avg latency per coalesced wait:  0 us
   Avg overhead per blocked access: 0 us

   --- Cache Statistics ---
   Processes with cached pages:     0
   Unique pages validated (total):  0
   Cache hit rate:                  0%

   ========= IOMMU Stats =====================
   IOMMU enabled:                   YES
   IOMMU SimObject:                 system.body.iommu

   --- Access Breakdown ---
   Total IOMMU checks:              26732042
   IOTLB hits:                      26128288
   IOTLB misses (page walks):       603754
   IOTLB hit rate:                  97.7415%

   --- Latency Breakdown ---
   TOTAL IOMMU OVERHEAD:            203195 us
   Avg latency per access:          0.00760118 us

********************************************************************************
system.body.body_dwconv.llvm_interface
Total Area: 1.81453e+06
Total Power Static: 5467.5

Total Power Dynamic: 63163.1
   ========= Performance Analysis =============
   Setup Time:                      0h 0m 0s 8ms 784us
   Simulation Time (Total):         0h 1m 22s 54ms
   Simulation Time (Active):        0h 0m 34s 462ms
        Queue Processing Time:      0h 0m 34s 458ms
             Scheduling Time:       0h 0m 31s 696ms
             Computation Time:      0h 0m 0s 321ms
   System Clock:                    0.1GHz
   Runtime:                         150929 cycles
   Runtime:                         1509.29 us
   Stalls:                          0 cycles
   Executed Nodes:                  150928 cycles

   ========= Kernel Validation Stats ==========
   Kernel validation enabled:       NO
   Configured latency per check:    0 us

   --- Access Breakdown ---
   Total memory accesses (validated): 0
   Cache hits (0 latency):          0
   Validation requests (full lat):  0
   Coalesced waits (partial lat):   0
   Validations denied:              0

   --- Latency Breakdown ---
   Validation request latency:      0 us
   Coalesced wait latency:          0 us
   TOTAL SECURITY OVERHEAD:         0 us
   Avg latency per validation:      0 us
   Avg latency per coalesced wait:  0 us
   Avg overhead per blocked access: 0 us

   --- Cache Statistics ---
   Processes with cached pages:     0
   Unique pages validated (total):  0
   Cache hit rate:                  0%

   ========= IOMMU Stats =====================
   IOMMU enabled:                   YES
   IOMMU SimObject:                 system.body.iommu

   --- Access Breakdown ---
   Total IOMMU checks:              26736221
   IOTLB hits:                      26132467
   IOTLB misses (page walks):       603754
   IOTLB hit rate:                  97.7418%

   --- Latency Breakdown ---
   TOTAL IOMMU OVERHEAD:            203203 us
   Avg latency per access:          0.0076003 us

********************************************************************************
system.body.body_top.llvm_interface
Total Area: 52491.8
Total Power Static: 0.956735

Total Power Dynamic: 4.74024
   ========= Performance Analysis =============
   Setup Time:                      0h 0m 0s 16ms 944us
   Simulation Time (Total):         0h 1m 22s 430ms
   Simulation Time (Active):        0h 0m 0s 39ms
        Queue Processing Time:      0h 0m 0s 27ms
             Scheduling Time:       0h 0m 0s 11ms
             Computation Time:      0h 0m 0s 2ms
   System Clock:                    0.1GHz
   Runtime:                         169395 cycles
   Runtime:                         1693.95 us
   Stalls:                          0 cycles
   Executed Nodes:                  169394 cycles

   ========= Kernel Validation Stats ==========
   Kernel validation enabled:       NO
   Configured latency per check:    0 us

   --- Access Breakdown ---
   Total memory accesses (validated): 0
   Cache hits (0 latency):          0
   Validation requests (full lat):  0
   Coalesced waits (partial lat):   0
   Validations denied:              0

   --- Latency Breakdown ---
   Validation request latency:      0 us
   Coalesced wait latency:          0 us
   TOTAL SECURITY OVERHEAD:         0 us
   Avg latency per validation:      0 us
   Avg latency per coalesced wait:  0 us
   Avg overhead per blocked access: 0 us

   --- Cache Statistics ---
   Processes with cached pages:     0
   Unique pages validated (total):  0
   Cache hit rate:                  0%

   ========= IOMMU Stats =====================
   IOMMU enabled:                   YES
   IOMMU SimObject:                 system.body.iommu

   --- Access Breakdown ---
   Total IOMMU checks:              26736224
   IOTLB hits:                      26132470
   IOTLB misses (page walks):       603754
   IOTLB hit rate:                  97.7418%

   --- Latency Breakdown ---
   TOTAL IOMMU OVERHEAD:            203203 us
   Avg latency per access:          0.0076003 us

********************************************************************************
system.body.body_residual.llvm_interface
Total Area: 8074.94
Total Power Static: 3.59739

Total Power Dynamic: 14.3924
   ========= Performance Analysis =============
   Setup Time:                      0h 0m 0s 0ms 381us
   Simulation Time (Total):         0h 0m 23s 836ms
   Simulation Time (Active):        0h 0m 0s 9ms
        Queue Processing Time:      0h 0m 0s 6ms
             Scheduling Time:       0h 0m 0s 2ms
             Computation Time:      0h 0m 0s 0ms
   System Clock:                    0.1GHz
   Runtime:                         47144 cycles
   Runtime:                         471.44 us
   Stalls:                          0 cycles
   Executed Nodes:                  47143 cycles

   ========= Kernel Validation Stats ==========
   Kernel validation enabled:       NO
   Configured latency per check:    0 us

   --- Access Breakdown ---
   Total memory accesses (validated): 0
   Cache hits (0 latency):          0
   Validation requests (full lat):  0
   Coalesced waits (partial lat):   0
   Validations denied:              0

   --- Latency Breakdown ---
   Validation request latency:      0 us
   Coalesced wait latency:          0 us
   TOTAL SECURITY OVERHEAD:         0 us
   Avg latency per validation:      0 us
   Avg latency per coalesced wait:  0 us
   Avg overhead per blocked access: 0 us

   --- Cache Statistics ---
   Processes with cached pages:     0
   Unique pages validated (total):  0
   Cache hit rate:                  0%

   ========= IOMMU Stats =====================
   IOMMU enabled:                   YES
   IOMMU SimObject:                 system.body.iommu

   --- Access Breakdown ---
   Total IOMMU checks:              26867089
   IOTLB hits:                      26262640
   IOTLB misses (page walks):       604449
   IOTLB hit rate:                  97.7502%

   --- Latency Breakdown ---
   TOTAL IOMMU OVERHEAD:            203638 us
   Avg latency per access:          0.00757944 us

********************************************************************************
system.body.body_pwconv0.llvm_interface
Total Area: 180567
Total Power Static: 399.351

Total Power Dynamic: 9823.92
   ========= Performance Analysis =============
   Setup Time:                      0h 0m 0s 0ms 755us
   Simulation Time (Total):         0h 0m 50s 71ms
   Simulation Time (Active):        0h 0m 2s 843ms
        Queue Processing Time:      0h 0m 2s 836ms
             Scheduling Time:       0h 0m 1s 689ms
             Computation Time:      0h 0m 0s 51ms
   System Clock:                    0.1GHz
   Runtime:                         111495 cycles
   Runtime:                         1114.95 us
   Stalls:                          0 cycles
   Executed Nodes:                  111494 cycles

   ========= Kernel Validation Stats ==========
   Kernel validation enabled:       NO
   Configured latency per check:    0 us

   --- Access Breakdown ---
   Total memory accesses (validated): 0
   Cache hits (0 latency):          0
   Validation requests (full lat):  0
   Coalesced waits (partial lat):   0
   Validations denied:              0

   --- Latency Breakdown ---
   Validation request latency:      0 us
   Coalesced wait latency:          0 us
   TOTAL SECURITY OVERHEAD:         0 us
   Avg latency per validation:      0 us
   Avg latency per coalesced wait:  0 us
   Avg overhead per blocked access: 0 us

   --- Cache Statistics ---
   Processes with cached pages:     0
   Unique pages validated (total):  0
   Cache hit rate:                  0%

   ========= IOMMU Stats =====================
   IOMMU enabled:                   YES
   IOMMU SimObject:                 system.body.iommu

   --- Access Breakdown ---
   Total IOMMU checks:              26994859
   IOTLB hits:                      26388862
   IOTLB misses (page walks):       605997
   IOTLB hit rate:                  97.7551%

   --- Latency Breakdown ---
   TOTAL IOMMU OVERHEAD:            204277 us
   Avg latency per access:          0.00756725 us

********************************************************************************
system.body.body_pwconv1.llvm_interface
Total Area: 1.12453e+07
Total Power Static: 20189.6

Total Power Dynamic: 199684
   ========= Performance Analysis =============
   Setup Time:                      0h 0m 0s 131ms 664us
   Simulation Time (Total):         0h 1m 21s 433ms
   Simulation Time (Active):        0h 0m 39s 114ms
        Queue Processing Time:      0h 0m 39s 111ms
             Scheduling Time:       0h 0m 35s 246ms
             Computation Time:      0h 0m 1s 45ms
   System Clock:                    0.1GHz
   Runtime:                         149602 cycles
   Runtime:                         1496.02 us
   Stalls:                          0 cycles
   Executed Nodes:                  149601 cycles

   ========= Kernel Validation Stats ==========
   Kernel validation enabled:       NO
   Configured latency per check:    0 us

   --- Access Breakdown ---
   Total memory accesses (validated): 0
   Cache hits (0 latency):          0
   Validation requests (full lat):  0
   Coalesced waits (partial lat):   0
   Validations denied:              0

   --- Latency Breakdown ---
   Validation request latency:      0 us
   Coalesced wait latency:          0 us
   TOTAL SECURITY OVERHEAD:         0 us
   Avg latency per validation:      0 us
   Avg latency per coalesced wait:  0 us
   Avg overhead per blocked access: 0 us

   --- Cache Statistics ---
   Processes with cached pages:     0
   Unique pages validated (total):  0
   Cache hit rate:                  0%

   ========= IOMMU Stats =====================
   IOMMU enabled:                   YES
   IOMMU SimObject:                 system.body.iommu

   --- Access Breakdown ---
   Total IOMMU checks:              27143977
   IOTLB hits:                      26537721
   IOTLB misses (page walks):       606256
   IOTLB hit rate:                  97.7665%

   --- Latency Breakdown ---
   TOTAL IOMMU OVERHEAD:            204639 us
   Avg latency per access:          0.00753904 us

********************************************************************************
system.body.body_dwconv.llvm_interface
Total Area: 1.94414e+06
Total Power Static: 5467.5

Total Power Dynamic: 63163.1
   ========= Performance Analysis =============
   Setup Time:                      0h 0m 0s 8ms 713us
   Simulation Time (Total):         0h 1m 21s 743ms
   Simulation Time (Active):        0h 0m 34s 297ms
        Queue Processing Time:      0h 0m 34s 292ms
             Scheduling Time:       0h 0m 31s 555ms
             Computation Time:      0h 0m 0s 322ms
   System Clock:                    0.1GHz
   Runtime:                         150699 cycles
   Runtime:                         1506.99 us
   Stalls:                          0 cycles
   Executed Nodes:                  150698 cycles

   ========= Kernel Validation Stats ==========
   Kernel validation enabled:       NO
   Configured latency per check:    0 us

   --- Access Breakdown ---
   Total memory accesses (validated): 0
   Cache hits (0 latency):          0
   Validation requests (full lat):  0
   Coalesced waits (partial lat):   0
   Validations denied:              0

   --- Latency Breakdown ---
   Validation request latency:      0 us
   Coalesced wait latency:          0 us
   TOTAL SECURITY OVERHEAD:         0 us
   Avg latency per validation:      0 us
   Avg latency per coalesced wait:  0 us
   Avg overhead per blocked access: 0 us

   --- Cache Statistics ---
   Processes with cached pages:     0
   Unique pages validated (total):  0
   Cache hit rate:                  0%

   ========= IOMMU Stats =====================
   IOMMU enabled:                   YES
   IOMMU SimObject:                 system.body.iommu

   --- Access Breakdown ---
   Total IOMMU checks:              27148156
   IOTLB hits:                      26541900
   IOTLB misses (page walks):       606256
   IOTLB hit rate:                  97.7669%

   --- Latency Breakdown ---
   TOTAL IOMMU OVERHEAD:            204648 us
   Avg latency per access:          0.00753818 us

********************************************************************************
system.body.body_top.llvm_interface
Total Area: 56241.2
Total Power Static: 0.956735

Total Power Dynamic: 4.74024
   ========= Performance Analysis =============
   Setup Time:                      0h 0m 0s 16ms 84us
   Simulation Time (Total):         0h 1m 22s 121ms
   Simulation Time (Active):        0h 0m 0s 39ms
        Queue Processing Time:      0h 0m 0s 27ms
             Scheduling Time:       0h 0m 0s 11ms
             Computation Time:      0h 0m 0s 2ms
   System Clock:                    0.1GHz
   Runtime:                         169190 cycles
   Runtime:                         1691.9 us
   Stalls:                          0 cycles
   Executed Nodes:                  169189 cycles

   ========= Kernel Validation Stats ==========
   Kernel validation enabled:       NO
   Configured latency per check:    0 us

   --- Access Breakdown ---
   Total memory accesses (validated): 0
   Cache hits (0 latency):          0
   Validation requests (full lat):  0
   Coalesced waits (partial lat):   0
   Validations denied:              0

   --- Latency Breakdown ---
   Validation request latency:      0 us
   Coalesced wait latency:          0 us
   TOTAL SECURITY OVERHEAD:         0 us
   Avg latency per validation:      0 us
   Avg latency per coalesced wait:  0 us
   Avg overhead per blocked access: 0 us

   --- Cache Statistics ---
   Processes with cached pages:     0
   Unique pages validated (total):  0
   Cache hit rate:                  0%

   ========= IOMMU Stats =====================
   IOMMU enabled:                   YES
   IOMMU SimObject:                 system.body.iommu

   --- Access Breakdown ---
   Total IOMMU checks:              27148159
   IOTLB hits:                      26541903
   IOTLB misses (page walks):       606256
   IOTLB hit rate:                  97.7669%

   --- Latency Breakdown ---
   TOTAL IOMMU OVERHEAD:            204648 us
   Avg latency per access:          0.00753818 us

********************************************************************************
system.tail.tail_pwconv.llvm_interface
Total Area: 11678.9
Total Power Static: 1439.58

Total Power Dynamic: 37038.2
   ========= Performance Analysis =============
   Setup Time:                      0h 0m 0s 0ms 697us
   Simulation Time (Total):         0h 0m 15s 422ms
   Simulation Time (Active):        0h 0m 6s 366ms
        Queue Processing Time:      0h 0m 6s 360ms
             Scheduling Time:       0h 0m 2s 626ms
             Computation Time:      0h 0m 0s 152ms
   System Clock:                    0.1GHz
   Runtime:                         34878 cycles
   Runtime:                         348.78 us
   Stalls:                          0 cycles
   Executed Nodes:                  34877 cycles

   ========= Kernel Validation Stats ==========
   Kernel validation enabled:       NO
   Configured latency per check:    0 us

   --- Access Breakdown ---
   Total memory accesses (validated): 0
   Cache hits (0 latency):          0
   Validation requests (full lat):  0
   Coalesced waits (partial lat):   0
   Validations denied:              0

   --- Latency Breakdown ---
   Validation request latency:      0 us
   Coalesced wait latency:          0 us
   TOTAL SECURITY OVERHEAD:         0 us
   Avg latency per validation:      0 us
   Avg latency per coalesced wait:  0 us
   Avg overhead per blocked access: 0 us

   --- Cache Statistics ---
   Processes with cached pages:     0
   Unique pages validated (total):  0
   Cache hit rate:                  0%

   ========= IOMMU Stats =====================
   IOMMU enabled:                   YES
   IOMMU SimObject:                 system.tail.iommu

   --- Access Breakdown ---
   Total IOMMU checks:              134701
   IOTLB hits:                      134694
   IOTLB misses (page walks):       7
   IOTLB hit rate:                  99.9948%

   --- Latency Breakdown ---
   TOTAL IOMMU OVERHEAD:            271.138 us
   Avg latency per access:          0.00201289 us

********************************************************************************
system.tail.tail_reshape.llvm_interface
Total Area: 10278.6
Total Power Static: 692.426

Total Power Dynamic: 17462.9
   ========= Performance Analysis =============
   Setup Time:                      0h 0m 0s 0ms 322us
   Simulation Time (Total):         0h 0m 15s 384ms
   Simulation Time (Active):        0h 0m 6s 785ms
        Queue Processing Time:      0h 0m 6s 779ms
             Scheduling Time:       0h 0m 3s 916ms
             Computation Time:      0h 0m 0s 26ms
   System Clock:                    0.1GHz
   Runtime:                         34803 cycles
   Runtime:                         348.03 us
   Stalls:                          0 cycles
   Executed Nodes:                  34802 cycles

   ========= Kernel Validation Stats ==========
   Kernel validation enabled:       NO
   Configured latency per check:    0 us

   --- Access Breakdown ---
   Total memory accesses (validated): 0
   Cache hits (0 latency):          0
   Validation requests (full lat):  0
   Coalesced waits (partial lat):   0
   Validations denied:              0

   --- Latency Breakdown ---
   Validation request latency:      0 us
   Coalesced wait latency:          0 us
   TOTAL SECURITY OVERHEAD:         0 us
   Avg latency per validation:      0 us
   Avg latency per coalesced wait:  0 us
   Avg overhead per blocked access: 0 us

   --- Cache Statistics ---
   Processes with cached pages:     0
   Unique pages validated (total):  0
   Cache hit rate:                  0%

   ========= IOMMU Stats =====================
   IOMMU enabled:                   YES
   IOMMU SimObject:                 system.tail.iommu

   --- Access Breakdown ---
   Total IOMMU checks:              134704
   IOTLB hits:                      134697
   IOTLB misses (page walks):       7
   IOTLB hit rate:                  99.9948%

   --- Latency Breakdown ---
   TOTAL IOMMU OVERHEAD:            271.144 us
   Avg latency per access:          0.00201289 us

********************************************************************************
system.tail.tail_avgpool.llvm_interface
Total Area: 5554.55
Total Power Static: 178.864

Total Power Dynamic: 2910.95
   ========= Performance Analysis =============
   Setup Time:                      0h 0m 0s 0ms 351us
   Simulation Time (Total):         0h 0m 20s 54ms
   Simulation Time (Active):        0h 0m 5s 922ms
        Queue Processing Time:      0h 0m 5s 916ms
             Scheduling Time:       0h 0m 3s 778ms
             Computation Time:      0h 0m 0s 36ms
   System Clock:                    0.1GHz
   Runtime:                         54236 cycles
   Runtime:                         542.36 us
   Stalls:                          0 cycles
   Executed Nodes:                  54235 cycles

   ========= Kernel Validation Stats ==========
   Kernel validation enabled:       NO
   Configured latency per check:    0 us

   --- Access Breakdown ---
   Total memory accesses (validated): 0
   Cache hits (0 latency):          0
   Validation requests (full lat):  0
   Coalesced waits (partial lat):   0
   Validations denied:              0

   --- Latency Breakdown ---
   Validation request latency:      0 us
   Coalesced wait latency:          0 us
   TOTAL SECURITY OVERHEAD:         0 us
   Avg latency per validation:      0 us
   Avg latency per coalesced wait:  0 us
   Avg overhead per blocked access: 0 us

   --- Cache Statistics ---
   Processes with cached pages:     0
   Unique pages validated (total):  0
   Cache hit rate:                  0%

   ========= IOMMU Stats =====================
   IOMMU enabled:                   YES
   IOMMU SimObject:                 system.tail.iommu

   --- Access Breakdown ---
   Total IOMMU checks:              155227
   IOTLB hits:                      155220
   IOTLB misses (page walks):       7
   IOTLB hit rate:                  99.9955%

   --- Latency Breakdown ---
   TOTAL IOMMU OVERHEAD:            312.19 us
   Avg latency per access:          0.00201118 us

********************************************************************************
system.tail.tail_top.llvm_interface
Total Area: 1300.17
Total Power Static: 15.3973

Total Power Dynamic: 75.678
   ========= Performance Analysis =============
   Setup Time:                      0h 0m 0s 9ms 450us
   Simulation Time (Total):         0h 0m 20s 711ms
   Simulation Time (Active):        0h 0m 0s 99ms
        Queue Processing Time:      0h 0m 0s 91ms
             Scheduling Time:       0h 0m 0s 45ms
             Computation Time:      0h 0m 0s 13ms
   System Clock:                    0.1GHz
   Runtime:                         94337 cycles
   Runtime:                         943.37 us
   Stalls:                          0 cycles
   Executed Nodes:                  94336 cycles

   ========= Kernel Validation Stats ==========
   Kernel validation enabled:       NO
   Configured latency per check:    0 us

   --- Access Breakdown ---
   Total memory accesses (validated): 0
   Cache hits (0 latency):          0
   Validation requests (full lat):  0
   Coalesced waits (partial lat):   0
   Validations denied:              0

   --- Latency Breakdown ---
   Validation request latency:      0 us
   Coalesced wait latency:          0 us
   TOTAL SECURITY OVERHEAD:         0 us
   Avg latency per validation:      0 us
   Avg latency per coalesced wait:  0 us
   Avg overhead per blocked access: 0 us

   --- Cache Statistics ---
   Processes with cached pages:     0
   Unique pages validated (total):  0
   Cache hit rate:                  0%

   ========= IOMMU Stats =====================
   IOMMU enabled:                   YES
   IOMMU SimObject:                 system.tail.iommu

   --- Access Breakdown ---
   Total IOMMU checks:              155230
   IOTLB hits:                      155223
   IOTLB misses (page walks):       7
   IOTLB hit rate:                  99.9955%

   --- Latency Breakdown ---
   TOTAL IOMMU OVERHEAD:            312.196 us
   Avg latency per access:          0.00201118 us

********************************************************************************
system.classifier.classifier_linear.llvm_interface
Total Area: 1.83064e+06
Total Power Static: 149974

Total Power Dynamic: 2.0398e+06
   ========= Performance Analysis =============
   Setup Time:                      0h 0m 0s 531ms 793us
   Simulation Time (Total):         0h 20m 36s 157ms
   Simulation Time (Active):        0h 17m 24s 324ms
        Queue Processing Time:      0h 17m 24s 310ms
             Scheduling Time:       0h 17m 0s 756ms
             Computation Time:      0h 0m 6s 792ms
   System Clock:                    0.1GHz
   Runtime:                         1041787 cycles
   Runtime:                         10417.9 us
   Stalls:                          0 cycles
   Executed Nodes:                  1041786 cycles

   ========= Kernel Validation Stats ==========
   Kernel validation enabled:       NO
   Configured latency per check:    0 us

   --- Access Breakdown ---
   Total memory accesses (validated): 0
   Cache hits (0 latency):          0
   Validation requests (full lat):  0
   Coalesced waits (partial lat):   0
   Validations denied:              0

   --- Latency Breakdown ---
   Validation request latency:      0 us
   Coalesced wait latency:          0 us
   TOTAL SECURITY OVERHEAD:         0 us
   Avg latency per validation:      0 us
   Avg latency per coalesced wait:  0 us
   Avg overhead per blocked access: 0 us

   --- Cache Statistics ---
   Processes with cached pages:     0
   Unique pages validated (total):  0
   Cache hit rate:                  0%

   ========= IOMMU Stats =====================
   IOMMU enabled:                   YES
   IOMMU SimObject:                 system.classifier.iommu

   --- Access Breakdown ---
   Total IOMMU checks:              5168508
   IOTLB hits:                      5168191
   IOTLB misses (page walks):       317
   IOTLB hit rate:                  99.9939%

   --- Latency Breakdown ---
   TOTAL IOMMU OVERHEAD:            10415.6 us
   Avg latency per access:          0.00201521 us

********************************************************************************
system.classifier.classifier_top.llvm_interface
Total Area: 1350.54
Total Power Static: 23.5246

Total Power Dynamic: 115.617
   ========= Performance Analysis =============
   Setup Time:                      0h 0m 0s 26ms 442us
   Simulation Time (Total):         0h 20m 41s 786ms
   Simulation Time (Active):        0h 0m 0s 309ms
        Queue Processing Time:      0h 0m 0s 219ms
             Scheduling Time:       0h 0m 0s 86ms
             Computation Time:      0h 0m 0s 25ms
   System Clock:                    0.1GHz
   Runtime:                         1379482 cycles
   Runtime:                         13794.8 us
   Stalls:                          0 cycles
   Executed Nodes:                  1379481 cycles

   ========= Kernel Validation Stats ==========
   Kernel validation enabled:       NO
   Configured latency per check:    0 us

   --- Access Breakdown ---
   Total memory accesses (validated): 0
   Cache hits (0 latency):          0
   Validation requests (full lat):  0
   Coalesced waits (partial lat):   0
   Validations denied:              0

   --- Latency Breakdown ---
   Validation request latency:      0 us
   Coalesced wait latency:          0 us
   TOTAL SECURITY OVERHEAD:         0 us
   Avg latency per validation:      0 us
   Avg latency per coalesced wait:  0 us
   Avg overhead per blocked access: 0 us

   --- Cache Statistics ---
   Processes with cached pages:     0
   Unique pages validated (total):  0
   Cache hit rate:                  0%

   ========= IOMMU Stats =====================
   IOMMU enabled:                   YES
   IOMMU SimObject:                 system.classifier.iommu

   --- Access Breakdown ---
   Total IOMMU checks:              5168510
   IOTLB hits:                      5168193
   IOTLB misses (page walks):       317
   IOTLB hit rate:                  99.9939%

   --- Latency Breakdown ---
   TOTAL IOMMU OVERHEAD:            10415.6 us
   Avg latency per access:          0.00201521 us

Exiting @ tick 251321113000 because m5_exit instruction encountered
