build/ARM/base/statistics.hh:277: warn: One of the stats is a legacy stat. Legacy stat is a stat that does not belong to any statistics::Group. Legacy stat is deprecated.
Global frequency set at 1000000000000 ticks per second
build/ARM/mem/mem_interface.cc:793: warn: DRAM device capacity (16384 Mbytes) does not match the address range assigned (4096 Mbytes)
build/ARM/sim/kernel_workload.cc:46: info: kernel located at: /gem5-SALAM/benchmarks/mobilenetv2/sw/main.elf
build/ARM/arch/arm/system.cc:95: warn: Highest ARM exception-level set to AArch64 but the workload is for AArch32. Assuming you wanted these to match.
build/ARM/base/vnc/vncserver.cc:163: warn: Sockets disabled, not accepting vnc client connections
build/ARM/dev/serial/terminal.cc:170: warn: Sockets disabled, not accepting terminal connections
build/ARM/mem/coherent_xbar.cc:140: warn: CoherentXBar system.body.coherency_bus has no snooping ports attached!
build/ARM/mem/coherent_xbar.cc:140: warn: CoherentXBar system.classifier.coherency_bus has no snooping ports attached!
build/ARM/base/remote_gdb.cc:377: warn: Sockets disabled, not accepting gdb connections
build/ARM/mem/coherent_xbar.cc:140: warn: CoherentXBar system.head.coherency_bus has no snooping ports attached!
build/ARM/mem/coherent_xbar.cc:140: warn: CoherentXBar system.tail.coherency_bus has no snooping ports attached!
build/ARM/dev/arm/energy_ctrl.cc:252: warn: Existing EnergyCtrl, but no enabled DVFSHandler found.
gem5 Simulator System.  http://gem5.org
gem5 is copyrighted software; use the --copyright option for details.

gem5 version 21.1.0.1
gem5 compiled May  2 2026 19:55:51
gem5 started May  3 2026 06:23:16
gem5 executing on 3b7fb6fd27b8, pid 1325652
command line: /gem5-SALAM/build/ARM/gem5.opt --listener-mode=off --outdir=/gem5-SALAM/BM_ARM_OUT/run_all/mobilenetv2_75/iommu_e8_m1000ns /gem5-SALAM/configs/SALAM/fs_mobilenetv2_75.py --mem-size=4GB --mem-type=DDR4_2400_8x8 --machine-type=VExpress_GEM5_V1 --dtb-file=none --bare-metal --cpu-type=DerivO3CPU --caches --l2cache --kernel=/gem5-SALAM/benchmarks/mobilenetv2/sw/main.elf --disk-image=/gem5-SALAM/benchmarks/common/fake.iso --accpath=/gem5-SALAM/benchmarks/mobilenetv2 --accbench=mobilenetv2_75 --enable-iommu --iotlb-entries 8 --iotlb-hit-latency 2000 --iotlb-miss-latency 1000000

[HWAccConfig] IOMMU ENABLED: entries=8, hit_lat=2000, miss_lat=1000000
head_top Profile Loaded
[HWAccConfig] IOMMU ENABLED: entries=8, hit_lat=2000, miss_lat=1000000
head_NormalConv Profile Loaded
[HWAccConfig] IOMMU ENABLED: entries=8, hit_lat=2000, miss_lat=1000000
head_DWConv Profile Loaded
[HWAccConfig] IOMMU ENABLED: entries=8, hit_lat=2000, miss_lat=1000000
head_PWConv Profile Loaded
[HWAccConfig] IOMMU ENABLED: entries=8, hit_lat=2000, miss_lat=1000000
body_top Profile Loaded
[HWAccConfig] IOMMU ENABLED: entries=8, hit_lat=2000, miss_lat=1000000
body_Residual Profile Loaded
[HWAccConfig] IOMMU ENABLED: entries=8, hit_lat=2000, miss_lat=1000000
body_PWConv0 Profile Loaded
[HWAccConfig] IOMMU ENABLED: entries=8, hit_lat=2000, miss_lat=1000000
body_DWConv Profile Loaded
[HWAccConfig] IOMMU ENABLED: entries=8, hit_lat=2000, miss_lat=1000000
body_PWConv1 Profile Loaded
[HWAccConfig] IOMMU ENABLED: entries=8, hit_lat=2000, miss_lat=1000000
tail_top Profile Loaded
[HWAccConfig] IOMMU ENABLED: entries=8, hit_lat=2000, miss_lat=1000000
tail_PWConv Profile Loaded
[HWAccConfig] IOMMU ENABLED: entries=8, hit_lat=2000, miss_lat=1000000
tail_Reshape Profile Loaded
[HWAccConfig] IOMMU ENABLED: entries=8, hit_lat=2000, miss_lat=1000000
tail_AvgPool Profile Loaded
[HWAccConfig] IOMMU ENABLED: entries=8, hit_lat=2000, miss_lat=1000000
classifier_top Profile Loaded
[HWAccConfig] IOMMU ENABLED: entries=8, hit_lat=2000, miss_lat=1000000
classifier_Linear Profile Loaded
**** REAL SIMULATION ****
warn: iobus.slave is deprecated. `slave` is now called `cpu_side_ports`
warn: bridge.master is deprecated. `master` is now called `mem_side_port`
warn: membus.master is deprecated. `master` is now called `mem_side_ports`
warn: bridge.slave is deprecated. `slave` is now called `cpu_side_port`
warn: membus.slave is deprecated. `slave` is now called `cpu_side_ports`
warn: tol2bus.master is deprecated. `master` is now called `mem_side_ports`
warn: membus.slave is deprecated. `slave` is now called `cpu_side_ports`
warn: tol2bus.slave is deprecated. `slave` is now called `cpu_side_ports`
warn: tol2bus.slave is deprecated. `slave` is now called `cpu_side_ports`
warn: tol2bus.slave is deprecated. `slave` is now called `cpu_side_ports`
warn: tol2bus.slave is deprecated. `slave` is now called `cpu_side_ports`
warn: membus.slave is deprecated. `slave` is now called `cpu_side_ports`
warn: coherency_bus.master is deprecated. `master` is now called `mem_side_ports`
warn: membus.slave is deprecated. `slave` is now called `cpu_side_ports`
warn: coherency_bus.master is deprecated. `master` is now called `mem_side_ports`
warn: membus.slave is deprecated. `slave` is now called `cpu_side_ports`
warn: coherency_bus.master is deprecated. `master` is now called `mem_side_ports`
warn: membus.slave is deprecated. `slave` is now called `cpu_side_ports`
warn: coherency_bus.master is deprecated. `master` is now called `mem_side_ports`
warn: No dot file generated. Please install pydot to generate the dot file and pdf.
build/ARM/sim/simulate.cc:107: info: Entering event queue @ 0.  Starting simulation...
********************************************************************************
system.head.head_top.llvm_interface
Total Area: 3799.78
Total Power Static: 158.974

Total Power Dynamic: 781.262
   ========= Performance Analysis =============
   Setup Time:                      0h 0m 0s 3ms 939us
   Simulation Time (Total):         0h 25m 31s 813ms
   Simulation Time (Active):        0h 0m 1s 615ms
        Queue Processing Time:      0h 0m 1s 417ms
             Scheduling Time:       0h 0m 0s 645ms
             Computation Time:      0h 0m 0s 238ms
   System Clock:                    0.1GHz
   Runtime:                         2197570 cycles
   Runtime:                         21975.7 us
   Stalls:                          0 cycles
   Executed Nodes:                  2197569 cycles

   ========= Kernel Validation Stats ==========
   Kernel validation enabled:       NO
   Configured latency per check:    0 us

   --- Access Breakdown ---
   Total memory accesses (validated): 0
   Cache hits (0 latency):          0
   Validation requests (full lat):  0
   Coalesced waits (partial lat):   0
   Validations denied:              0

   --- Latency Breakdown ---
   Validation request latency:      0 us
   Coalesced wait latency:          0 us
   TOTAL SECURITY OVERHEAD:         0 us
   Avg latency per validation:      0 us
   Avg latency per coalesced wait:  0 us
   Avg overhead per blocked access: 0 us

   --- Cache Statistics ---
   Processes with cached pages:     0
   Unique pages validated (total):  0
   Cache hit rate:                  0%

   ========= IOMMU Stats =====================
   IOMMU enabled:                   YES
   IOMMU SimObject:                 system.head.iommu

   --- Access Breakdown ---
   Total IOMMU checks:              10362355
   IOTLB hits:                      10362353
   IOTLB misses (page walks):       2
   IOTLB hit rate:                  100%

   --- Latency Breakdown ---
   TOTAL IOMMU OVERHEAD:            20726.7 us
   Avg latency per access:          0.00200019 us

********************************************************************************
system.head.head_pwconv.llvm_interface
Total Area: 11678.9
Total Power Static: 2554.71

Total Power Dynamic: 61491.8
   ========= Performance Analysis =============
   Setup Time:                      0h 0m 0s 0ms 556us
   Simulation Time (Total):         0h 29m 41s 257ms
   Simulation Time (Active):        0h 0m 50s 73ms
        Queue Processing Time:      0h 0m 50s 37ms
             Scheduling Time:       0h 0m 17s 936ms
             Computation Time:      0h 0m 0s 405ms
   System Clock:                    0.1GHz
   Runtime:                         2481076 cycles
   Runtime:                         24810.8 us
   Stalls:                          0 cycles
   Executed Nodes:                  2481075 cycles

   ========= Kernel Validation Stats ==========
   Kernel validation enabled:       NO
   Configured latency per check:    0 us

   --- Access Breakdown ---
   Total memory accesses (validated): 0
   Cache hits (0 latency):          0
   Validation requests (full lat):  0
   Coalesced waits (partial lat):   0
   Validations denied:              0

   --- Latency Breakdown ---
   Validation request latency:      0 us
   Coalesced wait latency:          0 us
   TOTAL SECURITY OVERHEAD:         0 us
   Avg latency per validation:      0 us
   Avg latency per coalesced wait:  0 us
   Avg overhead per blocked access: 0 us

   --- Cache Statistics ---
   Processes with cached pages:     0
   Unique pages validated (total):  0
   Cache hit rate:                  0%

   ========= IOMMU Stats =====================
   IOMMU enabled:                   YES
   IOMMU SimObject:                 system.head.iommu

   --- Access Breakdown ---
   Total IOMMU checks:              11683601
   IOTLB hits:                      11683599
   IOTLB misses (page walks):       2
   IOTLB hit rate:                  100%

   --- Latency Breakdown ---
   TOTAL IOMMU OVERHEAD:            23369.2 us
   Avg latency per access:          0.00200017 us

********************************************************************************
system.head.head_dwconv.llvm_interface
Total Area: 116081
Total Power Static: 72931.3

Total Power Dynamic: 869084
   ========= Performance Analysis =============
   Setup Time:                      0h 0m 0s 4ms 672us
   Simulation Time (Total):         0h 29m 41s 294ms
   Simulation Time (Active):        0h 4m 17s 999ms
        Queue Processing Time:      0h 4m 17s 986ms
             Scheduling Time:       0h 3m 41s 6ms
             Computation Time:      0h 0m 4s 48ms
   System Clock:                    0.1GHz
   Runtime:                         2481118 cycles
   Runtime:                         24811.2 us
   Stalls:                          0 cycles
   Executed Nodes:                  2481117 cycles

   ========= Kernel Validation Stats ==========
   Kernel validation enabled:       NO
   Configured latency per check:    0 us

   --- Access Breakdown ---
   Total memory accesses (validated): 0
   Cache hits (0 latency):          0
   Validation requests (full lat):  0
   Coalesced waits (partial lat):   0
   Validations denied:              0

   --- Latency Breakdown ---
   Validation request latency:      0 us
   Coalesced wait latency:          0 us
   TOTAL SECURITY OVERHEAD:         0 us
   Avg latency per validation:      0 us
   Avg latency per coalesced wait:  0 us
   Avg overhead per blocked access: 0 us

   --- Cache Statistics ---
   Processes with cached pages:     0
   Unique pages validated (total):  0
   Cache hit rate:                  0%

   ========= IOMMU Stats =====================
   IOMMU enabled:                   YES
   IOMMU SimObject:                 system.head.iommu

   --- Access Breakdown ---
   Total IOMMU checks:              11683733
   IOTLB hits:                      11683731
   IOTLB misses (page walks):       2
   IOTLB hit rate:                  100%

   --- Latency Breakdown ---
   TOTAL IOMMU OVERHEAD:            23369.5 us
   Avg latency per access:          0.00200017 us

********************************************************************************
system.head.head_normalconv.llvm_interface
Total Area: 200127
Total Power Static: 259429

Total Power Dynamic: 6.41728e+06
   ========= Performance Analysis =============
   Setup Time:                      0h 0m 0s 11ms 40us
   Simulation Time (Total):         0h 29m 46s 930ms
   Simulation Time (Active):        0h 22m 37s 354ms
        Queue Processing Time:      0h 22m 37s 667ms
             Scheduling Time:       0h 20m 14s 368ms
             Computation Time:      0h 0m 17s 18ms
   System Clock:                    0.1GHz
   Runtime:                         2486704 cycles
   Runtime:                         24867 us
   Stalls:                          0 cycles
   Executed Nodes:                  2486703 cycles

   ========= Kernel Validation Stats ==========
   Kernel validation enabled:       NO
   Configured latency per check:    0 us

   --- Access Breakdown ---
   Total memory accesses (validated): 0
   Cache hits (0 latency):          0
   Validation requests (full lat):  0
   Coalesced waits (partial lat):   0
   Validations denied:              0

   --- Latency Breakdown ---
   Validation request latency:      0 us
   Coalesced wait latency:          0 us
   TOTAL SECURITY OVERHEAD:         0 us
   Avg latency per validation:      0 us
   Avg latency per coalesced wait:  0 us
   Avg overhead per blocked access: 0 us

   --- Cache Statistics ---
   Processes with cached pages:     0
   Unique pages validated (total):  0
   Cache hit rate:                  0%

   ========= IOMMU Stats =====================
   IOMMU enabled:                   YES
   IOMMU SimObject:                 system.head.iommu

   --- Access Breakdown ---
   Total IOMMU checks:              11708184
   IOTLB hits:                      11708182
   IOTLB misses (page walks):       2
   IOTLB hit rate:                  100%

   --- Latency Breakdown ---
   TOTAL IOMMU OVERHEAD:            23418.4 us
   Avg latency per access:          0.00200017 us

********************************************************************************
system.body.body_residual.llvm_interface
Total Area: 538.329
Total Power Static: 87.7635

Total Power Dynamic: 263.175
   ========= Performance Analysis =============
   Setup Time:                      0h 0m 0s 0ms 504us
   Simulation Time (Total):         0h 50m 22s 539ms
   Simulation Time (Active):        0h 0m 2s 172ms
        Queue Processing Time:      0h 0m 1s 126ms
             Scheduling Time:       0h 0m 0s 161ms
             Computation Time:      0h 0m 0s 16ms
   System Clock:                    0.1GHz
   Runtime:                         31825016 cycles
   Runtime:                         318250 us
   Stalls:                          0 cycles
   Executed Nodes:                  31825015 cycles

   ========= Kernel Validation Stats ==========
   Kernel validation enabled:       NO
   Configured latency per check:    0 us

   --- Access Breakdown ---
   Total memory accesses (validated): 0
   Cache hits (0 latency):          0
   Validation requests (full lat):  0
   Coalesced waits (partial lat):   0
   Validations denied:              0

   --- Latency Breakdown ---
   Validation request latency:      0 us
   Coalesced wait latency:          0 us
   TOTAL SECURITY OVERHEAD:         0 us
   Avg latency per validation:      0 us
   Avg latency per coalesced wait:  0 us
   Avg overhead per blocked access: 0 us

   --- Cache Statistics ---
   Processes with cached pages:     0
   Unique pages validated (total):  0
   Cache hit rate:                  0%

   ========= IOMMU Stats =====================
   IOMMU enabled:                   YES
   IOMMU SimObject:                 system.body.iommu

   --- Access Breakdown ---
   Total IOMMU checks:              8604934
   IOTLB hits:                      8304100
   IOTLB misses (page walks):       300834
   IOTLB hit rate:                  96.5039%

   --- Latency Breakdown ---
   TOTAL IOMMU OVERHEAD:            317442 us
   Avg latency per access:          0.0368907 us

********************************************************************************
system.body.body_pwconv0.llvm_interface
Total Area: 12037.8
Total Power Static: 15393.1

Total Power Dynamic: 366196
   ========= Performance Analysis =============
   Setup Time:                      0h 0m 0s 0ms 856us
   Simulation Time (Total):         0h 50m 37s 962ms
   Simulation Time (Active):        0h 4m 50s 674ms
        Queue Processing Time:      0h 4m 50s 476ms
             Scheduling Time:       0h 3m 15s 870ms
             Computation Time:      0h 0m 2s 914ms
   System Clock:                    0.1GHz
   Runtime:                         32027945 cycles
   Runtime:                         320279 us
   Stalls:                          0 cycles
   Executed Nodes:                  32027944 cycles

   ========= Kernel Validation Stats ==========
   Kernel validation enabled:       NO
   Configured latency per check:    0 us

   --- Access Breakdown ---
   Total memory accesses (validated): 0
   Cache hits (0 latency):          0
   Validation requests (full lat):  0
   Coalesced waits (partial lat):   0
   Validations denied:              0

   --- Latency Breakdown ---
   Validation request latency:      0 us
   Coalesced wait latency:          0 us
   TOTAL SECURITY OVERHEAD:         0 us
   Avg latency per validation:      0 us
   Avg latency per coalesced wait:  0 us
   Avg overhead per blocked access: 0 us

   --- Cache Statistics ---
   Processes with cached pages:     0
   Unique pages validated (total):  0
   Cache hit rate:                  0%

   ========= IOMMU Stats =====================
   IOMMU enabled:                   YES
   IOMMU SimObject:                 system.body.iommu

   --- Access Breakdown ---
   Total IOMMU checks:              8654758
   IOTLB hits:                      8351994
   IOTLB misses (page walks):       302764
   IOTLB hit rate:                  96.5018%

   --- Latency Breakdown ---
   TOTAL IOMMU OVERHEAD:            319468 us
   Avg latency per access:          0.0369124 us

********************************************************************************
system.body.body_pwconv1.llvm_interface
Total Area: 749685
Total Power Static: 185773

Total Power Dynamic: 1.83603e+06
   ========= Performance Analysis =============
   Setup Time:                      0h 0m 0s 135ms 684us
   Simulation Time (Total):         0h 51m 2s 845ms
   Simulation Time (Active):        0h 9m 50s 332ms
        Queue Processing Time:      0h 9m 50s 266ms
             Scheduling Time:       0h 8m 15s 598ms
             Computation Time:      0h 0m 11s 107ms
   System Clock:                    0.1GHz
   Runtime:                         32050194 cycles
   Runtime:                         320502 us
   Stalls:                          0 cycles
   Executed Nodes:                  32050193 cycles

   ========= Kernel Validation Stats ==========
   Kernel validation enabled:       NO
   Configured latency per check:    0 us

   --- Access Breakdown ---
   Total memory accesses (validated): 0
   Cache hits (0 latency):          0
   Validation requests (full lat):  0
   Coalesced waits (partial lat):   0
   Validations denied:              0

   --- Latency Breakdown ---
   Validation request latency:      0 us
   Coalesced wait latency:          0 us
   TOTAL SECURITY OVERHEAD:         0 us
   Avg latency per validation:      0 us
   Avg latency per coalesced wait:  0 us
   Avg overhead per blocked access: 0 us

   --- Cache Statistics ---
   Processes with cached pages:     0
   Unique pages validated (total):  0
   Cache hit rate:                  0%

   ========= IOMMU Stats =====================
   IOMMU enabled:                   YES
   IOMMU SimObject:                 system.body.iommu

   --- Access Breakdown ---
   Total IOMMU checks:              8750983
   IOTLB hits:                      8448219
   IOTLB misses (page walks):       302764
   IOTLB hit rate:                  96.5402%

   --- Latency Breakdown ---
   TOTAL IOMMU OVERHEAD:            319660 us
   Avg latency per access:          0.0365285 us

********************************************************************************
system.body.body_dwconv.llvm_interface
Total Area: 129609
Total Power Static: 229952

Total Power Dynamic: 2.63548e+06
   ========= Performance Analysis =============
   Setup Time:                      0h 0m 0s 9ms 36us
   Simulation Time (Total):         0h 51m 3s 17ms
   Simulation Time (Active):        0h 22m 12s 640ms
        Queue Processing Time:      0h 22m 12s 915ms
             Scheduling Time:       0h 20m 37s 48ms
             Computation Time:      0h 0m 13s 842ms
   System Clock:                    0.1GHz
   Runtime:                         32050625 cycles
   Runtime:                         320506 us
   Stalls:                          0 cycles
   Executed Nodes:                  32050624 cycles

   ========= Kernel Validation Stats ==========
   Kernel validation enabled:       NO
   Configured latency per check:    0 us

   --- Access Breakdown ---
   Total memory accesses (validated): 0
   Cache hits (0 latency):          0
   Validation requests (full lat):  0
   Coalesced waits (partial lat):   0
   Validations denied:              0

   --- Latency Breakdown ---
   Validation request latency:      0 us
   Coalesced wait latency:          0 us
   TOTAL SECURITY OVERHEAD:         0 us
   Avg latency per validation:      0 us
   Avg latency per coalesced wait:  0 us
   Avg overhead per blocked access: 0 us

   --- Cache Statistics ---
   Processes with cached pages:     0
   Unique pages validated (total):  0
   Cache hit rate:                  0%

   ========= IOMMU Stats =====================
   IOMMU enabled:                   YES
   IOMMU SimObject:                 system.body.iommu

   --- Access Breakdown ---
   Total IOMMU checks:              8752716
   IOTLB hits:                      8449952
   IOTLB misses (page walks):       302764
   IOTLB hit rate:                  96.5409%

   --- Latency Breakdown ---
   TOTAL IOMMU OVERHEAD:            319664 us
   Avg latency per access:          0.0365217 us

********************************************************************************
system.body.body_top.llvm_interface
Total Area: 3749.41
Total Power Static: 0.961013

Total Power Dynamic: 4.76126
   ========= Performance Analysis =============
   Setup Time:                      0h 0m 0s 9ms 76us
   Simulation Time (Total):         0h 51m 15s 886ms
   Simulation Time (Active):        0h 0m 2s 528ms
        Queue Processing Time:      0h 0m 1s 426ms
             Scheduling Time:       0h 0m 0s 374ms
             Computation Time:      0h 0m 0s 102ms
   System Clock:                    0.1GHz
   Runtime:                         32069647 cycles
   Runtime:                         320696 us
   Stalls:                          0 cycles
   Executed Nodes:                  32069646 cycles

   ========= Kernel Validation Stats ==========
   Kernel validation enabled:       NO
   Configured latency per check:    0 us

   --- Access Breakdown ---
   Total memory accesses (validated): 0
   Cache hits (0 latency):          0
   Validation requests (full lat):  0
   Coalesced waits (partial lat):   0
   Validations denied:              0

   --- Latency Breakdown ---
   Validation request latency:      0 us
   Coalesced wait latency:          0 us
   TOTAL SECURITY OVERHEAD:         0 us
   Avg latency per validation:      0 us
   Avg latency per coalesced wait:  0 us
   Avg overhead per blocked access: 0 us

   --- Cache Statistics ---
   Processes with cached pages:     0
   Unique pages validated (total):  0
   Cache hit rate:                  0%

   ========= IOMMU Stats =====================
   IOMMU enabled:                   YES
   IOMMU SimObject:                 system.body.iommu

   --- Access Breakdown ---
   Total IOMMU checks:              8752719
   IOTLB hits:                      8449955
   IOTLB misses (page walks):       302764
   IOTLB hit rate:                  96.5409%

   --- Latency Breakdown ---
   TOTAL IOMMU OVERHEAD:            319664 us
   Avg latency per access:          0.0365217 us

********************************************************************************
system.body.body_residual.llvm_interface
Total Area: 1076.66
Total Power Static: 21.9391

Total Power Dynamic: 65.7937
   ========= Performance Analysis =============
   Setup Time:                      0h 0m 0s 0ms 489us
   Simulation Time (Total):         0h 18m 21s 476ms
   Simulation Time (Active):        0h 0m 0s 890ms
        Queue Processing Time:      0h 0m 0s 375ms
             Scheduling Time:       0h 0m 0s 40ms
             Computation Time:      0h 0m 0s 3ms
   System Clock:                    0.1GHz
   Runtime:                         8579213 cycles
   Runtime:                         85792.1 us
   Stalls:                          0 cycles
   Executed Nodes:                  8579212 cycles

   ========= Kernel Validation Stats ==========
   Kernel validation enabled:       NO
   Configured latency per check:    0 us

   --- Access Breakdown ---
   Total memory accesses (validated): 0
   Cache hits (0 latency):          0
   Validation requests (full lat):  0
   Coalesced waits (partial lat):   0
   Validations denied:              0

   --- Latency Breakdown ---
   Validation request latency:      0 us
   Coalesced wait latency:          0 us
   TOTAL SECURITY OVERHEAD:         0 us
   Avg latency per validation:      0 us
   Avg latency per coalesced wait:  0 us
   Avg overhead per blocked access: 0 us

   --- Cache Statistics ---
   Processes with cached pages:     0
   Unique pages validated (total):  0
   Cache hit rate:                  0%

   ========= IOMMU Stats =====================
   IOMMU enabled:                   YES
   IOMMU SimObject:                 system.body.iommu

   --- Access Breakdown ---
   Total IOMMU checks:              12597385
   IOTLB hits:                      12217695
   IOTLB misses (page walks):       379690
   IOTLB hit rate:                  96.986%

   --- Latency Breakdown ---
   TOTAL IOMMU OVERHEAD:            404125 us
   Avg latency per access:          0.0320801 us

********************************************************************************
system.body.body_pwconv0.llvm_interface
Total Area: 24075.6
Total Power Static: 3848.3

Total Power Dynamic: 91549.2
   ========= Performance Analysis =============
   Setup Time:                      0h 0m 0s 0ms 743us
   Simulation Time (Total):         0h 18m 44s 765ms
   Simulation Time (Active):        0h 1m 7s 962ms
        Queue Processing Time:      0h 1m 7s 941ms
             Scheduling Time:       0h 0m 44s 362ms
             Computation Time:      0h 0m 0s 704ms
   System Clock:                    0.1GHz
   Runtime:                         8775709 cycles
   Runtime:                         87757.1 us
   Stalls:                          0 cycles
   Executed Nodes:                  8775708 cycles

   ========= Kernel Validation Stats ==========
   Kernel validation enabled:       NO
   Configured latency per check:    0 us

   --- Access Breakdown ---
   Total memory accesses (validated): 0
   Cache hits (0 latency):          0
   Validation requests (full lat):  0
   Coalesced waits (partial lat):   0
   Validations denied:              0

   --- Latency Breakdown ---
   Validation request latency:      0 us
   Coalesced wait latency:          0 us
   TOTAL SECURITY OVERHEAD:         0 us
   Avg latency per validation:      0 us
   Avg latency per coalesced wait:  0 us
   Avg overhead per blocked access: 0 us

   --- Cache Statistics ---
   Processes with cached pages:     0
   Unique pages validated (total):  0
   Cache hit rate:                  0%

   ========= IOMMU Stats =====================
   IOMMU enabled:                   YES
   IOMMU SimObject:                 system.body.iommu

   --- Access Breakdown ---
   Total IOMMU checks:              12677282
   IOTLB hits:                      12295787
   IOTLB misses (page walks):       381495
   IOTLB hit rate:                  96.9907%

   --- Latency Breakdown ---
   TOTAL IOMMU OVERHEAD:            406087 us
   Avg latency per access:          0.0320326 us

********************************************************************************
system.body.body_dwconv.llvm_interface
Total Area: 259219
Total Power Static: 56863.8

Total Power Dynamic: 649870
   ========= Performance Analysis =============
   Setup Time:                      0h 0m 0s 8ms 496us
   Simulation Time (Total):         0h 19m 21s 955ms
   Simulation Time (Active):        0h 5m 32s 630ms
        Queue Processing Time:      0h 5m 32s 590ms
             Scheduling Time:       0h 5m 4s 446ms
             Computation Time:      0h 0m 3s 660ms
   System Clock:                    0.1GHz
   Runtime:                         8853055 cycles
   Runtime:                         88530.6 us
   Stalls:                          0 cycles
   Executed Nodes:                  8853054 cycles

   ========= Kernel Validation Stats ==========
   Kernel validation enabled:       NO
   Configured latency per check:    0 us

   --- Access Breakdown ---
   Total memory accesses (validated): 0
   Cache hits (0 latency):          0
   Validation requests (full lat):  0
   Coalesced waits (partial lat):   0
   Validations denied:              0

   --- Latency Breakdown ---
   Validation request latency:      0 us
   Coalesced wait latency:          0 us
   TOTAL SECURITY OVERHEAD:         0 us
   Avg latency per validation:      0 us
   Avg latency per coalesced wait:  0 us
   Avg overhead per blocked access: 0 us

   --- Cache Statistics ---
   Processes with cached pages:     0
   Unique pages validated (total):  0
   Cache hit rate:                  0%

   ========= IOMMU Stats =====================
   IOMMU enabled:                   YES
   IOMMU SimObject:                 system.body.iommu

   --- Access Breakdown ---
   Total IOMMU checks:              12833416
   IOTLB hits:                      12451590
   IOTLB misses (page walks):       381826
   IOTLB hit rate:                  97.0248%

   --- Latency Breakdown ---
   TOTAL IOMMU OVERHEAD:            406729 us
   Avg latency per access:          0.031693 us

********************************************************************************
system.body.body_pwconv1.llvm_interface
Total Area: 1.49937e+06
Total Power Static: 185773

Total Power Dynamic: 1.83603e+06
   ========= Performance Analysis =============
   Setup Time:                      0h 0m 0s 136ms 46us
   Simulation Time (Total):         0h 19m 22s 537ms
   Simulation Time (Active):        0h 9m 19s 116ms
        Queue Processing Time:      0h 9m 19s 138ms
             Scheduling Time:       0h 8m 6s 952ms
             Computation Time:      0h 0m 10s 949ms
   System Clock:                    0.1GHz
   Runtime:                         8859941 cycles
   Runtime:                         88599.4 us
   Stalls:                          0 cycles
   Executed Nodes:                  8859940 cycles

   ========= Kernel Validation Stats ==========
   Kernel validation enabled:       NO
   Configured latency per check:    0 us

   --- Access Breakdown ---
   Total memory accesses (validated): 0
   Cache hits (0 latency):          0
   Validation requests (full lat):  0
   Coalesced waits (partial lat):   0
   Validations denied:              0

   --- Latency Breakdown ---
   Validation request latency:      0 us
   Coalesced wait latency:          0 us
   TOTAL SECURITY OVERHEAD:         0 us
   Avg latency per validation:      0 us
   Avg latency per coalesced wait:  0 us
   Avg overhead per blocked access: 0 us

   --- Cache Statistics ---
   Processes with cached pages:     0
   Unique pages validated (total):  0
   Cache hit rate:                  0%

   ========= IOMMU Stats =====================
   IOMMU enabled:                   YES
   IOMMU SimObject:                 system.body.iommu

   --- Access Breakdown ---
   Total IOMMU checks:              12840919
   IOTLB hits:                      12459093
   IOTLB misses (page walks):       381826
   IOTLB hit rate:                  97.0265%

   --- Latency Breakdown ---
   TOTAL IOMMU OVERHEAD:            406744 us
   Avg latency per access:          0.0316756 us

********************************************************************************
system.body.body_top.llvm_interface
Total Area: 7498.83
Total Power Static: 0.961624

Total Power Dynamic: 4.76427
   ========= Performance Analysis =============
   Setup Time:                      0h 0m 0s 7ms 361us
   Simulation Time (Total):         0h 19m 23s 154ms
   Simulation Time (Active):        0h 0m 1s 192ms
        Queue Processing Time:      0h 0m 0s 573ms
             Scheduling Time:       0h 0m 0s 127ms
             Computation Time:      0h 0m 0s 33ms
   System Clock:                    0.1GHz
   Runtime:                         8878580 cycles
   Runtime:                         88785.8 us
   Stalls:                          0 cycles
   Executed Nodes:                  8878579 cycles

   ========= Kernel Validation Stats ==========
   Kernel validation enabled:       NO
   Configured latency per check:    0 us

   --- Access Breakdown ---
   Total memory accesses (validated): 0
   Cache hits (0 latency):          0
   Validation requests (full lat):  0
   Coalesced waits (partial lat):   0
   Validations denied:              0

   --- Latency Breakdown ---
   Validation request latency:      0 us
   Coalesced wait latency:          0 us
   TOTAL SECURITY OVERHEAD:         0 us
   Avg latency per validation:      0 us
   Avg latency per coalesced wait:  0 us
   Avg overhead per blocked access: 0 us

   --- Cache Statistics ---
   Processes with cached pages:     0
   Unique pages validated (total):  0
   Cache hit rate:                  0%

   ========= IOMMU Stats =====================
   IOMMU enabled:                   YES
   IOMMU SimObject:                 system.body.iommu

   --- Access Breakdown ---
   Total IOMMU checks:              12840921
   IOTLB hits:                      12459095
   IOTLB misses (page walks):       381826
   IOTLB hit rate:                  97.0265%

   --- Latency Breakdown ---
   TOTAL IOMMU OVERHEAD:            406744 us
   Avg latency per access:          0.0316756 us

********************************************************************************
system.body.body_residual.llvm_interface
Total Area: 1614.99
Total Power Static: 32.9098

Total Power Dynamic: 131.587
   ========= Performance Analysis =============
   Setup Time:                      0h 0m 0s 0ms 417us
   Simulation Time (Total):         0h 12m 6s 451ms
   Simulation Time (Active):        0h 0m 0s 696ms
        Queue Processing Time:      0h 0m 0s 310ms
             Scheduling Time:       0h 0m 0s 50ms
             Computation Time:      0h 0m 0s 7ms
   System Clock:                    0.1GHz
   Runtime:                         6397410 cycles
   Runtime:                         63974.1 us
   Stalls:                          0 cycles
   Executed Nodes:                  6397409 cycles

   ========= Kernel Validation Stats ==========
   Kernel validation enabled:       NO
   Configured latency per check:    0 us

   --- Access Breakdown ---
   Total memory accesses (validated): 0
   Cache hits (0 latency):          0
   Validation requests (full lat):  0
   Coalesced waits (partial lat):   0
   Validations denied:              0

   --- Latency Breakdown ---
   Validation request latency:      0 us
   Coalesced wait latency:          0 us
   TOTAL SECURITY OVERHEAD:         0 us
   Avg latency per validation:      0 us
   Avg latency per coalesced wait:  0 us
   Avg overhead per blocked access: 0 us

   --- Cache Statistics ---
   Processes with cached pages:     0
   Unique pages validated (total):  0
   Cache hit rate:                  0%

   ========= IOMMU Stats =====================
   IOMMU enabled:                   YES
   IOMMU SimObject:                 system.body.iommu

   --- Access Breakdown ---
   Total IOMMU checks:              15431375
   IOTLB hits:                      14990795
   IOTLB misses (page walks):       440580
   IOTLB hit rate:                  97.1449%

   --- Latency Breakdown ---
   TOTAL IOMMU OVERHEAD:            470562 us
   Avg latency per access:          0.0304938 us

********************************************************************************
system.body.body_pwconv0.llvm_interface
Total Area: 36113.4
Total Power Static: 3848.3

Total Power Dynamic: 91549.2
   ========= Performance Analysis =============
   Setup Time:                      0h 0m 0s 0ms 748us
   Simulation Time (Total):         0h 12m 33s 893ms
   Simulation Time (Active):        0h 1m 4s 364ms
        Queue Processing Time:      0h 1m 4s 341ms
             Scheduling Time:       0h 0m 43s 433ms
             Computation Time:      0h 0m 0s 698ms
   System Clock:                    0.1GHz
   Runtime:                         6664097 cycles
   Runtime:                         66641 us
   Stalls:                          0 cycles
   Executed Nodes:                  6664096 cycles

   ========= Kernel Validation Stats ==========
   Kernel validation enabled:       NO
   Configured latency per check:    0 us

   --- Access Breakdown ---
   Total memory accesses (validated): 0
   Cache hits (0 latency):          0
   Validation requests (full lat):  0
   Coalesced waits (partial lat):   0
   Validations denied:              0

   --- Latency Breakdown ---
   Validation request latency:      0 us
   Coalesced wait latency:          0 us
   TOTAL SECURITY OVERHEAD:         0 us
   Avg latency per validation:      0 us
   Avg latency per coalesced wait:  0 us
   Avg overhead per blocked access: 0 us

   --- Cache Statistics ---
   Processes with cached pages:     0
   Unique pages validated (total):  0
   Cache hit rate:                  0%

   ========= IOMMU Stats =====================
   IOMMU enabled:                   YES
   IOMMU SimObject:                 system.body.iommu

   --- Access Breakdown ---
   Total IOMMU checks:              15531851
   IOTLB hits:                      15088803
   IOTLB misses (page walks):       443048
   IOTLB hit rate:                  97.1475%

   --- Latency Breakdown ---
   TOTAL IOMMU OVERHEAD:            473226 us
   Avg latency per access:          0.0304681 us

********************************************************************************
system.body.body_pwconv1.llvm_interface
Total Area: 2.24905e+06
Total Power Static: 92541.7

Total Power Dynamic: 914996
   ========= Performance Analysis =============
   Setup Time:                      0h 0m 0s 141ms 509us
   Simulation Time (Total):         0h 12m 46s 786ms
   Simulation Time (Active):        0h 3m 47s 758ms
        Queue Processing Time:      0h 3m 47s 728ms
             Scheduling Time:       0h 3m 21s 652ms
             Computation Time:      0h 0m 5s 678ms
   System Clock:                    0.1GHz
   Runtime:                         6675694 cycles
   Runtime:                         66756.9 us
   Stalls:                          0 cycles
   Executed Nodes:                  6675693 cycles

   ========= Kernel Validation Stats ==========
   Kernel validation enabled:       NO
   Configured latency per check:    0 us

   --- Access Breakdown ---
   Total memory accesses (validated): 0
   Cache hits (0 latency):          0
   Validation requests (full lat):  0
   Coalesced waits (partial lat):   0
   Validations denied:              0

   --- Latency Breakdown ---
   Validation request latency:      0 us
   Coalesced wait latency:          0 us
   TOTAL SECURITY OVERHEAD:         0 us
   Avg latency per validation:      0 us
   Avg latency per coalesced wait:  0 us
   Avg overhead per blocked access: 0 us

   --- Cache Statistics ---
   Processes with cached pages:     0
   Unique pages validated (total):  0
   Cache hit rate:                  0%

   ========= IOMMU Stats =====================
   IOMMU enabled:                   YES
   IOMMU SimObject:                 system.body.iommu

   --- Access Breakdown ---
   Total IOMMU checks:              15582737
   IOTLB hits:                      15139689
   IOTLB misses (page walks):       443048
   IOTLB hit rate:                  97.1568%

   --- Latency Breakdown ---
   TOTAL IOMMU OVERHEAD:            473327 us
   Avg latency per access:          0.0303751 us

********************************************************************************
system.body.body_dwconv.llvm_interface
Total Area: 388828
Total Power Static: 56814.8

Total Power Dynamic: 649870
   ========= Performance Analysis =============
   Setup Time:                      0h 0m 0s 8ms 354us
   Simulation Time (Total):         0h 12m 46s 978ms
   Simulation Time (Active):        0h 5m 23s 609ms
        Queue Processing Time:      0h 5m 23s 576ms
             Scheduling Time:       0h 4m 58s 910ms
             Computation Time:      0h 0m 3s 638ms
   System Clock:                    0.1GHz
   Runtime:                         6676111 cycles
   Runtime:                         66761.1 us
   Stalls:                          0 cycles
   Executed Nodes:                  6676110 cycles

   ========= Kernel Validation Stats ==========
   Kernel validation enabled:       NO
   Configured latency per check:    0 us

   --- Access Breakdown ---
   Total memory accesses (validated): 0
   Cache hits (0 latency):          0
   Validation requests (full lat):  0
   Coalesced waits (partial lat):   0
   Validations denied:              0

   --- Latency Breakdown ---
   Validation request latency:      0 us
   Coalesced wait latency:          0 us
   TOTAL SECURITY OVERHEAD:         0 us
   Avg latency per validation:      0 us
   Avg latency per coalesced wait:  0 us
   Avg overhead per blocked access: 0 us

   --- Cache Statistics ---
   Processes with cached pages:     0
   Unique pages validated (total):  0
   Cache hit rate:                  0%

   ========= IOMMU Stats =====================
   IOMMU enabled:                   YES
   IOMMU SimObject:                 system.body.iommu

   --- Access Breakdown ---
   Total IOMMU checks:              15584402
   IOTLB hits:                      15141354
   IOTLB misses (page walks):       443048
   IOTLB hit rate:                  97.1571%

   --- Latency Breakdown ---
   TOTAL IOMMU OVERHEAD:            473331 us
   Avg latency per access:          0.0303721 us

********************************************************************************
system.body.body_top.llvm_interface
Total Area: 11248.2
Total Power Static: 0.959791

Total Power Dynamic: 4.75526
   ========= Performance Analysis =============
   Setup Time:                      0h 0m 0s 7ms 472us
   Simulation Time (Total):         0h 12m 47s 478ms
   Simulation Time (Active):        0h 0m 0s 871ms
        Queue Processing Time:      0h 0m 0s 401ms
             Scheduling Time:       0h 0m 0s 91ms
             Computation Time:      0h 0m 0s 24ms
   System Clock:                    0.1GHz
   Runtime:                         6694817 cycles
   Runtime:                         66948.2 us
   Stalls:                          0 cycles
   Executed Nodes:                  6694816 cycles

   ========= Kernel Validation Stats ==========
   Kernel validation enabled:       NO
   Configured latency per check:    0 us

   --- Access Breakdown ---
   Total memory accesses (validated): 0
   Cache hits (0 latency):          0
   Validation requests (full lat):  0
   Coalesced waits (partial lat):   0
   Validations denied:              0

   --- Latency Breakdown ---
   Validation request latency:      0 us
   Coalesced wait latency:          0 us
   TOTAL SECURITY OVERHEAD:         0 us
   Avg latency per validation:      0 us
   Avg latency per coalesced wait:  0 us
   Avg overhead per blocked access: 0 us

   --- Cache Statistics ---
   Processes with cached pages:     0
   Unique pages validated (total):  0
   Cache hit rate:                  0%

   ========= IOMMU Stats =====================
   IOMMU enabled:                   YES
   IOMMU SimObject:                 system.body.iommu

   --- Access Breakdown ---
   Total IOMMU checks:              15584405
   IOTLB hits:                      15141357
   IOTLB misses (page walks):       443048
   IOTLB hit rate:                  97.1571%

   --- Latency Breakdown ---
   TOTAL IOMMU OVERHEAD:            473331 us
   Avg latency per access:          0.0303721 us

********************************************************************************
system.body.body_residual.llvm_interface
Total Area: 2153.32
Total Power Static: 10.9684

Total Power Dynamic: 32.8969
   ========= Performance Analysis =============
   Setup Time:                      0h 0m 0s 0ms 410us
   Simulation Time (Total):         0h 7m 22s 861ms
   Simulation Time (Active):        0h 0m 0s 363ms
        Queue Processing Time:      0h 0m 0s 156ms
             Scheduling Time:       0h 0m 0s 18ms
             Computation Time:      0h 0m 0s 1ms
   System Clock:                    0.1GHz
   Runtime:                         3382817 cycles
   Runtime:                         33828.2 us
   Stalls:                          0 cycles
   Executed Nodes:                  3382816 cycles

   ========= Kernel Validation Stats ==========
   Kernel validation enabled:       NO
   Configured latency per check:    0 us

   --- Access Breakdown ---
   Total memory accesses (validated): 0
   Cache hits (0 latency):          0
   Validation requests (full lat):  0
   Coalesced waits (partial lat):   0
   Validations denied:              0

   --- Latency Breakdown ---
   Validation request latency:      0 us
   Coalesced wait latency:          0 us
   TOTAL SECURITY OVERHEAD:         0 us
   Avg latency per validation:      0 us
   Avg latency per coalesced wait:  0 us
   Avg overhead per blocked access: 0 us

   --- Cache Statistics ---
   Processes with cached pages:     0
   Unique pages validated (total):  0
   Cache hit rate:                  0%

   ========= IOMMU Stats =====================
   IOMMU enabled:                   YES
   IOMMU SimObject:                 system.body.iommu

   --- Access Breakdown ---
   Total IOMMU checks:              17273107
   IOTLB hits:                      16799789
   IOTLB misses (page walks):       473318
   IOTLB hit rate:                  97.2598%

   --- Latency Breakdown ---
   TOTAL IOMMU OVERHEAD:            506918 us
   Avg latency per access:          0.0293472 us

********************************************************************************
system.body.body_pwconv0.llvm_interface
Total Area: 48151.2
Total Power Static: 1866.67

Total Power Dynamic: 45269.9
   ========= Performance Analysis =============
   Setup Time:                      0h 0m 0s 0ms 782us
   Simulation Time (Total):         0h 7m 54s 792ms
   Simulation Time (Active):        0h 0m 27s 788ms
        Queue Processing Time:      0h 0m 27s 758ms
             Scheduling Time:       0h 0m 15s 925ms
             Computation Time:      0h 0m 0s 336ms
   System Clock:                    0.1GHz
   Runtime:                         3628068 cycles
   Runtime:                         36280.7 us
   Stalls:                          0 cycles
   Executed Nodes:                  3628067 cycles

   ========= Kernel Validation Stats ==========
   Kernel validation enabled:       NO
   Configured latency per check:    0 us

   --- Access Breakdown ---
   Total memory accesses (validated): 0
   Cache hits (0 latency):          0
   Validation requests (full lat):  0
   Coalesced waits (partial lat):   0
   Validations denied:              0

   --- Latency Breakdown ---
   Validation request latency:      0 us
   Coalesced wait latency:          0 us
   TOTAL SECURITY OVERHEAD:         0 us
   Avg latency per validation:      0 us
   Avg latency per coalesced wait:  0 us
   Avg overhead per blocked access: 0 us

   --- Cache Statistics ---
   Processes with cached pages:     0
   Unique pages validated (total):  0
   Cache hit rate:                  0%

   ========= IOMMU Stats =====================
   IOMMU enabled:                   YES
   IOMMU SimObject:                 system.body.iommu

   --- Access Breakdown ---
   Total IOMMU checks:              17394684
   IOTLB hits:                      16919155
   IOTLB misses (page walks):       475529
   IOTLB hit rate:                  97.2662%

   --- Latency Breakdown ---
   TOTAL IOMMU OVERHEAD:            509367 us
   Avg latency per access:          0.0292829 us

********************************************************************************
system.body.body_dwconv.llvm_interface
Total Area: 518438
Total Power Static: 27794.7

Total Power Dynamic: 316697
   ========= Performance Analysis =============
   Setup Time:                      0h 0m 0s 9ms 278us
   Simulation Time (Total):         0h 8m 30s 655ms
   Simulation Time (Active):        0h 2m 45s 923ms
        Queue Processing Time:      0h 2m 45s 895ms
             Scheduling Time:       0h 2m 31s 632ms
             Computation Time:      0h 0m 1s 823ms
   System Clock:                    0.1GHz
   Runtime:                         3705534 cycles
   Runtime:                         37055.3 us
   Stalls:                          0 cycles
   Executed Nodes:                  3705533 cycles

   ========= Kernel Validation Stats ==========
   Kernel validation enabled:       NO
   Configured latency per check:    0 us

   --- Access Breakdown ---
   Total memory accesses (validated): 0
   Cache hits (0 latency):          0
   Validation requests (full lat):  0
   Coalesced waits (partial lat):   0
   Validations denied:              0

   --- Latency Breakdown ---
   Validation request latency:      0 us
   Coalesced wait latency:          0 us
   TOTAL SECURITY OVERHEAD:         0 us
   Avg latency per validation:      0 us
   Avg latency per coalesced wait:  0 us
   Avg overhead per blocked access: 0 us

   --- Cache Statistics ---
   Processes with cached pages:     0
   Unique pages validated (total):  0
   Cache hit rate:                  0%

   ========= IOMMU Stats =====================
   IOMMU enabled:                   YES
   IOMMU SimObject:                 system.body.iommu

   --- Access Breakdown ---
   Total IOMMU checks:              17552853
   IOTLB hits:                      17076927
   IOTLB misses (page walks):       475926
   IOTLB hit rate:                  97.2886%

   --- Latency Breakdown ---
   TOTAL IOMMU OVERHEAD:            510080 us
   Avg latency per access:          0.0290597 us

********************************************************************************
system.body.body_pwconv1.llvm_interface
Total Area: 2.99874e+06
Total Power Static: 92541.7

Total Power Dynamic: 914996
   ========= Performance Analysis =============
   Setup Time:                      0h 0m 0s 147ms 53us
   Simulation Time (Total):         0h 8m 30s 630ms
   Simulation Time (Active):        0h 3m 49s 129ms
        Queue Processing Time:      0h 3m 49s 108ms
             Scheduling Time:       0h 3m 22s 413ms
             Computation Time:      0h 0m 5s 728ms
   System Clock:                    0.1GHz
   Runtime:                         3708367 cycles
   Runtime:                         37083.7 us
   Stalls:                          0 cycles
   Executed Nodes:                  3708366 cycles

   ========= Kernel Validation Stats ==========
   Kernel validation enabled:       NO
   Configured latency per check:    0 us

   --- Access Breakdown ---
   Total memory accesses (validated): 0
   Cache hits (0 latency):          0
   Validation requests (full lat):  0
   Coalesced waits (partial lat):   0
   Validations denied:              0

   --- Latency Breakdown ---
   Validation request latency:      0 us
   Coalesced wait latency:          0 us
   TOTAL SECURITY OVERHEAD:         0 us
   Avg latency per validation:      0 us
   Avg latency per coalesced wait:  0 us
   Avg overhead per blocked access: 0 us

   --- Cache Statistics ---
   Processes with cached pages:     0
   Unique pages validated (total):  0
   Cache hit rate:                  0%

   ========= IOMMU Stats =====================
   IOMMU enabled:                   YES
   IOMMU SimObject:                 system.body.iommu

   --- Access Breakdown ---
   Total IOMMU checks:              17555948
   IOTLB hits:                      17080022
   IOTLB misses (page walks):       475926
   IOTLB hit rate:                  97.2891%

   --- Latency Breakdown ---
   TOTAL IOMMU OVERHEAD:            510086 us
   Avg latency per access:          0.0290549 us

********************************************************************************
system.body.body_top.llvm_interface
Total Area: 14997.7
Total Power Static: 0.959791

Total Power Dynamic: 4.75526
   ========= Performance Analysis =============
   Setup Time:                      0h 0m 0s 12ms 300us
   Simulation Time (Total):         0h 8m 31s 236ms
   Simulation Time (Active):        0h 0m 0s 494ms
        Queue Processing Time:      0h 0m 0s 242ms
             Scheduling Time:       0h 0m 0s 56ms
             Computation Time:      0h 0m 0s 15ms
   System Clock:                    0.1GHz
   Runtime:                         3726964 cycles
   Runtime:                         37269.6 us
   Stalls:                          0 cycles
   Executed Nodes:                  3726963 cycles

   ========= Kernel Validation Stats ==========
   Kernel validation enabled:       NO
   Configured latency per check:    0 us

   --- Access Breakdown ---
   Total memory accesses (validated): 0
   Cache hits (0 latency):          0
   Validation requests (full lat):  0
   Coalesced waits (partial lat):   0
   Validations denied:              0

   --- Latency Breakdown ---
   Validation request latency:      0 us
   Coalesced wait latency:          0 us
   TOTAL SECURITY OVERHEAD:         0 us
   Avg latency per validation:      0 us
   Avg latency per coalesced wait:  0 us
   Avg overhead per blocked access: 0 us

   --- Cache Statistics ---
   Processes with cached pages:     0
   Unique pages validated (total):  0
   Cache hit rate:                  0%

   ========= IOMMU Stats =====================
   IOMMU enabled:                   YES
   IOMMU SimObject:                 system.body.iommu

   --- Access Breakdown ---
   Total IOMMU checks:              17555949
   IOTLB hits:                      17080023
   IOTLB misses (page walks):       475926
   IOTLB hit rate:                  97.2891%

   --- Latency Breakdown ---
   TOTAL IOMMU OVERHEAD:            510086 us
   Avg latency per access:          0.0290549 us

********************************************************************************
system.body.body_residual.llvm_interface
Total Area: 2691.64
Total Power Static: 16.4537

Total Power Dynamic: 65.7937
   ========= Performance Analysis =============
   Setup Time:                      0h 0m 0s 0ms 386us
   Simulation Time (Total):         0h 7m 24s 781ms
   Simulation Time (Active):        0h 0m 0s 366ms
        Queue Processing Time:      0h 0m 0s 162ms
             Scheduling Time:       0h 0m 0s 22ms
             Computation Time:      0h 0m 0s 3ms
   System Clock:                    0.1GHz
   Runtime:                         3336265 cycles
   Runtime:                         33362.7 us
   Stalls:                          0 cycles
   Executed Nodes:                  3336264 cycles

   ========= Kernel Validation Stats ==========
   Kernel validation enabled:       NO
   Configured latency per check:    0 us

   --- Access Breakdown ---
   Total memory accesses (validated): 0
   Cache hits (0 latency):          0
   Validation requests (full lat):  0
   Coalesced waits (partial lat):   0
   Validations denied:              0

   --- Latency Breakdown ---
   Validation request latency:      0 us
   Coalesced wait latency:          0 us
   TOTAL SECURITY OVERHEAD:         0 us
   Avg latency per validation:      0 us
   Avg latency per coalesced wait:  0 us
   Avg overhead per blocked access: 0 us

   --- Cache Statistics ---
   Processes with cached pages:     0
   Unique pages validated (total):  0
   Cache hit rate:                  0%

   ========= IOMMU Stats =====================
   IOMMU enabled:                   YES
   IOMMU SimObject:                 system.body.iommu

   --- Access Breakdown ---
   Total IOMMU checks:              19247046
   IOTLB hits:                      18741325
   IOTLB misses (page walks):       505721
   IOTLB hit rate:                  97.3725%

   --- Latency Breakdown ---
   TOTAL IOMMU OVERHEAD:            543204 us
   Avg latency per access:          0.0282227 us

********************************************************************************
system.body.body_pwconv0.llvm_interface
Total Area: 60189
Total Power Static: 1866.67

Total Power Dynamic: 45269.9
   ========= Performance Analysis =============
   Setup Time:                      0h 0m 0s 0ms 773us
   Simulation Time (Total):         0h 7m 56s 76ms
   Simulation Time (Active):        0h 0m 27s 443ms
        Queue Processing Time:      0h 0m 27s 420ms
             Scheduling Time:       0h 0m 16s 255ms
             Computation Time:      0h 0m 0s 341ms
   System Clock:                    0.1GHz
   Runtime:                         3581514 cycles
   Runtime:                         35815.1 us
   Stalls:                          0 cycles
   Executed Nodes:                  3581513 cycles

   ========= Kernel Validation Stats ==========
   Kernel validation enabled:       NO
   Configured latency per check:    0 us

   --- Access Breakdown ---
   Total memory accesses (validated): 0
   Cache hits (0 latency):          0
   Validation requests (full lat):  0
   Coalesced waits (partial lat):   0
   Validations denied:              0

   --- Latency Breakdown ---
   Validation request latency:      0 us
   Coalesced wait latency:          0 us
   TOTAL SECURITY OVERHEAD:         0 us
   Avg latency per validation:      0 us
   Avg latency per coalesced wait:  0 us
   Avg overhead per blocked access: 0 us

   --- Cache Statistics ---
   Processes with cached pages:     0
   Unique pages validated (total):  0
   Cache hit rate:                  0%

   ========= IOMMU Stats =====================
   IOMMU enabled:                   YES
   IOMMU SimObject:                 system.body.iommu

   --- Access Breakdown ---
   Total IOMMU checks:              19368620
   IOTLB hits:                      18860688
   IOTLB misses (page walks):       507932
   IOTLB hit rate:                  97.3776%

   --- Latency Breakdown ---
   TOTAL IOMMU OVERHEAD:            545653 us
   Avg latency per access:          0.028172 us

********************************************************************************
system.body.body_dwconv.llvm_interface
Total Area: 648047
Total Power Static: 27794.7

Total Power Dynamic: 316697
   ========= Performance Analysis =============
   Setup Time:                      0h 0m 0s 8ms 551us
   Simulation Time (Total):         0h 8m 31s 392ms
   Simulation Time (Active):        0h 2m 45s 835ms
        Queue Processing Time:      0h 2m 45s 810ms
             Scheduling Time:       0h 2m 32s 132ms
             Computation Time:      0h 0m 1s 806ms
   System Clock:                    0.1GHz
   Runtime:                         3658880 cycles
   Runtime:                         36588.8 us
   Stalls:                          0 cycles
   Executed Nodes:                  3658879 cycles

   ========= Kernel Validation Stats ==========
   Kernel validation enabled:       NO
   Configured latency per check:    0 us

   --- Access Breakdown ---
   Total memory accesses (validated): 0
   Cache hits (0 latency):          0
   Validation requests (full lat):  0
   Coalesced waits (partial lat):   0
   Validations denied:              0

   --- Latency Breakdown ---
   Validation request latency:      0 us
   Coalesced wait latency:          0 us
   TOTAL SECURITY OVERHEAD:         0 us
   Avg latency per validation:      0 us
   Avg latency per coalesced wait:  0 us
   Avg overhead per blocked access: 0 us

   --- Cache Statistics ---
   Processes with cached pages:     0
   Unique pages validated (total):  0
   Cache hit rate:                  0%

   ========= IOMMU Stats =====================
   IOMMU enabled:                   YES
   IOMMU SimObject:                 system.body.iommu

   --- Access Breakdown ---
   Total IOMMU checks:              19526789
   IOTLB hits:                      19018460
   IOTLB misses (page walks):       508329
   IOTLB hit rate:                  97.3968%

   --- Latency Breakdown ---
   TOTAL IOMMU OVERHEAD:            546366 us
   Avg latency per access:          0.0279803 us

********************************************************************************
system.body.body_pwconv1.llvm_interface
Total Area: 3.74842e+06
Total Power Static: 92541.7

Total Power Dynamic: 914996
   ========= Performance Analysis =============
   Setup Time:                      0h 0m 0s 137ms 935us
   Simulation Time (Total):         0h 8m 31s 401ms
   Simulation Time (Active):        0h 3m 49s 269ms
        Queue Processing Time:      0h 3m 49s 250ms
             Scheduling Time:       0h 3m 23s 336ms
             Computation Time:      0h 0m 5s 681ms
   System Clock:                    0.1GHz
   Runtime:                         3661713 cycles
   Runtime:                         36617.1 us
   Stalls:                          0 cycles
   Executed Nodes:                  3661712 cycles

   ========= Kernel Validation Stats ==========
   Kernel validation enabled:       NO
   Configured latency per check:    0 us

   --- Access Breakdown ---
   Total memory accesses (validated): 0
   Cache hits (0 latency):          0
   Validation requests (full lat):  0
   Coalesced waits (partial lat):   0
   Validations denied:              0

   --- Latency Breakdown ---
   Validation request latency:      0 us
   Coalesced wait latency:          0 us
   TOTAL SECURITY OVERHEAD:         0 us
   Avg latency per validation:      0 us
   Avg latency per coalesced wait:  0 us
   Avg overhead per blocked access: 0 us

   --- Cache Statistics ---
   Processes with cached pages:     0
   Unique pages validated (total):  0
   Cache hit rate:                  0%

   ========= IOMMU Stats =====================
   IOMMU enabled:                   YES
   IOMMU SimObject:                 system.body.iommu

   --- Access Breakdown ---
   Total IOMMU checks:              19529884
   IOTLB hits:                      19021555
   IOTLB misses (page walks):       508329
   IOTLB hit rate:                  97.3972%

   --- Latency Breakdown ---
   TOTAL IOMMU OVERHEAD:            546372 us
   Avg latency per access:          0.0279762 us

********************************************************************************
system.body.body_top.llvm_interface
Total Area: 18747.1
Total Power Static: 0.962847

Total Power Dynamic: 4.77027
   ========= Performance Analysis =============
   Setup Time:                      0h 0m 0s 7ms 309us
   Simulation Time (Total):         0h 8m 32s 1ms
   Simulation Time (Active):        0h 0m 0s 481ms
        Queue Processing Time:      0h 0m 0s 236ms
             Scheduling Time:       0h 0m 0s 52ms
             Computation Time:      0h 0m 0s 15ms
   System Clock:                    0.1GHz
   Runtime:                         3680468 cycles
   Runtime:                         36804.7 us
   Stalls:                          0 cycles
   Executed Nodes:                  3680467 cycles

   ========= Kernel Validation Stats ==========
   Kernel validation enabled:       NO
   Configured latency per check:    0 us

   --- Access Breakdown ---
   Total memory accesses (validated): 0
   Cache hits (0 latency):          0
   Validation requests (full lat):  0
   Coalesced waits (partial lat):   0
   Validations denied:              0

   --- Latency Breakdown ---
   Validation request latency:      0 us
   Coalesced wait latency:          0 us
   TOTAL SECURITY OVERHEAD:         0 us
   Avg latency per validation:      0 us
   Avg latency per coalesced wait:  0 us
   Avg overhead per blocked access: 0 us

   --- Cache Statistics ---
   Processes with cached pages:     0
   Unique pages validated (total):  0
   Cache hit rate:                  0%

   ========= IOMMU Stats =====================
   IOMMU enabled:                   YES
   IOMMU SimObject:                 system.body.iommu

   --- Access Breakdown ---
   Total IOMMU checks:              19529885
   IOTLB hits:                      19021556
   IOTLB misses (page walks):       508329
   IOTLB hit rate:                  97.3972%

   --- Latency Breakdown ---
   TOTAL IOMMU OVERHEAD:            546372 us
   Avg latency per access:          0.0279762 us

********************************************************************************
system.body.body_residual.llvm_interface
Total Area: 3229.97
Total Power Static: 16.4537

Total Power Dynamic: 65.7937
   ========= Performance Analysis =============
   Setup Time:                      0h 0m 0s 0ms 369us
   Simulation Time (Total):         0h 4m 40s 250ms
   Simulation Time (Active):        0h 0m 0s 260ms
        Queue Processing Time:      0h 0m 0s 119ms
             Scheduling Time:       0h 0m 0s 21ms
             Computation Time:      0h 0m 0s 3ms
   System Clock:                    0.1GHz
   Runtime:                         2307263 cycles
   Runtime:                         23072.6 us
   Stalls:                          0 cycles
   Executed Nodes:                  2307262 cycles

   ========= Kernel Validation Stats ==========
   Kernel validation enabled:       NO
   Configured latency per check:    0 us

   --- Access Breakdown ---
   Total memory accesses (validated): 0
   Cache hits (0 latency):          0
   Validation requests (full lat):  0
   Coalesced waits (partial lat):   0
   Validations denied:              0

   --- Latency Breakdown ---
   Validation request latency:      0 us
   Coalesced wait latency:          0 us
   TOTAL SECURITY OVERHEAD:         0 us
   Avg latency per validation:      0 us
   Avg latency per coalesced wait:  0 us
   Avg overhead per blocked access: 0 us

   --- Cache Statistics ---
   Processes with cached pages:     0
   Unique pages validated (total):  0
   Cache hit rate:                  0%

   ========= IOMMU Stats =====================
   IOMMU enabled:                   YES
   IOMMU SimObject:                 system.body.iommu

   --- Access Breakdown ---
   Total IOMMU checks:              20578756
   IOTLB hits:                      20049439
   IOTLB misses (page walks):       529317
   IOTLB hit rate:                  97.4278%

   --- Latency Breakdown ---
   TOTAL IOMMU OVERHEAD:            569416 us
   Avg latency per access:          0.0276701 us

********************************************************************************
system.body.body_pwconv0.llvm_interface
Total Area: 72226.8
Total Power Static: 1866.67

Total Power Dynamic: 45269.9
   ========= Performance Analysis =============
   Setup Time:                      0h 0m 0s 0ms 757us
   Simulation Time (Total):         0h 5m 4s 221ms
   Simulation Time (Active):        0h 0m 24s 522ms
        Queue Processing Time:      0h 0m 24s 499ms
             Scheduling Time:       0h 0m 14s 983ms
             Computation Time:      0h 0m 0s 324ms
   System Clock:                    0.1GHz
   Runtime:                         2517740 cycles
   Runtime:                         25177.4 us
   Stalls:                          0 cycles
   Executed Nodes:                  2517739 cycles

   ========= Kernel Validation Stats ==========
   Kernel validation enabled:       NO
   Configured latency per check:    0 us

   --- Access Breakdown ---
   Total memory accesses (validated): 0
   Cache hits (0 latency):          0
   Validation requests (full lat):  0
   Coalesced waits (partial lat):   0
   Validations denied:              0

   --- Latency Breakdown ---
   Validation request latency:      0 us
   Coalesced wait latency:          0 us
   TOTAL SECURITY OVERHEAD:         0 us
   Avg latency per validation:      0 us
   Avg latency per coalesced wait:  0 us
   Avg overhead per blocked access: 0 us

   --- Cache Statistics ---
   Processes with cached pages:     0
   Unique pages validated (total):  0
   Cache hit rate:                  0%

   ========= IOMMU Stats =====================
   IOMMU enabled:                   YES
   IOMMU SimObject:                 system.body.iommu

   --- Access Breakdown ---
   Total IOMMU checks:              20670925
   IOTLB hits:                      20139684
   IOTLB misses (page walks):       531241
   IOTLB hit rate:                  97.43%

   --- Latency Breakdown ---
   TOTAL IOMMU OVERHEAD:            571520 us
   Avg latency per access:          0.0276485 us

********************************************************************************
system.body.body_pwconv1.llvm_interface
Total Area: 4.49811e+06
Total Power Static: 34660

Total Power Dynamic: 342746
   ========= Performance Analysis =============
   Setup Time:                      0h 0m 0s 136ms 732us
   Simulation Time (Total):         0h 5m 11s 338ms
   Simulation Time (Active):        0h 1m 17s 950ms
        Queue Processing Time:      0h 1m 17s 940ms
             Scheduling Time:       0h 1m 9s 391ms
             Computation Time:      0h 0m 2s 71ms
   System Clock:                    0.1GHz
   Runtime:                         2523841 cycles
   Runtime:                         25238.4 us
   Stalls:                          0 cycles
   Executed Nodes:                  2523840 cycles

   ========= Kernel Validation Stats ==========
   Kernel validation enabled:       NO
   Configured latency per check:    0 us

   --- Access Breakdown ---
   Total memory accesses (validated): 0
   Cache hits (0 latency):          0
   Validation requests (full lat):  0
   Coalesced waits (partial lat):   0
   Validations denied:              0

   --- Latency Breakdown ---
   Validation request latency:      0 us
   Coalesced wait latency:          0 us
   TOTAL SECURITY OVERHEAD:         0 us
   Avg latency per validation:      0 us
   Avg latency per coalesced wait:  0 us
   Avg overhead per blocked access: 0 us

   --- Cache Statistics ---
   Processes with cached pages:     0
   Unique pages validated (total):  0
   Cache hit rate:                  0%

   ========= IOMMU Stats =====================
   IOMMU enabled:                   YES
   IOMMU SimObject:                 system.body.iommu

   --- Access Breakdown ---
   Total IOMMU checks:              20698445
   IOTLB hits:                      20167204
   IOTLB misses (page walks):       531241
   IOTLB hit rate:                  97.4334%

   --- Latency Breakdown ---
   TOTAL IOMMU OVERHEAD:            571575 us
   Avg latency per access:          0.0276144 us

********************************************************************************
system.body.body_dwconv.llvm_interface
Total Area: 777657
Total Power Static: 27770.1

Total Power Dynamic: 316697
   ========= Performance Analysis =============
   Setup Time:                      0h 0m 0s 8ms 400us
   Simulation Time (Total):         0h 5m 18s 923ms
   Simulation Time (Active):        0h 2m 40s 88ms
        Queue Processing Time:      0h 2m 40s 68ms
             Scheduling Time:       0h 2m 28s 345ms
             Computation Time:      0h 0m 1s 759ms
   System Clock:                    0.1GHz
   Runtime:                         2530732 cycles
   Runtime:                         25307.3 us
   Stalls:                          0 cycles
   Executed Nodes:                  2530731 cycles

   ========= Kernel Validation Stats ==========
   Kernel validation enabled:       NO
   Configured latency per check:    0 us

   --- Access Breakdown ---
   Total memory accesses (validated): 0
   Cache hits (0 latency):          0
   Validation requests (full lat):  0
   Coalesced waits (partial lat):   0
   Validations denied:              0

   --- Latency Breakdown ---
   Validation request latency:      0 us
   Coalesced wait latency:          0 us
   TOTAL SECURITY OVERHEAD:         0 us
   Avg latency per validation:      0 us
   Avg latency per coalesced wait:  0 us
   Avg overhead per blocked access: 0 us

   --- Cache Statistics ---
   Processes with cached pages:     0
   Unique pages validated (total):  0
   Cache hit rate:                  0%

   ========= IOMMU Stats =====================
   IOMMU enabled:                   YES
   IOMMU SimObject:                 system.body.iommu

   --- Access Breakdown ---
   Total IOMMU checks:              20728074
   IOTLB hits:                      20196833
   IOTLB misses (page walks):       531241
   IOTLB hit rate:                  97.4371%

   --- Latency Breakdown ---
   TOTAL IOMMU OVERHEAD:            571635 us
   Avg latency per access:          0.0275778 us

********************************************************************************
system.body.body_top.llvm_interface
Total Area: 22496.5
Total Power Static: 0.961624

Total Power Dynamic: 4.76427
   ========= Performance Analysis =============
   Setup Time:                      0h 0m 0s 7ms 349us
   Simulation Time (Total):         0h 5m 19s 378ms
   Simulation Time (Active):        0h 0m 0s 338ms
        Queue Processing Time:      0h 0m 0s 165ms
             Scheduling Time:       0h 0m 0s 38ms
             Computation Time:      0h 0m 0s 10ms
   System Clock:                    0.1GHz
   Runtime:                         2549469 cycles
   Runtime:                         25494.7 us
   Stalls:                          0 cycles
   Executed Nodes:                  2549468 cycles

   ========= Kernel Validation Stats ==========
   Kernel validation enabled:       NO
   Configured latency per check:    0 us

   --- Access Breakdown ---
   Total memory accesses (validated): 0
   Cache hits (0 latency):          0
   Validation requests (full lat):  0
   Coalesced waits (partial lat):   0
   Validations denied:              0

   --- Latency Breakdown ---
   Validation request latency:      0 us
   Coalesced wait latency:          0 us
   TOTAL SECURITY OVERHEAD:         0 us
   Avg latency per validation:      0 us
   Avg latency per coalesced wait:  0 us
   Avg overhead per blocked access: 0 us

   --- Cache Statistics ---
   Processes with cached pages:     0
   Unique pages validated (total):  0
   Cache hit rate:                  0%

   ========= IOMMU Stats =====================
   IOMMU enabled:                   YES
   IOMMU SimObject:                 system.body.iommu

   --- Access Breakdown ---
   Total IOMMU checks:              20728077
   IOTLB hits:                      20196836
   IOTLB misses (page walks):       531241
   IOTLB hit rate:                  97.4371%

   --- Latency Breakdown ---
   TOTAL IOMMU OVERHEAD:            571635 us
   Avg latency per access:          0.0275778 us

********************************************************************************
system.body.body_residual.llvm_interface
Total Area: 3768.3
Total Power Static: 4.11165

Total Power Dynamic: 12.3363
   ========= Performance Analysis =============
   Setup Time:                      0h 0m 0s 0ms 374us
   Simulation Time (Total):         0h 1m 54s 756ms
   Simulation Time (Active):        0h 0m 0s 76ms
        Queue Processing Time:      0h 0m 0s 34ms
             Scheduling Time:       0h 0m 0s 5ms
             Computation Time:      0h 0m 0s 0ms
   System Clock:                    0.1GHz
   Runtime:                         679915 cycles
   Runtime:                         6799.15 us
   Stalls:                          0 cycles
   Executed Nodes:                  679914 cycles

   ========= Kernel Validation Stats ==========
   Kernel validation enabled:       NO
   Configured latency per check:    0 us

   --- Access Breakdown ---
   Total memory accesses (validated): 0
   Cache hits (0 latency):          0
   Validation requests (full lat):  0
   Coalesced waits (partial lat):   0
   Validations denied:              0

   --- Latency Breakdown ---
   Validation request latency:      0 us
   Coalesced wait latency:          0 us
   TOTAL SECURITY OVERHEAD:         0 us
   Avg latency per validation:      0 us
   Avg latency per coalesced wait:  0 us
   Avg overhead per blocked access: 0 us

   --- Cache Statistics ---
   Processes with cached pages:     0
   Unique pages validated (total):  0
   Cache hit rate:                  0%

   ========= IOMMU Stats =====================
   IOMMU enabled:                   YES
   IOMMU SimObject:                 system.body.iommu

   --- Access Breakdown ---
   Total IOMMU checks:              21214781
   IOTLB hits:                      20677755
   IOTLB misses (page walks):       537026
   IOTLB hit rate:                  97.4686%

   --- Latency Breakdown ---
   TOTAL IOMMU OVERHEAD:            578382 us
   Avg latency per access:          0.0272631 us

********************************************************************************
system.body.body_pwconv0.llvm_interface
Total Area: 84264.5
Total Power Static: 692.817

Total Power Dynamic: 16913.1
   ========= Performance Analysis =============
   Setup Time:                      0h 0m 0s 0ms 737us
   Simulation Time (Total):         0h 2m 22s 11ms
   Simulation Time (Active):        0h 0m 7s 754ms
        Queue Processing Time:      0h 0m 7s 729ms
             Scheduling Time:       0h 0m 4s 389ms
             Computation Time:      0h 0m 0s 112ms
   System Clock:                    0.1GHz
   Runtime:                         843249 cycles
   Runtime:                         8432.49 us
   Stalls:                          0 cycles
   Executed Nodes:                  843248 cycles

   ========= Kernel Validation Stats ==========
   Kernel validation enabled:       NO
   Configured latency per check:    0 us

   --- Access Breakdown ---
   Total memory accesses (validated): 0
   Cache hits (0 latency):          0
   Validation requests (full lat):  0
   Coalesced waits (partial lat):   0
   Validations denied:              0

   --- Latency Breakdown ---
   Validation request latency:      0 us
   Coalesced wait latency:          0 us
   TOTAL SECURITY OVERHEAD:         0 us
   Avg latency per validation:      0 us
   Avg latency per coalesced wait:  0 us
   Avg overhead per blocked access: 0 us

   --- Cache Statistics ---
   Processes with cached pages:     0
   Unique pages validated (total):  0
   Cache hit rate:                  0%

   ========= IOMMU Stats =====================
   IOMMU enabled:                   YES
   IOMMU SimObject:                 system.body.iommu

   --- Access Breakdown ---
   Total IOMMU checks:              21328827
   IOTLB hits:                      20790402
   IOTLB misses (page walks):       538425
   IOTLB hit rate:                  97.4756%

   --- Latency Breakdown ---
   TOTAL IOMMU OVERHEAD:            580006 us
   Avg latency per access:          0.0271935 us

********************************************************************************
system.body.body_dwconv.llvm_interface
Total Area: 907266
Total Power Static: 10000

Total Power Dynamic: 113736
   ========= Performance Analysis =============
   Setup Time:                      0h 0m 0s 8ms 232us
   Simulation Time (Total):         0h 2m 48s 242ms
   Simulation Time (Active):        0h 1m 0s 209ms
        Queue Processing Time:      0h 1m 0s 196ms
             Scheduling Time:       0h 0m 55s 469ms
             Computation Time:      0h 0m 0s 636ms
   System Clock:                    0.1GHz
   Runtime:                         883094 cycles
   Runtime:                         8830.94 us
   Stalls:                          0 cycles
   Executed Nodes:                  883093 cycles

   ========= Kernel Validation Stats ==========
   Kernel validation enabled:       NO
   Configured latency per check:    0 us

   --- Access Breakdown ---
   Total memory accesses (validated): 0
   Cache hits (0 latency):          0
   Validation requests (full lat):  0
   Coalesced waits (partial lat):   0
   Validations denied:              0

   --- Latency Breakdown ---
   Validation request latency:      0 us
   Coalesced wait latency:          0 us
   TOTAL SECURITY OVERHEAD:         0 us
   Avg latency per validation:      0 us
   Avg latency per coalesced wait:  0 us
   Avg overhead per blocked access: 0 us

   --- Cache Statistics ---
   Processes with cached pages:     0
   Unique pages validated (total):  0
   Cache hit rate:                  0%

   ========= IOMMU Stats =====================
   IOMMU enabled:                   YES
   IOMMU SimObject:                 system.body.iommu

   --- Access Breakdown ---
   Total IOMMU checks:              21451590
   IOTLB hits:                      20913030
   IOTLB misses (page walks):       538560
   IOTLB hit rate:                  97.4894%

   --- Latency Breakdown ---
   TOTAL IOMMU OVERHEAD:            580386 us
   Avg latency per access:          0.0270556 us

********************************************************************************
system.body.body_pwconv1.llvm_interface
Total Area: 5.24779e+06
Total Power Static: 34660

Total Power Dynamic: 342746
   ========= Performance Analysis =============
   Setup Time:                      0h 0m 0s 139ms 955us
   Simulation Time (Total):         0h 2m 48s 129ms
   Simulation Time (Active):        0h 1m 17s 573ms
        Queue Processing Time:      0h 1m 17s 566ms
             Scheduling Time:       0h 1m 9s 368ms
             Computation Time:      0h 0m 2s 30ms
   System Clock:                    0.1GHz
   Runtime:                         885187 cycles
   Runtime:                         8851.87 us
   Stalls:                          0 cycles
   Executed Nodes:                  885186 cycles

   ========= Kernel Validation Stats ==========
   Kernel validation enabled:       NO
   Configured latency per check:    0 us

   --- Access Breakdown ---
   Total memory accesses (validated): 0
   Cache hits (0 latency):          0
   Validation requests (full lat):  0
   Coalesced waits (partial lat):   0
   Validations denied:              0

   --- Latency Breakdown ---
   Validation request latency:      0 us
   Coalesced wait latency:          0 us
   TOTAL SECURITY OVERHEAD:         0 us
   Avg latency per validation:      0 us
   Avg latency per coalesced wait:  0 us
   Avg overhead per blocked access: 0 us

   --- Cache Statistics ---
   Processes with cached pages:     0
   Unique pages validated (total):  0
   Cache hit rate:                  0%

   ========= IOMMU Stats =====================
   IOMMU enabled:                   YES
   IOMMU SimObject:                 system.body.iommu

   --- Access Breakdown ---
   Total IOMMU checks:              21452828
   IOTLB hits:                      20914268
   IOTLB misses (page walks):       538560
   IOTLB hit rate:                  97.4896%

   --- Latency Breakdown ---
   TOTAL IOMMU OVERHEAD:            580389 us
   Avg latency per access:          0.0270542 us

********************************************************************************
system.body.body_top.llvm_interface
Total Area: 26245.9
Total Power Static: 0.960402

Total Power Dynamic: 4.75826
   ========= Performance Analysis =============
   Setup Time:                      0h 0m 0s 17ms 984us
   Simulation Time (Total):         0h 2m 48s 711ms
   Simulation Time (Active):        0h 0m 0s 133ms
        Queue Processing Time:      0h 0m 0s 72ms
             Scheduling Time:       0h 0m 0s 21ms
             Computation Time:      0h 0m 0s 5ms
   System Clock:                    0.1GHz
   Runtime:                         903801 cycles
   Runtime:                         9038.01 us
   Stalls:                          0 cycles
   Executed Nodes:                  903800 cycles

   ========= Kernel Validation Stats ==========
   Kernel validation enabled:       NO
   Configured latency per check:    0 us

   --- Access Breakdown ---
   Total memory accesses (validated): 0
   Cache hits (0 latency):          0
   Validation requests (full lat):  0
   Coalesced waits (partial lat):   0
   Validations denied:              0

   --- Latency Breakdown ---
   Validation request latency:      0 us
   Coalesced wait latency:          0 us
   TOTAL SECURITY OVERHEAD:         0 us
   Avg latency per validation:      0 us
   Avg latency per coalesced wait:  0 us
   Avg overhead per blocked access: 0 us

   --- Cache Statistics ---
   Processes with cached pages:     0
   Unique pages validated (total):  0
   Cache hit rate:                  0%

   ========= IOMMU Stats =====================
   IOMMU enabled:                   YES
   IOMMU SimObject:                 system.body.iommu

   --- Access Breakdown ---
   Total IOMMU checks:              21452830
   IOTLB hits:                      20914270
   IOTLB misses (page walks):       538560
   IOTLB hit rate:                  97.4896%

   --- Latency Breakdown ---
   TOTAL IOMMU OVERHEAD:            580389 us
   Avg latency per access:          0.0270542 us

********************************************************************************
system.body.body_residual.llvm_interface
Total Area: 4306.63
Total Power Static: 6.16866

Total Power Dynamic: 24.6726
   ========= Performance Analysis =============
   Setup Time:                      0h 0m 0s 0ms 388us
   Simulation Time (Total):         0h 1m 54s 432ms
   Simulation Time (Active):        0h 0m 0s 78ms
        Queue Processing Time:      0h 0m 0s 37ms
             Scheduling Time:       0h 0m 0s 7ms
             Computation Time:      0h 0m 0s 1ms
   System Clock:                    0.1GHz
   Runtime:                         676785 cycles
   Runtime:                         6767.85 us
   Stalls:                          0 cycles
   Executed Nodes:                  676784 cycles

   ========= Kernel Validation Stats ==========
   Kernel validation enabled:       NO
   Configured latency per check:    0 us

   --- Access Breakdown ---
   Total memory accesses (validated): 0
   Cache hits (0 latency):          0
   Validation requests (full lat):  0
   Coalesced waits (partial lat):   0
   Validations denied:              0

   --- Latency Breakdown ---
   Validation request latency:      0 us
   Coalesced wait latency:          0 us
   TOTAL SECURITY OVERHEAD:         0 us
   Avg latency per validation:      0 us
   Avg latency per coalesced wait:  0 us
   Avg overhead per blocked access: 0 us

   --- Cache Statistics ---
   Processes with cached pages:     0
   Unique pages validated (total):  0
   Cache hit rate:                  0%

   ========= IOMMU Stats =====================
   IOMMU enabled:                   YES
   IOMMU SimObject:                 system.body.iommu

   --- Access Breakdown ---
   Total IOMMU checks:              21940394
   IOTLB hits:                      21396079
   IOTLB misses (page walks):       544315
   IOTLB hit rate:                  97.5191%

   --- Latency Breakdown ---
   TOTAL IOMMU OVERHEAD:            587107 us
   Avg latency per access:          0.0267592 us

********************************************************************************
system.body.body_pwconv0.llvm_interface
Total Area: 96302.3
Total Power Static: 692.817

Total Power Dynamic: 16913.1
   ========= Performance Analysis =============
   Setup Time:                      0h 0m 0s 0ms 759us
   Simulation Time (Total):         0h 2m 20s 980ms
   Simulation Time (Active):        0h 0m 7s 602ms
        Queue Processing Time:      0h 0m 7s 577ms
             Scheduling Time:       0h 0m 4s 340ms
             Computation Time:      0h 0m 0s 113ms
   System Clock:                    0.1GHz
   Runtime:                         839325 cycles
   Runtime:                         8393.25 us
   Stalls:                          0 cycles
   Executed Nodes:                  839324 cycles

   ========= Kernel Validation Stats ==========
   Kernel validation enabled:       NO
   Configured latency per check:    0 us

   --- Access Breakdown ---
   Total memory accesses (validated): 0
   Cache hits (0 latency):          0
   Validation requests (full lat):  0
   Coalesced waits (partial lat):   0
   Validations denied:              0

   --- Latency Breakdown ---
   Validation request latency:      0 us
   Coalesced wait latency:          0 us
   TOTAL SECURITY OVERHEAD:         0 us
   Avg latency per validation:      0 us
   Avg latency per coalesced wait:  0 us
   Avg overhead per blocked access: 0 us

   --- Cache Statistics ---
   Processes with cached pages:     0
   Unique pages validated (total):  0
   Cache hit rate:                  0%

   ========= IOMMU Stats =====================
   IOMMU enabled:                   YES
   IOMMU SimObject:                 system.body.iommu

   --- Access Breakdown ---
   Total IOMMU checks:              22054441
   IOTLB hits:                      21508735
   IOTLB misses (page walks):       545706
   IOTLB hit rate:                  97.5256%

   --- Latency Breakdown ---
   TOTAL IOMMU OVERHEAD:            588723 us
   Avg latency per access:          0.0266941 us

********************************************************************************
system.body.body_dwconv.llvm_interface
Total Area: 1.03688e+06
Total Power Static: 10000

Total Power Dynamic: 113736
   ========= Performance Analysis =============
   Setup Time:                      0h 0m 0s 8ms 316us
   Simulation Time (Total):         0h 2m 47s 365ms
   Simulation Time (Active):        0h 0m 59s 969ms
        Queue Processing Time:      0h 0m 59s 957ms
             Scheduling Time:       0h 0m 55s 301ms
             Computation Time:      0h 0m 0s 626ms
   System Clock:                    0.1GHz
   Runtime:                         879070 cycles
   Runtime:                         8790.7 us
   Stalls:                          0 cycles
   Executed Nodes:                  879069 cycles

   ========= Kernel Validation Stats ==========
   Kernel validation enabled:       NO
   Configured latency per check:    0 us

   --- Access Breakdown ---
   Total memory accesses (validated): 0
   Cache hits (0 latency):          0
   Validation requests (full lat):  0
   Coalesced waits (partial lat):   0
   Validations denied:              0

   --- Latency Breakdown ---
   Validation request latency:      0 us
   Coalesced wait latency:          0 us
   TOTAL SECURITY OVERHEAD:         0 us
   Avg latency per validation:      0 us
   Avg latency per coalesced wait:  0 us
   Avg overhead per blocked access: 0 us

   --- Cache Statistics ---
   Processes with cached pages:     0
   Unique pages validated (total):  0
   Cache hit rate:                  0%

   ========= IOMMU Stats =====================
   IOMMU enabled:                   YES
   IOMMU SimObject:                 system.body.iommu

   --- Access Breakdown ---
   Total IOMMU checks:              22177204
   IOTLB hits:                      21631363
   IOTLB misses (page walks):       545841
   IOTLB hit rate:                  97.5387%

   --- Latency Breakdown ---
   TOTAL IOMMU OVERHEAD:            589104 us
   Avg latency per access:          0.0265635 us

********************************************************************************
system.body.body_pwconv1.llvm_interface
Total Area: 5.99748e+06
Total Power Static: 34660

Total Power Dynamic: 342746
   ========= Performance Analysis =============
   Setup Time:                      0h 0m 0s 132ms 157us
   Simulation Time (Total):         0h 2m 47s 260ms
   Simulation Time (Active):        0h 1m 17s 172ms
        Queue Processing Time:      0h 1m 17s 165ms
             Scheduling Time:       0h 1m 9s 72ms
             Computation Time:      0h 0m 2s 22ms
   System Clock:                    0.1GHz
   Runtime:                         881163 cycles
   Runtime:                         8811.63 us
   Stalls:                          0 cycles
   Executed Nodes:                  881162 cycles

   ========= Kernel Validation Stats ==========
   Kernel validation enabled:       NO
   Configured latency per check:    0 us

   --- Access Breakdown ---
   Total memory accesses (validated): 0
   Cache hits (0 latency):          0
   Validation requests (full lat):  0
   Coalesced waits (partial lat):   0
   Validations denied:              0

   --- Latency Breakdown ---
   Validation request latency:      0 us
   Coalesced wait latency:          0 us
   TOTAL SECURITY OVERHEAD:         0 us
   Avg latency per validation:      0 us
   Avg latency per coalesced wait:  0 us
   Avg overhead per blocked access: 0 us

   --- Cache Statistics ---
   Processes with cached pages:     0
   Unique pages validated (total):  0
   Cache hit rate:                  0%

   ========= IOMMU Stats =====================
   IOMMU enabled:                   YES
   IOMMU SimObject:                 system.body.iommu

   --- Access Breakdown ---
   Total IOMMU checks:              22178442
   IOTLB hits:                      21632601
   IOTLB misses (page walks):       545841
   IOTLB hit rate:                  97.5389%

   --- Latency Breakdown ---
   TOTAL IOMMU OVERHEAD:            589106 us
   Avg latency per access:          0.0265621 us

********************************************************************************
system.body.body_top.llvm_interface
Total Area: 29995.3
Total Power Static: 0.959791

Total Power Dynamic: 4.75526
   ========= Performance Analysis =============
   Setup Time:                      0h 0m 0s 7ms 330us
   Simulation Time (Total):         0h 2m 47s 836ms
   Simulation Time (Active):        0h 0m 0s 129ms
        Queue Processing Time:      0h 0m 0s 68ms
             Scheduling Time:       0h 0m 0s 18ms
             Computation Time:      0h 0m 0s 5ms
   System Clock:                    0.1GHz
   Runtime:                         899867 cycles
   Runtime:                         8998.67 us
   Stalls:                          0 cycles
   Executed Nodes:                  899866 cycles

   ========= Kernel Validation Stats ==========
   Kernel validation enabled:       NO
   Configured latency per check:    0 us

   --- Access Breakdown ---
   Total memory accesses (validated): 0
   Cache hits (0 latency):          0
   Validation requests (full lat):  0
   Coalesced waits (partial lat):   0
   Validations denied:              0

   --- Latency Breakdown ---
   Validation request latency:      0 us
   Coalesced wait latency:          0 us
   TOTAL SECURITY OVERHEAD:         0 us
   Avg latency per validation:      0 us
   Avg latency per coalesced wait:  0 us
   Avg overhead per blocked access: 0 us

   --- Cache Statistics ---
   Processes with cached pages:     0
   Unique pages validated (total):  0
   Cache hit rate:                  0%

   ========= IOMMU Stats =====================
   IOMMU enabled:                   YES
   IOMMU SimObject:                 system.body.iommu

   --- Access Breakdown ---
   Total IOMMU checks:              22178444
   IOTLB hits:                      21632603
   IOTLB misses (page walks):       545841
   IOTLB hit rate:                  97.5389%

   --- Latency Breakdown ---
   TOTAL IOMMU OVERHEAD:            589106 us
   Avg latency per access:          0.0265621 us

********************************************************************************
system.body.body_residual.llvm_interface
Total Area: 4844.96
Total Power Static: 6.16866

Total Power Dynamic: 24.6726
   ========= Performance Analysis =============
   Setup Time:                      0h 0m 0s 0ms 382us
   Simulation Time (Total):         0h 1m 50s 542ms
   Simulation Time (Active):        0h 0m 0s 77ms
        Queue Processing Time:      0h 0m 0s 36ms
             Scheduling Time:       0h 0m 0s 7ms
             Computation Time:      0h 0m 0s 1ms
   System Clock:                    0.1GHz
   Runtime:                         676785 cycles
   Runtime:                         6767.85 us
   Stalls:                          0 cycles
   Executed Nodes:                  676784 cycles

   ========= Kernel Validation Stats ==========
   Kernel validation enabled:       NO
   Configured latency per check:    0 us

   --- Access Breakdown ---
   Total memory accesses (validated): 0
   Cache hits (0 latency):          0
   Validation requests (full lat):  0
   Coalesced waits (partial lat):   0
   Validations denied:              0

   --- Latency Breakdown ---
   Validation request latency:      0 us
   Coalesced wait latency:          0 us
   TOTAL SECURITY OVERHEAD:         0 us
   Avg latency per validation:      0 us
   Avg latency per coalesced wait:  0 us
   Avg overhead per blocked access: 0 us

   --- Cache Statistics ---
   Processes with cached pages:     0
   Unique pages validated (total):  0
   Cache hit rate:                  0%

   ========= IOMMU Stats =====================
   IOMMU enabled:                   YES
   IOMMU SimObject:                 system.body.iommu

   --- Access Breakdown ---
   Total IOMMU checks:              22666006
   IOTLB hits:                      22114410
   IOTLB misses (page walks):       551596
   IOTLB hit rate:                  97.5664%

   --- Latency Breakdown ---
   TOTAL IOMMU OVERHEAD:            595825 us
   Avg latency per access:          0.0262872 us

********************************************************************************
system.body.body_pwconv0.llvm_interface
Total Area: 108340
Total Power Static: 692.817

Total Power Dynamic: 16913.1
   ========= Performance Analysis =============
   Setup Time:                      0h 0m 0s 0ms 763us
   Simulation Time (Total):         0h 2m 16s 884ms
   Simulation Time (Active):        0h 0m 6s 850ms
        Queue Processing Time:      0h 0m 6s 825ms
             Scheduling Time:       0h 0m 4s 9ms
             Computation Time:      0h 0m 0s 105ms
   System Clock:                    0.1GHz
   Runtime:                         839325 cycles
   Runtime:                         8393.25 us
   Stalls:                          0 cycles
   Executed Nodes:                  839324 cycles

   ========= Kernel Validation Stats ==========
   Kernel validation enabled:       NO
   Configured latency per check:    0 us

   --- Access Breakdown ---
   Total memory accesses (validated): 0
   Cache hits (0 latency):          0
   Validation requests (full lat):  0
   Coalesced waits (partial lat):   0
   Validations denied:              0

   --- Latency Breakdown ---
   Validation request latency:      0 us
   Coalesced wait latency:          0 us
   TOTAL SECURITY OVERHEAD:         0 us
   Avg latency per validation:      0 us
   Avg latency per coalesced wait:  0 us
   Avg overhead per blocked access: 0 us

   --- Cache Statistics ---
   Processes with cached pages:     0
   Unique pages validated (total):  0
   Cache hit rate:                  0%

   ========= IOMMU Stats =====================
   IOMMU enabled:                   YES
   IOMMU SimObject:                 system.body.iommu

   --- Access Breakdown ---
   Total IOMMU checks:              22780053
   IOTLB hits:                      22227066
   IOTLB misses (page walks):       552987
   IOTLB hit rate:                  97.5725%

   --- Latency Breakdown ---
   TOTAL IOMMU OVERHEAD:            597441 us
   Avg latency per access:          0.0262265 us

********************************************************************************
system.body.body_dwconv.llvm_interface
Total Area: 1.16649e+06
Total Power Static: 10000

Total Power Dynamic: 113736
   ========= Performance Analysis =============
   Setup Time:                      0h 0m 0s 8ms 597us
   Simulation Time (Total):         0h 2m 42s 482ms
   Simulation Time (Active):        0h 0m 59s 30ms
        Queue Processing Time:      0h 0m 59s 18ms
             Scheduling Time:       0h 0m 54s 772ms
             Computation Time:      0h 0m 0s 588ms
   System Clock:                    0.1GHz
   Runtime:                         879070 cycles
   Runtime:                         8790.7 us
   Stalls:                          0 cycles
   Executed Nodes:                  879069 cycles

   ========= Kernel Validation Stats ==========
   Kernel validation enabled:       NO
   Configured latency per check:    0 us

   --- Access Breakdown ---
   Total memory accesses (validated): 0
   Cache hits (0 latency):          0
   Validation requests (full lat):  0
   Coalesced waits (partial lat):   0
   Validations denied:              0

   --- Latency Breakdown ---
   Validation request latency:      0 us
   Coalesced wait latency:          0 us
   TOTAL SECURITY OVERHEAD:         0 us
   Avg latency per validation:      0 us
   Avg latency per coalesced wait:  0 us
   Avg overhead per blocked access: 0 us

   --- Cache Statistics ---
   Processes with cached pages:     0
   Unique pages validated (total):  0
   Cache hit rate:                  0%

   ========= IOMMU Stats =====================
   IOMMU enabled:                   YES
   IOMMU SimObject:                 system.body.iommu

   --- Access Breakdown ---
   Total IOMMU checks:              22902816
   IOTLB hits:                      22349694
   IOTLB misses (page walks):       553122
   IOTLB hit rate:                  97.5849%

   --- Latency Breakdown ---
   TOTAL IOMMU OVERHEAD:            597821 us
   Avg latency per access:          0.0261025 us

********************************************************************************
system.body.body_pwconv1.llvm_interface
Total Area: 6.74716e+06
Total Power Static: 34660

Total Power Dynamic: 342746
   ========= Performance Analysis =============
   Setup Time:                      0h 0m 0s 147ms 413us
   Simulation Time (Total):         0h 2m 42s 361ms
   Simulation Time (Active):        0h 1m 14s 329ms
        Queue Processing Time:      0h 1m 14s 322ms
             Scheduling Time:       0h 1m 7s 89ms
             Computation Time:      0h 0m 1s 888ms
   System Clock:                    0.1GHz
   Runtime:                         881163 cycles
   Runtime:                         8811.63 us
   Stalls:                          0 cycles
   Executed Nodes:                  881162 cycles

   ========= Kernel Validation Stats ==========
   Kernel validation enabled:       NO
   Configured latency per check:    0 us

   --- Access Breakdown ---
   Total memory accesses (validated): 0
   Cache hits (0 latency):          0
   Validation requests (full lat):  0
   Coalesced waits (partial lat):   0
   Validations denied:              0

   --- Latency Breakdown ---
   Validation request latency:      0 us
   Coalesced wait latency:          0 us
   TOTAL SECURITY OVERHEAD:         0 us
   Avg latency per validation:      0 us
   Avg latency per coalesced wait:  0 us
   Avg overhead per blocked access: 0 us

   --- Cache Statistics ---
   Processes with cached pages:     0
   Unique pages validated (total):  0
   Cache hit rate:                  0%

   ========= IOMMU Stats =====================
   IOMMU enabled:                   YES
   IOMMU SimObject:                 system.body.iommu

   --- Access Breakdown ---
   Total IOMMU checks:              22904054
   IOTLB hits:                      22350932
   IOTLB misses (page walks):       553122
   IOTLB hit rate:                  97.585%

   --- Latency Breakdown ---
   TOTAL IOMMU OVERHEAD:            597824 us
   Avg latency per access:          0.0261012 us

********************************************************************************
system.body.body_top.llvm_interface
Total Area: 33744.7
Total Power Static: 0.958569

Total Power Dynamic: 4.74925
   ========= Performance Analysis =============
   Setup Time:                      0h 0m 0s 7ms 357us
   Simulation Time (Total):         0h 2m 42s 951ms
   Simulation Time (Active):        0h 0m 0s 126ms
        Queue Processing Time:      0h 0m 0s 66ms
             Scheduling Time:       0h 0m 0s 17ms
             Computation Time:      0h 0m 0s 4ms
   System Clock:                    0.1GHz
   Runtime:                         899844 cycles
   Runtime:                         8998.44 us
   Stalls:                          0 cycles
   Executed Nodes:                  899843 cycles

   ========= Kernel Validation Stats ==========
   Kernel validation enabled:       NO
   Configured latency per check:    0 us

   --- Access Breakdown ---
   Total memory accesses (validated): 0
   Cache hits (0 latency):          0
   Validation requests (full lat):  0
   Coalesced waits (partial lat):   0
   Validations denied:              0

   --- Latency Breakdown ---
   Validation request latency:      0 us
   Coalesced wait latency:          0 us
   TOTAL SECURITY OVERHEAD:         0 us
   Avg latency per validation:      0 us
   Avg latency per coalesced wait:  0 us
   Avg overhead per blocked access: 0 us

   --- Cache Statistics ---
   Processes with cached pages:     0
   Unique pages validated (total):  0
   Cache hit rate:                  0%

   ========= IOMMU Stats =====================
   IOMMU enabled:                   YES
   IOMMU SimObject:                 system.body.iommu

   --- Access Breakdown ---
   Total IOMMU checks:              22904056
   IOTLB hits:                      22350934
   IOTLB misses (page walks):       553122
   IOTLB hit rate:                  97.585%

   --- Latency Breakdown ---
   TOTAL IOMMU OVERHEAD:            597824 us
   Avg latency per access:          0.0261012 us

********************************************************************************
system.body.body_residual.llvm_interface
Total Area: 5383.29
Total Power Static: 6.16866

Total Power Dynamic: 24.6726
   ========= Performance Analysis =============
   Setup Time:                      0h 0m 0s 0ms 374us
   Simulation Time (Total):         0h 2m 11s 450ms
   Simulation Time (Active):        0h 0m 0s 97ms
        Queue Processing Time:      0h 0m 0s 44ms
             Scheduling Time:       0h 0m 0s 6ms
             Computation Time:      0h 0m 0s 1ms
   System Clock:                    0.1GHz
   Runtime:                         898598 cycles
   Runtime:                         8985.98 us
   Stalls:                          0 cycles
   Executed Nodes:                  898597 cycles

   ========= Kernel Validation Stats ==========
   Kernel validation enabled:       NO
   Configured latency per check:    0 us

   --- Access Breakdown ---
   Total memory accesses (validated): 0
   Cache hits (0 latency):          0
   Validation requests (full lat):  0
   Coalesced waits (partial lat):   0
   Validations denied:              0

   --- Latency Breakdown ---
   Validation request latency:      0 us
   Coalesced wait latency:          0 us
   TOTAL SECURITY OVERHEAD:         0 us
   Avg latency per validation:      0 us
   Avg latency per coalesced wait:  0 us
   Avg overhead per blocked access: 0 us

   --- Cache Statistics ---
   Processes with cached pages:     0
   Unique pages validated (total):  0
   Cache hit rate:                  0%

   ========= IOMMU Stats =====================
   IOMMU enabled:                   YES
   IOMMU SimObject:                 system.body.iommu

   --- Access Breakdown ---
   Total IOMMU checks:              23485502
   IOTLB hits:                      22924589
   IOTLB misses (page walks):       560913
   IOTLB hit rate:                  97.6117%

   --- Latency Breakdown ---
   TOTAL IOMMU OVERHEAD:            606762 us
   Avg latency per access:          0.0258356 us

********************************************************************************
system.body.body_pwconv0.llvm_interface
Total Area: 120378
Total Power Static: 692.817

Total Power Dynamic: 16913.1
   ========= Performance Analysis =============
   Setup Time:                      0h 0m 0s 0ms 746us
   Simulation Time (Total):         0h 2m 42s 876ms
   Simulation Time (Active):        0h 0m 7s 1ms
        Queue Processing Time:      0h 0m 6s 969ms
             Scheduling Time:       0h 0m 4s 6ms
             Computation Time:      0h 0m 0s 105ms
   System Clock:                    0.1GHz
   Runtime:                         1118742 cycles
   Runtime:                         11187.4 us
   Stalls:                          0 cycles
   Executed Nodes:                  1118741 cycles

   ========= Kernel Validation Stats ==========
   Kernel validation enabled:       NO
   Configured latency per check:    0 us

   --- Access Breakdown ---
   Total memory accesses (validated): 0
   Cache hits (0 latency):          0
   Validation requests (full lat):  0
   Coalesced waits (partial lat):   0
   Validations denied:              0

   --- Latency Breakdown ---
   Validation request latency:      0 us
   Coalesced wait latency:          0 us
   TOTAL SECURITY OVERHEAD:         0 us
   Avg latency per validation:      0 us
   Avg latency per coalesced wait:  0 us
   Avg overhead per blocked access: 0 us

   --- Cache Statistics ---
   Processes with cached pages:     0
   Unique pages validated (total):  0
   Cache hit rate:                  0%

   ========= IOMMU Stats =====================
   IOMMU enabled:                   YES
   IOMMU SimObject:                 system.body.iommu

   --- Access Breakdown ---
   Total IOMMU checks:              23623024
   IOTLB hits:                      23060190
   IOTLB misses (page walks):       562834
   IOTLB hit rate:                  97.6174%

   --- Latency Breakdown ---
   TOTAL IOMMU OVERHEAD:            608954 us
   Avg latency per access:          0.025778 us

********************************************************************************
system.body.body_dwconv.llvm_interface
Total Area: 1.29609e+06
Total Power Static: 10000

Total Power Dynamic: 113736
   ========= Performance Analysis =============
   Setup Time:                      0h 0m 0s 8ms 518us
   Simulation Time (Total):         0h 3m 12s 371ms
   Simulation Time (Active):        0h 0m 59s 632ms
        Queue Processing Time:      0h 0m 59s 620ms
             Scheduling Time:       0h 0m 55s 73ms
             Computation Time:      0h 0m 0s 596ms
   System Clock:                    0.1GHz
   Runtime:                         1170309 cycles
   Runtime:                         11703.1 us
   Stalls:                          0 cycles
   Executed Nodes:                  1170308 cycles

   ========= Kernel Validation Stats ==========
   Kernel validation enabled:       NO
   Configured latency per check:    0 us

   --- Access Breakdown ---
   Total memory accesses (validated): 0
   Cache hits (0 latency):          0
   Validation requests (full lat):  0
   Coalesced waits (partial lat):   0
   Validations denied:              0

   --- Latency Breakdown ---
   Validation request latency:      0 us
   Coalesced wait latency:          0 us
   TOTAL SECURITY OVERHEAD:         0 us
   Avg latency per validation:      0 us
   Avg latency per coalesced wait:  0 us
   Avg overhead per blocked access: 0 us

   --- Cache Statistics ---
   Processes with cached pages:     0
   Unique pages validated (total):  0
   Cache hit rate:                  0%

   ========= IOMMU Stats =====================
   IOMMU enabled:                   YES
   IOMMU SimObject:                 system.body.iommu

   --- Access Breakdown ---
   Total IOMMU checks:              23769260
   IOTLB hits:                      23206220
   IOTLB misses (page walks):       563040
   IOTLB hit rate:                  97.6312%

   --- Latency Breakdown ---
   TOTAL IOMMU OVERHEAD:            609452 us
   Avg latency per access:          0.0256404 us

********************************************************************************
system.body.body_pwconv1.llvm_interface
Total Area: 7.49685e+06
Total Power Static: 46184.6

Total Power Dynamic: 456743
   ========= Performance Analysis =============
   Setup Time:                      0h 0m 0s 137ms 905us
   Simulation Time (Total):         0h 3m 12s 249ms
   Simulation Time (Active):        0h 1m 36s 395ms
        Queue Processing Time:      0h 1m 36s 389ms
             Scheduling Time:       0h 1m 26s 991ms
             Computation Time:      0h 0m 2s 530ms
   System Clock:                    0.1GHz
   Runtime:                         1171349 cycles
   Runtime:                         11713.5 us
   Stalls:                          0 cycles
   Executed Nodes:                  1171348 cycles

   ========= Kernel Validation Stats ==========
   Kernel validation enabled:       NO
   Configured latency per check:    0 us

   --- Access Breakdown ---
   Total memory accesses (validated): 0
   Cache hits (0 latency):          0
   Validation requests (full lat):  0
   Coalesced waits (partial lat):   0
   Validations denied:              0

   --- Latency Breakdown ---
   Validation request latency:      0 us
   Coalesced wait latency:          0 us
   TOTAL SECURITY OVERHEAD:         0 us
   Avg latency per validation:      0 us
   Avg latency per coalesced wait:  0 us
   Avg overhead per blocked access: 0 us

   --- Cache Statistics ---
   Processes with cached pages:     0
   Unique pages validated (total):  0
   Cache hit rate:                  0%

   ========= IOMMU Stats =====================
   IOMMU enabled:                   YES
   IOMMU SimObject:                 system.body.iommu

   --- Access Breakdown ---
   Total IOMMU checks:              23770404
   IOTLB hits:                      23207364
   IOTLB misses (page walks):       563040
   IOTLB hit rate:                  97.6313%

   --- Latency Breakdown ---
   TOTAL IOMMU OVERHEAD:            609455 us
   Avg latency per access:          0.0256392 us

********************************************************************************
system.body.body_top.llvm_interface
Total Area: 37494.1
Total Power Static: 0.958569

Total Power Dynamic: 4.74925
   ========= Performance Analysis =============
   Setup Time:                      0h 0m 0s 7ms 315us
   Simulation Time (Total):         0h 3m 12s 826ms
   Simulation Time (Active):        0h 0m 0s 160ms
        Queue Processing Time:      0h 0m 0s 79ms
             Scheduling Time:       0h 0m 0s 18ms
             Computation Time:      0h 0m 0s 4ms
   System Clock:                    0.1GHz
   Runtime:                         1190031 cycles
   Runtime:                         11900.3 us
   Stalls:                          0 cycles
   Executed Nodes:                  1190030 cycles

   ========= Kernel Validation Stats ==========
   Kernel validation enabled:       NO
   Configured latency per check:    0 us

   --- Access Breakdown ---
   Total memory accesses (validated): 0
   Cache hits (0 latency):          0
   Validation requests (full lat):  0
   Coalesced waits (partial lat):   0
   Validations denied:              0

   --- Latency Breakdown ---
   Validation request latency:      0 us
   Coalesced wait latency:          0 us
   TOTAL SECURITY OVERHEAD:         0 us
   Avg latency per validation:      0 us
   Avg latency per coalesced wait:  0 us
   Avg overhead per blocked access: 0 us

   --- Cache Statistics ---
   Processes with cached pages:     0
   Unique pages validated (total):  0
   Cache hit rate:                  0%

   ========= IOMMU Stats =====================
   IOMMU enabled:                   YES
   IOMMU SimObject:                 system.body.iommu

   --- Access Breakdown ---
   Total IOMMU checks:              23770406
   IOTLB hits:                      23207366
   IOTLB misses (page walks):       563040
   IOTLB hit rate:                  97.6313%

   --- Latency Breakdown ---
   TOTAL IOMMU OVERHEAD:            609455 us
   Avg latency per access:          0.0256392 us

********************************************************************************
system.body.body_residual.llvm_interface
Total Area: 5921.62
Total Power Static: 5.48299

Total Power Dynamic: 16.4484
   ========= Performance Analysis =============
   Setup Time:                      0h 0m 0s 0ms 381us
   Simulation Time (Total):         0h 2m 34s 576ms
   Simulation Time (Active):        0h 0m 0s 125ms
        Queue Processing Time:      0h 0m 0s 55ms
             Scheduling Time:       0h 0m 0s 7ms
             Computation Time:      0h 0m 0s 0ms
   System Clock:                    0.1GHz
   Runtime:                         1192235 cycles
   Runtime:                         11922.4 us
   Stalls:                          0 cycles
   Executed Nodes:                  1192234 cycles

   ========= Kernel Validation Stats ==========
   Kernel validation enabled:       NO
   Configured latency per check:    0 us

   --- Access Breakdown ---
   Total memory accesses (validated): 0
   Cache hits (0 latency):          0
   Validation requests (full lat):  0
   Coalesced waits (partial lat):   0
   Validations denied:              0

   --- Latency Breakdown ---
   Validation request latency:      0 us
   Coalesced wait latency:          0 us
   TOTAL SECURITY OVERHEAD:         0 us
   Avg latency per validation:      0 us
   Avg latency per coalesced wait:  0 us
   Avg overhead per blocked access: 0 us

   --- Cache Statistics ---
   Processes with cached pages:     0
   Unique pages validated (total):  0
   Cache hit rate:                  0%

   ========= IOMMU Stats =====================
   IOMMU enabled:                   YES
   IOMMU SimObject:                 system.body.iommu

   --- Access Breakdown ---
   Total IOMMU checks:              24424319
   IOTLB hits:                      23850718
   IOTLB misses (page walks):       573601
   IOTLB hit rate:                  97.6515%

   --- Latency Breakdown ---
   TOTAL IOMMU OVERHEAD:            621302 us
   Avg latency per access:          0.0254379 us

********************************************************************************
system.body.body_pwconv0.llvm_interface
Total Area: 132416
Total Power Static: 918.962

Total Power Dynamic: 22508.7
   ========= Performance Analysis =============
   Setup Time:                      0h 0m 0s 0ms 747us
   Simulation Time (Total):         0h 3m 8s 474ms
   Simulation Time (Active):        0h 0m 9s 411ms
        Queue Processing Time:      0h 0m 9s 389ms
             Scheduling Time:       0h 0m 5s 385ms
             Computation Time:      0h 0m 0s 144ms
   System Clock:                    0.1GHz
   Runtime:                         1452616 cycles
   Runtime:                         14526.2 us
   Stalls:                          0 cycles
   Executed Nodes:                  1452615 cycles

   ========= Kernel Validation Stats ==========
   Kernel validation enabled:       NO
   Configured latency per check:    0 us

   --- Access Breakdown ---
   Total memory accesses (validated): 0
   Cache hits (0 latency):          0
   Validation requests (full lat):  0
   Coalesced waits (partial lat):   0
   Validations denied:              0

   --- Latency Breakdown ---
   Validation request latency:      0 us
   Coalesced wait latency:          0 us
   TOTAL SECURITY OVERHEAD:         0 us
   Avg latency per validation:      0 us
   Avg latency per coalesced wait:  0 us
   Avg overhead per blocked access: 0 us

   --- Cache Statistics ---
   Processes with cached pages:     0
   Unique pages validated (total):  0
   Cache hit rate:                  0%

   ========= IOMMU Stats =====================
   IOMMU enabled:                   YES
   IOMMU SimObject:                 system.body.iommu

   --- Access Breakdown ---
   Total IOMMU checks:              24569356
   IOTLB hits:                      23993450
   IOTLB misses (page walks):       575906
   IOTLB hit rate:                  97.656%

   --- Latency Breakdown ---
   TOTAL IOMMU OVERHEAD:            623893 us
   Avg latency per access:          0.0253931 us

********************************************************************************
system.body.body_dwconv.llvm_interface
Total Area: 1.4257e+06
Total Power Static: 13333.2

Total Power Dynamic: 151645
   ========= Performance Analysis =============
   Setup Time:                      0h 0m 0s 8ms 537us
   Simulation Time (Total):         0h 3m 42s 332ms
   Simulation Time (Active):        0h 1m 20s 32ms
        Queue Processing Time:      0h 1m 20s 19ms
             Scheduling Time:       0h 1m 14s 162ms
             Computation Time:      0h 0m 0s 801ms
   System Clock:                    0.1GHz
   Runtime:                         1522527 cycles
   Runtime:                         15225.3 us
   Stalls:                          0 cycles
   Executed Nodes:                  1522526 cycles

   ========= Kernel Validation Stats ==========
   Kernel validation enabled:       NO
   Configured latency per check:    0 us

   --- Access Breakdown ---
   Total memory accesses (validated): 0
   Cache hits (0 latency):          0
   Validation requests (full lat):  0
   Coalesced waits (partial lat):   0
   Validations denied:              0

   --- Latency Breakdown ---
   Validation request latency:      0 us
   Coalesced wait latency:          0 us
   TOTAL SECURITY OVERHEAD:         0 us
   Avg latency per validation:      0 us
   Avg latency per coalesced wait:  0 us
   Avg overhead per blocked access: 0 us

   --- Cache Statistics ---
   Processes with cached pages:     0
   Unique pages validated (total):  0
   Cache hit rate:                  0%

   ========= IOMMU Stats =====================
   IOMMU enabled:                   YES
   IOMMU SimObject:                 system.body.iommu

   --- Access Breakdown ---
   Total IOMMU checks:              24730675
   IOTLB hits:                      24154417
   IOTLB misses (page walks):       576258
   IOTLB hit rate:                  97.6699%

   --- Latency Breakdown ---
   TOTAL IOMMU OVERHEAD:            624567 us
   Avg latency per access:          0.0252547 us

********************************************************************************
system.body.body_pwconv1.llvm_interface
Total Area: 8.24653e+06
Total Power Static: 46184.6

Total Power Dynamic: 456743
   ========= Performance Analysis =============
   Setup Time:                      0h 0m 0s 137ms 597us
   Simulation Time (Total):         0h 3m 42s 201ms
   Simulation Time (Active):        0h 1m 37s 570ms
        Queue Processing Time:      0h 1m 37s 565ms
             Scheduling Time:       0h 1m 27s 884ms
             Computation Time:      0h 0m 2s 520ms
   System Clock:                    0.1GHz
   Runtime:                         1523216 cycles
   Runtime:                         15232.2 us
   Stalls:                          0 cycles
   Executed Nodes:                  1523215 cycles

   ========= Kernel Validation Stats ==========
   Kernel validation enabled:       NO
   Configured latency per check:    0 us

   --- Access Breakdown ---
   Total memory accesses (validated): 0
   Cache hits (0 latency):          0
   Validation requests (full lat):  0
   Coalesced waits (partial lat):   0
   Validations denied:              0

   --- Latency Breakdown ---
   Validation request latency:      0 us
   Coalesced wait latency:          0 us
   TOTAL SECURITY OVERHEAD:         0 us
   Avg latency per validation:      0 us
   Avg latency per coalesced wait:  0 us
   Avg overhead per blocked access: 0 us

   --- Cache Statistics ---
   Processes with cached pages:     0
   Unique pages validated (total):  0
   Cache hit rate:                  0%

   ========= IOMMU Stats =====================
   IOMMU enabled:                   YES
   IOMMU SimObject:                 system.body.iommu

   --- Access Breakdown ---
   Total IOMMU checks:              24731436
   IOTLB hits:                      24155178
   IOTLB misses (page walks):       576258
   IOTLB hit rate:                  97.6699%

   --- Latency Breakdown ---
   TOTAL IOMMU OVERHEAD:            624568 us
   Avg latency per access:          0.025254 us

********************************************************************************
system.body.body_top.llvm_interface
Total Area: 41243.6
Total Power Static: 0.95918

Total Power Dynamic: 4.75225
   ========= Performance Analysis =============
   Setup Time:                      0h 0m 0s 7ms 271us
   Simulation Time (Total):         0h 3m 42s 756ms
   Simulation Time (Active):        0h 0m 0s 192ms
        Queue Processing Time:      0h 0m 0s 99ms
             Scheduling Time:       0h 0m 0s 23ms
             Computation Time:      0h 0m 0s 6ms
   System Clock:                    0.1GHz
   Runtime:                         1541905 cycles
   Runtime:                         15419.1 us
   Stalls:                          0 cycles
   Executed Nodes:                  1541904 cycles

   ========= Kernel Validation Stats ==========
   Kernel validation enabled:       NO
   Configured latency per check:    0 us

   --- Access Breakdown ---
   Total memory accesses (validated): 0
   Cache hits (0 latency):          0
   Validation requests (full lat):  0
   Coalesced waits (partial lat):   0
   Validations denied:              0

   --- Latency Breakdown ---
   Validation request latency:      0 us
   Coalesced wait latency:          0 us
   TOTAL SECURITY OVERHEAD:         0 us
   Avg latency per validation:      0 us
   Avg latency per coalesced wait:  0 us
   Avg overhead per blocked access: 0 us

   --- Cache Statistics ---
   Processes with cached pages:     0
   Unique pages validated (total):  0
   Cache hit rate:                  0%

   ========= IOMMU Stats =====================
   IOMMU enabled:                   YES
   IOMMU SimObject:                 system.body.iommu

   --- Access Breakdown ---
   Total IOMMU checks:              24731438
   IOTLB hits:                      24155180
   IOTLB misses (page walks):       576258
   IOTLB hit rate:                  97.6699%

   --- Latency Breakdown ---
   TOTAL IOMMU OVERHEAD:            624568 us
   Avg latency per access:          0.025254 us

********************************************************************************
system.body.body_residual.llvm_interface
Total Area: 6459.95
Total Power Static: 8.22567

Total Power Dynamic: 32.8969
   ========= Performance Analysis =============
   Setup Time:                      0h 0m 0s 0ms 373us
   Simulation Time (Total):         0h 2m 34s 726ms
   Simulation Time (Active):        0h 0m 0s 129ms
        Queue Processing Time:      0h 0m 0s 58ms
             Scheduling Time:       0h 0m 0s 9ms
             Computation Time:      0h 0m 0s 1ms
   System Clock:                    0.1GHz
   Runtime:                         1184177 cycles
   Runtime:                         11841.8 us
   Stalls:                          0 cycles
   Executed Nodes:                  1184176 cycles

   ========= Kernel Validation Stats ==========
   Kernel validation enabled:       NO
   Configured latency per check:    0 us

   --- Access Breakdown ---
   Total memory accesses (validated): 0
   Cache hits (0 latency):          0
   Validation requests (full lat):  0
   Coalesced waits (partial lat):   0
   Validations denied:              0

   --- Latency Breakdown ---
   Validation request latency:      0 us
   Coalesced wait latency:          0 us
   TOTAL SECURITY OVERHEAD:         0 us
   Avg latency per validation:      0 us
   Avg latency per coalesced wait:  0 us
   Avg overhead per blocked access: 0 us

   --- Cache Statistics ---
   Processes with cached pages:     0
   Unique pages validated (total):  0
   Cache hit rate:                  0%

   ========= IOMMU Stats =====================
   IOMMU enabled:                   YES
   IOMMU SimObject:                 system.body.iommu

   --- Access Breakdown ---
   Total IOMMU checks:              25386544
   IOTLB hits:                      24799809
   IOTLB misses (page walks):       586735
   IOTLB hit rate:                  97.6888%

   --- Latency Breakdown ---
   TOTAL IOMMU OVERHEAD:            636335 us
   Avg latency per access:          0.0250658 us

********************************************************************************
system.body.body_pwconv0.llvm_interface
Total Area: 144454
Total Power Static: 918.962

Total Power Dynamic: 22508.7
   ========= Performance Analysis =============
   Setup Time:                      0h 0m 0s 0ms 770us
   Simulation Time (Total):         0h 3m 8s 566ms
   Simulation Time (Active):        0h 0m 9s 422ms
        Queue Processing Time:      0h 0m 9s 398ms
             Scheduling Time:       0h 0m 5s 375ms
             Computation Time:      0h 0m 0s 142ms
   System Clock:                    0.1GHz
   Runtime:                         1444469 cycles
   Runtime:                         14444.7 us
   Stalls:                          0 cycles
   Executed Nodes:                  1444468 cycles

   ========= Kernel Validation Stats ==========
   Kernel validation enabled:       NO
   Configured latency per check:    0 us

   --- Access Breakdown ---
   Total memory accesses (validated): 0
   Cache hits (0 latency):          0
   Validation requests (full lat):  0
   Coalesced waits (partial lat):   0
   Validations denied:              0

   --- Latency Breakdown ---
   Validation request latency:      0 us
   Coalesced wait latency:          0 us
   TOTAL SECURITY OVERHEAD:         0 us
   Avg latency per validation:      0 us
   Avg latency per coalesced wait:  0 us
   Avg overhead per blocked access: 0 us

   --- Cache Statistics ---
   Processes with cached pages:     0
   Unique pages validated (total):  0
   Cache hit rate:                  0%

   ========= IOMMU Stats =====================
   IOMMU enabled:                   YES
   IOMMU SimObject:                 system.body.iommu

   --- Access Breakdown ---
   Total IOMMU checks:              25531584
   IOTLB hits:                      24942545
   IOTLB misses (page walks):       589039
   IOTLB hit rate:                  97.6929%

   --- Latency Breakdown ---
   TOTAL IOMMU OVERHEAD:            638924 us
   Avg latency per access:          0.0250249 us

********************************************************************************
system.body.body_dwconv.llvm_interface
Total Area: 1.55531e+06
Total Power Static: 13333.2

Total Power Dynamic: 151645
   ========= Performance Analysis =============
   Setup Time:                      0h 0m 0s 8ms 708us
   Simulation Time (Total):         0h 3m 42s 605ms
   Simulation Time (Active):        0h 1m 20s 43ms
        Queue Processing Time:      0h 1m 20s 30ms
             Scheduling Time:       0h 1m 14s 159ms
             Computation Time:      0h 0m 0s 803ms
   System Clock:                    0.1GHz
   Runtime:                         1514384 cycles
   Runtime:                         15143.8 us
   Stalls:                          0 cycles
   Executed Nodes:                  1514383 cycles

   ========= Kernel Validation Stats ==========
   Kernel validation enabled:       NO
   Configured latency per check:    0 us

   --- Access Breakdown ---
   Total memory accesses (validated): 0
   Cache hits (0 latency):          0
   Validation requests (full lat):  0
   Coalesced waits (partial lat):   0
   Validations denied:              0

   --- Latency Breakdown ---
   Validation request latency:      0 us
   Coalesced wait latency:          0 us
   TOTAL SECURITY OVERHEAD:         0 us
   Avg latency per validation:      0 us
   Avg latency per coalesced wait:  0 us
   Avg overhead per blocked access: 0 us

   --- Cache Statistics ---
   Processes with cached pages:     0
   Unique pages validated (total):  0
   Cache hit rate:                  0%

   ========= IOMMU Stats =====================
   IOMMU enabled:                   YES
   IOMMU SimObject:                 system.body.iommu

   --- Access Breakdown ---
   Total IOMMU checks:              25692904
   IOTLB hits:                      25103513
   IOTLB misses (page walks):       589391
   IOTLB hit rate:                  97.706%

   --- Latency Breakdown ---
   TOTAL IOMMU OVERHEAD:            639598 us
   Avg latency per access:          0.024894 us

********************************************************************************
system.body.body_pwconv1.llvm_interface
Total Area: 8.99621e+06
Total Power Static: 46184.6

Total Power Dynamic: 456743
   ========= Performance Analysis =============
   Setup Time:                      0h 0m 0s 134ms 582us
   Simulation Time (Total):         0h 3m 42s 476ms
   Simulation Time (Active):        0h 1m 37s 639ms
        Queue Processing Time:      0h 1m 37s 633ms
             Scheduling Time:       0h 1m 27s 903ms
             Computation Time:      0h 0m 2s 532ms
   System Clock:                    0.1GHz
   Runtime:                         1515072 cycles
   Runtime:                         15150.7 us
   Stalls:                          0 cycles
   Executed Nodes:                  1515071 cycles

   ========= Kernel Validation Stats ==========
   Kernel validation enabled:       NO
   Configured latency per check:    0 us

   --- Access Breakdown ---
   Total memory accesses (validated): 0
   Cache hits (0 latency):          0
   Validation requests (full lat):  0
   Coalesced waits (partial lat):   0
   Validations denied:              0

   --- Latency Breakdown ---
   Validation request latency:      0 us
   Coalesced wait latency:          0 us
   TOTAL SECURITY OVERHEAD:         0 us
   Avg latency per validation:      0 us
   Avg latency per coalesced wait:  0 us
   Avg overhead per blocked access: 0 us

   --- Cache Statistics ---
   Processes with cached pages:     0
   Unique pages validated (total):  0
   Cache hit rate:                  0%

   ========= IOMMU Stats =====================
   IOMMU enabled:                   YES
   IOMMU SimObject:                 system.body.iommu

   --- Access Breakdown ---
   Total IOMMU checks:              25693665
   IOTLB hits:                      25104274
   IOTLB misses (page walks):       589391
   IOTLB hit rate:                  97.7061%

   --- Latency Breakdown ---
   TOTAL IOMMU OVERHEAD:            639600 us
   Avg latency per access:          0.0248933 us

********************************************************************************
system.body.body_top.llvm_interface
Total Area: 44993
Total Power Static: 0.959791

Total Power Dynamic: 4.75526
   ========= Performance Analysis =============
   Setup Time:                      0h 0m 0s 7ms 234us
   Simulation Time (Total):         0h 3m 43s 49ms
   Simulation Time (Active):        0h 0m 0s 202ms
        Queue Processing Time:      0h 0m 0s 98ms
             Scheduling Time:       0h 0m 0s 22ms
             Computation Time:      0h 0m 0s 6ms
   System Clock:                    0.1GHz
   Runtime:                         1533775 cycles
   Runtime:                         15337.8 us
   Stalls:                          0 cycles
   Executed Nodes:                  1533774 cycles

   ========= Kernel Validation Stats ==========
   Kernel validation enabled:       NO
   Configured latency per check:    0 us

   --- Access Breakdown ---
   Total memory accesses (validated): 0
   Cache hits (0 latency):          0
   Validation requests (full lat):  0
   Coalesced waits (partial lat):   0
   Validations denied:              0

   --- Latency Breakdown ---
   Validation request latency:      0 us
   Coalesced wait latency:          0 us
   TOTAL SECURITY OVERHEAD:         0 us
   Avg latency per validation:      0 us
   Avg latency per coalesced wait:  0 us
   Avg overhead per blocked access: 0 us

   --- Cache Statistics ---
   Processes with cached pages:     0
   Unique pages validated (total):  0
   Cache hit rate:                  0%

   ========= IOMMU Stats =====================
   IOMMU enabled:                   YES
   IOMMU SimObject:                 system.body.iommu

   --- Access Breakdown ---
   Total IOMMU checks:              25693667
   IOTLB hits:                      25104276
   IOTLB misses (page walks):       589391
   IOTLB hit rate:                  97.7061%

   --- Latency Breakdown ---
   TOTAL IOMMU OVERHEAD:            639600 us
   Avg latency per access:          0.0248933 us

********************************************************************************
system.body.body_residual.llvm_interface
Total Area: 6998.28
Total Power Static: 8.22567

Total Power Dynamic: 32.8969
   ========= Performance Analysis =============
   Setup Time:                      0h 0m 0s 0ms 379us
   Simulation Time (Total):         0h 1m 49s 368ms
   Simulation Time (Active):        0h 0m 0s 108ms
        Queue Processing Time:      0h 0m 0s 49ms
             Scheduling Time:       0h 0m 0s 8ms
             Computation Time:      0h 0m 0s 1ms
   System Clock:                    0.1GHz
   Runtime:                         987626 cycles
   Runtime:                         9876.26 us
   Stalls:                          0 cycles
   Executed Nodes:                  987625 cycles

   ========= Kernel Validation Stats ==========
   Kernel validation enabled:       NO
   Configured latency per check:    0 us

   --- Access Breakdown ---
   Total memory accesses (validated): 0
   Cache hits (0 latency):          0
   Validation requests (full lat):  0
   Coalesced waits (partial lat):   0
   Validations denied:              0

   --- Latency Breakdown ---
   Validation request latency:      0 us
   Coalesced wait latency:          0 us
   TOTAL SECURITY OVERHEAD:         0 us
   Avg latency per validation:      0 us
   Avg latency per coalesced wait:  0 us
   Avg overhead per blocked access: 0 us

   --- Cache Statistics ---
   Processes with cached pages:     0
   Unique pages validated (total):  0
   Cache hit rate:                  0%

   ========= IOMMU Stats =====================
   IOMMU enabled:                   YES
   IOMMU SimObject:                 system.body.iommu

   --- Access Breakdown ---
   Total IOMMU checks:              26121355
   IOTLB hits:                      25522963
   IOTLB misses (page walks):       598392
   IOTLB hit rate:                  97.7092%

   --- Latency Breakdown ---
   TOTAL IOMMU OVERHEAD:            649438 us
   Avg latency per access:          0.0248623 us

********************************************************************************
system.body.body_pwconv0.llvm_interface
Total Area: 156491
Total Power Static: 918.962

Total Power Dynamic: 22508.7
   ========= Performance Analysis =============
   Setup Time:                      0h 0m 0s 0ms 753us
   Simulation Time (Total):         0h 2m 20s 972ms
   Simulation Time (Active):        0h 0m 9s 14ms
        Queue Processing Time:      0h 0m 8s 995ms
             Scheduling Time:       0h 0m 5s 310ms
             Computation Time:      0h 0m 0s 143ms
   System Clock:                    0.1GHz
   Runtime:                         1257709 cycles
   Runtime:                         12577.1 us
   Stalls:                          0 cycles
   Executed Nodes:                  1257708 cycles

   ========= Kernel Validation Stats ==========
   Kernel validation enabled:       NO
   Configured latency per check:    0 us

   --- Access Breakdown ---
   Total memory accesses (validated): 0
   Cache hits (0 latency):          0
   Validation requests (full lat):  0
   Coalesced waits (partial lat):   0
   Validations denied:              0

   --- Latency Breakdown ---
   Validation request latency:      0 us
   Coalesced wait latency:          0 us
   TOTAL SECURITY OVERHEAD:         0 us
   Avg latency per validation:      0 us
   Avg latency per coalesced wait:  0 us
   Avg overhead per blocked access: 0 us

   --- Cache Statistics ---
   Processes with cached pages:     0
   Unique pages validated (total):  0
   Cache hit rate:                  0%

   ========= IOMMU Stats =====================
   IOMMU enabled:                   YES
   IOMMU SimObject:                 system.body.iommu

   --- Access Breakdown ---
   Total IOMMU checks:              26251920
   IOTLB hits:                      25651084
   IOTLB misses (page walks):       600836
   IOTLB hit rate:                  97.7113%

   --- Latency Breakdown ---
   TOTAL IOMMU OVERHEAD:            652138 us
   Avg latency per access:          0.0248415 us

********************************************************************************
system.body.body_pwconv1.llvm_interface
Total Area: 9.7459e+06
Total Power Static: 20189.6

Total Power Dynamic: 199684
   ========= Performance Analysis =============
   Setup Time:                      0h 0m 0s 135ms 577us
   Simulation Time (Total):         0h 2m 23s 942ms
   Simulation Time (Active):        0h 0m 42s 23ms
        Queue Processing Time:      0h 0m 42s 19ms
             Scheduling Time:       0h 0m 37s 876ms
             Computation Time:      0h 0m 1s 123ms
   System Clock:                    0.1GHz
   Runtime:                         1260398 cycles
   Runtime:                         12604 us
   Stalls:                          0 cycles
   Executed Nodes:                  1260397 cycles

   ========= Kernel Validation Stats ==========
   Kernel validation enabled:       NO
   Configured latency per check:    0 us

   --- Access Breakdown ---
   Total memory accesses (validated): 0
   Cache hits (0 latency):          0
   Validation requests (full lat):  0
   Coalesced waits (partial lat):   0
   Validations denied:              0

   --- Latency Breakdown ---
   Validation request latency:      0 us
   Coalesced wait latency:          0 us
   TOTAL SECURITY OVERHEAD:         0 us
   Avg latency per validation:      0 us
   Avg latency per coalesced wait:  0 us
   Avg overhead per blocked access: 0 us

   --- Cache Statistics ---
   Processes with cached pages:     0
   Unique pages validated (total):  0
   Cache hit rate:                  0%

   ========= IOMMU Stats =====================
   IOMMU enabled:                   YES
   IOMMU SimObject:                 system.body.iommu

   --- Access Breakdown ---
   Total IOMMU checks:              26264577
   IOTLB hits:                      25663741
   IOTLB misses (page walks):       600836
   IOTLB hit rate:                  97.7124%

   --- Latency Breakdown ---
   TOTAL IOMMU OVERHEAD:            652163 us
   Avg latency per access:          0.0248305 us

********************************************************************************
system.body.body_dwconv.llvm_interface
Total Area: 1.68492e+06
Total Power Static: 13321

Total Power Dynamic: 151645
   ========= Performance Analysis =============
   Setup Time:                      0h 0m 0s 8ms 491us
   Simulation Time (Total):         0h 2m 36s 684ms
   Simulation Time (Active):        0h 1m 18s 47ms
        Queue Processing Time:      0h 1m 18s 33ms
             Scheduling Time:       0h 1m 12s 767ms
             Computation Time:      0h 0m 0s 797ms
   System Clock:                    0.1GHz
   Runtime:                         1271955 cycles
   Runtime:                         12719.6 us
   Stalls:                          0 cycles
   Executed Nodes:                  1271954 cycles

   ========= Kernel Validation Stats ==========
   Kernel validation enabled:       NO
   Configured latency per check:    0 us

   --- Access Breakdown ---
   Total memory accesses (validated): 0
   Cache hits (0 latency):          0
   Validation requests (full lat):  0
   Coalesced waits (partial lat):   0
   Validations denied:              0

   --- Latency Breakdown ---
   Validation request latency:      0 us
   Coalesced wait latency:          0 us
   TOTAL SECURITY OVERHEAD:         0 us
   Avg latency per validation:      0 us
   Avg latency per coalesced wait:  0 us
   Avg overhead per blocked access: 0 us

   --- Cache Statistics ---
   Processes with cached pages:     0
   Unique pages validated (total):  0
   Cache hit rate:                  0%

   ========= IOMMU Stats =====================
   IOMMU enabled:                   YES
   IOMMU SimObject:                 system.body.iommu

   --- Access Breakdown ---
   Total IOMMU checks:              26313193
   IOTLB hits:                      25712357
   IOTLB misses (page walks):       600836
   IOTLB hit rate:                  97.7166%

   --- Latency Breakdown ---
   TOTAL IOMMU OVERHEAD:            652261 us
   Avg latency per access:          0.0247884 us

********************************************************************************
system.body.body_top.llvm_interface
Total Area: 48742.4
Total Power Static: 0.959791

Total Power Dynamic: 4.75526
   ========= Performance Analysis =============
   Setup Time:                      0h 0m 0s 7ms 220us
   Simulation Time (Total):         0h 2m 37s 97ms
   Simulation Time (Active):        0h 0m 0s 171ms
        Queue Processing Time:      0h 0m 0s 81ms
             Scheduling Time:       0h 0m 0s 18ms
             Computation Time:      0h 0m 0s 4ms
   System Clock:                    0.1GHz
   Runtime:                         1290654 cycles
   Runtime:                         12906.5 us
   Stalls:                          0 cycles
   Executed Nodes:                  1290653 cycles

   ========= Kernel Validation Stats ==========
   Kernel validation enabled:       NO
   Configured latency per check:    0 us

   --- Access Breakdown ---
   Total memory accesses (validated): 0
   Cache hits (0 latency):          0
   Validation requests (full lat):  0
   Coalesced waits (partial lat):   0
   Validations denied:              0

   --- Latency Breakdown ---
   Validation request latency:      0 us
   Coalesced wait latency:          0 us
   TOTAL SECURITY OVERHEAD:         0 us
   Avg latency per validation:      0 us
   Avg latency per coalesced wait:  0 us
   Avg overhead per blocked access: 0 us

   --- Cache Statistics ---
   Processes with cached pages:     0
   Unique pages validated (total):  0
   Cache hit rate:                  0%

   ========= IOMMU Stats =====================
   IOMMU enabled:                   YES
   IOMMU SimObject:                 system.body.iommu

   --- Access Breakdown ---
   Total IOMMU checks:              26313196
   IOTLB hits:                      25712360
   IOTLB misses (page walks):       600836
   IOTLB hit rate:                  97.7166%

   --- Latency Breakdown ---
   TOTAL IOMMU OVERHEAD:            652261 us
   Avg latency per access:          0.0247884 us

********************************************************************************
system.body.body_residual.llvm_interface
Total Area: 7536.61
Total Power Static: 2.39747

Total Power Dynamic: 7.19619
   ========= Performance Analysis =============
   Setup Time:                      0h 0m 0s 0ms 373us
   Simulation Time (Total):         0h 0m 24s 903ms
   Simulation Time (Active):        0h 0m 0s 13ms
        Queue Processing Time:      0h 0m 0s 7ms
             Scheduling Time:       0h 0m 0s 2ms
             Computation Time:      0h 0m 0s 0ms
   System Clock:                    0.1GHz
   Runtime:                         101042 cycles
   Runtime:                         1010.42 us
   Stalls:                          0 cycles
   Executed Nodes:                  101041 cycles

   ========= Kernel Validation Stats ==========
   Kernel validation enabled:       NO
   Configured latency per check:    0 us

   --- Access Breakdown ---
   Total memory accesses (validated): 0
   Cache hits (0 latency):          0
   Validation requests (full lat):  0
   Coalesced waits (partial lat):   0
   Validations denied:              0

   --- Latency Breakdown ---
   Validation request latency:      0 us
   Coalesced wait latency:          0 us
   TOTAL SECURITY OVERHEAD:         0 us
   Avg latency per validation:      0 us
   Avg latency per coalesced wait:  0 us
   Avg overhead per blocked access: 0 us

   --- Cache Statistics ---
   Processes with cached pages:     0
   Unique pages validated (total):  0
   Cache hit rate:                  0%

   ========= IOMMU Stats =====================
   IOMMU enabled:                   YES
   IOMMU SimObject:                 system.body.iommu

   --- Access Breakdown ---
   Total IOMMU checks:              26443532
   IOTLB hits:                      25841980
   IOTLB misses (page walks):       601552
   IOTLB hit rate:                  97.7251%

   --- Latency Breakdown ---
   TOTAL IOMMU OVERHEAD:            653236 us
   Avg latency per access:          0.0247031 us

********************************************************************************
system.body.body_pwconv0.llvm_interface
Total Area: 168529
Total Power Static: 399.351

Total Power Dynamic: 9823.92
   ========= Performance Analysis =============
   Setup Time:                      0h 0m 0s 0ms 742us
   Simulation Time (Total):         0h 0m 53s 725ms
   Simulation Time (Active):        0h 0m 2s 849ms
        Queue Processing Time:      0h 0m 2s 835ms
             Scheduling Time:       0h 0m 1s 679ms
             Computation Time:      0h 0m 0s 51ms
   System Clock:                    0.1GHz
   Runtime:                         278002 cycles
   Runtime:                         2780.02 us
   Stalls:                          0 cycles
   Executed Nodes:                  278001 cycles

   ========= Kernel Validation Stats ==========
   Kernel validation enabled:       NO
   Configured latency per check:    0 us

   --- Access Breakdown ---
   Total memory accesses (validated): 0
   Cache hits (0 latency):          0
   Validation requests (full lat):  0
   Coalesced waits (partial lat):   0
   Validations denied:              0

   --- Latency Breakdown ---
   Validation request latency:      0 us
   Coalesced wait latency:          0 us
   TOTAL SECURITY OVERHEAD:         0 us
   Avg latency per validation:      0 us
   Avg latency per coalesced wait:  0 us
   Avg overhead per blocked access: 0 us

   --- Cache Statistics ---
   Processes with cached pages:     0
   Unique pages validated (total):  0
   Cache hit rate:                  0%

   ========= IOMMU Stats =====================
   IOMMU enabled:                   YES
   IOMMU SimObject:                 system.body.iommu

   --- Access Breakdown ---
   Total IOMMU checks:              26571297
   IOTLB hits:                      25968232
   IOTLB misses (page walks):       603065
   IOTLB hit rate:                  97.7304%

   --- Latency Breakdown ---
   TOTAL IOMMU OVERHEAD:            655001 us
   Avg latency per access:          0.0246507 us

********************************************************************************
system.body.body_pwconv1.llvm_interface
Total Area: 1.04956e+07
Total Power Static: 20189.6

Total Power Dynamic: 199684
   ========= Performance Analysis =============
   Setup Time:                      0h 0m 0s 135ms 630us
   Simulation Time (Total):         0h 1m 25s 712ms
   Simulation Time (Active):        0h 0m 39s 595ms
        Queue Processing Time:      0h 0m 39s 592ms
             Scheduling Time:       0h 0m 35s 679ms
             Computation Time:      0h 0m 1s 58ms
   System Clock:                    0.1GHz
   Runtime:                         335354 cycles
   Runtime:                         3353.54 us
   Stalls:                          0 cycles
   Executed Nodes:                  335353 cycles

   ========= Kernel Validation Stats ==========
   Kernel validation enabled:       NO
   Configured latency per check:    0 us

   --- Access Breakdown ---
   Total memory accesses (validated): 0
   Cache hits (0 latency):          0
   Validation requests (full lat):  0
   Coalesced waits (partial lat):   0
   Validations denied:              0

   --- Latency Breakdown ---
   Validation request latency:      0 us
   Coalesced wait latency:          0 us
   TOTAL SECURITY OVERHEAD:         0 us
   Avg latency per validation:      0 us
   Avg latency per coalesced wait:  0 us
   Avg overhead per blocked access: 0 us

   --- Cache Statistics ---
   Processes with cached pages:     0
   Unique pages validated (total):  0
   Cache hit rate:                  0%

   ========= IOMMU Stats =====================
   IOMMU enabled:                   YES
   IOMMU SimObject:                 system.body.iommu

   --- Access Breakdown ---
   Total IOMMU checks:              26720413
   IOTLB hits:                      26117089
   IOTLB misses (page walks):       603324
   IOTLB hit rate:                  97.7421%

   --- Latency Breakdown ---
   TOTAL IOMMU OVERHEAD:            655558 us
   Avg latency per access:          0.024534 us

********************************************************************************
system.body.body_dwconv.llvm_interface
Total Area: 1.81453e+06
Total Power Static: 5467.5

Total Power Dynamic: 63163.1
   ========= Performance Analysis =============
   Setup Time:                      0h 0m 0s 8ms 475us
   Simulation Time (Total):         0h 1m 26s 22ms
   Simulation Time (Active):        0h 0m 34s 426ms
        Queue Processing Time:      0h 0m 34s 421ms
             Scheduling Time:       0h 0m 31s 674ms
             Computation Time:      0h 0m 0s 322ms
   System Clock:                    0.1GHz
   Runtime:                         336451 cycles
   Runtime:                         3364.51 us
   Stalls:                          0 cycles
   Executed Nodes:                  336450 cycles

   ========= Kernel Validation Stats ==========
   Kernel validation enabled:       NO
   Configured latency per check:    0 us

   --- Access Breakdown ---
   Total memory accesses (validated): 0
   Cache hits (0 latency):          0
   Validation requests (full lat):  0
   Coalesced waits (partial lat):   0
   Validations denied:              0

   --- Latency Breakdown ---
   Validation request latency:      0 us
   Coalesced wait latency:          0 us
   TOTAL SECURITY OVERHEAD:         0 us
   Avg latency per validation:      0 us
   Avg latency per coalesced wait:  0 us
   Avg overhead per blocked access: 0 us

   --- Cache Statistics ---
   Processes with cached pages:     0
   Unique pages validated (total):  0
   Cache hit rate:                  0%

   ========= IOMMU Stats =====================
   IOMMU enabled:                   YES
   IOMMU SimObject:                 system.body.iommu

   --- Access Breakdown ---
   Total IOMMU checks:              26724592
   IOTLB hits:                      26121268
   IOTLB misses (page walks):       603324
   IOTLB hit rate:                  97.7424%

   --- Latency Breakdown ---
   TOTAL IOMMU OVERHEAD:            655567 us
   Avg latency per access:          0.0245305 us

********************************************************************************
system.body.body_top.llvm_interface
Total Area: 52491.8
Total Power Static: 0.957957

Total Power Dynamic: 4.74625
   ========= Performance Analysis =============
   Setup Time:                      0h 0m 0s 16ms 398us
   Simulation Time (Total):         0h 1m 26s 400ms
   Simulation Time (Active):        0h 0m 0s 58ms
        Queue Processing Time:      0h 0m 0s 34ms
             Scheduling Time:       0h 0m 0s 11ms
             Computation Time:      0h 0m 0s 2ms
   System Clock:                    0.1GHz
   Runtime:                         355015 cycles
   Runtime:                         3550.15 us
   Stalls:                          0 cycles
   Executed Nodes:                  355014 cycles

   ========= Kernel Validation Stats ==========
   Kernel validation enabled:       NO
   Configured latency per check:    0 us

   --- Access Breakdown ---
   Total memory accesses (validated): 0
   Cache hits (0 latency):          0
   Validation requests (full lat):  0
   Coalesced waits (partial lat):   0
   Validations denied:              0

   --- Latency Breakdown ---
   Validation request latency:      0 us
   Coalesced wait latency:          0 us
   TOTAL SECURITY OVERHEAD:         0 us
   Avg latency per validation:      0 us
   Avg latency per coalesced wait:  0 us
   Avg overhead per blocked access: 0 us

   --- Cache Statistics ---
   Processes with cached pages:     0
   Unique pages validated (total):  0
   Cache hit rate:                  0%

   ========= IOMMU Stats =====================
   IOMMU enabled:                   YES
   IOMMU SimObject:                 system.body.iommu

   --- Access Breakdown ---
   Total IOMMU checks:              26724595
   IOTLB hits:                      26121271
   IOTLB misses (page walks):       603324
   IOTLB hit rate:                  97.7424%

   --- Latency Breakdown ---
   TOTAL IOMMU OVERHEAD:            655567 us
   Avg latency per access:          0.0245305 us

********************************************************************************
system.body.body_residual.llvm_interface
Total Area: 8074.94
Total Power Static: 3.59739

Total Power Dynamic: 14.3924
   ========= Performance Analysis =============
   Setup Time:                      0h 0m 0s 0ms 382us
   Simulation Time (Total):         0h 0m 25s 28ms
   Simulation Time (Active):        0h 0m 0s 14ms
        Queue Processing Time:      0h 0m 0s 8ms
             Scheduling Time:       0h 0m 0s 2ms
             Computation Time:      0h 0m 0s 0ms
   System Clock:                    0.1GHz
   Runtime:                         98900 cycles
   Runtime:                         989 us
   Stalls:                          0 cycles
   Executed Nodes:                  98899 cycles

   ========= Kernel Validation Stats ==========
   Kernel validation enabled:       NO
   Configured latency per check:    0 us

   --- Access Breakdown ---
   Total memory accesses (validated): 0
   Cache hits (0 latency):          0
   Validation requests (full lat):  0
   Coalesced waits (partial lat):   0
   Validations denied:              0

   --- Latency Breakdown ---
   Validation request latency:      0 us
   Coalesced wait latency:          0 us
   TOTAL SECURITY OVERHEAD:         0 us
   Avg latency per validation:      0 us
   Avg latency per coalesced wait:  0 us
   Avg overhead per blocked access: 0 us

   --- Cache Statistics ---
   Processes with cached pages:     0
   Unique pages validated (total):  0
   Cache hit rate:                  0%

   ========= IOMMU Stats =====================
   IOMMU enabled:                   YES
   IOMMU SimObject:                 system.body.iommu

   --- Access Breakdown ---
   Total IOMMU checks:              26855430
   IOTLB hits:                      26251411
   IOTLB misses (page walks):       604019
   IOTLB hit rate:                  97.7508%

   --- Latency Breakdown ---
   TOTAL IOMMU OVERHEAD:            656522 us
   Avg latency per access:          0.0244465 us

********************************************************************************
system.body.body_pwconv0.llvm_interface
Total Area: 180567
Total Power Static: 399.351

Total Power Dynamic: 9823.92
   ========= Performance Analysis =============
   Setup Time:                      0h 0m 0s 0ms 741us
   Simulation Time (Total):         0h 0m 53s 888ms
   Simulation Time (Active):        0h 0m 2s 855ms
        Queue Processing Time:      0h 0m 2s 841ms
             Scheduling Time:       0h 0m 1s 682ms
             Computation Time:      0h 0m 0s 51ms
   System Clock:                    0.1GHz
   Runtime:                         275855 cycles
   Runtime:                         2758.55 us
   Stalls:                          0 cycles
   Executed Nodes:                  275854 cycles

   ========= Kernel Validation Stats ==========
   Kernel validation enabled:       NO
   Configured latency per check:    0 us

   --- Access Breakdown ---
   Total memory accesses (validated): 0
   Cache hits (0 latency):          0
   Validation requests (full lat):  0
   Coalesced waits (partial lat):   0
   Validations denied:              0

   --- Latency Breakdown ---
   Validation request latency:      0 us
   Coalesced wait latency:          0 us
   TOTAL SECURITY OVERHEAD:         0 us
   Avg latency per validation:      0 us
   Avg latency per coalesced wait:  0 us
   Avg overhead per blocked access: 0 us

   --- Cache Statistics ---
   Processes with cached pages:     0
   Unique pages validated (total):  0
   Cache hit rate:                  0%

   ========= IOMMU Stats =====================
   IOMMU enabled:                   YES
   IOMMU SimObject:                 system.body.iommu

   --- Access Breakdown ---
   Total IOMMU checks:              26983196
   IOTLB hits:                      26377664
   IOTLB misses (page walks):       605532
   IOTLB hit rate:                  97.7559%

   --- Latency Breakdown ---
   TOTAL IOMMU OVERHEAD:            658287 us
   Avg latency per access:          0.0243962 us

********************************************************************************
system.body.body_pwconv1.llvm_interface
Total Area: 1.12453e+07
Total Power Static: 20189.6

Total Power Dynamic: 199684
   ========= Performance Analysis =============
   Setup Time:                      0h 0m 0s 135ms 5us
   Simulation Time (Total):         0h 1m 25s 569ms
   Simulation Time (Active):        0h 0m 39s 343ms
        Queue Processing Time:      0h 0m 39s 340ms
             Scheduling Time:       0h 0m 35s 451ms
             Computation Time:      0h 0m 1s 50ms
   System Clock:                    0.1GHz
   Runtime:                         333108 cycles
   Runtime:                         3331.08 us
   Stalls:                          0 cycles
   Executed Nodes:                  333107 cycles

   ========= Kernel Validation Stats ==========
   Kernel validation enabled:       NO
   Configured latency per check:    0 us

   --- Access Breakdown ---
   Total memory accesses (validated): 0
   Cache hits (0 latency):          0
   Validation requests (full lat):  0
   Coalesced waits (partial lat):   0
   Validations denied:              0

   --- Latency Breakdown ---
   Validation request latency:      0 us
   Coalesced wait latency:          0 us
   TOTAL SECURITY OVERHEAD:         0 us
   Avg latency per validation:      0 us
   Avg latency per coalesced wait:  0 us
   Avg overhead per blocked access: 0 us

   --- Cache Statistics ---
   Processes with cached pages:     0
   Unique pages validated (total):  0
   Cache hit rate:                  0%

   ========= IOMMU Stats =====================
   IOMMU enabled:                   YES
   IOMMU SimObject:                 system.body.iommu

   --- Access Breakdown ---
   Total IOMMU checks:              27132312
   IOTLB hits:                      26526521
   IOTLB misses (page walks):       605791
   IOTLB hit rate:                  97.7673%

   --- Latency Breakdown ---
   TOTAL IOMMU OVERHEAD:            658844 us
   Avg latency per access:          0.0242826 us

********************************************************************************
system.body.body_dwconv.llvm_interface
Total Area: 1.94414e+06
Total Power Static: 5467.5

Total Power Dynamic: 63163.1
   ========= Performance Analysis =============
   Setup Time:                      0h 0m 0s 8ms 792us
   Simulation Time (Total):         0h 1m 25s 879ms
   Simulation Time (Active):        0h 0m 34s 490ms
        Queue Processing Time:      0h 0m 34s 486ms
             Scheduling Time:       0h 0m 31s 747ms
             Computation Time:      0h 0m 0s 319ms
   System Clock:                    0.1GHz
   Runtime:                         334205 cycles
   Runtime:                         3342.05 us
   Stalls:                          0 cycles
   Executed Nodes:                  334204 cycles

   ========= Kernel Validation Stats ==========
   Kernel validation enabled:       NO
   Configured latency per check:    0 us

   --- Access Breakdown ---
   Total memory accesses (validated): 0
   Cache hits (0 latency):          0
   Validation requests (full lat):  0
   Coalesced waits (partial lat):   0
   Validations denied:              0

   --- Latency Breakdown ---
   Validation request latency:      0 us
   Coalesced wait latency:          0 us
   TOTAL SECURITY OVERHEAD:         0 us
   Avg latency per validation:      0 us
   Avg latency per coalesced wait:  0 us
   Avg overhead per blocked access: 0 us

   --- Cache Statistics ---
   Processes with cached pages:     0
   Unique pages validated (total):  0
   Cache hit rate:                  0%

   ========= IOMMU Stats =====================
   IOMMU enabled:                   YES
   IOMMU SimObject:                 system.body.iommu

   --- Access Breakdown ---
   Total IOMMU checks:              27136491
   IOTLB hits:                      26530700
   IOTLB misses (page walks):       605791
   IOTLB hit rate:                  97.7676%

   --- Latency Breakdown ---
   TOTAL IOMMU OVERHEAD:            658852 us
   Avg latency per access:          0.0242792 us

********************************************************************************
system.body.body_top.llvm_interface
Total Area: 56241.2
Total Power Static: 0.956735

Total Power Dynamic: 4.74024
   ========= Performance Analysis =============
   Setup Time:                      0h 0m 0s 16ms 952us
   Simulation Time (Total):         0h 1m 26s 258ms
   Simulation Time (Active):        0h 0m 0s 58ms
        Queue Processing Time:      0h 0m 0s 33ms
             Scheduling Time:       0h 0m 0s 11ms
             Computation Time:      0h 0m 0s 2ms
   System Clock:                    0.1GHz
   Runtime:                         352846 cycles
   Runtime:                         3528.46 us
   Stalls:                          0 cycles
   Executed Nodes:                  352845 cycles

   ========= Kernel Validation Stats ==========
   Kernel validation enabled:       NO
   Configured latency per check:    0 us

   --- Access Breakdown ---
   Total memory accesses (validated): 0
   Cache hits (0 latency):          0
   Validation requests (full lat):  0
   Coalesced waits (partial lat):   0
   Validations denied:              0

   --- Latency Breakdown ---
   Validation request latency:      0 us
   Coalesced wait latency:          0 us
   TOTAL SECURITY OVERHEAD:         0 us
   Avg latency per validation:      0 us
   Avg latency per coalesced wait:  0 us
   Avg overhead per blocked access: 0 us

   --- Cache Statistics ---
   Processes with cached pages:     0
   Unique pages validated (total):  0
   Cache hit rate:                  0%

   ========= IOMMU Stats =====================
   IOMMU enabled:                   YES
   IOMMU SimObject:                 system.body.iommu

   --- Access Breakdown ---
   Total IOMMU checks:              27136494
   IOTLB hits:                      26530703
   IOTLB misses (page walks):       605791
   IOTLB hit rate:                  97.7676%

   --- Latency Breakdown ---
   TOTAL IOMMU OVERHEAD:            658852 us
   Avg latency per access:          0.0242792 us

********************************************************************************
system.tail.tail_pwconv.llvm_interface
Total Area: 11678.9
Total Power Static: 1439.58

Total Power Dynamic: 37038.2
   ========= Performance Analysis =============
   Setup Time:                      0h 0m 0s 0ms 687us
   Simulation Time (Total):         0h 0m 15s 563ms
   Simulation Time (Active):        0h 0m 6s 419ms
        Queue Processing Time:      0h 0m 6s 413ms
             Scheduling Time:       0h 0m 2s 641ms
             Computation Time:      0h 0m 0s 149ms
   System Clock:                    0.1GHz
   Runtime:                         35379 cycles
   Runtime:                         353.79 us
   Stalls:                          0 cycles
   Executed Nodes:                  35378 cycles

   ========= Kernel Validation Stats ==========
   Kernel validation enabled:       NO
   Configured latency per check:    0 us

   --- Access Breakdown ---
   Total memory accesses (validated): 0
   Cache hits (0 latency):          0
   Validation requests (full lat):  0
   Coalesced waits (partial lat):   0
   Validations denied:              0

   --- Latency Breakdown ---
   Validation request latency:      0 us
   Coalesced wait latency:          0 us
   TOTAL SECURITY OVERHEAD:         0 us
   Avg latency per validation:      0 us
   Avg latency per coalesced wait:  0 us
   Avg overhead per blocked access: 0 us

   --- Cache Statistics ---
   Processes with cached pages:     0
   Unique pages validated (total):  0
   Cache hit rate:                  0%

   ========= IOMMU Stats =====================
   IOMMU enabled:                   YES
   IOMMU SimObject:                 system.tail.iommu

   --- Access Breakdown ---
   Total IOMMU checks:              137615
   IOTLB hits:                      137608
   IOTLB misses (page walks):       7
   IOTLB hit rate:                  99.9949%

   --- Latency Breakdown ---
   TOTAL IOMMU OVERHEAD:            282.216 us
   Avg latency per access:          0.00205076 us

********************************************************************************
system.tail.tail_reshape.llvm_interface
Total Area: 10278.6
Total Power Static: 692.426

Total Power Dynamic: 17462.9
   ========= Performance Analysis =============
   Setup Time:                      0h 0m 0s 0ms 335us
   Simulation Time (Total):         0h 0m 15s 523ms
   Simulation Time (Active):        0h 0m 6s 816ms
        Queue Processing Time:      0h 0m 6s 811ms
             Scheduling Time:       0h 0m 3s 921ms
             Computation Time:      0h 0m 0s 26ms
   System Clock:                    0.1GHz
   Runtime:                         35083 cycles
   Runtime:                         350.83 us
   Stalls:                          0 cycles
   Executed Nodes:                  35082 cycles

   ========= Kernel Validation Stats ==========
   Kernel validation enabled:       NO
   Configured latency per check:    0 us

   --- Access Breakdown ---
   Total memory accesses (validated): 0
   Cache hits (0 latency):          0
   Validation requests (full lat):  0
   Coalesced waits (partial lat):   0
   Validations denied:              0

   --- Latency Breakdown ---
   Validation request latency:      0 us
   Coalesced wait latency:          0 us
   TOTAL SECURITY OVERHEAD:         0 us
   Avg latency per validation:      0 us
   Avg latency per coalesced wait:  0 us
   Avg overhead per blocked access: 0 us

   --- Cache Statistics ---
   Processes with cached pages:     0
   Unique pages validated (total):  0
   Cache hit rate:                  0%

   ========= IOMMU Stats =====================
   IOMMU enabled:                   YES
   IOMMU SimObject:                 system.tail.iommu

   --- Access Breakdown ---
   Total IOMMU checks:              137629
   IOTLB hits:                      137622
   IOTLB misses (page walks):       7
   IOTLB hit rate:                  99.9949%

   --- Latency Breakdown ---
   TOTAL IOMMU OVERHEAD:            282.244 us
   Avg latency per access:          0.00205076 us

********************************************************************************
system.tail.tail_avgpool.llvm_interface
Total Area: 5554.55
Total Power Static: 178.864

Total Power Dynamic: 2910.95
   ========= Performance Analysis =============
   Setup Time:                      0h 0m 0s 0ms 338us
   Simulation Time (Total):         0h 0m 20s 332ms
   Simulation Time (Active):        0h 0m 6s 34ms
        Queue Processing Time:      0h 0m 6s 27ms
             Scheduling Time:       0h 0m 3s 827ms
             Computation Time:      0h 0m 0s 34ms
   System Clock:                    0.1GHz
   Runtime:                         54465 cycles
   Runtime:                         544.65 us
   Stalls:                          0 cycles
   Executed Nodes:                  54464 cycles

   ========= Kernel Validation Stats ==========
   Kernel validation enabled:       NO
   Configured latency per check:    0 us

   --- Access Breakdown ---
   Total memory accesses (validated): 0
   Cache hits (0 latency):          0
   Validation requests (full lat):  0
   Coalesced waits (partial lat):   0
   Validations denied:              0

   --- Latency Breakdown ---
   Validation request latency:      0 us
   Coalesced wait latency:          0 us
   TOTAL SECURITY OVERHEAD:         0 us
   Avg latency per validation:      0 us
   Avg latency per coalesced wait:  0 us
   Avg overhead per blocked access: 0 us

   --- Cache Statistics ---
   Processes with cached pages:     0
   Unique pages validated (total):  0
   Cache hit rate:                  0%

   ========= IOMMU Stats =====================
   IOMMU enabled:                   YES
   IOMMU SimObject:                 system.tail.iommu

   --- Access Breakdown ---
   Total IOMMU checks:              167794
   IOTLB hits:                      167787
   IOTLB misses (page walks):       7
   IOTLB hit rate:                  99.9958%

   --- Latency Breakdown ---
   TOTAL IOMMU OVERHEAD:            342.574 us
   Avg latency per access:          0.00204163 us

********************************************************************************
system.tail.tail_top.llvm_interface
Total Area: 1300.17
Total Power Static: 23.079

Total Power Dynamic: 113.427
   ========= Performance Analysis =============
   Setup Time:                      0h 0m 0s 9ms 419us
   Simulation Time (Total):         0h 0m 20s 991ms
   Simulation Time (Active):        0h 0m 0s 134ms
        Queue Processing Time:      0h 0m 0s 126ms
             Scheduling Time:       0h 0m 0s 62ms
             Computation Time:      0h 0m 0s 17ms
   System Clock:                    0.1GHz
   Runtime:                         94842 cycles
   Runtime:                         948.42 us
   Stalls:                          0 cycles
   Executed Nodes:                  94841 cycles

   ========= Kernel Validation Stats ==========
   Kernel validation enabled:       NO
   Configured latency per check:    0 us

   --- Access Breakdown ---
   Total memory accesses (validated): 0
   Cache hits (0 latency):          0
   Validation requests (full lat):  0
   Coalesced waits (partial lat):   0
   Validations denied:              0

   --- Latency Breakdown ---
   Validation request latency:      0 us
   Coalesced wait latency:          0 us
   TOTAL SECURITY OVERHEAD:         0 us
   Avg latency per validation:      0 us
   Avg latency per coalesced wait:  0 us
   Avg overhead per blocked access: 0 us

   --- Cache Statistics ---
   Processes with cached pages:     0
   Unique pages validated (total):  0
   Cache hit rate:                  0%

   ========= IOMMU Stats =====================
   IOMMU enabled:                   YES
   IOMMU SimObject:                 system.tail.iommu

   --- Access Breakdown ---
   Total IOMMU checks:              167799
   IOTLB hits:                      167792
   IOTLB misses (page walks):       7
   IOTLB hit rate:                  99.9958%

   --- Latency Breakdown ---
   TOTAL IOMMU OVERHEAD:            342.584 us
   Avg latency per access:          0.00204163 us

********************************************************************************
system.classifier.classifier_linear.llvm_interface
Total Area: 1.83064e+06
Total Power Static: 149974

Total Power Dynamic: 2.0398e+06
   ========= Performance Analysis =============
   Setup Time:                      0h 0m 0s 542ms 3us
   Simulation Time (Total):         0h 20m 33s 352ms
   Simulation Time (Active):        0h 17m 21s 873ms
        Queue Processing Time:      0h 17m 21s 864ms
             Scheduling Time:       0h 16m 59s 250ms
             Computation Time:      0h 0m 6s 569ms
   System Clock:                    0.1GHz
   Runtime:                         1065387 cycles
   Runtime:                         10653.9 us
   Stalls:                          0 cycles
   Executed Nodes:                  1065386 cycles

   ========= Kernel Validation Stats ==========
   Kernel validation enabled:       NO
   Configured latency per check:    0 us

   --- Access Breakdown ---
   Total memory accesses (validated): 0
   Cache hits (0 latency):          0
   Validation requests (full lat):  0
   Coalesced waits (partial lat):   0
   Validations denied:              0

   --- Latency Breakdown ---
   Validation request latency:      0 us
   Coalesced wait latency:          0 us
   TOTAL SECURITY OVERHEAD:         0 us
   Avg latency per validation:      0 us
   Avg latency per coalesced wait:  0 us
   Avg overhead per blocked access: 0 us

   --- Cache Statistics ---
   Processes with cached pages:     0
   Unique pages validated (total):  0
   Cache hit rate:                  0%

   ========= IOMMU Stats =====================
   IOMMU enabled:                   YES
   IOMMU SimObject:                 system.classifier.iommu

   --- Access Breakdown ---
   Total IOMMU checks:              5168457
   IOTLB hits:                      5168140
   IOTLB misses (page walks):       317
   IOTLB hit rate:                  99.9939%

   --- Latency Breakdown ---
   TOTAL IOMMU OVERHEAD:            10653.3 us
   Avg latency per access:          0.00206121 us

********************************************************************************
system.classifier.classifier_top.llvm_interface
Total Area: 1350.54
Total Power Static: 23.4946

Total Power Dynamic: 115.47
   ========= Performance Analysis =============
   Setup Time:                      0h 0m 0s 1ms 207us
   Simulation Time (Total):         0h 20m 38s 987ms
   Simulation Time (Active):        0h 0m 0s 310ms
        Queue Processing Time:      0h 0m 0s 220ms
             Scheduling Time:       0h 0m 0s 86ms
             Computation Time:      0h 0m 0s 26ms
   System Clock:                    0.1GHz
   Runtime:                         1403122 cycles
   Runtime:                         14031.2 us
   Stalls:                          0 cycles
   Executed Nodes:                  1403121 cycles

   ========= Kernel Validation Stats ==========
   Kernel validation enabled:       NO
   Configured latency per check:    0 us

   --- Access Breakdown ---
   Total memory accesses (validated): 0
   Cache hits (0 latency):          0
   Validation requests (full lat):  0
   Coalesced waits (partial lat):   0
   Validations denied:              0

   --- Latency Breakdown ---
   Validation request latency:      0 us
   Coalesced wait latency:          0 us
   TOTAL SECURITY OVERHEAD:         0 us
   Avg latency per validation:      0 us
   Avg latency per coalesced wait:  0 us
   Avg overhead per blocked access: 0 us

   --- Cache Statistics ---
   Processes with cached pages:     0
   Unique pages validated (total):  0
   Cache hit rate:                  0%

   ========= IOMMU Stats =====================
   IOMMU enabled:                   YES
   IOMMU SimObject:                 system.classifier.iommu

   --- Access Breakdown ---
   Total IOMMU checks:              5168461
   IOTLB hits:                      5168144
   IOTLB misses (page walks):       317
   IOTLB hit rate:                  99.9939%

   --- Latency Breakdown ---
   TOTAL IOMMU OVERHEAD:            10653.3 us
   Avg latency per access:          0.00206121 us

Exiting @ tick 704525938000 because m5_exit instruction encountered
