build/ARM/base/statistics.hh:277: warn: One of the stats is a legacy stat. Legacy stat is a stat that does not belong to any statistics::Group. Legacy stat is deprecated.
Global frequency set at 1000000000000 ticks per second
build/ARM/mem/mem_interface.cc:793: warn: DRAM device capacity (16384 Mbytes) does not match the address range assigned (4096 Mbytes)
build/ARM/sim/kernel_workload.cc:46: info: kernel located at: /gem5-SALAM/benchmarks/mobilenetv2/sw/main.elf
build/ARM/arch/arm/system.cc:95: warn: Highest ARM exception-level set to AArch64 but the workload is for AArch32. Assuming you wanted these to match.
build/ARM/base/vnc/vncserver.cc:163: warn: Sockets disabled, not accepting vnc client connections
build/ARM/dev/serial/terminal.cc:170: warn: Sockets disabled, not accepting terminal connections
build/ARM/mem/coherent_xbar.cc:140: warn: CoherentXBar system.body.coherency_bus has no snooping ports attached!
build/ARM/mem/coherent_xbar.cc:140: warn: CoherentXBar system.classifier.coherency_bus has no snooping ports attached!
build/ARM/base/remote_gdb.cc:377: warn: Sockets disabled, not accepting gdb connections
build/ARM/mem/coherent_xbar.cc:140: warn: CoherentXBar system.head.coherency_bus has no snooping ports attached!
build/ARM/mem/coherent_xbar.cc:140: warn: CoherentXBar system.tail.coherency_bus has no snooping ports attached!
build/ARM/dev/arm/energy_ctrl.cc:252: warn: Existing EnergyCtrl, but no enabled DVFSHandler found.
gem5 Simulator System.  http://gem5.org
gem5 is copyrighted software; use the --copyright option for details.

gem5 version 21.1.0.1
gem5 compiled May  2 2026 19:55:51
gem5 started May  3 2026 06:23:16
gem5 executing on 3b7fb6fd27b8, pid 1325663
command line: /gem5-SALAM/build/ARM/gem5.opt --listener-mode=off --outdir=/gem5-SALAM/BM_ARM_OUT/run_all/mobilenetv2_75/iommu_e32_m250ns /gem5-SALAM/configs/SALAM/fs_mobilenetv2_75.py --mem-size=4GB --mem-type=DDR4_2400_8x8 --machine-type=VExpress_GEM5_V1 --dtb-file=none --bare-metal --cpu-type=DerivO3CPU --caches --l2cache --kernel=/gem5-SALAM/benchmarks/mobilenetv2/sw/main.elf --disk-image=/gem5-SALAM/benchmarks/common/fake.iso --accpath=/gem5-SALAM/benchmarks/mobilenetv2 --accbench=mobilenetv2_75 --enable-iommu --iotlb-entries 32 --iotlb-hit-latency 2000 --iotlb-miss-latency 250000

[HWAccConfig] IOMMU ENABLED: entries=32, hit_lat=2000, miss_lat=250000
head_top Profile Loaded
[HWAccConfig] IOMMU ENABLED: entries=32, hit_lat=2000, miss_lat=250000
head_NormalConv Profile Loaded
[HWAccConfig] IOMMU ENABLED: entries=32, hit_lat=2000, miss_lat=250000
head_DWConv Profile Loaded
[HWAccConfig] IOMMU ENABLED: entries=32, hit_lat=2000, miss_lat=250000
head_PWConv Profile Loaded
[HWAccConfig] IOMMU ENABLED: entries=32, hit_lat=2000, miss_lat=250000
body_top Profile Loaded
[HWAccConfig] IOMMU ENABLED: entries=32, hit_lat=2000, miss_lat=250000
body_Residual Profile Loaded
[HWAccConfig] IOMMU ENABLED: entries=32, hit_lat=2000, miss_lat=250000
body_PWConv0 Profile Loaded
[HWAccConfig] IOMMU ENABLED: entries=32, hit_lat=2000, miss_lat=250000
body_DWConv Profile Loaded
[HWAccConfig] IOMMU ENABLED: entries=32, hit_lat=2000, miss_lat=250000
body_PWConv1 Profile Loaded
[HWAccConfig] IOMMU ENABLED: entries=32, hit_lat=2000, miss_lat=250000
tail_top Profile Loaded
[HWAccConfig] IOMMU ENABLED: entries=32, hit_lat=2000, miss_lat=250000
tail_PWConv Profile Loaded
[HWAccConfig] IOMMU ENABLED: entries=32, hit_lat=2000, miss_lat=250000
tail_Reshape Profile Loaded
[HWAccConfig] IOMMU ENABLED: entries=32, hit_lat=2000, miss_lat=250000
tail_AvgPool Profile Loaded
[HWAccConfig] IOMMU ENABLED: entries=32, hit_lat=2000, miss_lat=250000
classifier_top Profile Loaded
[HWAccConfig] IOMMU ENABLED: entries=32, hit_lat=2000, miss_lat=250000
classifier_Linear Profile Loaded
**** REAL SIMULATION ****
warn: iobus.slave is deprecated. `slave` is now called `cpu_side_ports`
warn: bridge.master is deprecated. `master` is now called `mem_side_port`
warn: membus.master is deprecated. `master` is now called `mem_side_ports`
warn: bridge.slave is deprecated. `slave` is now called `cpu_side_port`
warn: membus.slave is deprecated. `slave` is now called `cpu_side_ports`
warn: tol2bus.master is deprecated. `master` is now called `mem_side_ports`
warn: membus.slave is deprecated. `slave` is now called `cpu_side_ports`
warn: tol2bus.slave is deprecated. `slave` is now called `cpu_side_ports`
warn: tol2bus.slave is deprecated. `slave` is now called `cpu_side_ports`
warn: tol2bus.slave is deprecated. `slave` is now called `cpu_side_ports`
warn: tol2bus.slave is deprecated. `slave` is now called `cpu_side_ports`
warn: membus.slave is deprecated. `slave` is now called `cpu_side_ports`
warn: coherency_bus.master is deprecated. `master` is now called `mem_side_ports`
warn: membus.slave is deprecated. `slave` is now called `cpu_side_ports`
warn: coherency_bus.master is deprecated. `master` is now called `mem_side_ports`
warn: membus.slave is deprecated. `slave` is now called `cpu_side_ports`
warn: coherency_bus.master is deprecated. `master` is now called `mem_side_ports`
warn: membus.slave is deprecated. `slave` is now called `cpu_side_ports`
warn: coherency_bus.master is deprecated. `master` is now called `mem_side_ports`
warn: No dot file generated. Please install pydot to generate the dot file and pdf.
build/ARM/sim/simulate.cc:107: info: Entering event queue @ 0.  Starting simulation...
********************************************************************************
system.head.head_top.llvm_interface
Total Area: 3799.78
Total Power Static: 158.894

Total Power Dynamic: 780.869
   ========= Performance Analysis =============
   Setup Time:                      0h 0m 0s 3ms 863us
   Simulation Time (Total):         0h 26m 49s 834ms
   Simulation Time (Active):        0h 0m 1s 814ms
        Queue Processing Time:      0h 0m 1s 601ms
             Scheduling Time:       0h 0m 0s 723ms
             Computation Time:      0h 0m 0s 288ms
   System Clock:                    0.1GHz
   Runtime:                         2197375 cycles
   Runtime:                         21973.8 us
   Stalls:                          0 cycles
   Executed Nodes:                  2197374 cycles

   ========= Kernel Validation Stats ==========
   Kernel validation enabled:       NO
   Configured latency per check:    0 us

   --- Access Breakdown ---
   Total memory accesses (validated): 0
   Cache hits (0 latency):          0
   Validation requests (full lat):  0
   Coalesced waits (partial lat):   0
   Validations denied:              0

   --- Latency Breakdown ---
   Validation request latency:      0 us
   Coalesced wait latency:          0 us
   TOTAL SECURITY OVERHEAD:         0 us
   Avg latency per validation:      0 us
   Avg latency per coalesced wait:  0 us
   Avg overhead per blocked access: 0 us

   --- Cache Statistics ---
   Processes with cached pages:     0
   Unique pages validated (total):  0
   Cache hit rate:                  0%

   ========= IOMMU Stats =====================
   IOMMU enabled:                   YES
   IOMMU SimObject:                 system.head.iommu

   --- Access Breakdown ---
   Total IOMMU checks:              10362121
   IOTLB hits:                      10362119
   IOTLB misses (page walks):       2
   IOTLB hit rate:                  100%

   --- Latency Breakdown ---
   TOTAL IOMMU OVERHEAD:            20724.7 us
   Avg latency per access:          0.00200005 us

********************************************************************************
system.head.head_pwconv.llvm_interface
Total Area: 11678.9
Total Power Static: 2554.71

Total Power Dynamic: 61491.8
   ========= Performance Analysis =============
   Setup Time:                      0h 0m 0s 0ms 557us
   Simulation Time (Total):         0h 36m 58s 433ms
   Simulation Time (Active):        0h 0m 59s 992ms
        Queue Processing Time:      0h 0m 59s 951ms
             Scheduling Time:       0h 0m 21s 453ms
             Computation Time:      0h 0m 0s 438ms
   System Clock:                    0.1GHz
   Runtime:                         2480282 cycles
   Runtime:                         24802.8 us
   Stalls:                          0 cycles
   Executed Nodes:                  2480281 cycles

   ========= Kernel Validation Stats ==========
   Kernel validation enabled:       NO
   Configured latency per check:    0 us

   --- Access Breakdown ---
   Total memory accesses (validated): 0
   Cache hits (0 latency):          0
   Validation requests (full lat):  0
   Coalesced waits (partial lat):   0
   Validations denied:              0

   --- Latency Breakdown ---
   Validation request latency:      0 us
   Coalesced wait latency:          0 us
   TOTAL SECURITY OVERHEAD:         0 us
   Avg latency per validation:      0 us
   Avg latency per coalesced wait:  0 us
   Avg overhead per blocked access: 0 us

   --- Cache Statistics ---
   Processes with cached pages:     0
   Unique pages validated (total):  0
   Cache hit rate:                  0%

   ========= IOMMU Stats =====================
   IOMMU enabled:                   YES
   IOMMU SimObject:                 system.head.iommu

   --- Access Breakdown ---
   Total IOMMU checks:              11680620
   IOTLB hits:                      11680618
   IOTLB misses (page walks):       2
   IOTLB hit rate:                  100%

   --- Latency Breakdown ---
   TOTAL IOMMU OVERHEAD:            23361.7 us
   Avg latency per access:          0.00200004 us

********************************************************************************
system.head.head_dwconv.llvm_interface
Total Area: 116081
Total Power Static: 72931.3

Total Power Dynamic: 869084
   ========= Performance Analysis =============
   Setup Time:                      0h 0m 0s 4ms 654us
   Simulation Time (Total):         0h 36m 58s 484ms
   Simulation Time (Active):        0h 4m 40s 698ms
        Queue Processing Time:      0h 4m 40s 674ms
             Scheduling Time:       0h 3m 53s 595ms
             Computation Time:      0h 0m 4s 257ms
   System Clock:                    0.1GHz
   Runtime:                         2480316 cycles
   Runtime:                         24803.2 us
   Stalls:                          0 cycles
   Executed Nodes:                  2480315 cycles

   ========= Kernel Validation Stats ==========
   Kernel validation enabled:       NO
   Configured latency per check:    0 us

   --- Access Breakdown ---
   Total memory accesses (validated): 0
   Cache hits (0 latency):          0
   Validation requests (full lat):  0
   Coalesced waits (partial lat):   0
   Validations denied:              0

   --- Latency Breakdown ---
   Validation request latency:      0 us
   Coalesced wait latency:          0 us
   TOTAL SECURITY OVERHEAD:         0 us
   Avg latency per validation:      0 us
   Avg latency per coalesced wait:  0 us
   Avg overhead per blocked access: 0 us

   --- Cache Statistics ---
   Processes with cached pages:     0
   Unique pages validated (total):  0
   Cache hit rate:                  0%

   ========= IOMMU Stats =====================
   IOMMU enabled:                   YES
   IOMMU SimObject:                 system.head.iommu

   --- Access Breakdown ---
   Total IOMMU checks:              11680751
   IOTLB hits:                      11680749
   IOTLB misses (page walks):       2
   IOTLB hit rate:                  100%

   --- Latency Breakdown ---
   TOTAL IOMMU OVERHEAD:            23362 us
   Avg latency per access:          0.00200004 us

********************************************************************************
system.head.head_normalconv.llvm_interface
Total Area: 200127
Total Power Static: 259429

Total Power Dynamic: 6.41728e+06
   ========= Performance Analysis =============
   Setup Time:                      0h 0m 0s 11ms 464us
   Simulation Time (Total):         0h 37m 14s 10ms
   Simulation Time (Active):        0h 23m 43s 765ms
        Queue Processing Time:      0h 23m 43s 550ms
             Scheduling Time:       0h 20m 53s 743ms
             Computation Time:      0h 0m 18s 598ms
   System Clock:                    0.1GHz
   Runtime:                         2486546 cycles
   Runtime:                         24865.5 us
   Stalls:                          0 cycles
   Executed Nodes:                  2486545 cycles

   ========= Kernel Validation Stats ==========
   Kernel validation enabled:       NO
   Configured latency per check:    0 us

   --- Access Breakdown ---
   Total memory accesses (validated): 0
   Cache hits (0 latency):          0
   Validation requests (full lat):  0
   Coalesced waits (partial lat):   0
   Validations denied:              0

   --- Latency Breakdown ---
   Validation request latency:      0 us
   Coalesced wait latency:          0 us
   TOTAL SECURITY OVERHEAD:         0 us
   Avg latency per validation:      0 us
   Avg latency per coalesced wait:  0 us
   Avg overhead per blocked access: 0 us

   --- Cache Statistics ---
   Processes with cached pages:     0
   Unique pages validated (total):  0
   Cache hit rate:                  0%

   ========= IOMMU Stats =====================
   IOMMU enabled:                   YES
   IOMMU SimObject:                 system.head.iommu

   --- Access Breakdown ---
   Total IOMMU checks:              11708053
   IOTLB hits:                      11708051
   IOTLB misses (page walks):       2
   IOTLB hit rate:                  100%

   --- Latency Breakdown ---
   TOTAL IOMMU OVERHEAD:            23416.6 us
   Avg latency per access:          0.00200004 us

********************************************************************************
system.body.body_residual.llvm_interface
Total Area: 538.329
Total Power Static: 87.7635

Total Power Dynamic: 263.175
   ========= Performance Analysis =============
   Setup Time:                      0h 0m 0s 0ms 682us
   Simulation Time (Total):         0h 43m 17s 962ms
   Simulation Time (Active):        0h 0m 0s 562ms
        Queue Processing Time:      0h 0m 0s 416ms
             Scheduling Time:       0h 0m 0s 196ms
             Computation Time:      0h 0m 0s 16ms
   System Clock:                    0.1GHz
   Runtime:                         1813338 cycles
   Runtime:                         18133.4 us
   Stalls:                          0 cycles
   Executed Nodes:                  1813337 cycles

   ========= Kernel Validation Stats ==========
   Kernel validation enabled:       NO
   Configured latency per check:    0 us

   --- Access Breakdown ---
   Total memory accesses (validated): 0
   Cache hits (0 latency):          0
   Validation requests (full lat):  0
   Coalesced waits (partial lat):   0
   Validations denied:              0

   --- Latency Breakdown ---
   Validation request latency:      0 us
   Coalesced wait latency:          0 us
   TOTAL SECURITY OVERHEAD:         0 us
   Avg latency per validation:      0 us
   Avg latency per coalesced wait:  0 us
   Avg overhead per blocked access: 0 us

   --- Cache Statistics ---
   Processes with cached pages:     0
   Unique pages validated (total):  0
   Cache hit rate:                  0%

   ========= IOMMU Stats =====================
   IOMMU enabled:                   YES
   IOMMU SimObject:                 system.body.iommu

   --- Access Breakdown ---
   Total IOMMU checks:              8594670
   IOTLB hits:                      8594659
   IOTLB misses (page walks):       11
   IOTLB hit rate:                  99.9999%

   --- Latency Breakdown ---
   TOTAL IOMMU OVERHEAD:            17192.1 us
   Avg latency per access:          0.00200032 us

********************************************************************************
system.body.body_pwconv0.llvm_interface
Total Area: 12037.8
Total Power Static: 15393.1

Total Power Dynamic: 366196
   ========= Performance Analysis =============
   Setup Time:                      0h 0m 0s 0ms 945us
   Simulation Time (Total):         0h 43m 30s 695ms
   Simulation Time (Active):        0h 5m 25s 793ms
        Queue Processing Time:      0h 5m 25s 690ms
             Scheduling Time:       0h 3m 34s 829ms
             Computation Time:      0h 0m 2s 984ms
   System Clock:                    0.1GHz
   Runtime:                         1823463 cycles
   Runtime:                         18234.6 us
   Stalls:                          0 cycles
   Executed Nodes:                  1823462 cycles

   ========= Kernel Validation Stats ==========
   Kernel validation enabled:       NO
   Configured latency per check:    0 us

   --- Access Breakdown ---
   Total memory accesses (validated): 0
   Cache hits (0 latency):          0
   Validation requests (full lat):  0
   Coalesced waits (partial lat):   0
   Validations denied:              0

   --- Latency Breakdown ---
   Validation request latency:      0 us
   Coalesced wait latency:          0 us
   TOTAL SECURITY OVERHEAD:         0 us
   Avg latency per validation:      0 us
   Avg latency per coalesced wait:  0 us
   Avg overhead per blocked access: 0 us

   --- Cache Statistics ---
   Processes with cached pages:     0
   Unique pages validated (total):  0
   Cache hit rate:                  0%

   ========= IOMMU Stats =====================
   IOMMU enabled:                   YES
   IOMMU SimObject:                 system.body.iommu

   --- Access Breakdown ---
   Total IOMMU checks:              8644432
   IOTLB hits:                      8644421
   IOTLB misses (page walks):       11
   IOTLB hit rate:                  99.9999%

   --- Latency Breakdown ---
   TOTAL IOMMU OVERHEAD:            17291.6 us
   Avg latency per access:          0.00200032 us

********************************************************************************
system.body.body_pwconv1.llvm_interface
Total Area: 749685
Total Power Static: 185773

Total Power Dynamic: 1.83603e+06
   ========= Performance Analysis =============
   Setup Time:                      0h 0m 0s 136ms 448us
   Simulation Time (Total):         0h 43m 56s 154ms
   Simulation Time (Active):        0h 10m 15s 633ms
        Queue Processing Time:      0h 10m 15s 555ms
             Scheduling Time:       0h 8m 30s 967ms
             Computation Time:      0h 0m 11s 431ms
   System Clock:                    0.1GHz
   Runtime:                         1845862 cycles
   Runtime:                         18458.6 us
   Stalls:                          0 cycles
   Executed Nodes:                  1845861 cycles

   ========= Kernel Validation Stats ==========
   Kernel validation enabled:       NO
   Configured latency per check:    0 us

   --- Access Breakdown ---
   Total memory accesses (validated): 0
   Cache hits (0 latency):          0
   Validation requests (full lat):  0
   Coalesced waits (partial lat):   0
   Validations denied:              0

   --- Latency Breakdown ---
   Validation request latency:      0 us
   Coalesced wait latency:          0 us
   TOTAL SECURITY OVERHEAD:         0 us
   Avg latency per validation:      0 us
   Avg latency per coalesced wait:  0 us
   Avg overhead per blocked access: 0 us

   --- Cache Statistics ---
   Processes with cached pages:     0
   Unique pages validated (total):  0
   Cache hit rate:                  0%

   ========= IOMMU Stats =====================
   IOMMU enabled:                   YES
   IOMMU SimObject:                 system.body.iommu

   --- Access Breakdown ---
   Total IOMMU checks:              8740657
   IOTLB hits:                      8740646
   IOTLB misses (page walks):       11
   IOTLB hit rate:                  99.9999%

   --- Latency Breakdown ---
   TOTAL IOMMU OVERHEAD:            17484 us
   Avg latency per access:          0.00200031 us

********************************************************************************
system.body.body_dwconv.llvm_interface
Total Area: 129609
Total Power Static: 229952

Total Power Dynamic: 2.63548e+06
   ========= Performance Analysis =============
   Setup Time:                      0h 0m 0s 8ms 888us
   Simulation Time (Total):         0h 43m 56s 338ms
   Simulation Time (Active):        0h 22m 45s 566ms
        Queue Processing Time:      0h 22m 45s 704ms
             Scheduling Time:       0h 21m 2s 834ms
             Computation Time:      0h 0m 14s 290ms
   System Clock:                    0.1GHz
   Runtime:                         1846293 cycles
   Runtime:                         18462.9 us
   Stalls:                          0 cycles
   Executed Nodes:                  1846292 cycles

   ========= Kernel Validation Stats ==========
   Kernel validation enabled:       NO
   Configured latency per check:    0 us

   --- Access Breakdown ---
   Total memory accesses (validated): 0
   Cache hits (0 latency):          0
   Validation requests (full lat):  0
   Coalesced waits (partial lat):   0
   Validations denied:              0

   --- Latency Breakdown ---
   Validation request latency:      0 us
   Coalesced wait latency:          0 us
   TOTAL SECURITY OVERHEAD:         0 us
   Avg latency per validation:      0 us
   Avg latency per coalesced wait:  0 us
   Avg overhead per blocked access: 0 us

   --- Cache Statistics ---
   Processes with cached pages:     0
   Unique pages validated (total):  0
   Cache hit rate:                  0%

   ========= IOMMU Stats =====================
   IOMMU enabled:                   YES
   IOMMU SimObject:                 system.body.iommu

   --- Access Breakdown ---
   Total IOMMU checks:              8742390
   IOTLB hits:                      8742379
   IOTLB misses (page walks):       11
   IOTLB hit rate:                  99.9999%

   --- Latency Breakdown ---
   TOTAL IOMMU OVERHEAD:            17487.5 us
   Avg latency per access:          0.00200031 us

********************************************************************************
system.body.body_top.llvm_interface
Total Area: 3749.41
Total Power Static: 0.962236

Total Power Dynamic: 4.76727
   ========= Performance Analysis =============
   Setup Time:                      0h 0m 0s 9ms 84us
   Simulation Time (Total):         0h 44m 9s 326ms
   Simulation Time (Active):        0h 0m 0s 959ms
        Queue Processing Time:      0h 0m 0s 830ms
             Scheduling Time:       0h 0m 0s 361ms
             Computation Time:      0h 0m 0s 95ms
   System Clock:                    0.1GHz
   Runtime:                         1864963 cycles
   Runtime:                         18649.6 us
   Stalls:                          0 cycles
   Executed Nodes:                  1864962 cycles

   ========= Kernel Validation Stats ==========
   Kernel validation enabled:       NO
   Configured latency per check:    0 us

   --- Access Breakdown ---
   Total memory accesses (validated): 0
   Cache hits (0 latency):          0
   Validation requests (full lat):  0
   Coalesced waits (partial lat):   0
   Validations denied:              0

   --- Latency Breakdown ---
   Validation request latency:      0 us
   Coalesced wait latency:          0 us
   TOTAL SECURITY OVERHEAD:         0 us
   Avg latency per validation:      0 us
   Avg latency per coalesced wait:  0 us
   Avg overhead per blocked access: 0 us

   --- Cache Statistics ---
   Processes with cached pages:     0
   Unique pages validated (total):  0
   Cache hit rate:                  0%

   ========= IOMMU Stats =====================
   IOMMU enabled:                   YES
   IOMMU SimObject:                 system.body.iommu

   --- Access Breakdown ---
   Total IOMMU checks:              8742393
   IOTLB hits:                      8742382
   IOTLB misses (page walks):       11
   IOTLB hit rate:                  99.9999%

   --- Latency Breakdown ---
   TOTAL IOMMU OVERHEAD:            17487.5 us
   Avg latency per access:          0.00200031 us

********************************************************************************
system.body.body_residual.llvm_interface
Total Area: 1076.66
Total Power Static: 21.9391

Total Power Dynamic: 65.7937
   ========= Performance Analysis =============
   Setup Time:                      0h 0m 0s 0ms 383us
   Simulation Time (Total):         0h 16m 10s 836ms
   Simulation Time (Active):        0h 0m 0s 202ms
        Queue Processing Time:      0h 0m 0s 128ms
             Scheduling Time:       0h 0m 0s 48ms
             Computation Time:      0h 0m 0s 3ms
   System Clock:                    0.1GHz
   Runtime:                         1035706 cycles
   Runtime:                         10357.1 us
   Stalls:                          0 cycles
   Executed Nodes:                  1035705 cycles

   ========= Kernel Validation Stats ==========
   Kernel validation enabled:       NO
   Configured latency per check:    0 us

   --- Access Breakdown ---
   Total memory accesses (validated): 0
   Cache hits (0 latency):          0
   Validation requests (full lat):  0
   Coalesced waits (partial lat):   0
   Validations denied:              0

   --- Latency Breakdown ---
   Validation request latency:      0 us
   Coalesced wait latency:          0 us
   TOTAL SECURITY OVERHEAD:         0 us
   Avg latency per validation:      0 us
   Avg latency per coalesced wait:  0 us
   Avg overhead per blocked access: 0 us

   --- Cache Statistics ---
   Processes with cached pages:     0
   Unique pages validated (total):  0
   Cache hit rate:                  0%

   ========= IOMMU Stats =====================
   IOMMU enabled:                   YES
   IOMMU SimObject:                 system.body.iommu

   --- Access Breakdown ---
   Total IOMMU checks:              12595935
   IOTLB hits:                      12595924
   IOTLB misses (page walks):       11
   IOTLB hit rate:                  99.9999%

   --- Latency Breakdown ---
   TOTAL IOMMU OVERHEAD:            25194.6 us
   Avg latency per access:          0.00200022 us

********************************************************************************
system.body.body_pwconv0.llvm_interface
Total Area: 24075.6
Total Power Static: 3848.3

Total Power Dynamic: 91549.2
   ========= Performance Analysis =============
   Setup Time:                      0h 0m 0s 0ms 758us
   Simulation Time (Total):         0h 16m 31s 551ms
   Simulation Time (Active):        0h 1m 12s 639ms
        Queue Processing Time:      0h 1m 12s 611ms
             Scheduling Time:       0h 0m 46s 663ms
             Computation Time:      0h 0m 0s 718ms
   System Clock:                    0.1GHz
   Runtime:                         1051886 cycles
   Runtime:                         10518.9 us
   Stalls:                          0 cycles
   Executed Nodes:                  1051885 cycles

   ========= Kernel Validation Stats ==========
   Kernel validation enabled:       NO
   Configured latency per check:    0 us

   --- Access Breakdown ---
   Total memory accesses (validated): 0
   Cache hits (0 latency):          0
   Validation requests (full lat):  0
   Coalesced waits (partial lat):   0
   Validations denied:              0

   --- Latency Breakdown ---
   Validation request latency:      0 us
   Coalesced wait latency:          0 us
   TOTAL SECURITY OVERHEAD:         0 us
   Avg latency per validation:      0 us
   Avg latency per coalesced wait:  0 us
   Avg overhead per blocked access: 0 us

   --- Cache Statistics ---
   Processes with cached pages:     0
   Unique pages validated (total):  0
   Cache hit rate:                  0%

   ========= IOMMU Stats =====================
   IOMMU enabled:                   YES
   IOMMU SimObject:                 system.body.iommu

   --- Access Breakdown ---
   Total IOMMU checks:              12676105
   IOTLB hits:                      12676094
   IOTLB misses (page walks):       11
   IOTLB hit rate:                  99.9999%

   --- Latency Breakdown ---
   TOTAL IOMMU OVERHEAD:            25354.9 us
   Avg latency per access:          0.00200022 us

********************************************************************************
system.body.body_dwconv.llvm_interface
Total Area: 259219
Total Power Static: 56863.8

Total Power Dynamic: 649870
   ========= Performance Analysis =============
   Setup Time:                      0h 0m 0s 8ms 483us
   Simulation Time (Total):         0h 17m 9s 490ms
   Simulation Time (Active):        0h 5m 36s 90ms
        Queue Processing Time:      0h 5m 36s 60ms
             Scheduling Time:       0h 5m 6s 860ms
             Computation Time:      0h 0m 3s 793ms
   System Clock:                    0.1GHz
   Runtime:                         1096124 cycles
   Runtime:                         10961.2 us
   Stalls:                          0 cycles
   Executed Nodes:                  1096123 cycles

   ========= Kernel Validation Stats ==========
   Kernel validation enabled:       NO
   Configured latency per check:    0 us

   --- Access Breakdown ---
   Total memory accesses (validated): 0
   Cache hits (0 latency):          0
   Validation requests (full lat):  0
   Coalesced waits (partial lat):   0
   Validations denied:              0

   --- Latency Breakdown ---
   Validation request latency:      0 us
   Coalesced wait latency:          0 us
   TOTAL SECURITY OVERHEAD:         0 us
   Avg latency per validation:      0 us
   Avg latency per coalesced wait:  0 us
   Avg overhead per blocked access: 0 us

   --- Cache Statistics ---
   Processes with cached pages:     0
   Unique pages validated (total):  0
   Cache hit rate:                  0%

   ========= IOMMU Stats =====================
   IOMMU enabled:                   YES
   IOMMU SimObject:                 system.body.iommu

   --- Access Breakdown ---
   Total IOMMU checks:              12831647
   IOTLB hits:                      12831636
   IOTLB misses (page walks):       11
   IOTLB hit rate:                  99.9999%

   --- Latency Breakdown ---
   TOTAL IOMMU OVERHEAD:            25666 us
   Avg latency per access:          0.00200021 us

********************************************************************************
system.body.body_pwconv1.llvm_interface
Total Area: 1.49937e+06
Total Power Static: 185773

Total Power Dynamic: 1.83603e+06
   ========= Performance Analysis =============
   Setup Time:                      0h 0m 0s 139ms 971us
   Simulation Time (Total):         0h 17m 10s 88ms
   Simulation Time (Active):        0h 9m 29s 465ms
        Queue Processing Time:      0h 9m 29s 480ms
             Scheduling Time:       0h 8m 13s 291ms
             Computation Time:      0h 0m 11s 143ms
   System Clock:                    0.1GHz
   Runtime:                         1103011 cycles
   Runtime:                         11030.1 us
   Stalls:                          0 cycles
   Executed Nodes:                  1103010 cycles

   ========= Kernel Validation Stats ==========
   Kernel validation enabled:       NO
   Configured latency per check:    0 us

   --- Access Breakdown ---
   Total memory accesses (validated): 0
   Cache hits (0 latency):          0
   Validation requests (full lat):  0
   Coalesced waits (partial lat):   0
   Validations denied:              0

   --- Latency Breakdown ---
   Validation request latency:      0 us
   Coalesced wait latency:          0 us
   TOTAL SECURITY OVERHEAD:         0 us
   Avg latency per validation:      0 us
   Avg latency per coalesced wait:  0 us
   Avg overhead per blocked access: 0 us

   --- Cache Statistics ---
   Processes with cached pages:     0
   Unique pages validated (total):  0
   Cache hit rate:                  0%

   ========= IOMMU Stats =====================
   IOMMU enabled:                   YES
   IOMMU SimObject:                 system.body.iommu

   --- Access Breakdown ---
   Total IOMMU checks:              12839150
   IOTLB hits:                      12839139
   IOTLB misses (page walks):       11
   IOTLB hit rate:                  99.9999%

   --- Latency Breakdown ---
   TOTAL IOMMU OVERHEAD:            25681 us
   Avg latency per access:          0.00200021 us

********************************************************************************
system.body.body_top.llvm_interface
Total Area: 7498.83
Total Power Static: 0.960402

Total Power Dynamic: 4.75826
   ========= Performance Analysis =============
   Setup Time:                      0h 0m 0s 7ms 444us
   Simulation Time (Total):         0h 17m 10s 712ms
   Simulation Time (Active):        0h 0m 0s 456ms
        Queue Processing Time:      0h 0m 0s 366ms
             Scheduling Time:       0h 0m 0s 144ms
             Computation Time:      0h 0m 0s 35ms
   System Clock:                    0.1GHz
   Runtime:                         1121534 cycles
   Runtime:                         11215.3 us
   Stalls:                          0 cycles
   Executed Nodes:                  1121533 cycles

   ========= Kernel Validation Stats ==========
   Kernel validation enabled:       NO
   Configured latency per check:    0 us

   --- Access Breakdown ---
   Total memory accesses (validated): 0
   Cache hits (0 latency):          0
   Validation requests (full lat):  0
   Coalesced waits (partial lat):   0
   Validations denied:              0

   --- Latency Breakdown ---
   Validation request latency:      0 us
   Coalesced wait latency:          0 us
   TOTAL SECURITY OVERHEAD:         0 us
   Avg latency per validation:      0 us
   Avg latency per coalesced wait:  0 us
   Avg overhead per blocked access: 0 us

   --- Cache Statistics ---
   Processes with cached pages:     0
   Unique pages validated (total):  0
   Cache hit rate:                  0%

   ========= IOMMU Stats =====================
   IOMMU enabled:                   YES
   IOMMU SimObject:                 system.body.iommu

   --- Access Breakdown ---
   Total IOMMU checks:              12839152
   IOTLB hits:                      12839141
   IOTLB misses (page walks):       11
   IOTLB hit rate:                  99.9999%

   --- Latency Breakdown ---
   TOTAL IOMMU OVERHEAD:            25681 us
   Avg latency per access:          0.00200021 us

********************************************************************************
system.body.body_residual.llvm_interface
Total Area: 1614.99
Total Power Static: 32.9098

Total Power Dynamic: 131.587
   ========= Performance Analysis =============
   Setup Time:                      0h 0m 0s 0ms 398us
   Simulation Time (Total):         0h 10m 25s 418ms
   Simulation Time (Active):        0h 0m 0s 162ms
        Queue Processing Time:      0h 0m 0s 122ms
             Scheduling Time:       0h 0m 0s 62ms
             Computation Time:      0h 0m 0s 7ms
   System Clock:                    0.1GHz
   Runtime:                         537459 cycles
   Runtime:                         5374.59 us
   Stalls:                          0 cycles
   Executed Nodes:                  537458 cycles

   ========= Kernel Validation Stats ==========
   Kernel validation enabled:       NO
   Configured latency per check:    0 us

   --- Access Breakdown ---
   Total memory accesses (validated): 0
   Cache hits (0 latency):          0
   Validation requests (full lat):  0
   Coalesced waits (partial lat):   0
   Validations denied:              0

   --- Latency Breakdown ---
   Validation request latency:      0 us
   Coalesced wait latency:          0 us
   TOTAL SECURITY OVERHEAD:         0 us
   Avg latency per validation:      0 us
   Avg latency per coalesced wait:  0 us
   Avg overhead per blocked access: 0 us

   --- Cache Statistics ---
   Processes with cached pages:     0
   Unique pages validated (total):  0
   Cache hit rate:                  0%

   ========= IOMMU Stats =====================
   IOMMU enabled:                   YES
   IOMMU SimObject:                 system.body.iommu

   --- Access Breakdown ---
   Total IOMMU checks:              15427054
   IOTLB hits:                      15427042
   IOTLB misses (page walks):       12
   IOTLB hit rate:                  99.9999%

   --- Latency Breakdown ---
   TOTAL IOMMU OVERHEAD:            30857.1 us
   Avg latency per access:          0.00200019 us

********************************************************************************
system.body.body_pwconv0.llvm_interface
Total Area: 36113.4
Total Power Static: 3848.3

Total Power Dynamic: 91549.2
   ========= Performance Analysis =============
   Setup Time:                      0h 0m 0s 0ms 781us
   Simulation Time (Total):         0h 10m 48s 834ms
   Simulation Time (Active):        0h 1m 9s 650ms
        Queue Processing Time:      0h 1m 9s 627ms
             Scheduling Time:       0h 0m 45s 571ms
             Computation Time:      0h 0m 0s 711ms
   System Clock:                    0.1GHz
   Runtime:                         557737 cycles
   Runtime:                         5577.37 us
   Stalls:                          0 cycles
   Executed Nodes:                  557736 cycles

   ========= Kernel Validation Stats ==========
   Kernel validation enabled:       NO
   Configured latency per check:    0 us

   --- Access Breakdown ---
   Total memory accesses (validated): 0
   Cache hits (0 latency):          0
   Validation requests (full lat):  0
   Coalesced waits (partial lat):   0
   Validations denied:              0

   --- Latency Breakdown ---
   Validation request latency:      0 us
   Coalesced wait latency:          0 us
   TOTAL SECURITY OVERHEAD:         0 us
   Avg latency per validation:      0 us
   Avg latency per coalesced wait:  0 us
   Avg overhead per blocked access: 0 us

   --- Cache Statistics ---
   Processes with cached pages:     0
   Unique pages validated (total):  0
   Cache hit rate:                  0%

   ========= IOMMU Stats =====================
   IOMMU enabled:                   YES
   IOMMU SimObject:                 system.body.iommu

   --- Access Breakdown ---
   Total IOMMU checks:              15527911
   IOTLB hits:                      15527899
   IOTLB misses (page walks):       12
   IOTLB hit rate:                  99.9999%

   --- Latency Breakdown ---
   TOTAL IOMMU OVERHEAD:            31058.8 us
   Avg latency per access:          0.00200019 us

********************************************************************************
system.body.body_pwconv1.llvm_interface
Total Area: 2.24905e+06
Total Power Static: 92541.7

Total Power Dynamic: 914996
   ========= Performance Analysis =============
   Setup Time:                      0h 0m 0s 154ms 882us
   Simulation Time (Total):         0h 11m 1s 809ms
   Simulation Time (Active):        0h 3m 52s 529ms
        Queue Processing Time:      0h 3m 52s 502ms
             Scheduling Time:       0h 3m 25s 27ms
             Computation Time:      0h 0m 5s 763ms
   System Clock:                    0.1GHz
   Runtime:                         569401 cycles
   Runtime:                         5694.01 us
   Stalls:                          0 cycles
   Executed Nodes:                  569400 cycles

   ========= Kernel Validation Stats ==========
   Kernel validation enabled:       NO
   Configured latency per check:    0 us

   --- Access Breakdown ---
   Total memory accesses (validated): 0
   Cache hits (0 latency):          0
   Validation requests (full lat):  0
   Coalesced waits (partial lat):   0
   Validations denied:              0

   --- Latency Breakdown ---
   Validation request latency:      0 us
   Coalesced wait latency:          0 us
   TOTAL SECURITY OVERHEAD:         0 us
   Avg latency per validation:      0 us
   Avg latency per coalesced wait:  0 us
   Avg overhead per blocked access: 0 us

   --- Cache Statistics ---
   Processes with cached pages:     0
   Unique pages validated (total):  0
   Cache hit rate:                  0%

   ========= IOMMU Stats =====================
   IOMMU enabled:                   YES
   IOMMU SimObject:                 system.body.iommu

   --- Access Breakdown ---
   Total IOMMU checks:              15578227
   IOTLB hits:                      15578215
   IOTLB misses (page walks):       12
   IOTLB hit rate:                  99.9999%

   --- Latency Breakdown ---
   TOTAL IOMMU OVERHEAD:            31159.4 us
   Avg latency per access:          0.00200019 us

********************************************************************************
system.body.body_dwconv.llvm_interface
Total Area: 388828
Total Power Static: 56814.8

Total Power Dynamic: 649870
   ========= Performance Analysis =============
   Setup Time:                      0h 0m 0s 9ms 444us
   Simulation Time (Total):         0h 11m 2s 28ms
   Simulation Time (Active):        0h 5m 26s 956ms
        Queue Processing Time:      0h 5m 26s 912ms
             Scheduling Time:       0h 5m 1s 257ms
             Computation Time:      0h 0m 3s 739ms
   System Clock:                    0.1GHz
   Runtime:                         569824 cycles
   Runtime:                         5698.24 us
   Stalls:                          0 cycles
   Executed Nodes:                  569823 cycles

   ========= Kernel Validation Stats ==========
   Kernel validation enabled:       NO
   Configured latency per check:    0 us

   --- Access Breakdown ---
   Total memory accesses (validated): 0
   Cache hits (0 latency):          0
   Validation requests (full lat):  0
   Coalesced waits (partial lat):   0
   Validations denied:              0

   --- Latency Breakdown ---
   Validation request latency:      0 us
   Coalesced wait latency:          0 us
   TOTAL SECURITY OVERHEAD:         0 us
   Avg latency per validation:      0 us
   Avg latency per coalesced wait:  0 us
   Avg overhead per blocked access: 0 us

   --- Cache Statistics ---
   Processes with cached pages:     0
   Unique pages validated (total):  0
   Cache hit rate:                  0%

   ========= IOMMU Stats =====================
   IOMMU enabled:                   YES
   IOMMU SimObject:                 system.body.iommu

   --- Access Breakdown ---
   Total IOMMU checks:              15579926
   IOTLB hits:                      15579914
   IOTLB misses (page walks):       12
   IOTLB hit rate:                  99.9999%

   --- Latency Breakdown ---
   TOTAL IOMMU OVERHEAD:            31162.8 us
   Avg latency per access:          0.00200019 us

********************************************************************************
system.body.body_top.llvm_interface
Total Area: 11248.2
Total Power Static: 0.96468

Total Power Dynamic: 4.77928
   ========= Performance Analysis =============
   Setup Time:                      0h 0m 0s 7ms 370us
   Simulation Time (Total):         0h 11m 2s 531ms
   Simulation Time (Active):        0h 0m 0s 246ms
        Queue Processing Time:      0h 0m 0s 196ms
             Scheduling Time:       0h 0m 0s 85ms
             Computation Time:      0h 0m 0s 23ms
   System Clock:                    0.1GHz
   Runtime:                         588429 cycles
   Runtime:                         5884.29 us
   Stalls:                          0 cycles
   Executed Nodes:                  588428 cycles

   ========= Kernel Validation Stats ==========
   Kernel validation enabled:       NO
   Configured latency per check:    0 us

   --- Access Breakdown ---
   Total memory accesses (validated): 0
   Cache hits (0 latency):          0
   Validation requests (full lat):  0
   Coalesced waits (partial lat):   0
   Validations denied:              0

   --- Latency Breakdown ---
   Validation request latency:      0 us
   Coalesced wait latency:          0 us
   TOTAL SECURITY OVERHEAD:         0 us
   Avg latency per validation:      0 us
   Avg latency per coalesced wait:  0 us
   Avg overhead per blocked access: 0 us

   --- Cache Statistics ---
   Processes with cached pages:     0
   Unique pages validated (total):  0
   Cache hit rate:                  0%

   ========= IOMMU Stats =====================
   IOMMU enabled:                   YES
   IOMMU SimObject:                 system.body.iommu

   --- Access Breakdown ---
   Total IOMMU checks:              15579929
   IOTLB hits:                      15579917
   IOTLB misses (page walks):       12
   IOTLB hit rate:                  99.9999%

   --- Latency Breakdown ---
   TOTAL IOMMU OVERHEAD:            31162.8 us
   Avg latency per access:          0.00200019 us

********************************************************************************
system.body.body_residual.llvm_interface
Total Area: 2153.32
Total Power Static: 10.9684

Total Power Dynamic: 32.8969
   ========= Performance Analysis =============
   Setup Time:                      0h 0m 0s 0ms 443us
   Simulation Time (Total):         0h 6m 26s 689ms
   Simulation Time (Active):        0h 0m 0s 79ms
        Queue Processing Time:      0h 0m 0s 52ms
             Scheduling Time:       0h 0m 0s 19ms
             Computation Time:      0h 0m 0s 1ms
   System Clock:                    0.1GHz
   Runtime:                         390434 cycles
   Runtime:                         3904.34 us
   Stalls:                          0 cycles
   Executed Nodes:                  390433 cycles

   ========= Kernel Validation Stats ==========
   Kernel validation enabled:       NO
   Configured latency per check:    0 us

   --- Access Breakdown ---
   Total memory accesses (validated): 0
   Cache hits (0 latency):          0
   Validation requests (full lat):  0
   Coalesced waits (partial lat):   0
   Validations denied:              0

   --- Latency Breakdown ---
   Validation request latency:      0 us
   Coalesced wait latency:          0 us
   TOTAL SECURITY OVERHEAD:         0 us
   Avg latency per validation:      0 us
   Avg latency per coalesced wait:  0 us
   Avg overhead per blocked access: 0 us

   --- Cache Statistics ---
   Processes with cached pages:     0
   Unique pages validated (total):  0
   Cache hit rate:                  0%

   ========= IOMMU Stats =====================
   IOMMU enabled:                   YES
   IOMMU SimObject:                 system.body.iommu

   --- Access Breakdown ---
   Total IOMMU checks:              17270650
   IOTLB hits:                      17270638
   IOTLB misses (page walks):       12
   IOTLB hit rate:                  99.9999%

   --- Latency Breakdown ---
   TOTAL IOMMU OVERHEAD:            34544.3 us
   Avg latency per access:          0.00200017 us

********************************************************************************
system.body.body_pwconv0.llvm_interface
Total Area: 48151.2
Total Power Static: 1866.67

Total Power Dynamic: 45269.9
   ========= Performance Analysis =============
   Setup Time:                      0h 0m 0s 0ms 792us
   Simulation Time (Total):         0h 6m 54s 7ms
   Simulation Time (Active):        0h 0m 28s 597ms
        Queue Processing Time:      0h 0m 28s 582ms
             Scheduling Time:       0h 0m 16s 556ms
             Computation Time:      0h 0m 0s 336ms
   System Clock:                    0.1GHz
   Runtime:                         414588 cycles
   Runtime:                         4145.88 us
   Stalls:                          0 cycles
   Executed Nodes:                  414587 cycles

   ========= Kernel Validation Stats ==========
   Kernel validation enabled:       NO
   Configured latency per check:    0 us

   --- Access Breakdown ---
   Total memory accesses (validated): 0
   Cache hits (0 latency):          0
   Validation requests (full lat):  0
   Coalesced waits (partial lat):   0
   Validations denied:              0

   --- Latency Breakdown ---
   Validation request latency:      0 us
   Coalesced wait latency:          0 us
   TOTAL SECURITY OVERHEAD:         0 us
   Avg latency per validation:      0 us
   Avg latency per coalesced wait:  0 us
   Avg overhead per blocked access: 0 us

   --- Cache Statistics ---
   Processes with cached pages:     0
   Unique pages validated (total):  0
   Cache hit rate:                  0%

   ========= IOMMU Stats =====================
   IOMMU enabled:                   YES
   IOMMU SimObject:                 system.body.iommu

   --- Access Breakdown ---
   Total IOMMU checks:              17391139
   IOTLB hits:                      17391127
   IOTLB misses (page walks):       12
   IOTLB hit rate:                  99.9999%

   --- Latency Breakdown ---
   TOTAL IOMMU OVERHEAD:            34785.3 us
   Avg latency per access:          0.00200017 us

********************************************************************************
system.body.body_dwconv.llvm_interface
Total Area: 518438
Total Power Static: 27794.7

Total Power Dynamic: 316697
   ========= Performance Analysis =============
   Setup Time:                      0h 0m 0s 9ms 181us
   Simulation Time (Total):         0h 7m 28s 912ms
   Simulation Time (Active):        0h 2m 45s 724ms
        Queue Processing Time:      0h 2m 45s 703ms
             Scheduling Time:       0h 2m 31s 717ms
             Computation Time:      0h 0m 1s 834ms
   System Clock:                    0.1GHz
   Runtime:                         452510 cycles
   Runtime:                         4525.1 us
   Stalls:                          0 cycles
   Executed Nodes:                  452509 cycles

   ========= Kernel Validation Stats ==========
   Kernel validation enabled:       NO
   Configured latency per check:    0 us

   --- Access Breakdown ---
   Total memory accesses (validated): 0
   Cache hits (0 latency):          0
   Validation requests (full lat):  0
   Coalesced waits (partial lat):   0
   Validations denied:              0

   --- Latency Breakdown ---
   Validation request latency:      0 us
   Coalesced wait latency:          0 us
   TOTAL SECURITY OVERHEAD:         0 us
   Avg latency per validation:      0 us
   Avg latency per coalesced wait:  0 us
   Avg overhead per blocked access: 0 us

   --- Cache Statistics ---
   Processes with cached pages:     0
   Unique pages validated (total):  0
   Cache hit rate:                  0%

   ========= IOMMU Stats =====================
   IOMMU enabled:                   YES
   IOMMU SimObject:                 system.body.iommu

   --- Access Breakdown ---
   Total IOMMU checks:              17549301
   IOTLB hits:                      17549289
   IOTLB misses (page walks):       12
   IOTLB hit rate:                  99.9999%

   --- Latency Breakdown ---
   TOTAL IOMMU OVERHEAD:            35101.6 us
   Avg latency per access:          0.00200017 us

********************************************************************************
system.body.body_pwconv1.llvm_interface
Total Area: 2.99874e+06
Total Power Static: 92541.7

Total Power Dynamic: 914996
   ========= Performance Analysis =============
   Setup Time:                      0h 0m 0s 144ms 403us
   Simulation Time (Total):         0h 7m 28s 892ms
   Simulation Time (Active):        0h 3m 50s 603ms
        Queue Processing Time:      0h 3m 50s 583ms
             Scheduling Time:       0h 3m 23s 728ms
             Computation Time:      0h 0m 5s 728ms
   System Clock:                    0.1GHz
   Runtime:                         455344 cycles
   Runtime:                         4553.44 us
   Stalls:                          0 cycles
   Executed Nodes:                  455343 cycles

   ========= Kernel Validation Stats ==========
   Kernel validation enabled:       NO
   Configured latency per check:    0 us

   --- Access Breakdown ---
   Total memory accesses (validated): 0
   Cache hits (0 latency):          0
   Validation requests (full lat):  0
   Coalesced waits (partial lat):   0
   Validations denied:              0

   --- Latency Breakdown ---
   Validation request latency:      0 us
   Coalesced wait latency:          0 us
   TOTAL SECURITY OVERHEAD:         0 us
   Avg latency per validation:      0 us
   Avg latency per coalesced wait:  0 us
   Avg overhead per blocked access: 0 us

   --- Cache Statistics ---
   Processes with cached pages:     0
   Unique pages validated (total):  0
   Cache hit rate:                  0%

   ========= IOMMU Stats =====================
   IOMMU enabled:                   YES
   IOMMU SimObject:                 system.body.iommu

   --- Access Breakdown ---
   Total IOMMU checks:              17552396
   IOTLB hits:                      17552384
   IOTLB misses (page walks):       12
   IOTLB hit rate:                  99.9999%

   --- Latency Breakdown ---
   TOTAL IOMMU OVERHEAD:            35107.8 us
   Avg latency per access:          0.00200017 us

********************************************************************************
system.body.body_top.llvm_interface
Total Area: 14997.7
Total Power Static: 0.959791

Total Power Dynamic: 4.75526
   ========= Performance Analysis =============
   Setup Time:                      0h 0m 0s 10ms 854us
   Simulation Time (Total):         0h 7m 29s 492ms
   Simulation Time (Active):        0h 0m 0s 166ms
        Queue Processing Time:      0h 0m 0s 128ms
             Scheduling Time:       0h 0m 0s 53ms
             Computation Time:      0h 0m 0s 14ms
   System Clock:                    0.1GHz
   Runtime:                         473848 cycles
   Runtime:                         4738.48 us
   Stalls:                          0 cycles
   Executed Nodes:                  473847 cycles

   ========= Kernel Validation Stats ==========
   Kernel validation enabled:       NO
   Configured latency per check:    0 us

   --- Access Breakdown ---
   Total memory accesses (validated): 0
   Cache hits (0 latency):          0
   Validation requests (full lat):  0
   Coalesced waits (partial lat):   0
   Validations denied:              0

   --- Latency Breakdown ---
   Validation request latency:      0 us
   Coalesced wait latency:          0 us
   TOTAL SECURITY OVERHEAD:         0 us
   Avg latency per validation:      0 us
   Avg latency per coalesced wait:  0 us
   Avg overhead per blocked access: 0 us

   --- Cache Statistics ---
   Processes with cached pages:     0
   Unique pages validated (total):  0
   Cache hit rate:                  0%

   ========= IOMMU Stats =====================
   IOMMU enabled:                   YES
   IOMMU SimObject:                 system.body.iommu

   --- Access Breakdown ---
   Total IOMMU checks:              17552397
   IOTLB hits:                      17552385
   IOTLB misses (page walks):       12
   IOTLB hit rate:                  99.9999%

   --- Latency Breakdown ---
   TOTAL IOMMU OVERHEAD:            35107.8 us
   Avg latency per access:          0.00200017 us

********************************************************************************
system.body.body_residual.llvm_interface
Total Area: 2691.64
Total Power Static: 16.4537

Total Power Dynamic: 65.7937
   ========= Performance Analysis =============
   Setup Time:                      0h 0m 0s 0ms 422us
   Simulation Time (Total):         0h 6m 23s 891ms
   Simulation Time (Active):        0h 0m 0s 88ms
        Queue Processing Time:      0h 0m 0s 61ms
             Scheduling Time:       0h 0m 0s 26ms
             Computation Time:      0h 0m 0s 3ms
   System Clock:                    0.1GHz
   Runtime:                         390277 cycles
   Runtime:                         3902.77 us
   Stalls:                          0 cycles
   Executed Nodes:                  390276 cycles

   ========= Kernel Validation Stats ==========
   Kernel validation enabled:       NO
   Configured latency per check:    0 us

   --- Access Breakdown ---
   Total memory accesses (validated): 0
   Cache hits (0 latency):          0
   Validation requests (full lat):  0
   Coalesced waits (partial lat):   0
   Validations denied:              0

   --- Latency Breakdown ---
   Validation request latency:      0 us
   Coalesced wait latency:          0 us
   TOTAL SECURITY OVERHEAD:         0 us
   Avg latency per validation:      0 us
   Avg latency per coalesced wait:  0 us
   Avg overhead per blocked access: 0 us

   --- Cache Statistics ---
   Processes with cached pages:     0
   Unique pages validated (total):  0
   Cache hit rate:                  0%

   ========= IOMMU Stats =====================
   IOMMU enabled:                   YES
   IOMMU SimObject:                 system.body.iommu

   --- Access Breakdown ---
   Total IOMMU checks:              19245462
   IOTLB hits:                      19245450
   IOTLB misses (page walks):       12
   IOTLB hit rate:                  99.9999%

   --- Latency Breakdown ---
   TOTAL IOMMU OVERHEAD:            38493.9 us
   Avg latency per access:          0.00200015 us

********************************************************************************
system.body.body_pwconv0.llvm_interface
Total Area: 60189
Total Power Static: 1866.67

Total Power Dynamic: 45269.9
   ========= Performance Analysis =============
   Setup Time:                      0h 0m 0s 0ms 766us
   Simulation Time (Total):         0h 6m 50s 909ms
   Simulation Time (Active):        0h 0m 27s 737ms
        Queue Processing Time:      0h 0m 27s 723ms
             Scheduling Time:       0h 0m 16s 294ms
             Computation Time:      0h 0m 0s 334ms
   System Clock:                    0.1GHz
   Runtime:                         414384 cycles
   Runtime:                         4143.84 us
   Stalls:                          0 cycles
   Executed Nodes:                  414383 cycles

   ========= Kernel Validation Stats ==========
   Kernel validation enabled:       NO
   Configured latency per check:    0 us

   --- Access Breakdown ---
   Total memory accesses (validated): 0
   Cache hits (0 latency):          0
   Validation requests (full lat):  0
   Coalesced waits (partial lat):   0
   Validations denied:              0

   --- Latency Breakdown ---
   Validation request latency:      0 us
   Coalesced wait latency:          0 us
   TOTAL SECURITY OVERHEAD:         0 us
   Avg latency per validation:      0 us
   Avg latency per coalesced wait:  0 us
   Avg overhead per blocked access: 0 us

   --- Cache Statistics ---
   Processes with cached pages:     0
   Unique pages validated (total):  0
   Cache hit rate:                  0%

   ========= IOMMU Stats =====================
   IOMMU enabled:                   YES
   IOMMU SimObject:                 system.body.iommu

   --- Access Breakdown ---
   Total IOMMU checks:              19365948
   IOTLB hits:                      19365936
   IOTLB misses (page walks):       12
   IOTLB hit rate:                  99.9999%

   --- Latency Breakdown ---
   TOTAL IOMMU OVERHEAD:            38734.9 us
   Avg latency per access:          0.00200015 us

********************************************************************************
system.body.body_dwconv.llvm_interface
Total Area: 648047
Total Power Static: 27794.7

Total Power Dynamic: 316697
   ========= Performance Analysis =============
   Setup Time:                      0h 0m 0s 9ms 74us
   Simulation Time (Total):         0h 7m 25s 255ms
   Simulation Time (Active):        0h 2m 45s 368ms
        Queue Processing Time:      0h 2m 45s 349ms
             Scheduling Time:       0h 2m 31s 792ms
             Computation Time:      0h 0m 1s 802ms
   System Clock:                    0.1GHz
   Runtime:                         452306 cycles
   Runtime:                         4523.06 us
   Stalls:                          0 cycles
   Executed Nodes:                  452305 cycles

   ========= Kernel Validation Stats ==========
   Kernel validation enabled:       NO
   Configured latency per check:    0 us

   --- Access Breakdown ---
   Total memory accesses (validated): 0
   Cache hits (0 latency):          0
   Validation requests (full lat):  0
   Coalesced waits (partial lat):   0
   Validations denied:              0

   --- Latency Breakdown ---
   Validation request latency:      0 us
   Coalesced wait latency:          0 us
   TOTAL SECURITY OVERHEAD:         0 us
   Avg latency per validation:      0 us
   Avg latency per coalesced wait:  0 us
   Avg overhead per blocked access: 0 us

   --- Cache Statistics ---
   Processes with cached pages:     0
   Unique pages validated (total):  0
   Cache hit rate:                  0%

   ========= IOMMU Stats =====================
   IOMMU enabled:                   YES
   IOMMU SimObject:                 system.body.iommu

   --- Access Breakdown ---
   Total IOMMU checks:              19524110
   IOTLB hits:                      19524098
   IOTLB misses (page walks):       12
   IOTLB hit rate:                  99.9999%

   --- Latency Breakdown ---
   TOTAL IOMMU OVERHEAD:            39051.2 us
   Avg latency per access:          0.00200015 us

********************************************************************************
system.body.body_pwconv1.llvm_interface
Total Area: 3.74842e+06
Total Power Static: 92541.7

Total Power Dynamic: 914996
   ========= Performance Analysis =============
   Setup Time:                      0h 0m 0s 140ms 548us
   Simulation Time (Total):         0h 7m 25s 240ms
   Simulation Time (Active):        0h 3m 48s 231ms
        Queue Processing Time:      0h 3m 48s 212ms
             Scheduling Time:       0h 3m 22s 246ms
             Computation Time:      0h 0m 5s 642ms
   System Clock:                    0.1GHz
   Runtime:                         455140 cycles
   Runtime:                         4551.4 us
   Stalls:                          0 cycles
   Executed Nodes:                  455139 cycles

   ========= Kernel Validation Stats ==========
   Kernel validation enabled:       NO
   Configured latency per check:    0 us

   --- Access Breakdown ---
   Total memory accesses (validated): 0
   Cache hits (0 latency):          0
   Validation requests (full lat):  0
   Coalesced waits (partial lat):   0
   Validations denied:              0

   --- Latency Breakdown ---
   Validation request latency:      0 us
   Coalesced wait latency:          0 us
   TOTAL SECURITY OVERHEAD:         0 us
   Avg latency per validation:      0 us
   Avg latency per coalesced wait:  0 us
   Avg overhead per blocked access: 0 us

   --- Cache Statistics ---
   Processes with cached pages:     0
   Unique pages validated (total):  0
   Cache hit rate:                  0%

   ========= IOMMU Stats =====================
   IOMMU enabled:                   YES
   IOMMU SimObject:                 system.body.iommu

   --- Access Breakdown ---
   Total IOMMU checks:              19527205
   IOTLB hits:                      19527193
   IOTLB misses (page walks):       12
   IOTLB hit rate:                  99.9999%

   --- Latency Breakdown ---
   TOTAL IOMMU OVERHEAD:            39057.4 us
   Avg latency per access:          0.00200015 us

********************************************************************************
system.body.body_top.llvm_interface
Total Area: 18747.1
Total Power Static: 0.961013

Total Power Dynamic: 4.76126
   ========= Performance Analysis =============
   Setup Time:                      0h 0m 0s 7ms 371us
   Simulation Time (Total):         0h 7m 25s 857ms
   Simulation Time (Active):        0h 0m 0s 160ms
        Queue Processing Time:      0h 0m 0s 122ms
             Scheduling Time:       0h 0m 0s 50ms
             Computation Time:      0h 0m 0s 13ms
   System Clock:                    0.1GHz
   Runtime:                         473668 cycles
   Runtime:                         4736.68 us
   Stalls:                          0 cycles
   Executed Nodes:                  473667 cycles

   ========= Kernel Validation Stats ==========
   Kernel validation enabled:       NO
   Configured latency per check:    0 us

   --- Access Breakdown ---
   Total memory accesses (validated): 0
   Cache hits (0 latency):          0
   Validation requests (full lat):  0
   Coalesced waits (partial lat):   0
   Validations denied:              0

   --- Latency Breakdown ---
   Validation request latency:      0 us
   Coalesced wait latency:          0 us
   TOTAL SECURITY OVERHEAD:         0 us
   Avg latency per validation:      0 us
   Avg latency per coalesced wait:  0 us
   Avg overhead per blocked access: 0 us

   --- Cache Statistics ---
   Processes with cached pages:     0
   Unique pages validated (total):  0
   Cache hit rate:                  0%

   ========= IOMMU Stats =====================
   IOMMU enabled:                   YES
   IOMMU SimObject:                 system.body.iommu

   --- Access Breakdown ---
   Total IOMMU checks:              19527206
   IOTLB hits:                      19527194
   IOTLB misses (page walks):       12
   IOTLB hit rate:                  99.9999%

   --- Latency Breakdown ---
   TOTAL IOMMU OVERHEAD:            39057.4 us
   Avg latency per access:          0.00200015 us

********************************************************************************
system.body.body_residual.llvm_interface
Total Area: 3229.97
Total Power Static: 16.4537

Total Power Dynamic: 65.7937
   ========= Performance Analysis =============
   Setup Time:                      0h 0m 0s 0ms 413us
   Simulation Time (Total):         0h 3m 57s 672ms
   Simulation Time (Active):        0h 0m 0s 59ms
        Queue Processing Time:      0h 0m 0s 44ms
             Scheduling Time:       0h 0m 0s 20ms
             Computation Time:      0h 0m 0s 3ms
   System Clock:                    0.1GHz
   Runtime:                         214124 cycles
   Runtime:                         2141.24 us
   Stalls:                          0 cycles
   Executed Nodes:                  214123 cycles

   ========= Kernel Validation Stats ==========
   Kernel validation enabled:       NO
   Configured latency per check:    0 us

   --- Access Breakdown ---
   Total memory accesses (validated): 0
   Cache hits (0 latency):          0
   Validation requests (full lat):  0
   Coalesced waits (partial lat):   0
   Validations denied:              0

   --- Latency Breakdown ---
   Validation request latency:      0 us
   Coalesced wait latency:          0 us
   TOTAL SECURITY OVERHEAD:         0 us
   Avg latency per validation:      0 us
   Avg latency per coalesced wait:  0 us
   Avg overhead per blocked access: 0 us

   --- Cache Statistics ---
   Processes with cached pages:     0
   Unique pages validated (total):  0
   Cache hit rate:                  0%

   ========= IOMMU Stats =====================
   IOMMU enabled:                   YES
   IOMMU SimObject:                 system.body.iommu

   --- Access Breakdown ---
   Total IOMMU checks:              20575096
   IOTLB hits:                      20575084
   IOTLB misses (page walks):       12
   IOTLB hit rate:                  99.9999%

   --- Latency Breakdown ---
   TOTAL IOMMU OVERHEAD:            41153.2 us
   Avg latency per access:          0.00200014 us

********************************************************************************
system.body.body_pwconv0.llvm_interface
Total Area: 72226.8
Total Power Static: 1866.67

Total Power Dynamic: 45269.9
   ========= Performance Analysis =============
   Setup Time:                      0h 0m 0s 0ms 747us
   Simulation Time (Total):         0h 4m 17s 808ms
   Simulation Time (Active):        0h 0m 23s 515ms
        Queue Processing Time:      0h 0m 23s 503ms
             Scheduling Time:       0h 0m 14s 699ms
             Computation Time:      0h 0m 0s 314ms
   System Clock:                    0.1GHz
   Runtime:                         232859 cycles
   Runtime:                         2328.59 us
   Stalls:                          0 cycles
   Executed Nodes:                  232858 cycles

   ========= Kernel Validation Stats ==========
   Kernel validation enabled:       NO
   Configured latency per check:    0 us

   --- Access Breakdown ---
   Total memory accesses (validated): 0
   Cache hits (0 latency):          0
   Validation requests (full lat):  0
   Coalesced waits (partial lat):   0
   Validations denied:              0

   --- Latency Breakdown ---
   Validation request latency:      0 us
   Coalesced wait latency:          0 us
   TOTAL SECURITY OVERHEAD:         0 us
   Avg latency per validation:      0 us
   Avg latency per coalesced wait:  0 us
   Avg overhead per blocked access: 0 us

   --- Cache Statistics ---
   Processes with cached pages:     0
   Unique pages validated (total):  0
   Cache hit rate:                  0%

   ========= IOMMU Stats =====================
   IOMMU enabled:                   YES
   IOMMU SimObject:                 system.body.iommu

   --- Access Breakdown ---
   Total IOMMU checks:              20667186
   IOTLB hits:                      20667174
   IOTLB misses (page walks):       12
   IOTLB hit rate:                  99.9999%

   --- Latency Breakdown ---
   TOTAL IOMMU OVERHEAD:            41337.3 us
   Avg latency per access:          0.00200014 us

********************************************************************************
system.body.body_pwconv1.llvm_interface
Total Area: 4.49811e+06
Total Power Static: 34660

Total Power Dynamic: 342746
   ========= Performance Analysis =============
   Setup Time:                      0h 0m 0s 145ms 139us
   Simulation Time (Total):         0h 4m 24s 865ms
   Simulation Time (Active):        0h 1m 17s 239ms
        Queue Processing Time:      0h 1m 17s 232ms
             Scheduling Time:       0h 1m 9s 61ms
             Computation Time:      0h 0m 2s 30ms
   System Clock:                    0.1GHz
   Runtime:                         239155 cycles
   Runtime:                         2391.55 us
   Stalls:                          0 cycles
   Executed Nodes:                  239154 cycles

   ========= Kernel Validation Stats ==========
   Kernel validation enabled:       NO
   Configured latency per check:    0 us

   --- Access Breakdown ---
   Total memory accesses (validated): 0
   Cache hits (0 latency):          0
   Validation requests (full lat):  0
   Coalesced waits (partial lat):   0
   Validations denied:              0

   --- Latency Breakdown ---
   Validation request latency:      0 us
   Coalesced wait latency:          0 us
   TOTAL SECURITY OVERHEAD:         0 us
   Avg latency per validation:      0 us
   Avg latency per coalesced wait:  0 us
   Avg overhead per blocked access: 0 us

   --- Cache Statistics ---
   Processes with cached pages:     0
   Unique pages validated (total):  0
   Cache hit rate:                  0%

   ========= IOMMU Stats =====================
   IOMMU enabled:                   YES
   IOMMU SimObject:                 system.body.iommu

   --- Access Breakdown ---
   Total IOMMU checks:              20694707
   IOTLB hits:                      20694695
   IOTLB misses (page walks):       12
   IOTLB hit rate:                  99.9999%

   --- Latency Breakdown ---
   TOTAL IOMMU OVERHEAD:            41392.4 us
   Avg latency per access:          0.00200014 us

********************************************************************************
system.body.body_dwconv.llvm_interface
Total Area: 777657
Total Power Static: 27770.1

Total Power Dynamic: 316697
   ========= Performance Analysis =============
   Setup Time:                      0h 0m 0s 9ms 56us
   Simulation Time (Total):         0h 4m 32s 459ms
   Simulation Time (Active):        0h 2m 38s 746ms
        Queue Processing Time:      0h 2m 38s 732ms
             Scheduling Time:       0h 2m 27s 632ms
             Computation Time:      0h 0m 1s 723ms
   System Clock:                    0.1GHz
   Runtime:                         246045 cycles
   Runtime:                         2460.45 us
   Stalls:                          0 cycles
   Executed Nodes:                  246044 cycles

   ========= Kernel Validation Stats ==========
   Kernel validation enabled:       NO
   Configured latency per check:    0 us

   --- Access Breakdown ---
   Total memory accesses (validated): 0
   Cache hits (0 latency):          0
   Validation requests (full lat):  0
   Coalesced waits (partial lat):   0
   Validations denied:              0

   --- Latency Breakdown ---
   Validation request latency:      0 us
   Coalesced wait latency:          0 us
   TOTAL SECURITY OVERHEAD:         0 us
   Avg latency per validation:      0 us
   Avg latency per coalesced wait:  0 us
   Avg overhead per blocked access: 0 us

   --- Cache Statistics ---
   Processes with cached pages:     0
   Unique pages validated (total):  0
   Cache hit rate:                  0%

   ========= IOMMU Stats =====================
   IOMMU enabled:                   YES
   IOMMU SimObject:                 system.body.iommu

   --- Access Breakdown ---
   Total IOMMU checks:              20724336
   IOTLB hits:                      20724324
   IOTLB misses (page walks):       12
   IOTLB hit rate:                  99.9999%

   --- Latency Breakdown ---
   TOTAL IOMMU OVERHEAD:            41451.6 us
   Avg latency per access:          0.00200014 us

********************************************************************************
system.body.body_top.llvm_interface
Total Area: 22496.5
Total Power Static: 0.959791

Total Power Dynamic: 4.75526
   ========= Performance Analysis =============
   Setup Time:                      0h 0m 0s 7ms 295us
   Simulation Time (Total):         0h 4m 32s 911ms
   Simulation Time (Active):        0h 0m 0s 98ms
        Queue Processing Time:      0h 0m 0s 76ms
             Scheduling Time:       0h 0m 0s 32ms
             Computation Time:      0h 0m 0s 9ms
   System Clock:                    0.1GHz
   Runtime:                         264555 cycles
   Runtime:                         2645.55 us
   Stalls:                          0 cycles
   Executed Nodes:                  264554 cycles

   ========= Kernel Validation Stats ==========
   Kernel validation enabled:       NO
   Configured latency per check:    0 us

   --- Access Breakdown ---
   Total memory accesses (validated): 0
   Cache hits (0 latency):          0
   Validation requests (full lat):  0
   Coalesced waits (partial lat):   0
   Validations denied:              0

   --- Latency Breakdown ---
   Validation request latency:      0 us
   Coalesced wait latency:          0 us
   TOTAL SECURITY OVERHEAD:         0 us
   Avg latency per validation:      0 us
   Avg latency per coalesced wait:  0 us
   Avg overhead per blocked access: 0 us

   --- Cache Statistics ---
   Processes with cached pages:     0
   Unique pages validated (total):  0
   Cache hit rate:                  0%

   ========= IOMMU Stats =====================
   IOMMU enabled:                   YES
   IOMMU SimObject:                 system.body.iommu

   --- Access Breakdown ---
   Total IOMMU checks:              20724339
   IOTLB hits:                      20724327
   IOTLB misses (page walks):       12
   IOTLB hit rate:                  99.9999%

   --- Latency Breakdown ---
   TOTAL IOMMU OVERHEAD:            41451.7 us
   Avg latency per access:          0.00200014 us

********************************************************************************
system.body.body_residual.llvm_interface
Total Area: 3768.3
Total Power Static: 4.11165

Total Power Dynamic: 12.3363
   ========= Performance Analysis =============
   Setup Time:                      0h 0m 0s 0ms 384us
   Simulation Time (Total):         0h 1m 42s 56ms
   Simulation Time (Active):        0h 0m 0s 21ms
        Queue Processing Time:      0h 0m 0s 14ms
             Scheduling Time:       0h 0m 0s 6ms
             Computation Time:      0h 0m 0s 0ms
   System Clock:                    0.1GHz
   Runtime:                         102569 cycles
   Runtime:                         1025.69 us
   Stalls:                          0 cycles
   Executed Nodes:                  102568 cycles

   ========= Kernel Validation Stats ==========
   Kernel validation enabled:       NO
   Configured latency per check:    0 us

   --- Access Breakdown ---
   Total memory accesses (validated): 0
   Cache hits (0 latency):          0
   Validation requests (full lat):  0
   Coalesced waits (partial lat):   0
   Validations denied:              0

   --- Latency Breakdown ---
   Validation request latency:      0 us
   Coalesced wait latency:          0 us
   TOTAL SECURITY OVERHEAD:         0 us
   Avg latency per validation:      0 us
   Avg latency per coalesced wait:  0 us
   Avg overhead per blocked access: 0 us

   --- Cache Statistics ---
   Processes with cached pages:     0
   Unique pages validated (total):  0
   Cache hit rate:                  0%

   ========= IOMMU Stats =====================
   IOMMU enabled:                   YES
   IOMMU SimObject:                 system.body.iommu

   --- Access Breakdown ---
   Total IOMMU checks:              21210671
   IOTLB hits:                      21210659
   IOTLB misses (page walks):       12
   IOTLB hit rate:                  99.9999%

   --- Latency Breakdown ---
   TOTAL IOMMU OVERHEAD:            42424.3 us
   Avg latency per access:          0.00200014 us

********************************************************************************
system.body.body_pwconv0.llvm_interface
Total Area: 84264.5
Total Power Static: 692.817

Total Power Dynamic: 16913.1
   ========= Performance Analysis =============
   Setup Time:                      0h 0m 0s 0ms 752us
   Simulation Time (Total):         0h 2m 6s 373ms
   Simulation Time (Active):        0h 0m 7s 602ms
        Queue Processing Time:      0h 0m 7s 595ms
             Scheduling Time:       0h 0m 4s 372ms
             Computation Time:      0h 0m 0s 112ms
   System Clock:                    0.1GHz
   Runtime:                         126273 cycles
   Runtime:                         1262.73 us
   Stalls:                          0 cycles
   Executed Nodes:                  126272 cycles

   ========= Kernel Validation Stats ==========
   Kernel validation enabled:       NO
   Configured latency per check:    0 us

   --- Access Breakdown ---
   Total memory accesses (validated): 0
   Cache hits (0 latency):          0
   Validation requests (full lat):  0
   Coalesced waits (partial lat):   0
   Validations denied:              0

   --- Latency Breakdown ---
   Validation request latency:      0 us
   Coalesced wait latency:          0 us
   TOTAL SECURITY OVERHEAD:         0 us
   Avg latency per validation:      0 us
   Avg latency per coalesced wait:  0 us
   Avg overhead per blocked access: 0 us

   --- Cache Statistics ---
   Processes with cached pages:     0
   Unique pages validated (total):  0
   Cache hit rate:                  0%

   ========= IOMMU Stats =====================
   IOMMU enabled:                   YES
   IOMMU SimObject:                 system.body.iommu

   --- Access Breakdown ---
   Total IOMMU checks:              21324638
   IOTLB hits:                      21324626
   IOTLB misses (page walks):       12
   IOTLB hit rate:                  99.9999%

   --- Latency Breakdown ---
   TOTAL IOMMU OVERHEAD:            42652.3 us
   Avg latency per access:          0.00200014 us

********************************************************************************
system.body.body_dwconv.llvm_interface
Total Area: 907266
Total Power Static: 10000

Total Power Dynamic: 113736
   ========= Performance Analysis =============
   Setup Time:                      0h 0m 0s 9ms 14us
   Simulation Time (Total):         0h 2m 32s 440ms
   Simulation Time (Active):        0h 0m 59s 978ms
        Queue Processing Time:      0h 0m 59s 971ms
             Scheduling Time:       0h 0m 55s 351ms
             Computation Time:      0h 0m 0s 635ms
   System Clock:                    0.1GHz
   Runtime:                         152731 cycles
   Runtime:                         1527.31 us
   Stalls:                          0 cycles
   Executed Nodes:                  152730 cycles

   ========= Kernel Validation Stats ==========
   Kernel validation enabled:       NO
   Configured latency per check:    0 us

   --- Access Breakdown ---
   Total memory accesses (validated): 0
   Cache hits (0 latency):          0
   Validation requests (full lat):  0
   Coalesced waits (partial lat):   0
   Validations denied:              0

   --- Latency Breakdown ---
   Validation request latency:      0 us
   Coalesced wait latency:          0 us
   TOTAL SECURITY OVERHEAD:         0 us
   Avg latency per validation:      0 us
   Avg latency per coalesced wait:  0 us
   Avg overhead per blocked access: 0 us

   --- Cache Statistics ---
   Processes with cached pages:     0
   Unique pages validated (total):  0
   Cache hit rate:                  0%

   ========= IOMMU Stats =====================
   IOMMU enabled:                   YES
   IOMMU SimObject:                 system.body.iommu

   --- Access Breakdown ---
   Total IOMMU checks:              21447400
   IOTLB hits:                      21447388
   IOTLB misses (page walks):       12
   IOTLB hit rate:                  99.9999%

   --- Latency Breakdown ---
   TOTAL IOMMU OVERHEAD:            42897.8 us
   Avg latency per access:          0.00200014 us

********************************************************************************
system.body.body_pwconv1.llvm_interface
Total Area: 5.24779e+06
Total Power Static: 34660

Total Power Dynamic: 342746
   ========= Performance Analysis =============
   Setup Time:                      0h 0m 0s 145ms 220us
   Simulation Time (Total):         0h 2m 32s 311ms
   Simulation Time (Active):        0h 1m 16s 769ms
        Queue Processing Time:      0h 1m 16s 763ms
             Scheduling Time:       0h 1m 8s 742ms
             Computation Time:      0h 0m 2s 17ms
   System Clock:                    0.1GHz
   Runtime:                         153772 cycles
   Runtime:                         1537.72 us
   Stalls:                          0 cycles
   Executed Nodes:                  153771 cycles

   ========= Kernel Validation Stats ==========
   Kernel validation enabled:       NO
   Configured latency per check:    0 us

   --- Access Breakdown ---
   Total memory accesses (validated): 0
   Cache hits (0 latency):          0
   Validation requests (full lat):  0
   Coalesced waits (partial lat):   0
   Validations denied:              0

   --- Latency Breakdown ---
   Validation request latency:      0 us
   Coalesced wait latency:          0 us
   TOTAL SECURITY OVERHEAD:         0 us
   Avg latency per validation:      0 us
   Avg latency per coalesced wait:  0 us
   Avg overhead per blocked access: 0 us

   --- Cache Statistics ---
   Processes with cached pages:     0
   Unique pages validated (total):  0
   Cache hit rate:                  0%

   ========= IOMMU Stats =====================
   IOMMU enabled:                   YES
   IOMMU SimObject:                 system.body.iommu

   --- Access Breakdown ---
   Total IOMMU checks:              21448544
   IOTLB hits:                      21448532
   IOTLB misses (page walks):       12
   IOTLB hit rate:                  99.9999%

   --- Latency Breakdown ---
   TOTAL IOMMU OVERHEAD:            42900.1 us
   Avg latency per access:          0.00200014 us

********************************************************************************
system.body.body_top.llvm_interface
Total Area: 26245.9
Total Power Static: 0.961013

Total Power Dynamic: 4.76126
   ========= Performance Analysis =============
   Setup Time:                      0h 0m 0s 17ms 392us
   Simulation Time (Total):         0h 2m 32s 899ms
   Simulation Time (Active):        0h 0m 0s 55ms
        Queue Processing Time:      0h 0m 0s 41ms
             Scheduling Time:       0h 0m 0s 17ms
             Computation Time:      0h 0m 0s 4ms
   System Clock:                    0.1GHz
   Runtime:                         172305 cycles
   Runtime:                         1723.05 us
   Stalls:                          0 cycles
   Executed Nodes:                  172304 cycles

   ========= Kernel Validation Stats ==========
   Kernel validation enabled:       NO
   Configured latency per check:    0 us

   --- Access Breakdown ---
   Total memory accesses (validated): 0
   Cache hits (0 latency):          0
   Validation requests (full lat):  0
   Coalesced waits (partial lat):   0
   Validations denied:              0

   --- Latency Breakdown ---
   Validation request latency:      0 us
   Coalesced wait latency:          0 us
   TOTAL SECURITY OVERHEAD:         0 us
   Avg latency per validation:      0 us
   Avg latency per coalesced wait:  0 us
   Avg overhead per blocked access: 0 us

   --- Cache Statistics ---
   Processes with cached pages:     0
   Unique pages validated (total):  0
   Cache hit rate:                  0%

   ========= IOMMU Stats =====================
   IOMMU enabled:                   YES
   IOMMU SimObject:                 system.body.iommu

   --- Access Breakdown ---
   Total IOMMU checks:              21448546
   IOTLB hits:                      21448534
   IOTLB misses (page walks):       12
   IOTLB hit rate:                  99.9999%

   --- Latency Breakdown ---
   TOTAL IOMMU OVERHEAD:            42900.1 us
   Avg latency per access:          0.00200014 us

********************************************************************************
system.body.body_residual.llvm_interface
Total Area: 4306.63
Total Power Static: 6.16866

Total Power Dynamic: 24.6726
   ========= Performance Analysis =============
   Setup Time:                      0h 0m 0s 0ms 373us
   Simulation Time (Total):         0h 1m 41s 535ms
   Simulation Time (Active):        0h 0m 0s 25ms
        Queue Processing Time:      0h 0m 0s 18ms
             Scheduling Time:       0h 0m 0s 8ms
             Computation Time:      0h 0m 0s 1ms
   System Clock:                    0.1GHz
   Runtime:                         102636 cycles
   Runtime:                         1026.36 us
   Stalls:                          0 cycles
   Executed Nodes:                  102635 cycles

   ========= Kernel Validation Stats ==========
   Kernel validation enabled:       NO
   Configured latency per check:    0 us

   --- Access Breakdown ---
   Total memory accesses (validated): 0
   Cache hits (0 latency):          0
   Validation requests (full lat):  0
   Coalesced waits (partial lat):   0
   Validations denied:              0

   --- Latency Breakdown ---
   Validation request latency:      0 us
   Coalesced wait latency:          0 us
   TOTAL SECURITY OVERHEAD:         0 us
   Avg latency per validation:      0 us
   Avg latency per coalesced wait:  0 us
   Avg overhead per blocked access: 0 us

   --- Cache Statistics ---
   Processes with cached pages:     0
   Unique pages validated (total):  0
   Cache hit rate:                  0%

   ========= IOMMU Stats =====================
   IOMMU enabled:                   YES
   IOMMU SimObject:                 system.body.iommu

   --- Access Breakdown ---
   Total IOMMU checks:              21935761
   IOTLB hits:                      21935749
   IOTLB misses (page walks):       12
   IOTLB hit rate:                  99.9999%

   --- Latency Breakdown ---
   TOTAL IOMMU OVERHEAD:            43874.5 us
   Avg latency per access:          0.00200014 us

********************************************************************************
system.body.body_pwconv0.llvm_interface
Total Area: 96302.3
Total Power Static: 692.817

Total Power Dynamic: 16913.1
   ========= Performance Analysis =============
   Setup Time:                      0h 0m 0s 0ms 732us
   Simulation Time (Total):         0h 2m 5s 712ms
   Simulation Time (Active):        0h 0m 7s 512ms
        Queue Processing Time:      0h 0m 7s 505ms
             Scheduling Time:       0h 0m 4s 303ms
             Computation Time:      0h 0m 0s 111ms
   System Clock:                    0.1GHz
   Runtime:                         126331 cycles
   Runtime:                         1263.31 us
   Stalls:                          0 cycles
   Executed Nodes:                  126330 cycles

   ========= Kernel Validation Stats ==========
   Kernel validation enabled:       NO
   Configured latency per check:    0 us

   --- Access Breakdown ---
   Total memory accesses (validated): 0
   Cache hits (0 latency):          0
   Validation requests (full lat):  0
   Coalesced waits (partial lat):   0
   Validations denied:              0

   --- Latency Breakdown ---
   Validation request latency:      0 us
   Coalesced wait latency:          0 us
   TOTAL SECURITY OVERHEAD:         0 us
   Avg latency per validation:      0 us
   Avg latency per coalesced wait:  0 us
   Avg overhead per blocked access: 0 us

   --- Cache Statistics ---
   Processes with cached pages:     0
   Unique pages validated (total):  0
   Cache hit rate:                  0%

   ========= IOMMU Stats =====================
   IOMMU enabled:                   YES
   IOMMU SimObject:                 system.body.iommu

   --- Access Breakdown ---
   Total IOMMU checks:              22049728
   IOTLB hits:                      22049716
   IOTLB misses (page walks):       12
   IOTLB hit rate:                  99.9999%

   --- Latency Breakdown ---
   TOTAL IOMMU OVERHEAD:            44102.4 us
   Avg latency per access:          0.00200013 us

********************************************************************************
system.body.body_dwconv.llvm_interface
Total Area: 1.03688e+06
Total Power Static: 10000

Total Power Dynamic: 113736
   ========= Performance Analysis =============
   Setup Time:                      0h 0m 0s 9ms 24us
   Simulation Time (Total):         0h 2m 31s 646ms
   Simulation Time (Active):        0h 0m 59s 801ms
        Queue Processing Time:      0h 0m 59s 795ms
             Scheduling Time:       0h 0m 55s 182ms
             Computation Time:      0h 0m 0s 633ms
   System Clock:                    0.1GHz
   Runtime:                         152859 cycles
   Runtime:                         1528.59 us
   Stalls:                          0 cycles
   Executed Nodes:                  152858 cycles

   ========= Kernel Validation Stats ==========
   Kernel validation enabled:       NO
   Configured latency per check:    0 us

   --- Access Breakdown ---
   Total memory accesses (validated): 0
   Cache hits (0 latency):          0
   Validation requests (full lat):  0
   Coalesced waits (partial lat):   0
   Validations denied:              0

   --- Latency Breakdown ---
   Validation request latency:      0 us
   Coalesced wait latency:          0 us
   TOTAL SECURITY OVERHEAD:         0 us
   Avg latency per validation:      0 us
   Avg latency per coalesced wait:  0 us
   Avg overhead per blocked access: 0 us

   --- Cache Statistics ---
   Processes with cached pages:     0
   Unique pages validated (total):  0
   Cache hit rate:                  0%

   ========= IOMMU Stats =====================
   IOMMU enabled:                   YES
   IOMMU SimObject:                 system.body.iommu

   --- Access Breakdown ---
   Total IOMMU checks:              22172504
   IOTLB hits:                      22172492
   IOTLB misses (page walks):       12
   IOTLB hit rate:                  99.9999%

   --- Latency Breakdown ---
   TOTAL IOMMU OVERHEAD:            44348 us
   Avg latency per access:          0.00200013 us

********************************************************************************
system.body.body_pwconv1.llvm_interface
Total Area: 5.99748e+06
Total Power Static: 34660

Total Power Dynamic: 342746
   ========= Performance Analysis =============
   Setup Time:                      0h 0m 0s 141ms 665us
   Simulation Time (Total):         0h 2m 31s 520ms
   Simulation Time (Active):        0h 1m 16s 224ms
        Queue Processing Time:      0h 1m 16s 218ms
             Scheduling Time:       0h 1m 8s 268ms
             Computation Time:      0h 0m 2s 4ms
   System Clock:                    0.1GHz
   Runtime:                         153900 cycles
   Runtime:                         1539 us
   Stalls:                          0 cycles
   Executed Nodes:                  153899 cycles

   ========= Kernel Validation Stats ==========
   Kernel validation enabled:       NO
   Configured latency per check:    0 us

   --- Access Breakdown ---
   Total memory accesses (validated): 0
   Cache hits (0 latency):          0
   Validation requests (full lat):  0
   Coalesced waits (partial lat):   0
   Validations denied:              0

   --- Latency Breakdown ---
   Validation request latency:      0 us
   Coalesced wait latency:          0 us
   TOTAL SECURITY OVERHEAD:         0 us
   Avg latency per validation:      0 us
   Avg latency per coalesced wait:  0 us
   Avg overhead per blocked access: 0 us

   --- Cache Statistics ---
   Processes with cached pages:     0
   Unique pages validated (total):  0
   Cache hit rate:                  0%

   ========= IOMMU Stats =====================
   IOMMU enabled:                   YES
   IOMMU SimObject:                 system.body.iommu

   --- Access Breakdown ---
   Total IOMMU checks:              22173648
   IOTLB hits:                      22173636
   IOTLB misses (page walks):       12
   IOTLB hit rate:                  99.9999%

   --- Latency Breakdown ---
   TOTAL IOMMU OVERHEAD:            44350.3 us
   Avg latency per access:          0.00200013 us

********************************************************************************
system.body.body_top.llvm_interface
Total Area: 29995.3
Total Power Static: 0.961013

Total Power Dynamic: 4.76126
   ========= Performance Analysis =============
   Setup Time:                      0h 0m 0s 7ms 345us
   Simulation Time (Total):         0h 2m 32s 106ms
   Simulation Time (Active):        0h 0m 0s 54ms
        Queue Processing Time:      0h 0m 0s 41ms
             Scheduling Time:       0h 0m 0s 17ms
             Computation Time:      0h 0m 0s 4ms
   System Clock:                    0.1GHz
   Runtime:                         172434 cycles
   Runtime:                         1724.34 us
   Stalls:                          0 cycles
   Executed Nodes:                  172433 cycles

   ========= Kernel Validation Stats ==========
   Kernel validation enabled:       NO
   Configured latency per check:    0 us

   --- Access Breakdown ---
   Total memory accesses (validated): 0
   Cache hits (0 latency):          0
   Validation requests (full lat):  0
   Coalesced waits (partial lat):   0
   Validations denied:              0

   --- Latency Breakdown ---
   Validation request latency:      0 us
   Coalesced wait latency:          0 us
   TOTAL SECURITY OVERHEAD:         0 us
   Avg latency per validation:      0 us
   Avg latency per coalesced wait:  0 us
   Avg overhead per blocked access: 0 us

   --- Cache Statistics ---
   Processes with cached pages:     0
   Unique pages validated (total):  0
   Cache hit rate:                  0%

   ========= IOMMU Stats =====================
   IOMMU enabled:                   YES
   IOMMU SimObject:                 system.body.iommu

   --- Access Breakdown ---
   Total IOMMU checks:              22173650
   IOTLB hits:                      22173638
   IOTLB misses (page walks):       12
   IOTLB hit rate:                  99.9999%

   --- Latency Breakdown ---
   TOTAL IOMMU OVERHEAD:            44350.3 us
   Avg latency per access:          0.00200013 us

********************************************************************************
system.body.body_residual.llvm_interface
Total Area: 4844.96
Total Power Static: 6.16866

Total Power Dynamic: 24.6726
   ========= Performance Analysis =============
   Setup Time:                      0h 0m 0s 0ms 383us
   Simulation Time (Total):         0h 1m 42s 508ms
   Simulation Time (Active):        0h 0m 0s 26ms
        Queue Processing Time:      0h 0m 0s 19ms
             Scheduling Time:       0h 0m 0s 9ms
             Computation Time:      0h 0m 0s 1ms
   System Clock:                    0.1GHz
   Runtime:                         102636 cycles
   Runtime:                         1026.36 us
   Stalls:                          0 cycles
   Executed Nodes:                  102635 cycles

   ========= Kernel Validation Stats ==========
   Kernel validation enabled:       NO
   Configured latency per check:    0 us

   --- Access Breakdown ---
   Total memory accesses (validated): 0
   Cache hits (0 latency):          0
   Validation requests (full lat):  0
   Coalesced waits (partial lat):   0
   Validations denied:              0

   --- Latency Breakdown ---
   Validation request latency:      0 us
   Coalesced wait latency:          0 us
   TOTAL SECURITY OVERHEAD:         0 us
   Avg latency per validation:      0 us
   Avg latency per coalesced wait:  0 us
   Avg overhead per blocked access: 0 us

   --- Cache Statistics ---
   Processes with cached pages:     0
   Unique pages validated (total):  0
   Cache hit rate:                  0%

   ========= IOMMU Stats =====================
   IOMMU enabled:                   YES
   IOMMU SimObject:                 system.body.iommu

   --- Access Breakdown ---
   Total IOMMU checks:              22660861
   IOTLB hits:                      22660849
   IOTLB misses (page walks):       12
   IOTLB hit rate:                  99.9999%

   --- Latency Breakdown ---
   TOTAL IOMMU OVERHEAD:            45324.7 us
   Avg latency per access:          0.00200013 us

********************************************************************************
system.body.body_pwconv0.llvm_interface
Total Area: 108340
Total Power Static: 692.817

Total Power Dynamic: 16913.1
   ========= Performance Analysis =============
   Setup Time:                      0h 0m 0s 0ms 768us
   Simulation Time (Total):         0h 2m 7s 188ms
   Simulation Time (Active):        0h 0m 7s 683ms
        Queue Processing Time:      0h 0m 7s 676ms
             Scheduling Time:       0h 0m 4s 452ms
             Computation Time:      0h 0m 0s 113ms
   System Clock:                    0.1GHz
   Runtime:                         126331 cycles
   Runtime:                         1263.31 us
   Stalls:                          0 cycles
   Executed Nodes:                  126330 cycles

   ========= Kernel Validation Stats ==========
   Kernel validation enabled:       NO
   Configured latency per check:    0 us

   --- Access Breakdown ---
   Total memory accesses (validated): 0
   Cache hits (0 latency):          0
   Validation requests (full lat):  0
   Coalesced waits (partial lat):   0
   Validations denied:              0

   --- Latency Breakdown ---
   Validation request latency:      0 us
   Coalesced wait latency:          0 us
   TOTAL SECURITY OVERHEAD:         0 us
   Avg latency per validation:      0 us
   Avg latency per coalesced wait:  0 us
   Avg overhead per blocked access: 0 us

   --- Cache Statistics ---
   Processes with cached pages:     0
   Unique pages validated (total):  0
   Cache hit rate:                  0%

   ========= IOMMU Stats =====================
   IOMMU enabled:                   YES
   IOMMU SimObject:                 system.body.iommu

   --- Access Breakdown ---
   Total IOMMU checks:              22774828
   IOTLB hits:                      22774816
   IOTLB misses (page walks):       12
   IOTLB hit rate:                  99.9999%

   --- Latency Breakdown ---
   TOTAL IOMMU OVERHEAD:            45552.6 us
   Avg latency per access:          0.00200013 us

********************************************************************************
system.body.body_dwconv.llvm_interface
Total Area: 1.16649e+06
Total Power Static: 10000

Total Power Dynamic: 113736
   ========= Performance Analysis =============
   Setup Time:                      0h 0m 0s 9ms 200us
   Simulation Time (Total):         0h 2m 33s 242ms
   Simulation Time (Active):        0h 1m 0s 280ms
        Queue Processing Time:      0h 1m 0s 274ms
             Scheduling Time:       0h 0m 55s 610ms
             Computation Time:      0h 0m 0s 640ms
   System Clock:                    0.1GHz
   Runtime:                         152859 cycles
   Runtime:                         1528.59 us
   Stalls:                          0 cycles
   Executed Nodes:                  152858 cycles

   ========= Kernel Validation Stats ==========
   Kernel validation enabled:       NO
   Configured latency per check:    0 us

   --- Access Breakdown ---
   Total memory accesses (validated): 0
   Cache hits (0 latency):          0
   Validation requests (full lat):  0
   Coalesced waits (partial lat):   0
   Validations denied:              0

   --- Latency Breakdown ---
   Validation request latency:      0 us
   Coalesced wait latency:          0 us
   TOTAL SECURITY OVERHEAD:         0 us
   Avg latency per validation:      0 us
   Avg latency per coalesced wait:  0 us
   Avg overhead per blocked access: 0 us

   --- Cache Statistics ---
   Processes with cached pages:     0
   Unique pages validated (total):  0
   Cache hit rate:                  0%

   ========= IOMMU Stats =====================
   IOMMU enabled:                   YES
   IOMMU SimObject:                 system.body.iommu

   --- Access Breakdown ---
   Total IOMMU checks:              22897604
   IOTLB hits:                      22897592
   IOTLB misses (page walks):       12
   IOTLB hit rate:                  99.9999%

   --- Latency Breakdown ---
   TOTAL IOMMU OVERHEAD:            45798.2 us
   Avg latency per access:          0.00200013 us

********************************************************************************
system.body.body_pwconv1.llvm_interface
Total Area: 6.74716e+06
Total Power Static: 34660

Total Power Dynamic: 342746
   ========= Performance Analysis =============
   Setup Time:                      0h 0m 0s 152ms 278us
   Simulation Time (Total):         0h 2m 33s 106ms
   Simulation Time (Active):        0h 1m 17s 108ms
        Queue Processing Time:      0h 1m 17s 103ms
             Scheduling Time:       0h 1m 9s 102ms
             Computation Time:      0h 0m 2s 8ms
   System Clock:                    0.1GHz
   Runtime:                         153900 cycles
   Runtime:                         1539 us
   Stalls:                          0 cycles
   Executed Nodes:                  153899 cycles

   ========= Kernel Validation Stats ==========
   Kernel validation enabled:       NO
   Configured latency per check:    0 us

   --- Access Breakdown ---
   Total memory accesses (validated): 0
   Cache hits (0 latency):          0
   Validation requests (full lat):  0
   Coalesced waits (partial lat):   0
   Validations denied:              0

   --- Latency Breakdown ---
   Validation request latency:      0 us
   Coalesced wait latency:          0 us
   TOTAL SECURITY OVERHEAD:         0 us
   Avg latency per validation:      0 us
   Avg latency per coalesced wait:  0 us
   Avg overhead per blocked access: 0 us

   --- Cache Statistics ---
   Processes with cached pages:     0
   Unique pages validated (total):  0
   Cache hit rate:                  0%

   ========= IOMMU Stats =====================
   IOMMU enabled:                   YES
   IOMMU SimObject:                 system.body.iommu

   --- Access Breakdown ---
   Total IOMMU checks:              22898748
   IOTLB hits:                      22898736
   IOTLB misses (page walks):       12
   IOTLB hit rate:                  99.9999%

   --- Latency Breakdown ---
   TOTAL IOMMU OVERHEAD:            45800.5 us
   Avg latency per access:          0.00200013 us

********************************************************************************
system.body.body_top.llvm_interface
Total Area: 33744.7
Total Power Static: 0.958569

Total Power Dynamic: 4.74925
   ========= Performance Analysis =============
   Setup Time:                      0h 0m 0s 7ms 235us
   Simulation Time (Total):         0h 2m 33s 700ms
   Simulation Time (Active):        0h 0m 0s 55ms
        Queue Processing Time:      0h 0m 0s 41ms
             Scheduling Time:       0h 0m 0s 17ms
             Computation Time:      0h 0m 0s 4ms
   System Clock:                    0.1GHz
   Runtime:                         172389 cycles
   Runtime:                         1723.89 us
   Stalls:                          0 cycles
   Executed Nodes:                  172388 cycles

   ========= Kernel Validation Stats ==========
   Kernel validation enabled:       NO
   Configured latency per check:    0 us

   --- Access Breakdown ---
   Total memory accesses (validated): 0
   Cache hits (0 latency):          0
   Validation requests (full lat):  0
   Coalesced waits (partial lat):   0
   Validations denied:              0

   --- Latency Breakdown ---
   Validation request latency:      0 us
   Coalesced wait latency:          0 us
   TOTAL SECURITY OVERHEAD:         0 us
   Avg latency per validation:      0 us
   Avg latency per coalesced wait:  0 us
   Avg overhead per blocked access: 0 us

   --- Cache Statistics ---
   Processes with cached pages:     0
   Unique pages validated (total):  0
   Cache hit rate:                  0%

   ========= IOMMU Stats =====================
   IOMMU enabled:                   YES
   IOMMU SimObject:                 system.body.iommu

   --- Access Breakdown ---
   Total IOMMU checks:              22898750
   IOTLB hits:                      22898738
   IOTLB misses (page walks):       12
   IOTLB hit rate:                  99.9999%

   --- Latency Breakdown ---
   TOTAL IOMMU OVERHEAD:            45800.5 us
   Avg latency per access:          0.00200013 us

********************************************************************************
system.body.body_residual.llvm_interface
Total Area: 5383.29
Total Power Static: 6.16866

Total Power Dynamic: 24.6726
   ========= Performance Analysis =============
   Setup Time:                      0h 0m 0s 0ms 399us
   Simulation Time (Total):         0h 1m 59s 693ms
   Simulation Time (Active):        0h 0m 0s 27ms
        Queue Processing Time:      0h 0m 0s 19ms
             Scheduling Time:       0h 0m 0s 8ms
             Computation Time:      0h 0m 0s 1ms
   System Clock:                    0.1GHz
   Runtime:                         121276 cycles
   Runtime:                         1212.76 us
   Stalls:                          0 cycles
   Executed Nodes:                  121275 cycles

   ========= Kernel Validation Stats ==========
   Kernel validation enabled:       NO
   Configured latency per check:    0 us

   --- Access Breakdown ---
   Total memory accesses (validated): 0
   Cache hits (0 latency):          0
   Validation requests (full lat):  0
   Coalesced waits (partial lat):   0
   Validations denied:              0

   --- Latency Breakdown ---
   Validation request latency:      0 us
   Coalesced wait latency:          0 us
   TOTAL SECURITY OVERHEAD:         0 us
   Avg latency per validation:      0 us
   Avg latency per coalesced wait:  0 us
   Avg overhead per blocked access: 0 us

   --- Cache Statistics ---
   Processes with cached pages:     0
   Unique pages validated (total):  0
   Cache hit rate:                  0%

   ========= IOMMU Stats =====================
   IOMMU enabled:                   YES
   IOMMU SimObject:                 system.body.iommu

   --- Access Breakdown ---
   Total IOMMU checks:              23479659
   IOTLB hits:                      23479646
   IOTLB misses (page walks):       13
   IOTLB hit rate:                  99.9999%

   --- Latency Breakdown ---
   TOTAL IOMMU OVERHEAD:            46962.5 us
   Avg latency per access:          0.00200014 us

********************************************************************************
system.body.body_pwconv0.llvm_interface
Total Area: 120378
Total Power Static: 692.817

Total Power Dynamic: 16913.1
   ========= Performance Analysis =============
   Setup Time:                      0h 0m 0s 0ms 760us
   Simulation Time (Total):         0h 2m 27s 786ms
   Simulation Time (Active):        0h 0m 7s 761ms
        Queue Processing Time:      0h 0m 7s 753ms
             Scheduling Time:       0h 0m 4s 402ms
             Computation Time:      0h 0m 0s 112ms
   System Clock:                    0.1GHz
   Runtime:                         149647 cycles
   Runtime:                         1496.47 us
   Stalls:                          0 cycles
   Executed Nodes:                  149646 cycles

   ========= Kernel Validation Stats ==========
   Kernel validation enabled:       NO
   Configured latency per check:    0 us

   --- Access Breakdown ---
   Total memory accesses (validated): 0
   Cache hits (0 latency):          0
   Validation requests (full lat):  0
   Coalesced waits (partial lat):   0
   Validations denied:              0

   --- Latency Breakdown ---
   Validation request latency:      0 us
   Coalesced wait latency:          0 us
   TOTAL SECURITY OVERHEAD:         0 us
   Avg latency per validation:      0 us
   Avg latency per coalesced wait:  0 us
   Avg overhead per blocked access: 0 us

   --- Cache Statistics ---
   Processes with cached pages:     0
   Unique pages validated (total):  0
   Cache hit rate:                  0%

   ========= IOMMU Stats =====================
   IOMMU enabled:                   YES
   IOMMU SimObject:                 system.body.iommu

   --- Access Breakdown ---
   Total IOMMU checks:              23617043
   IOTLB hits:                      23617030
   IOTLB misses (page walks):       13
   IOTLB hit rate:                  99.9999%

   --- Latency Breakdown ---
   TOTAL IOMMU OVERHEAD:            47237.3 us
   Avg latency per access:          0.00200014 us

********************************************************************************
system.body.body_dwconv.llvm_interface
Total Area: 1.29609e+06
Total Power Static: 10000

Total Power Dynamic: 113736
   ========= Performance Analysis =============
   Setup Time:                      0h 0m 0s 9ms 587us
   Simulation Time (Total):         0h 2m 57s 950ms
   Simulation Time (Active):        0h 1m 0s 569ms
        Queue Processing Time:      0h 1m 0s 563ms
             Scheduling Time:       0h 0m 55s 584ms
             Computation Time:      0h 0m 0s 634ms
   System Clock:                    0.1GHz
   Runtime:                         180855 cycles
   Runtime:                         1808.55 us
   Stalls:                          0 cycles
   Executed Nodes:                  180854 cycles

   ========= Kernel Validation Stats ==========
   Kernel validation enabled:       NO
   Configured latency per check:    0 us

   --- Access Breakdown ---
   Total memory accesses (validated): 0
   Cache hits (0 latency):          0
   Validation requests (full lat):  0
   Coalesced waits (partial lat):   0
   Validations denied:              0

   --- Latency Breakdown ---
   Validation request latency:      0 us
   Coalesced wait latency:          0 us
   TOTAL SECURITY OVERHEAD:         0 us
   Avg latency per validation:      0 us
   Avg latency per coalesced wait:  0 us
   Avg overhead per blocked access: 0 us

   --- Cache Statistics ---
   Processes with cached pages:     0
   Unique pages validated (total):  0
   Cache hit rate:                  0%

   ========= IOMMU Stats =====================
   IOMMU enabled:                   YES
   IOMMU SimObject:                 system.body.iommu

   --- Access Breakdown ---
   Total IOMMU checks:              23763275
   IOTLB hits:                      23763262
   IOTLB misses (page walks):       13
   IOTLB hit rate:                  99.9999%

   --- Latency Breakdown ---
   TOTAL IOMMU OVERHEAD:            47529.8 us
   Avg latency per access:          0.00200014 us

********************************************************************************
system.body.body_pwconv1.llvm_interface
Total Area: 7.49685e+06
Total Power Static: 46184.6

Total Power Dynamic: 456743
   ========= Performance Analysis =============
   Setup Time:                      0h 0m 0s 134ms 958us
   Simulation Time (Total):         0h 2m 57s 843ms
   Simulation Time (Active):        0h 1m 39s 644ms
        Queue Processing Time:      0h 1m 39s 638ms
             Scheduling Time:       0h 1m 29s 345ms
             Computation Time:      0h 0m 2s 682ms
   System Clock:                    0.1GHz
   Runtime:                         182949 cycles
   Runtime:                         1829.49 us
   Stalls:                          0 cycles
   Executed Nodes:                  182948 cycles

   ========= Kernel Validation Stats ==========
   Kernel validation enabled:       NO
   Configured latency per check:    0 us

   --- Access Breakdown ---
   Total memory accesses (validated): 0
   Cache hits (0 latency):          0
   Validation requests (full lat):  0
   Coalesced waits (partial lat):   0
   Validations denied:              0

   --- Latency Breakdown ---
   Validation request latency:      0 us
   Coalesced wait latency:          0 us
   TOTAL SECURITY OVERHEAD:         0 us
   Avg latency per validation:      0 us
   Avg latency per coalesced wait:  0 us
   Avg overhead per blocked access: 0 us

   --- Cache Statistics ---
   Processes with cached pages:     0
   Unique pages validated (total):  0
   Cache hit rate:                  0%

   ========= IOMMU Stats =====================
   IOMMU enabled:                   YES
   IOMMU SimObject:                 system.body.iommu

   --- Access Breakdown ---
   Total IOMMU checks:              23764513
   IOTLB hits:                      23764500
   IOTLB misses (page walks):       13
   IOTLB hit rate:                  99.9999%

   --- Latency Breakdown ---
   TOTAL IOMMU OVERHEAD:            47532.2 us
   Avg latency per access:          0.00200014 us

********************************************************************************
system.body.body_top.llvm_interface
Total Area: 37494.1
Total Power Static: 0.958569

Total Power Dynamic: 4.74925
   ========= Performance Analysis =============
   Setup Time:                      0h 0m 0s 7ms 355us
   Simulation Time (Total):         0h 2m 58s 423ms
   Simulation Time (Active):        0h 0m 0s 59ms
        Queue Processing Time:      0h 0m 0s 44ms
             Scheduling Time:       0h 0m 0s 17ms
             Computation Time:      0h 0m 0s 4ms
   System Clock:                    0.1GHz
   Runtime:                         201437 cycles
   Runtime:                         2014.37 us
   Stalls:                          0 cycles
   Executed Nodes:                  201436 cycles

   ========= Kernel Validation Stats ==========
   Kernel validation enabled:       NO
   Configured latency per check:    0 us

   --- Access Breakdown ---
   Total memory accesses (validated): 0
   Cache hits (0 latency):          0
   Validation requests (full lat):  0
   Coalesced waits (partial lat):   0
   Validations denied:              0

   --- Latency Breakdown ---
   Validation request latency:      0 us
   Coalesced wait latency:          0 us
   TOTAL SECURITY OVERHEAD:         0 us
   Avg latency per validation:      0 us
   Avg latency per coalesced wait:  0 us
   Avg overhead per blocked access: 0 us

   --- Cache Statistics ---
   Processes with cached pages:     0
   Unique pages validated (total):  0
   Cache hit rate:                  0%

   ========= IOMMU Stats =====================
   IOMMU enabled:                   YES
   IOMMU SimObject:                 system.body.iommu

   --- Access Breakdown ---
   Total IOMMU checks:              23764515
   IOTLB hits:                      23764502
   IOTLB misses (page walks):       13
   IOTLB hit rate:                  99.9999%

   --- Latency Breakdown ---
   TOTAL IOMMU OVERHEAD:            47532.3 us
   Avg latency per access:          0.00200014 us

********************************************************************************
system.body.body_residual.llvm_interface
Total Area: 5921.62
Total Power Static: 5.48299

Total Power Dynamic: 16.4484
   ========= Performance Analysis =============
   Setup Time:                      0h 0m 0s 0ms 396us
   Simulation Time (Total):         0h 2m 19s 186ms
   Simulation Time (Active):        0h 0m 0s 30ms
        Queue Processing Time:      0h 0m 0s 21ms
             Scheduling Time:       0h 0m 0s 8ms
             Computation Time:      0h 0m 0s 0ms
   System Clock:                    0.1GHz
   Runtime:                         136683 cycles
   Runtime:                         1366.83 us
   Stalls:                          0 cycles
   Executed Nodes:                  136682 cycles

   ========= Kernel Validation Stats ==========
   Kernel validation enabled:       NO
   Configured latency per check:    0 us

   --- Access Breakdown ---
   Total memory accesses (validated): 0
   Cache hits (0 latency):          0
   Validation requests (full lat):  0
   Coalesced waits (partial lat):   0
   Validations denied:              0

   --- Latency Breakdown ---
   Validation request latency:      0 us
   Coalesced wait latency:          0 us
   TOTAL SECURITY OVERHEAD:         0 us
   Avg latency per validation:      0 us
   Avg latency per coalesced wait:  0 us
   Avg overhead per blocked access: 0 us

   --- Cache Statistics ---
   Processes with cached pages:     0
   Unique pages validated (total):  0
   Cache hit rate:                  0%

   ========= IOMMU Stats =====================
   IOMMU enabled:                   YES
   IOMMU SimObject:                 system.body.iommu

   --- Access Breakdown ---
   Total IOMMU checks:              24417659
   IOTLB hits:                      24417646
   IOTLB misses (page walks):       13
   IOTLB hit rate:                  99.9999%

   --- Latency Breakdown ---
   TOTAL IOMMU OVERHEAD:            48838.5 us
   Avg latency per access:          0.00200013 us

********************************************************************************
system.body.body_pwconv0.llvm_interface
Total Area: 132416
Total Power Static: 918.962

Total Power Dynamic: 22508.7
   ========= Performance Analysis =============
   Setup Time:                      0h 0m 0s 0ms 756us
   Simulation Time (Total):         0h 2m 49s 948ms
   Simulation Time (Active):        0h 0m 10s 551ms
        Queue Processing Time:      0h 0m 10s 543ms
             Scheduling Time:       0h 0m 6s 13ms
             Computation Time:      0h 0m 0s 152ms
   System Clock:                    0.1GHz
   Runtime:                         166317 cycles
   Runtime:                         1663.17 us
   Stalls:                          0 cycles
   Executed Nodes:                  166316 cycles

   ========= Kernel Validation Stats ==========
   Kernel validation enabled:       NO
   Configured latency per check:    0 us

   --- Access Breakdown ---
   Total memory accesses (validated): 0
   Cache hits (0 latency):          0
   Validation requests (full lat):  0
   Coalesced waits (partial lat):   0
   Validations denied:              0

   --- Latency Breakdown ---
   Validation request latency:      0 us
   Coalesced wait latency:          0 us
   TOTAL SECURITY OVERHEAD:         0 us
   Avg latency per validation:      0 us
   Avg latency per coalesced wait:  0 us
   Avg overhead per blocked access: 0 us

   --- Cache Statistics ---
   Processes with cached pages:     0
   Unique pages validated (total):  0
   Cache hit rate:                  0%

   ========= IOMMU Stats =====================
   IOMMU enabled:                   YES
   IOMMU SimObject:                 system.body.iommu

   --- Access Breakdown ---
   Total IOMMU checks:              24562522
   IOTLB hits:                      24562509
   IOTLB misses (page walks):       13
   IOTLB hit rate:                  99.9999%

   --- Latency Breakdown ---
   TOTAL IOMMU OVERHEAD:            49128.3 us
   Avg latency per access:          0.00200013 us

********************************************************************************
system.body.body_dwconv.llvm_interface
Total Area: 1.4257e+06
Total Power Static: 13333.2

Total Power Dynamic: 151645
   ========= Performance Analysis =============
   Setup Time:                      0h 0m 0s 8ms 746us
   Simulation Time (Total):         0h 3m 24s 426ms
   Simulation Time (Active):        0h 1m 21s 185ms
        Queue Processing Time:      0h 1m 21s 176ms
             Scheduling Time:       0h 1m 14s 847ms
             Computation Time:      0h 0m 0s 855ms
   System Clock:                    0.1GHz
   Runtime:                         201299 cycles
   Runtime:                         2012.99 us
   Stalls:                          0 cycles
   Executed Nodes:                  201298 cycles

   ========= Kernel Validation Stats ==========
   Kernel validation enabled:       NO
   Configured latency per check:    0 us

   --- Access Breakdown ---
   Total memory accesses (validated): 0
   Cache hits (0 latency):          0
   Validation requests (full lat):  0
   Coalesced waits (partial lat):   0
   Validations denied:              0

   --- Latency Breakdown ---
   Validation request latency:      0 us
   Coalesced wait latency:          0 us
   TOTAL SECURITY OVERHEAD:         0 us
   Avg latency per validation:      0 us
   Avg latency per coalesced wait:  0 us
   Avg overhead per blocked access: 0 us

   --- Cache Statistics ---
   Processes with cached pages:     0
   Unique pages validated (total):  0
   Cache hit rate:                  0%

   ========= IOMMU Stats =====================
   IOMMU enabled:                   YES
   IOMMU SimObject:                 system.body.iommu

   --- Access Breakdown ---
   Total IOMMU checks:              24723835
   IOTLB hits:                      24723822
   IOTLB misses (page walks):       13
   IOTLB hit rate:                  99.9999%

   --- Latency Breakdown ---
   TOTAL IOMMU OVERHEAD:            49450.9 us
   Avg latency per access:          0.00200013 us

********************************************************************************
system.body.body_pwconv1.llvm_interface
Total Area: 8.24653e+06
Total Power Static: 46184.6

Total Power Dynamic: 456743
   ========= Performance Analysis =============
   Setup Time:                      0h 0m 0s 130ms 771us
   Simulation Time (Total):         0h 3m 24s 301ms
   Simulation Time (Active):        0h 1m 41s 798ms
        Queue Processing Time:      0h 1m 41s 790ms
             Scheduling Time:       0h 1m 31s 3ms
             Computation Time:      0h 0m 2s 712ms
   System Clock:                    0.1GHz
   Runtime:                         201988 cycles
   Runtime:                         2019.88 us
   Stalls:                          0 cycles
   Executed Nodes:                  201987 cycles

   ========= Kernel Validation Stats ==========
   Kernel validation enabled:       NO
   Configured latency per check:    0 us

   --- Access Breakdown ---
   Total memory accesses (validated): 0
   Cache hits (0 latency):          0
   Validation requests (full lat):  0
   Coalesced waits (partial lat):   0
   Validations denied:              0

   --- Latency Breakdown ---
   Validation request latency:      0 us
   Coalesced wait latency:          0 us
   TOTAL SECURITY OVERHEAD:         0 us
   Avg latency per validation:      0 us
   Avg latency per coalesced wait:  0 us
   Avg overhead per blocked access: 0 us

   --- Cache Statistics ---
   Processes with cached pages:     0
   Unique pages validated (total):  0
   Cache hit rate:                  0%

   ========= IOMMU Stats =====================
   IOMMU enabled:                   YES
   IOMMU SimObject:                 system.body.iommu

   --- Access Breakdown ---
   Total IOMMU checks:              24724596
   IOTLB hits:                      24724583
   IOTLB misses (page walks):       13
   IOTLB hit rate:                  99.9999%

   --- Latency Breakdown ---
   TOTAL IOMMU OVERHEAD:            49452.4 us
   Avg latency per access:          0.00200013 us

********************************************************************************
system.body.body_top.llvm_interface
Total Area: 41243.6
Total Power Static: 0.957346

Total Power Dynamic: 4.74324
   ========= Performance Analysis =============
   Setup Time:                      0h 0m 0s 7ms 386us
   Simulation Time (Total):         0h 3m 24s 854ms
   Simulation Time (Active):        0h 0m 0s 70ms
        Queue Processing Time:      0h 0m 0s 53ms
             Scheduling Time:       0h 0m 0s 21ms
             Computation Time:      0h 0m 0s 5ms
   System Clock:                    0.1GHz
   Runtime:                         220452 cycles
   Runtime:                         2204.52 us
   Stalls:                          0 cycles
   Executed Nodes:                  220451 cycles

   ========= Kernel Validation Stats ==========
   Kernel validation enabled:       NO
   Configured latency per check:    0 us

   --- Access Breakdown ---
   Total memory accesses (validated): 0
   Cache hits (0 latency):          0
   Validation requests (full lat):  0
   Coalesced waits (partial lat):   0
   Validations denied:              0

   --- Latency Breakdown ---
   Validation request latency:      0 us
   Coalesced wait latency:          0 us
   TOTAL SECURITY OVERHEAD:         0 us
   Avg latency per validation:      0 us
   Avg latency per coalesced wait:  0 us
   Avg overhead per blocked access: 0 us

   --- Cache Statistics ---
   Processes with cached pages:     0
   Unique pages validated (total):  0
   Cache hit rate:                  0%

   ========= IOMMU Stats =====================
   IOMMU enabled:                   YES
   IOMMU SimObject:                 system.body.iommu

   --- Access Breakdown ---
   Total IOMMU checks:              24724598
   IOTLB hits:                      24724585
   IOTLB misses (page walks):       13
   IOTLB hit rate:                  99.9999%

   --- Latency Breakdown ---
   TOTAL IOMMU OVERHEAD:            49452.4 us
   Avg latency per access:          0.00200013 us

********************************************************************************
system.body.body_residual.llvm_interface
Total Area: 6459.95
Total Power Static: 8.22567

Total Power Dynamic: 32.8969
   ========= Performance Analysis =============
   Setup Time:                      0h 0m 0s 0ms 382us
   Simulation Time (Total):         0h 2m 19s 42ms
   Simulation Time (Active):        0h 0m 0s 34ms
        Queue Processing Time:      0h 0m 0s 24ms
             Scheduling Time:       0h 0m 0s 10ms
             Computation Time:      0h 0m 0s 1ms
   System Clock:                    0.1GHz
   Runtime:                         137027 cycles
   Runtime:                         1370.27 us
   Stalls:                          0 cycles
   Executed Nodes:                  137026 cycles

   ========= Kernel Validation Stats ==========
   Kernel validation enabled:       NO
   Configured latency per check:    0 us

   --- Access Breakdown ---
   Total memory accesses (validated): 0
   Cache hits (0 latency):          0
   Validation requests (full lat):  0
   Coalesced waits (partial lat):   0
   Validations denied:              0

   --- Latency Breakdown ---
   Validation request latency:      0 us
   Coalesced wait latency:          0 us
   TOTAL SECURITY OVERHEAD:         0 us
   Avg latency per validation:      0 us
   Avg latency per coalesced wait:  0 us
   Avg overhead per blocked access: 0 us

   --- Cache Statistics ---
   Processes with cached pages:     0
   Unique pages validated (total):  0
   Cache hit rate:                  0%

   ========= IOMMU Stats =====================
   IOMMU enabled:                   YES
   IOMMU SimObject:                 system.body.iommu

   --- Access Breakdown ---
   Total IOMMU checks:              25378921
   IOTLB hits:                      25378908
   IOTLB misses (page walks):       13
   IOTLB hit rate:                  99.9999%

   --- Latency Breakdown ---
   TOTAL IOMMU OVERHEAD:            50761.1 us
   Avg latency per access:          0.00200013 us

********************************************************************************
system.body.body_pwconv0.llvm_interface
Total Area: 144454
Total Power Static: 918.962

Total Power Dynamic: 22508.7
   ========= Performance Analysis =============
   Setup Time:                      0h 0m 0s 0ms 755us
   Simulation Time (Total):         0h 2m 49s 308ms
   Simulation Time (Active):        0h 0m 10s 561ms
        Queue Processing Time:      0h 0m 10s 553ms
             Scheduling Time:       0h 0m 5s 968ms
             Computation Time:      0h 0m 0s 152ms
   System Clock:                    0.1GHz
   Runtime:                         166661 cycles
   Runtime:                         1666.61 us
   Stalls:                          0 cycles
   Executed Nodes:                  166660 cycles

   ========= Kernel Validation Stats ==========
   Kernel validation enabled:       NO
   Configured latency per check:    0 us

   --- Access Breakdown ---
   Total memory accesses (validated): 0
   Cache hits (0 latency):          0
   Validation requests (full lat):  0
   Coalesced waits (partial lat):   0
   Validations denied:              0

   --- Latency Breakdown ---
   Validation request latency:      0 us
   Coalesced wait latency:          0 us
   TOTAL SECURITY OVERHEAD:         0 us
   Avg latency per validation:      0 us
   Avg latency per coalesced wait:  0 us
   Avg overhead per blocked access: 0 us

   --- Cache Statistics ---
   Processes with cached pages:     0
   Unique pages validated (total):  0
   Cache hit rate:                  0%

   ========= IOMMU Stats =====================
   IOMMU enabled:                   YES
   IOMMU SimObject:                 system.body.iommu

   --- Access Breakdown ---
   Total IOMMU checks:              25523784
   IOTLB hits:                      25523771
   IOTLB misses (page walks):       13
   IOTLB hit rate:                  99.9999%

   --- Latency Breakdown ---
   TOTAL IOMMU OVERHEAD:            51050.8 us
   Avg latency per access:          0.00200013 us

********************************************************************************
system.body.body_dwconv.llvm_interface
Total Area: 1.55531e+06
Total Power Static: 13333.2

Total Power Dynamic: 151645
   ========= Performance Analysis =============
   Setup Time:                      0h 0m 0s 8ms 575us
   Simulation Time (Total):         0h 3m 23s 374ms
   Simulation Time (Active):        0h 1m 21s 6ms
        Queue Processing Time:      0h 1m 20s 997ms
             Scheduling Time:       0h 1m 14s 692ms
             Computation Time:      0h 0m 0s 857ms
   System Clock:                    0.1GHz
   Runtime:                         201643 cycles
   Runtime:                         2016.43 us
   Stalls:                          0 cycles
   Executed Nodes:                  201642 cycles

   ========= Kernel Validation Stats ==========
   Kernel validation enabled:       NO
   Configured latency per check:    0 us

   --- Access Breakdown ---
   Total memory accesses (validated): 0
   Cache hits (0 latency):          0
   Validation requests (full lat):  0
   Coalesced waits (partial lat):   0
   Validations denied:              0

   --- Latency Breakdown ---
   Validation request latency:      0 us
   Coalesced wait latency:          0 us
   TOTAL SECURITY OVERHEAD:         0 us
   Avg latency per validation:      0 us
   Avg latency per coalesced wait:  0 us
   Avg overhead per blocked access: 0 us

   --- Cache Statistics ---
   Processes with cached pages:     0
   Unique pages validated (total):  0
   Cache hit rate:                  0%

   ========= IOMMU Stats =====================
   IOMMU enabled:                   YES
   IOMMU SimObject:                 system.body.iommu

   --- Access Breakdown ---
   Total IOMMU checks:              25685097
   IOTLB hits:                      25685084
   IOTLB misses (page walks):       13
   IOTLB hit rate:                  99.9999%

   --- Latency Breakdown ---
   TOTAL IOMMU OVERHEAD:            51373.4 us
   Avg latency per access:          0.00200013 us

********************************************************************************
system.body.body_pwconv1.llvm_interface
Total Area: 8.99621e+06
Total Power Static: 46184.6

Total Power Dynamic: 456743
   ========= Performance Analysis =============
   Setup Time:                      0h 0m 0s 130ms 260us
   Simulation Time (Total):         0h 3m 23s 250ms
   Simulation Time (Active):        0h 1m 40s 881ms
        Queue Processing Time:      0h 1m 40s 875ms
             Scheduling Time:       0h 1m 30s 158ms
             Computation Time:      0h 0m 2s 693ms
   System Clock:                    0.1GHz
   Runtime:                         202332 cycles
   Runtime:                         2023.32 us
   Stalls:                          0 cycles
   Executed Nodes:                  202331 cycles

   ========= Kernel Validation Stats ==========
   Kernel validation enabled:       NO
   Configured latency per check:    0 us

   --- Access Breakdown ---
   Total memory accesses (validated): 0
   Cache hits (0 latency):          0
   Validation requests (full lat):  0
   Coalesced waits (partial lat):   0
   Validations denied:              0

   --- Latency Breakdown ---
   Validation request latency:      0 us
   Coalesced wait latency:          0 us
   TOTAL SECURITY OVERHEAD:         0 us
   Avg latency per validation:      0 us
   Avg latency per coalesced wait:  0 us
   Avg overhead per blocked access: 0 us

   --- Cache Statistics ---
   Processes with cached pages:     0
   Unique pages validated (total):  0
   Cache hit rate:                  0%

   ========= IOMMU Stats =====================
   IOMMU enabled:                   YES
   IOMMU SimObject:                 system.body.iommu

   --- Access Breakdown ---
   Total IOMMU checks:              25685858
   IOTLB hits:                      25685845
   IOTLB misses (page walks):       13
   IOTLB hit rate:                  99.9999%

   --- Latency Breakdown ---
   TOTAL IOMMU OVERHEAD:            51374.9 us
   Avg latency per access:          0.00200013 us

********************************************************************************
system.body.body_top.llvm_interface
Total Area: 44993
Total Power Static: 0.960402

Total Power Dynamic: 4.75826
   ========= Performance Analysis =============
   Setup Time:                      0h 0m 0s 7ms 201us
   Simulation Time (Total):         0h 3m 23s 821ms
   Simulation Time (Active):        0h 0m 0s 71ms
        Queue Processing Time:      0h 0m 0s 53ms
             Scheduling Time:       0h 0m 0s 22ms
             Computation Time:      0h 0m 0s 5ms
   System Clock:                    0.1GHz
   Runtime:                         220854 cycles
   Runtime:                         2208.54 us
   Stalls:                          0 cycles
   Executed Nodes:                  220853 cycles

   ========= Kernel Validation Stats ==========
   Kernel validation enabled:       NO
   Configured latency per check:    0 us

   --- Access Breakdown ---
   Total memory accesses (validated): 0
   Cache hits (0 latency):          0
   Validation requests (full lat):  0
   Coalesced waits (partial lat):   0
   Validations denied:              0

   --- Latency Breakdown ---
   Validation request latency:      0 us
   Coalesced wait latency:          0 us
   TOTAL SECURITY OVERHEAD:         0 us
   Avg latency per validation:      0 us
   Avg latency per coalesced wait:  0 us
   Avg overhead per blocked access: 0 us

   --- Cache Statistics ---
   Processes with cached pages:     0
   Unique pages validated (total):  0
   Cache hit rate:                  0%

   ========= IOMMU Stats =====================
   IOMMU enabled:                   YES
   IOMMU SimObject:                 system.body.iommu

   --- Access Breakdown ---
   Total IOMMU checks:              25685860
   IOTLB hits:                      25685847
   IOTLB misses (page walks):       13
   IOTLB hit rate:                  99.9999%

   --- Latency Breakdown ---
   TOTAL IOMMU OVERHEAD:            51374.9 us
   Avg latency per access:          0.00200013 us

********************************************************************************
system.body.body_residual.llvm_interface
Total Area: 6998.28
Total Power Static: 8.22567

Total Power Dynamic: 32.8969
   ========= Performance Analysis =============
   Setup Time:                      0h 0m 0s 0ms 388us
   Simulation Time (Total):         0h 1m 34s 615ms
   Simulation Time (Active):        0h 0m 0s 26ms
        Queue Processing Time:      0h 0m 0s 19ms
             Scheduling Time:       0h 0m 0s 9ms
             Computation Time:      0h 0m 0s 1ms
   System Clock:                    0.1GHz
   Runtime:                         89812 cycles
   Runtime:                         898.12 us
   Stalls:                          0 cycles
   Executed Nodes:                  89811 cycles

   ========= Kernel Validation Stats ==========
   Kernel validation enabled:       NO
   Configured latency per check:    0 us

   --- Access Breakdown ---
   Total memory accesses (validated): 0
   Cache hits (0 latency):          0
   Validation requests (full lat):  0
   Coalesced waits (partial lat):   0
   Validations denied:              0

   --- Latency Breakdown ---
   Validation request latency:      0 us
   Coalesced wait latency:          0 us
   TOTAL SECURITY OVERHEAD:         0 us
   Avg latency per validation:      0 us
   Avg latency per coalesced wait:  0 us
   Avg overhead per blocked access: 0 us

   --- Cache Statistics ---
   Processes with cached pages:     0
   Unique pages validated (total):  0
   Cache hit rate:                  0%

   ========= IOMMU Stats =====================
   IOMMU enabled:                   YES
   IOMMU SimObject:                 system.body.iommu

   --- Access Breakdown ---
   Total IOMMU checks:              26112965
   IOTLB hits:                      26112950
   IOTLB misses (page walks):       15
   IOTLB hit rate:                  99.9999%

   --- Latency Breakdown ---
   TOTAL IOMMU OVERHEAD:            52229.6 us
   Avg latency per access:          0.00200014 us

********************************************************************************
system.body.body_pwconv0.llvm_interface
Total Area: 156491
Total Power Static: 918.962

Total Power Dynamic: 22508.7
   ========= Performance Analysis =============
   Setup Time:                      0h 0m 0s 0ms 768us
   Simulation Time (Total):         0h 2m 2s 672ms
   Simulation Time (Active):        0h 0m 9s 826ms
        Queue Processing Time:      0h 0m 9s 818ms
             Scheduling Time:       0h 0m 5s 703ms
             Computation Time:      0h 0m 0s 150ms
   System Clock:                    0.1GHz
   Runtime:                         116075 cycles
   Runtime:                         1160.75 us
   Stalls:                          0 cycles
   Executed Nodes:                  116074 cycles

   ========= Kernel Validation Stats ==========
   Kernel validation enabled:       NO
   Configured latency per check:    0 us

   --- Access Breakdown ---
   Total memory accesses (validated): 0
   Cache hits (0 latency):          0
   Validation requests (full lat):  0
   Coalesced waits (partial lat):   0
   Validations denied:              0

   --- Latency Breakdown ---
   Validation request latency:      0 us
   Coalesced wait latency:          0 us
   TOTAL SECURITY OVERHEAD:         0 us
   Avg latency per validation:      0 us
   Avg latency per coalesced wait:  0 us
   Avg overhead per blocked access: 0 us

   --- Cache Statistics ---
   Processes with cached pages:     0
   Unique pages validated (total):  0
   Cache hit rate:                  0%

   ========= IOMMU Stats =====================
   IOMMU enabled:                   YES
   IOMMU SimObject:                 system.body.iommu

   --- Access Breakdown ---
   Total IOMMU checks:              26243329
   IOTLB hits:                      26243314
   IOTLB misses (page walks):       15
   IOTLB hit rate:                  99.9999%

   --- Latency Breakdown ---
   TOTAL IOMMU OVERHEAD:            52490.4 us
   Avg latency per access:          0.00200014 us

********************************************************************************
system.body.body_pwconv1.llvm_interface
Total Area: 9.7459e+06
Total Power Static: 20189.6

Total Power Dynamic: 199684
   ========= Performance Analysis =============
   Setup Time:                      0h 0m 0s 131ms 382us
   Simulation Time (Total):         0h 2m 5s 714ms
   Simulation Time (Active):        0h 0m 43s 331ms
        Queue Processing Time:      0h 0m 43s 327ms
             Scheduling Time:       0h 0m 38s 868ms
             Computation Time:      0h 0m 1s 175ms
   System Clock:                    0.1GHz
   Runtime:                         118957 cycles
   Runtime:                         1189.57 us
   Stalls:                          0 cycles
   Executed Nodes:                  118956 cycles

   ========= Kernel Validation Stats ==========
   Kernel validation enabled:       NO
   Configured latency per check:    0 us

   --- Access Breakdown ---
   Total memory accesses (validated): 0
   Cache hits (0 latency):          0
   Validation requests (full lat):  0
   Coalesced waits (partial lat):   0
   Validations denied:              0

   --- Latency Breakdown ---
   Validation request latency:      0 us
   Coalesced wait latency:          0 us
   TOTAL SECURITY OVERHEAD:         0 us
   Avg latency per validation:      0 us
   Avg latency per coalesced wait:  0 us
   Avg overhead per blocked access: 0 us

   --- Cache Statistics ---
   Processes with cached pages:     0
   Unique pages validated (total):  0
   Cache hit rate:                  0%

   ========= IOMMU Stats =====================
   IOMMU enabled:                   YES
   IOMMU SimObject:                 system.body.iommu

   --- Access Breakdown ---
   Total IOMMU checks:              26255986
   IOTLB hits:                      26255971
   IOTLB misses (page walks):       15
   IOTLB hit rate:                  99.9999%

   --- Latency Breakdown ---
   TOTAL IOMMU OVERHEAD:            52515.7 us
   Avg latency per access:          0.00200014 us

********************************************************************************
system.body.body_dwconv.llvm_interface
Total Area: 1.68492e+06
Total Power Static: 13321

Total Power Dynamic: 151645
   ========= Performance Analysis =============
   Setup Time:                      0h 0m 0s 8ms 629us
   Simulation Time (Total):         0h 2m 18s 694ms
   Simulation Time (Active):        0h 1m 18s 889ms
        Queue Processing Time:      0h 1m 18s 880ms
             Scheduling Time:       0h 1m 13s 272ms
             Computation Time:      0h 0m 0s 851ms
   System Clock:                    0.1GHz
   Runtime:                         130513 cycles
   Runtime:                         1305.13 us
   Stalls:                          0 cycles
   Executed Nodes:                  130512 cycles

   ========= Kernel Validation Stats ==========
   Kernel validation enabled:       NO
   Configured latency per check:    0 us

   --- Access Breakdown ---
   Total memory accesses (validated): 0
   Cache hits (0 latency):          0
   Validation requests (full lat):  0
   Coalesced waits (partial lat):   0
   Validations denied:              0

   --- Latency Breakdown ---
   Validation request latency:      0 us
   Coalesced wait latency:          0 us
   TOTAL SECURITY OVERHEAD:         0 us
   Avg latency per validation:      0 us
   Avg latency per coalesced wait:  0 us
   Avg overhead per blocked access: 0 us

   --- Cache Statistics ---
   Processes with cached pages:     0
   Unique pages validated (total):  0
   Cache hit rate:                  0%

   ========= IOMMU Stats =====================
   IOMMU enabled:                   YES
   IOMMU SimObject:                 system.body.iommu

   --- Access Breakdown ---
   Total IOMMU checks:              26304602
   IOTLB hits:                      26304587
   IOTLB misses (page walks):       15
   IOTLB hit rate:                  99.9999%

   --- Latency Breakdown ---
   TOTAL IOMMU OVERHEAD:            52612.9 us
   Avg latency per access:          0.00200014 us

********************************************************************************
system.body.body_top.llvm_interface
Total Area: 48742.4
Total Power Static: 0.961013

Total Power Dynamic: 4.76126
   ========= Performance Analysis =============
   Setup Time:                      0h 0m 0s 7ms 285us
   Simulation Time (Total):         0h 2m 19s 108ms
   Simulation Time (Active):        0h 0m 0s 53ms
        Queue Processing Time:      0h 0m 0s 41ms
             Scheduling Time:       0h 0m 0s 17ms
             Computation Time:      0h 0m 0s 4ms
   System Clock:                    0.1GHz
   Runtime:                         149043 cycles
   Runtime:                         1490.43 us
   Stalls:                          0 cycles
   Executed Nodes:                  149042 cycles

   ========= Kernel Validation Stats ==========
   Kernel validation enabled:       NO
   Configured latency per check:    0 us

   --- Access Breakdown ---
   Total memory accesses (validated): 0
   Cache hits (0 latency):          0
   Validation requests (full lat):  0
   Coalesced waits (partial lat):   0
   Validations denied:              0

   --- Latency Breakdown ---
   Validation request latency:      0 us
   Coalesced wait latency:          0 us
   TOTAL SECURITY OVERHEAD:         0 us
   Avg latency per validation:      0 us
   Avg latency per coalesced wait:  0 us
   Avg overhead per blocked access: 0 us

   --- Cache Statistics ---
   Processes with cached pages:     0
   Unique pages validated (total):  0
   Cache hit rate:                  0%

   ========= IOMMU Stats =====================
   IOMMU enabled:                   YES
   IOMMU SimObject:                 system.body.iommu

   --- Access Breakdown ---
   Total IOMMU checks:              26304605
   IOTLB hits:                      26304590
   IOTLB misses (page walks):       15
   IOTLB hit rate:                  99.9999%

   --- Latency Breakdown ---
   TOTAL IOMMU OVERHEAD:            52612.9 us
   Avg latency per access:          0.00200014 us

********************************************************************************
system.body.body_residual.llvm_interface
Total Area: 7536.61
Total Power Static: 2.39747

Total Power Dynamic: 7.19619
   ========= Performance Analysis =============
   Setup Time:                      0h 0m 0s 0ms 390us
   Simulation Time (Total):         0h 0m 23s 898ms
   Simulation Time (Active):        0h 0m 0s 7ms
        Queue Processing Time:      0h 0m 0s 5ms
             Scheduling Time:       0h 0m 0s 2ms
             Computation Time:      0h 0m 0s 0ms
   System Clock:                    0.1GHz
   Runtime:                         29544 cycles
   Runtime:                         295.44 us
   Stalls:                          0 cycles
   Executed Nodes:                  29543 cycles

   ========= Kernel Validation Stats ==========
   Kernel validation enabled:       NO
   Configured latency per check:    0 us

   --- Access Breakdown ---
   Total memory accesses (validated): 0
   Cache hits (0 latency):          0
   Validation requests (full lat):  0
   Coalesced waits (partial lat):   0
   Validations denied:              0

   --- Latency Breakdown ---
   Validation request latency:      0 us
   Coalesced wait latency:          0 us
   TOTAL SECURITY OVERHEAD:         0 us
   Avg latency per validation:      0 us
   Avg latency per coalesced wait:  0 us
   Avg overhead per blocked access: 0 us

   --- Cache Statistics ---
   Processes with cached pages:     0
   Unique pages validated (total):  0
   Cache hit rate:                  0%

   ========= IOMMU Stats =====================
   IOMMU enabled:                   YES
   IOMMU SimObject:                 system.body.iommu

   --- Access Breakdown ---
   Total IOMMU checks:              26434866
   IOTLB hits:                      26434851
   IOTLB misses (page walks):       15
   IOTLB hit rate:                  99.9999%

   --- Latency Breakdown ---
   TOTAL IOMMU OVERHEAD:            52873.5 us
   Avg latency per access:          0.00200014 us

********************************************************************************
system.body.body_pwconv0.llvm_interface
Total Area: 168529
Total Power Static: 399.351

Total Power Dynamic: 9823.92
   ========= Performance Analysis =============
   Setup Time:                      0h 0m 0s 0ms 739us
   Simulation Time (Total):         0h 0m 50s 432ms
   Simulation Time (Active):        0h 0m 3s 33ms
        Queue Processing Time:      0h 0m 3s 28ms
             Scheduling Time:       0h 0m 1s 761ms
             Computation Time:      0h 0m 0s 54ms
   System Clock:                    0.1GHz
   Runtime:                         55654 cycles
   Runtime:                         556.54 us
   Stalls:                          0 cycles
   Executed Nodes:                  55653 cycles

   ========= Kernel Validation Stats ==========
   Kernel validation enabled:       NO
   Configured latency per check:    0 us

   --- Access Breakdown ---
   Total memory accesses (validated): 0
   Cache hits (0 latency):          0
   Validation requests (full lat):  0
   Coalesced waits (partial lat):   0
   Validations denied:              0

   --- Latency Breakdown ---
   Validation request latency:      0 us
   Coalesced wait latency:          0 us
   TOTAL SECURITY OVERHEAD:         0 us
   Avg latency per validation:      0 us
   Avg latency per coalesced wait:  0 us
   Avg overhead per blocked access: 0 us

   --- Cache Statistics ---
   Processes with cached pages:     0
   Unique pages validated (total):  0
   Cache hit rate:                  0%

   ========= IOMMU Stats =====================
   IOMMU enabled:                   YES
   IOMMU SimObject:                 system.body.iommu

   --- Access Breakdown ---
   Total IOMMU checks:              26562491
   IOTLB hits:                      26562476
   IOTLB misses (page walks):       15
   IOTLB hit rate:                  99.9999%

   --- Latency Breakdown ---
   TOTAL IOMMU OVERHEAD:            53128.7 us
   Avg latency per access:          0.00200014 us

********************************************************************************
system.body.body_pwconv1.llvm_interface
Total Area: 1.04956e+07
Total Power Static: 20189.6

Total Power Dynamic: 199684
   ========= Performance Analysis =============
   Setup Time:                      0h 0m 0s 132ms 363us
   Simulation Time (Total):         0h 1m 22s 470ms
   Simulation Time (Active):        0h 0m 40s 545ms
        Queue Processing Time:      0h 0m 40s 542ms
             Scheduling Time:       0h 0m 36s 285ms
             Computation Time:      0h 0m 1s 117ms
   System Clock:                    0.1GHz
   Runtime:                         87370 cycles
   Runtime:                         873.7 us
   Stalls:                          0 cycles
   Executed Nodes:                  87369 cycles

   ========= Kernel Validation Stats ==========
   Kernel validation enabled:       NO
   Configured latency per check:    0 us

   --- Access Breakdown ---
   Total memory accesses (validated): 0
   Cache hits (0 latency):          0
   Validation requests (full lat):  0
   Coalesced waits (partial lat):   0
   Validations denied:              0

   --- Latency Breakdown ---
   Validation request latency:      0 us
   Coalesced wait latency:          0 us
   TOTAL SECURITY OVERHEAD:         0 us
   Avg latency per validation:      0 us
   Avg latency per coalesced wait:  0 us
   Avg overhead per blocked access: 0 us

   --- Cache Statistics ---
   Processes with cached pages:     0
   Unique pages validated (total):  0
   Cache hit rate:                  0%

   ========= IOMMU Stats =====================
   IOMMU enabled:                   YES
   IOMMU SimObject:                 system.body.iommu

   --- Access Breakdown ---
   Total IOMMU checks:              26711609
   IOTLB hits:                      26711594
   IOTLB misses (page walks):       15
   IOTLB hit rate:                  99.9999%

   --- Latency Breakdown ---
   TOTAL IOMMU OVERHEAD:            53426.9 us
   Avg latency per access:          0.00200014 us

********************************************************************************
system.body.body_dwconv.llvm_interface
Total Area: 1.81453e+06
Total Power Static: 5467.5

Total Power Dynamic: 63163.1
   ========= Performance Analysis =============
   Setup Time:                      0h 0m 0s 8ms 447us
   Simulation Time (Total):         0h 1m 22s 780ms
   Simulation Time (Active):        0h 0m 34s 736ms
        Queue Processing Time:      0h 0m 34s 731ms
             Scheduling Time:       0h 0m 31s 768ms
             Computation Time:      0h 0m 0s 342ms
   System Clock:                    0.1GHz
   Runtime:                         88467 cycles
   Runtime:                         884.67 us
   Stalls:                          0 cycles
   Executed Nodes:                  88466 cycles

   ========= Kernel Validation Stats ==========
   Kernel validation enabled:       NO
   Configured latency per check:    0 us

   --- Access Breakdown ---
   Total memory accesses (validated): 0
   Cache hits (0 latency):          0
   Validation requests (full lat):  0
   Coalesced waits (partial lat):   0
   Validations denied:              0

   --- Latency Breakdown ---
   Validation request latency:      0 us
   Coalesced wait latency:          0 us
   TOTAL SECURITY OVERHEAD:         0 us
   Avg latency per validation:      0 us
   Avg latency per coalesced wait:  0 us
   Avg overhead per blocked access: 0 us

   --- Cache Statistics ---
   Processes with cached pages:     0
   Unique pages validated (total):  0
   Cache hit rate:                  0%

   ========= IOMMU Stats =====================
   IOMMU enabled:                   YES
   IOMMU SimObject:                 system.body.iommu

   --- Access Breakdown ---
   Total IOMMU checks:              26715788
   IOTLB hits:                      26715773
   IOTLB misses (page walks):       15
   IOTLB hit rate:                  99.9999%

   --- Latency Breakdown ---
   TOTAL IOMMU OVERHEAD:            53435.3 us
   Avg latency per access:          0.00200014 us

********************************************************************************
system.body.body_top.llvm_interface
Total Area: 52491.8
Total Power Static: 0.959791

Total Power Dynamic: 4.75526
   ========= Performance Analysis =============
   Setup Time:                      0h 0m 0s 17ms 893us
   Simulation Time (Total):         0h 1m 23s 158ms
   Simulation Time (Active):        0h 0m 0s 33ms
        Queue Processing Time:      0h 0m 0s 25ms
             Scheduling Time:       0h 0m 0s 11ms
             Computation Time:      0h 0m 0s 2ms
   System Clock:                    0.1GHz
   Runtime:                         106973 cycles
   Runtime:                         1069.73 us
   Stalls:                          0 cycles
   Executed Nodes:                  106972 cycles

   ========= Kernel Validation Stats ==========
   Kernel validation enabled:       NO
   Configured latency per check:    0 us

   --- Access Breakdown ---
   Total memory accesses (validated): 0
   Cache hits (0 latency):          0
   Validation requests (full lat):  0
   Coalesced waits (partial lat):   0
   Validations denied:              0

   --- Latency Breakdown ---
   Validation request latency:      0 us
   Coalesced wait latency:          0 us
   TOTAL SECURITY OVERHEAD:         0 us
   Avg latency per validation:      0 us
   Avg latency per coalesced wait:  0 us
   Avg overhead per blocked access: 0 us

   --- Cache Statistics ---
   Processes with cached pages:     0
   Unique pages validated (total):  0
   Cache hit rate:                  0%

   ========= IOMMU Stats =====================
   IOMMU enabled:                   YES
   IOMMU SimObject:                 system.body.iommu

   --- Access Breakdown ---
   Total IOMMU checks:              26715791
   IOTLB hits:                      26715776
   IOTLB misses (page walks):       15
   IOTLB hit rate:                  99.9999%

   --- Latency Breakdown ---
   TOTAL IOMMU OVERHEAD:            53435.3 us
   Avg latency per access:          0.00200014 us

********************************************************************************
system.body.body_residual.llvm_interface
Total Area: 8074.94
Total Power Static: 3.59739

Total Power Dynamic: 14.3924
   ========= Performance Analysis =============
   Setup Time:                      0h 0m 0s 0ms 389us
   Simulation Time (Total):         0h 0m 24s 712ms
   Simulation Time (Active):        0h 0m 0s 8ms
        Queue Processing Time:      0h 0m 0s 6ms
             Scheduling Time:       0h 0m 0s 3ms
             Computation Time:      0h 0m 0s 0ms
   System Clock:                    0.1GHz
   Runtime:                         30349 cycles
   Runtime:                         303.49 us
   Stalls:                          0 cycles
   Executed Nodes:                  30348 cycles

   ========= Kernel Validation Stats ==========
   Kernel validation enabled:       NO
   Configured latency per check:    0 us

   --- Access Breakdown ---
   Total memory accesses (validated): 0
   Cache hits (0 latency):          0
   Validation requests (full lat):  0
   Coalesced waits (partial lat):   0
   Validations denied:              0

   --- Latency Breakdown ---
   Validation request latency:      0 us
   Coalesced wait latency:          0 us
   TOTAL SECURITY OVERHEAD:         0 us
   Avg latency per validation:      0 us
   Avg latency per coalesced wait:  0 us
   Avg overhead per blocked access: 0 us

   --- Cache Statistics ---
   Processes with cached pages:     0
   Unique pages validated (total):  0
   Cache hit rate:                  0%

   ========= IOMMU Stats =====================
   IOMMU enabled:                   YES
   IOMMU SimObject:                 system.body.iommu

   --- Access Breakdown ---
   Total IOMMU checks:              26846629
   IOTLB hits:                      26846614
   IOTLB misses (page walks):       15
   IOTLB hit rate:                  99.9999%

   --- Latency Breakdown ---
   TOTAL IOMMU OVERHEAD:            53697 us
   Avg latency per access:          0.00200014 us

********************************************************************************
system.body.body_pwconv0.llvm_interface
Total Area: 180567
Total Power Static: 399.351

Total Power Dynamic: 9823.92
   ========= Performance Analysis =============
   Setup Time:                      0h 0m 0s 0ms 758us
   Simulation Time (Total):         0h 0m 50s 311ms
   Simulation Time (Active):        0h 0m 2s 996ms
        Queue Processing Time:      0h 0m 2s 991ms
             Scheduling Time:       0h 0m 1s 732ms
             Computation Time:      0h 0m 0s 53ms
   System Clock:                    0.1GHz
   Runtime:                         56454 cycles
   Runtime:                         564.54 us
   Stalls:                          0 cycles
   Executed Nodes:                  56453 cycles

   ========= Kernel Validation Stats ==========
   Kernel validation enabled:       NO
   Configured latency per check:    0 us

   --- Access Breakdown ---
   Total memory accesses (validated): 0
   Cache hits (0 latency):          0
   Validation requests (full lat):  0
   Coalesced waits (partial lat):   0
   Validations denied:              0

   --- Latency Breakdown ---
   Validation request latency:      0 us
   Coalesced wait latency:          0 us
   TOTAL SECURITY OVERHEAD:         0 us
   Avg latency per validation:      0 us
   Avg latency per coalesced wait:  0 us
   Avg overhead per blocked access: 0 us

   --- Cache Statistics ---
   Processes with cached pages:     0
   Unique pages validated (total):  0
   Cache hit rate:                  0%

   ========= IOMMU Stats =====================
   IOMMU enabled:                   YES
   IOMMU SimObject:                 system.body.iommu

   --- Access Breakdown ---
   Total IOMMU checks:              26974255
   IOTLB hits:                      26974240
   IOTLB misses (page walks):       15
   IOTLB hit rate:                  99.9999%

   --- Latency Breakdown ---
   TOTAL IOMMU OVERHEAD:            53952.2 us
   Avg latency per access:          0.00200014 us

********************************************************************************
system.body.body_pwconv1.llvm_interface
Total Area: 1.12453e+07
Total Power Static: 20189.6

Total Power Dynamic: 199684
   ========= Performance Analysis =============
   Setup Time:                      0h 0m 0s 131ms 397us
   Simulation Time (Total):         0h 1m 21s 833ms
   Simulation Time (Active):        0h 0m 40s 104ms
        Queue Processing Time:      0h 0m 40s 100ms
             Scheduling Time:       0h 0m 35s 932ms
             Computation Time:      0h 0m 1s 97ms
   System Clock:                    0.1GHz
   Runtime:                         88170 cycles
   Runtime:                         881.7 us
   Stalls:                          0 cycles
   Executed Nodes:                  88169 cycles

   ========= Kernel Validation Stats ==========
   Kernel validation enabled:       NO
   Configured latency per check:    0 us

   --- Access Breakdown ---
   Total memory accesses (validated): 0
   Cache hits (0 latency):          0
   Validation requests (full lat):  0
   Coalesced waits (partial lat):   0
   Validations denied:              0

   --- Latency Breakdown ---
   Validation request latency:      0 us
   Coalesced wait latency:          0 us
   TOTAL SECURITY OVERHEAD:         0 us
   Avg latency per validation:      0 us
   Avg latency per coalesced wait:  0 us
   Avg overhead per blocked access: 0 us

   --- Cache Statistics ---
   Processes with cached pages:     0
   Unique pages validated (total):  0
   Cache hit rate:                  0%

   ========= IOMMU Stats =====================
   IOMMU enabled:                   YES
   IOMMU SimObject:                 system.body.iommu

   --- Access Breakdown ---
   Total IOMMU checks:              27123373
   IOTLB hits:                      27123358
   IOTLB misses (page walks):       15
   IOTLB hit rate:                  99.9999%

   --- Latency Breakdown ---
   TOTAL IOMMU OVERHEAD:            54250.5 us
   Avg latency per access:          0.00200014 us

********************************************************************************
system.body.body_dwconv.llvm_interface
Total Area: 1.94414e+06
Total Power Static: 5467.5

Total Power Dynamic: 63163.1
   ========= Performance Analysis =============
   Setup Time:                      0h 0m 0s 8ms 722us
   Simulation Time (Total):         0h 1m 22s 149ms
   Simulation Time (Active):        0h 0m 34s 626ms
        Queue Processing Time:      0h 0m 34s 621ms
             Scheduling Time:       0h 0m 31s 701ms
             Computation Time:      0h 0m 0s 333ms
   System Clock:                    0.1GHz
   Runtime:                         89267 cycles
   Runtime:                         892.67 us
   Stalls:                          0 cycles
   Executed Nodes:                  89266 cycles

   ========= Kernel Validation Stats ==========
   Kernel validation enabled:       NO
   Configured latency per check:    0 us

   --- Access Breakdown ---
   Total memory accesses (validated): 0
   Cache hits (0 latency):          0
   Validation requests (full lat):  0
   Coalesced waits (partial lat):   0
   Validations denied:              0

   --- Latency Breakdown ---
   Validation request latency:      0 us
   Coalesced wait latency:          0 us
   TOTAL SECURITY OVERHEAD:         0 us
   Avg latency per validation:      0 us
   Avg latency per coalesced wait:  0 us
   Avg overhead per blocked access: 0 us

   --- Cache Statistics ---
   Processes with cached pages:     0
   Unique pages validated (total):  0
   Cache hit rate:                  0%

   ========= IOMMU Stats =====================
   IOMMU enabled:                   YES
   IOMMU SimObject:                 system.body.iommu

   --- Access Breakdown ---
   Total IOMMU checks:              27127552
   IOTLB hits:                      27127537
   IOTLB misses (page walks):       15
   IOTLB hit rate:                  99.9999%

   --- Latency Breakdown ---
   TOTAL IOMMU OVERHEAD:            54258.8 us
   Avg latency per access:          0.00200014 us

********************************************************************************
system.body.body_top.llvm_interface
Total Area: 56241.2
Total Power Static: 0.957346

Total Power Dynamic: 4.74324
   ========= Performance Analysis =============
   Setup Time:                      0h 0m 0s 16ms 605us
   Simulation Time (Total):         0h 1m 22s 529ms
   Simulation Time (Active):        0h 0m 0s 33ms
        Queue Processing Time:      0h 0m 0s 25ms
             Scheduling Time:       0h 0m 0s 10ms
             Computation Time:      0h 0m 0s 2ms
   System Clock:                    0.1GHz
   Runtime:                         107729 cycles
   Runtime:                         1077.29 us
   Stalls:                          0 cycles
   Executed Nodes:                  107728 cycles

   ========= Kernel Validation Stats ==========
   Kernel validation enabled:       NO
   Configured latency per check:    0 us

   --- Access Breakdown ---
   Total memory accesses (validated): 0
   Cache hits (0 latency):          0
   Validation requests (full lat):  0
   Coalesced waits (partial lat):   0
   Validations denied:              0

   --- Latency Breakdown ---
   Validation request latency:      0 us
   Coalesced wait latency:          0 us
   TOTAL SECURITY OVERHEAD:         0 us
   Avg latency per validation:      0 us
   Avg latency per coalesced wait:  0 us
   Avg overhead per blocked access: 0 us

   --- Cache Statistics ---
   Processes with cached pages:     0
   Unique pages validated (total):  0
   Cache hit rate:                  0%

   ========= IOMMU Stats =====================
   IOMMU enabled:                   YES
   IOMMU SimObject:                 system.body.iommu

   --- Access Breakdown ---
   Total IOMMU checks:              27127555
   IOTLB hits:                      27127540
   IOTLB misses (page walks):       15
   IOTLB hit rate:                  99.9999%

   --- Latency Breakdown ---
   TOTAL IOMMU OVERHEAD:            54258.8 us
   Avg latency per access:          0.00200014 us

********************************************************************************
system.tail.tail_pwconv.llvm_interface
Total Area: 11678.9
Total Power Static: 1439.58

Total Power Dynamic: 37038.2
   ========= Performance Analysis =============
   Setup Time:                      0h 0m 0s 0ms 701us
   Simulation Time (Total):         0h 0m 15s 715ms
   Simulation Time (Active):        0h 0m 6s 464ms
        Queue Processing Time:      0h 0m 6s 458ms
             Scheduling Time:       0h 0m 2s 654ms
             Computation Time:      0h 0m 0s 156ms
   System Clock:                    0.1GHz
   Runtime:                         35395 cycles
   Runtime:                         353.95 us
   Stalls:                          0 cycles
   Executed Nodes:                  35394 cycles

   ========= Kernel Validation Stats ==========
   Kernel validation enabled:       NO
   Configured latency per check:    0 us

   --- Access Breakdown ---
   Total memory accesses (validated): 0
   Cache hits (0 latency):          0
   Validation requests (full lat):  0
   Coalesced waits (partial lat):   0
   Validations denied:              0

   --- Latency Breakdown ---
   Validation request latency:      0 us
   Coalesced wait latency:          0 us
   TOTAL SECURITY OVERHEAD:         0 us
   Avg latency per validation:      0 us
   Avg latency per coalesced wait:  0 us
   Avg overhead per blocked access: 0 us

   --- Cache Statistics ---
   Processes with cached pages:     0
   Unique pages validated (total):  0
   Cache hit rate:                  0%

   ========= IOMMU Stats =====================
   IOMMU enabled:                   YES
   IOMMU SimObject:                 system.tail.iommu

   --- Access Breakdown ---
   Total IOMMU checks:              137937
   IOTLB hits:                      137930
   IOTLB misses (page walks):       7
   IOTLB hit rate:                  99.9949%

   --- Latency Breakdown ---
   TOTAL IOMMU OVERHEAD:            277.61 us
   Avg latency per access:          0.00201259 us

********************************************************************************
system.tail.tail_reshape.llvm_interface
Total Area: 10278.6
Total Power Static: 692.426

Total Power Dynamic: 17462.9
   ========= Performance Analysis =============
   Setup Time:                      0h 0m 0s 0ms 322us
   Simulation Time (Total):         0h 0m 15s 680ms
   Simulation Time (Active):        0h 0m 6s 831ms
        Queue Processing Time:      0h 0m 6s 826ms
             Scheduling Time:       0h 0m 3s 914ms
             Computation Time:      0h 0m 0s 26ms
   System Clock:                    0.1GHz
   Runtime:                         35325 cycles
   Runtime:                         353.25 us
   Stalls:                          0 cycles
   Executed Nodes:                  35324 cycles

   ========= Kernel Validation Stats ==========
   Kernel validation enabled:       NO
   Configured latency per check:    0 us

   --- Access Breakdown ---
   Total memory accesses (validated): 0
   Cache hits (0 latency):          0
   Validation requests (full lat):  0
   Coalesced waits (partial lat):   0
   Validations denied:              0

   --- Latency Breakdown ---
   Validation request latency:      0 us
   Coalesced wait latency:          0 us
   TOTAL SECURITY OVERHEAD:         0 us
   Avg latency per validation:      0 us
   Avg latency per coalesced wait:  0 us
   Avg overhead per blocked access: 0 us

   --- Cache Statistics ---
   Processes with cached pages:     0
   Unique pages validated (total):  0
   Cache hit rate:                  0%

   ========= IOMMU Stats =====================
   IOMMU enabled:                   YES
   IOMMU SimObject:                 system.tail.iommu

   --- Access Breakdown ---
   Total IOMMU checks:              137957
   IOTLB hits:                      137950
   IOTLB misses (page walks):       7
   IOTLB hit rate:                  99.9949%

   --- Latency Breakdown ---
   TOTAL IOMMU OVERHEAD:            277.65 us
   Avg latency per access:          0.00201258 us

********************************************************************************
system.tail.tail_avgpool.llvm_interface
Total Area: 5554.55
Total Power Static: 178.864

Total Power Dynamic: 2910.95
   ========= Performance Analysis =============
   Setup Time:                      0h 0m 0s 0ms 342us
   Simulation Time (Total):         0h 0m 20s 289ms
   Simulation Time (Active):        0h 0m 6s 46ms
        Queue Processing Time:      0h 0m 6s 40ms
             Scheduling Time:       0h 0m 3s 854ms
             Computation Time:      0h 0m 0s 36ms
   System Clock:                    0.1GHz
   Runtime:                         44910 cycles
   Runtime:                         449.1 us
   Stalls:                          0 cycles
   Executed Nodes:                  44909 cycles

   ========= Kernel Validation Stats ==========
   Kernel validation enabled:       NO
   Configured latency per check:    0 us

   --- Access Breakdown ---
   Total memory accesses (validated): 0
   Cache hits (0 latency):          0
   Validation requests (full lat):  0
   Coalesced waits (partial lat):   0
   Validations denied:              0

   --- Latency Breakdown ---
   Validation request latency:      0 us
   Coalesced wait latency:          0 us
   TOTAL SECURITY OVERHEAD:         0 us
   Avg latency per validation:      0 us
   Avg latency per coalesced wait:  0 us
   Avg overhead per blocked access: 0 us

   --- Cache Statistics ---
   Processes with cached pages:     0
   Unique pages validated (total):  0
   Cache hit rate:                  0%

   ========= IOMMU Stats =====================
   IOMMU enabled:                   YES
   IOMMU SimObject:                 system.tail.iommu

   --- Access Breakdown ---
   Total IOMMU checks:              158210
   IOTLB hits:                      158203
   IOTLB misses (page walks):       7
   IOTLB hit rate:                  99.9956%

   --- Latency Breakdown ---
   TOTAL IOMMU OVERHEAD:            318.156 us
   Avg latency per access:          0.00201097 us

********************************************************************************
system.tail.tail_top.llvm_interface
Total Area: 1300.17
Total Power Static: 17.2217

Total Power Dynamic: 84.6431
   ========= Performance Analysis =============
   Setup Time:                      0h 0m 0s 11ms 365us
   Simulation Time (Total):         0h 0m 20s 945ms
   Simulation Time (Active):        0h 0m 0s 119ms
        Queue Processing Time:      0h 0m 0s 112ms
             Scheduling Time:       0h 0m 0s 52ms
             Computation Time:      0h 0m 0s 15ms
   System Clock:                    0.1GHz
   Runtime:                         84999 cycles
   Runtime:                         849.99 us
   Stalls:                          0 cycles
   Executed Nodes:                  84998 cycles

   ========= Kernel Validation Stats ==========
   Kernel validation enabled:       NO
   Configured latency per check:    0 us

   --- Access Breakdown ---
   Total memory accesses (validated): 0
   Cache hits (0 latency):          0
   Validation requests (full lat):  0
   Coalesced waits (partial lat):   0
   Validations denied:              0

   --- Latency Breakdown ---
   Validation request latency:      0 us
   Coalesced wait latency:          0 us
   TOTAL SECURITY OVERHEAD:         0 us
   Avg latency per validation:      0 us
   Avg latency per coalesced wait:  0 us
   Avg overhead per blocked access: 0 us

   --- Cache Statistics ---
   Processes with cached pages:     0
   Unique pages validated (total):  0
   Cache hit rate:                  0%

   ========= IOMMU Stats =====================
   IOMMU enabled:                   YES
   IOMMU SimObject:                 system.tail.iommu

   --- Access Breakdown ---
   Total IOMMU checks:              158215
   IOTLB hits:                      158208
   IOTLB misses (page walks):       7
   IOTLB hit rate:                  99.9956%

   --- Latency Breakdown ---
   TOTAL IOMMU OVERHEAD:            318.166 us
   Avg latency per access:          0.00201097 us

********************************************************************************
system.classifier.classifier_linear.llvm_interface
Total Area: 1.83064e+06
Total Power Static: 149974

Total Power Dynamic: 2.0398e+06
   ========= Performance Analysis =============
   Setup Time:                      0h 0m 0s 568ms 3us
   Simulation Time (Total):         0h 20m 36s 454ms
   Simulation Time (Active):        0h 17m 23s 115ms
        Queue Processing Time:      0h 17m 23s 105ms
             Scheduling Time:       0h 16m 59s 718ms
             Computation Time:      0h 0m 6s 779ms
   System Clock:                    0.1GHz
   Runtime:                         1041687 cycles
   Runtime:                         10416.9 us
   Stalls:                          0 cycles
   Executed Nodes:                  1041686 cycles

   ========= Kernel Validation Stats ==========
   Kernel validation enabled:       NO
   Configured latency per check:    0 us

   --- Access Breakdown ---
   Total memory accesses (validated): 0
   Cache hits (0 latency):          0
   Validation requests (full lat):  0
   Coalesced waits (partial lat):   0
   Validations denied:              0

   --- Latency Breakdown ---
   Validation request latency:      0 us
   Coalesced wait latency:          0 us
   TOTAL SECURITY OVERHEAD:         0 us
   Avg latency per validation:      0 us
   Avg latency per coalesced wait:  0 us
   Avg overhead per blocked access: 0 us

   --- Cache Statistics ---
   Processes with cached pages:     0
   Unique pages validated (total):  0
   Cache hit rate:                  0%

   ========= IOMMU Stats =====================
   IOMMU enabled:                   YES
   IOMMU SimObject:                 system.classifier.iommu

   --- Access Breakdown ---
   Total IOMMU checks:              5168459
   IOTLB hits:                      5168142
   IOTLB misses (page walks):       317
   IOTLB hit rate:                  99.9939%

   --- Latency Breakdown ---
   TOTAL IOMMU OVERHEAD:            10415.5 us
   Avg latency per access:          0.00201521 us

********************************************************************************
system.classifier.classifier_top.llvm_interface
Total Area: 1350.54
Total Power Static: 23.4959

Total Power Dynamic: 115.476
   ========= Performance Analysis =============
   Setup Time:                      0h 0m 0s 1ms 206us
   Simulation Time (Total):         0h 20m 42s 82ms
   Simulation Time (Active):        0h 0m 0s 309ms
        Queue Processing Time:      0h 0m 0s 217ms
             Scheduling Time:       0h 0m 0s 83ms
             Computation Time:      0h 0m 0s 25ms
   System Clock:                    0.1GHz
   Runtime:                         1379370 cycles
   Runtime:                         13793.7 us
   Stalls:                          0 cycles
   Executed Nodes:                  1379369 cycles

   ========= Kernel Validation Stats ==========
   Kernel validation enabled:       NO
   Configured latency per check:    0 us

   --- Access Breakdown ---
   Total memory accesses (validated): 0
   Cache hits (0 latency):          0
   Validation requests (full lat):  0
   Coalesced waits (partial lat):   0
   Validations denied:              0

   --- Latency Breakdown ---
   Validation request latency:      0 us
   Coalesced wait latency:          0 us
   TOTAL SECURITY OVERHEAD:         0 us
   Avg latency per validation:      0 us
   Avg latency per coalesced wait:  0 us
   Avg overhead per blocked access: 0 us

   --- Cache Statistics ---
   Processes with cached pages:     0
   Unique pages validated (total):  0
   Cache hit rate:                  0%

   ========= IOMMU Stats =====================
   IOMMU enabled:                   YES
   IOMMU SimObject:                 system.classifier.iommu

   --- Access Breakdown ---
   Total IOMMU checks:              5168463
   IOTLB hits:                      5168146
   IOTLB misses (page walks):       317
   IOTLB hit rate:                  99.9939%

   --- Latency Breakdown ---
   TOTAL IOMMU OVERHEAD:            10415.5 us
   Avg latency per access:          0.00201521 us

Exiting @ tick 101618309000 because m5_exit instruction encountered
