build/ARM/base/statistics.hh:277: warn: One of the stats is a legacy stat. Legacy stat is a stat that does not belong to any statistics::Group. Legacy stat is deprecated.
Global frequency set at 1000000000000 ticks per second
build/ARM/mem/mem_interface.cc:793: warn: DRAM device capacity (16384 Mbytes) does not match the address range assigned (4096 Mbytes)
build/ARM/sim/kernel_workload.cc:46: info: kernel located at: /gem5-SALAM/benchmarks/mobilenetv2/sw/main.elf
build/ARM/arch/arm/system.cc:95: warn: Highest ARM exception-level set to AArch64 but the workload is for AArch32. Assuming you wanted these to match.
build/ARM/base/vnc/vncserver.cc:163: warn: Sockets disabled, not accepting vnc client connections
build/ARM/dev/serial/terminal.cc:170: warn: Sockets disabled, not accepting terminal connections
build/ARM/mem/coherent_xbar.cc:140: warn: CoherentXBar system.body.coherency_bus has no snooping ports attached!
build/ARM/mem/coherent_xbar.cc:140: warn: CoherentXBar system.classifier.coherency_bus has no snooping ports attached!
build/ARM/base/remote_gdb.cc:377: warn: Sockets disabled, not accepting gdb connections
build/ARM/mem/coherent_xbar.cc:140: warn: CoherentXBar system.head.coherency_bus has no snooping ports attached!
build/ARM/mem/coherent_xbar.cc:140: warn: CoherentXBar system.tail.coherency_bus has no snooping ports attached!
build/ARM/dev/arm/energy_ctrl.cc:252: warn: Existing EnergyCtrl, but no enabled DVFSHandler found.
gem5 Simulator System.  http://gem5.org
gem5 is copyrighted software; use the --copyright option for details.

gem5 version 21.1.0.1
gem5 compiled May  2 2026 19:55:51
gem5 started May  3 2026 00:10:55
gem5 executing on 3b7fb6fd27b8, pid 1113906
command line: /gem5-SALAM/build/ARM/gem5.opt --listener-mode=off --outdir=/gem5-SALAM/BM_ARM_OUT/run_all/mobilenetv2/iommu_e8_m250ns /gem5-SALAM/configs/SALAM/fs_mobilenetv2.py --mem-size=4GB --mem-type=DDR4_2400_8x8 --machine-type=VExpress_GEM5_V1 --dtb-file=none --bare-metal --cpu-type=DerivO3CPU --caches --l2cache --kernel=/gem5-SALAM/benchmarks/mobilenetv2/sw/main.elf --disk-image=/gem5-SALAM/benchmarks/common/fake.iso --accpath=/gem5-SALAM/benchmarks/mobilenetv2 --accbench=mobilenetv2 --enable-iommu --iotlb-entries 8 --iotlb-hit-latency 2000 --iotlb-miss-latency 250000

[HWAccConfig] IOMMU ENABLED: entries=8, hit_lat=2000, miss_lat=250000
head_top Profile Loaded
[HWAccConfig] IOMMU ENABLED: entries=8, hit_lat=2000, miss_lat=250000
head_NormalConv Profile Loaded
[HWAccConfig] IOMMU ENABLED: entries=8, hit_lat=2000, miss_lat=250000
head_DWConv Profile Loaded
[HWAccConfig] IOMMU ENABLED: entries=8, hit_lat=2000, miss_lat=250000
head_PWConv Profile Loaded
[HWAccConfig] IOMMU ENABLED: entries=8, hit_lat=2000, miss_lat=250000
body_top Profile Loaded
[HWAccConfig] IOMMU ENABLED: entries=8, hit_lat=2000, miss_lat=250000
body_Residual Profile Loaded
[HWAccConfig] IOMMU ENABLED: entries=8, hit_lat=2000, miss_lat=250000
body_PWConv0 Profile Loaded
[HWAccConfig] IOMMU ENABLED: entries=8, hit_lat=2000, miss_lat=250000
body_DWConv Profile Loaded
[HWAccConfig] IOMMU ENABLED: entries=8, hit_lat=2000, miss_lat=250000
body_PWConv1 Profile Loaded
[HWAccConfig] IOMMU ENABLED: entries=8, hit_lat=2000, miss_lat=250000
tail_top Profile Loaded
[HWAccConfig] IOMMU ENABLED: entries=8, hit_lat=2000, miss_lat=250000
tail_PWConv Profile Loaded
[HWAccConfig] IOMMU ENABLED: entries=8, hit_lat=2000, miss_lat=250000
tail_Reshape Profile Loaded
[HWAccConfig] IOMMU ENABLED: entries=8, hit_lat=2000, miss_lat=250000
tail_AvgPool Profile Loaded
[HWAccConfig] IOMMU ENABLED: entries=8, hit_lat=2000, miss_lat=250000
classifier_top Profile Loaded
[HWAccConfig] IOMMU ENABLED: entries=8, hit_lat=2000, miss_lat=250000
classifier_Linear Profile Loaded
**** REAL SIMULATION ****
warn: iobus.slave is deprecated. `slave` is now called `cpu_side_ports`
warn: bridge.master is deprecated. `master` is now called `mem_side_port`
warn: membus.master is deprecated. `master` is now called `mem_side_ports`
warn: bridge.slave is deprecated. `slave` is now called `cpu_side_port`
warn: membus.slave is deprecated. `slave` is now called `cpu_side_ports`
warn: tol2bus.master is deprecated. `master` is now called `mem_side_ports`
warn: membus.slave is deprecated. `slave` is now called `cpu_side_ports`
warn: tol2bus.slave is deprecated. `slave` is now called `cpu_side_ports`
warn: tol2bus.slave is deprecated. `slave` is now called `cpu_side_ports`
warn: tol2bus.slave is deprecated. `slave` is now called `cpu_side_ports`
warn: tol2bus.slave is deprecated. `slave` is now called `cpu_side_ports`
warn: membus.slave is deprecated. `slave` is now called `cpu_side_ports`
warn: coherency_bus.master is deprecated. `master` is now called `mem_side_ports`
warn: membus.slave is deprecated. `slave` is now called `cpu_side_ports`
warn: coherency_bus.master is deprecated. `master` is now called `mem_side_ports`
warn: membus.slave is deprecated. `slave` is now called `cpu_side_ports`
warn: coherency_bus.master is deprecated. `master` is now called `mem_side_ports`
warn: membus.slave is deprecated. `slave` is now called `cpu_side_ports`
warn: coherency_bus.master is deprecated. `master` is now called `mem_side_ports`
warn: No dot file generated. Please install pydot to generate the dot file and pdf.
build/ARM/sim/simulate.cc:107: info: Entering event queue @ 0.  Starting simulation...
********************************************************************************
system.head.head_top.llvm_interface
Total Area: 3799.78
Total Power Static: 158.894

Total Power Dynamic: 780.869
   ========= Performance Analysis =============
   Setup Time:                      0h 0m 0s 7ms 291us
   Simulation Time (Total):         0h 28m 10s 772ms
   Simulation Time (Active):        0h 0m 1s 932ms
        Queue Processing Time:      0h 0m 1s 698ms
             Scheduling Time:       0h 0m 0s 759ms
             Computation Time:      0h 0m 0s 307ms
   System Clock:                    0.1GHz
   Runtime:                         2197375 cycles
   Runtime:                         21973.8 us
   Stalls:                          0 cycles
   Executed Nodes:                  2197374 cycles

   ========= Kernel Validation Stats ==========
   Kernel validation enabled:       NO
   Configured latency per check:    0 us

   --- Access Breakdown ---
   Total memory accesses (validated): 0
   Cache hits (0 latency):          0
   Validation requests (full lat):  0
   Coalesced waits (partial lat):   0
   Validations denied:              0

   --- Latency Breakdown ---
   Validation request latency:      0 us
   Coalesced wait latency:          0 us
   TOTAL SECURITY OVERHEAD:         0 us
   Avg latency per validation:      0 us
   Avg latency per coalesced wait:  0 us
   Avg overhead per blocked access: 0 us

   --- Cache Statistics ---
   Processes with cached pages:     0
   Unique pages validated (total):  0
   Cache hit rate:                  0%

   ========= IOMMU Stats =====================
   IOMMU enabled:                   YES
   IOMMU SimObject:                 system.head.iommu

   --- Access Breakdown ---
   Total IOMMU checks:              10362121
   IOTLB hits:                      10362119
   IOTLB misses (page walks):       2
   IOTLB hit rate:                  100%

   --- Latency Breakdown ---
   TOTAL IOMMU OVERHEAD:            20724.7 us
   Avg latency per access:          0.00200005 us

********************************************************************************
system.head.head_pwconv.llvm_interface
Total Area: 11678.9
Total Power Static: 2554.71

Total Power Dynamic: 61491.8
   ========= Performance Analysis =============
   Setup Time:                      0h 0m 0s 1ms 7us
   Simulation Time (Total):         0h 32m 48s 65ms
   Simulation Time (Active):        0h 0m 55s 921ms
        Queue Processing Time:      0h 0m 55s 868ms
             Scheduling Time:       0h 0m 21s 273ms
             Computation Time:      0h 0m 0s 452ms
   System Clock:                    0.1GHz
   Runtime:                         2480282 cycles
   Runtime:                         24802.8 us
   Stalls:                          0 cycles
   Executed Nodes:                  2480281 cycles

   ========= Kernel Validation Stats ==========
   Kernel validation enabled:       NO
   Configured latency per check:    0 us

   --- Access Breakdown ---
   Total memory accesses (validated): 0
   Cache hits (0 latency):          0
   Validation requests (full lat):  0
   Coalesced waits (partial lat):   0
   Validations denied:              0

   --- Latency Breakdown ---
   Validation request latency:      0 us
   Coalesced wait latency:          0 us
   TOTAL SECURITY OVERHEAD:         0 us
   Avg latency per validation:      0 us
   Avg latency per coalesced wait:  0 us
   Avg overhead per blocked access: 0 us

   --- Cache Statistics ---
   Processes with cached pages:     0
   Unique pages validated (total):  0
   Cache hit rate:                  0%

   ========= IOMMU Stats =====================
   IOMMU enabled:                   YES
   IOMMU SimObject:                 system.head.iommu

   --- Access Breakdown ---
   Total IOMMU checks:              11680620
   IOTLB hits:                      11680618
   IOTLB misses (page walks):       2
   IOTLB hit rate:                  100%

   --- Latency Breakdown ---
   TOTAL IOMMU OVERHEAD:            23361.7 us
   Avg latency per access:          0.00200004 us

********************************************************************************
system.head.head_dwconv.llvm_interface
Total Area: 116081
Total Power Static: 72931.3

Total Power Dynamic: 869084
   ========= Performance Analysis =============
   Setup Time:                      0h 0m 0s 8ms 517us
   Simulation Time (Total):         0h 32m 48s 96ms
   Simulation Time (Active):        0h 4m 35s 974ms
        Queue Processing Time:      0h 4m 35s 951ms
             Scheduling Time:       0h 3m 54s 576ms
             Computation Time:      0h 0m 4s 292ms
   System Clock:                    0.1GHz
   Runtime:                         2480316 cycles
   Runtime:                         24803.2 us
   Stalls:                          0 cycles
   Executed Nodes:                  2480315 cycles

   ========= Kernel Validation Stats ==========
   Kernel validation enabled:       NO
   Configured latency per check:    0 us

   --- Access Breakdown ---
   Total memory accesses (validated): 0
   Cache hits (0 latency):          0
   Validation requests (full lat):  0
   Coalesced waits (partial lat):   0
   Validations denied:              0

   --- Latency Breakdown ---
   Validation request latency:      0 us
   Coalesced wait latency:          0 us
   TOTAL SECURITY OVERHEAD:         0 us
   Avg latency per validation:      0 us
   Avg latency per coalesced wait:  0 us
   Avg overhead per blocked access: 0 us

   --- Cache Statistics ---
   Processes with cached pages:     0
   Unique pages validated (total):  0
   Cache hit rate:                  0%

   ========= IOMMU Stats =====================
   IOMMU enabled:                   YES
   IOMMU SimObject:                 system.head.iommu

   --- Access Breakdown ---
   Total IOMMU checks:              11680751
   IOTLB hits:                      11680749
   IOTLB misses (page walks):       2
   IOTLB hit rate:                  100%

   --- Latency Breakdown ---
   TOTAL IOMMU OVERHEAD:            23362 us
   Avg latency per access:          0.00200004 us

********************************************************************************
system.head.head_normalconv.llvm_interface
Total Area: 200127
Total Power Static: 259429

Total Power Dynamic: 6.41728e+06
   ========= Performance Analysis =============
   Setup Time:                      0h 0m 0s 20ms 98us
   Simulation Time (Total):         0h 32m 54s 570ms
   Simulation Time (Active):        0h 24m 44s 355ms
        Queue Processing Time:      0h 24m 44s 766ms
             Scheduling Time:       0h 22m 1s 603ms
             Computation Time:      0h 0m 17s 921ms
   System Clock:                    0.1GHz
   Runtime:                         2486546 cycles
   Runtime:                         24865.5 us
   Stalls:                          0 cycles
   Executed Nodes:                  2486545 cycles

   ========= Kernel Validation Stats ==========
   Kernel validation enabled:       NO
   Configured latency per check:    0 us

   --- Access Breakdown ---
   Total memory accesses (validated): 0
   Cache hits (0 latency):          0
   Validation requests (full lat):  0
   Coalesced waits (partial lat):   0
   Validations denied:              0

   --- Latency Breakdown ---
   Validation request latency:      0 us
   Coalesced wait latency:          0 us
   TOTAL SECURITY OVERHEAD:         0 us
   Avg latency per validation:      0 us
   Avg latency per coalesced wait:  0 us
   Avg overhead per blocked access: 0 us

   --- Cache Statistics ---
   Processes with cached pages:     0
   Unique pages validated (total):  0
   Cache hit rate:                  0%

   ========= IOMMU Stats =====================
   IOMMU enabled:                   YES
   IOMMU SimObject:                 system.head.iommu

   --- Access Breakdown ---
   Total IOMMU checks:              11708053
   IOTLB hits:                      11708051
   IOTLB misses (page walks):       2
   IOTLB hit rate:                  100%

   --- Latency Breakdown ---
   TOTAL IOMMU OVERHEAD:            23416.6 us
   Avg latency per access:          0.00200004 us

********************************************************************************
system.body.body_residual.llvm_interface
Total Area: 538.329
Total Power Static: 87.7635

Total Power Dynamic: 263.175
   ========= Performance Analysis =============
   Setup Time:                      0h 0m 0s 0ms 680us
   Simulation Time (Total):         0h 46m 42s 580ms
   Simulation Time (Active):        0h 0m 2s 59ms
        Queue Processing Time:      0h 0m 1s 43ms
             Scheduling Time:       0h 0m 0s 165ms
             Computation Time:      0h 0m 0s 17ms
   System Clock:                    0.1GHz
   Runtime:                         20922376 cycles
   Runtime:                         209224 us
   Stalls:                          0 cycles
   Executed Nodes:                  20922375 cycles

   ========= Kernel Validation Stats ==========
   Kernel validation enabled:       NO
   Configured latency per check:    0 us

   --- Access Breakdown ---
   Total memory accesses (validated): 0
   Cache hits (0 latency):          0
   Validation requests (full lat):  0
   Coalesced waits (partial lat):   0
   Validations denied:              0

   --- Latency Breakdown ---
   Validation request latency:      0 us
   Coalesced wait latency:          0 us
   TOTAL SECURITY OVERHEAD:         0 us
   Avg latency per validation:      0 us
   Avg latency per coalesced wait:  0 us
   Avg overhead per blocked access: 0 us

   --- Cache Statistics ---
   Processes with cached pages:     0
   Unique pages validated (total):  0
   Cache hit rate:                  0%

   ========= IOMMU Stats =====================
   IOMMU enabled:                   YES
   IOMMU SimObject:                 system.body.iommu

   --- Access Breakdown ---
   Total IOMMU checks:              8641358
   IOTLB hits:                      7869965
   IOTLB misses (page walks):       771393
   IOTLB hit rate:                  91.0732%

   --- Latency Breakdown ---
   TOTAL IOMMU OVERHEAD:            208588 us
   Avg latency per access:          0.0241384 us

********************************************************************************
system.body.body_pwconv0.llvm_interface
Total Area: 12037.8
Total Power Static: 15393.1

Total Power Dynamic: 366196
   ========= Performance Analysis =============
   Setup Time:                      0h 0m 0s 0ms 875us
   Simulation Time (Total):         0h 46m 56s 827ms
   Simulation Time (Active):        0h 4m 47s 946ms
        Queue Processing Time:      0h 4m 47s 764ms
             Scheduling Time:       0h 3m 14s 854ms
             Computation Time:      0h 0m 2s 912ms
   System Clock:                    0.1GHz
   Runtime:                         21050979 cycles
   Runtime:                         210510 us
   Stalls:                          0 cycles
   Executed Nodes:                  21050978 cycles

   ========= Kernel Validation Stats ==========
   Kernel validation enabled:       NO
   Configured latency per check:    0 us

   --- Access Breakdown ---
   Total memory accesses (validated): 0
   Cache hits (0 latency):          0
   Validation requests (full lat):  0
   Coalesced waits (partial lat):   0
   Validations denied:              0

   --- Latency Breakdown ---
   Validation request latency:      0 us
   Coalesced wait latency:          0 us
   TOTAL SECURITY OVERHEAD:         0 us
   Avg latency per validation:      0 us
   Avg latency per coalesced wait:  0 us
   Avg overhead per blocked access: 0 us

   --- Cache Statistics ---
   Processes with cached pages:     0
   Unique pages validated (total):  0
   Cache hit rate:                  0%

   ========= IOMMU Stats =====================
   IOMMU enabled:                   YES
   IOMMU SimObject:                 system.body.iommu

   --- Access Breakdown ---
   Total IOMMU checks:              8691716
   IOTLB hits:                      7915551
   IOTLB misses (page walks):       776165
   IOTLB hit rate:                  91.0701%

   --- Latency Breakdown ---
   TOTAL IOMMU OVERHEAD:            209872 us
   Avg latency per access:          0.0241463 us

********************************************************************************
system.body.body_pwconv1.llvm_interface
Total Area: 749685
Total Power Static: 185773

Total Power Dynamic: 1.83603e+06
   ========= Performance Analysis =============
   Setup Time:                      0h 0m 0s 133ms 231us
   Simulation Time (Total):         0h 47m 21s 440ms
   Simulation Time (Active):        0h 9m 46s 555ms
        Queue Processing Time:      0h 9m 46s 514ms
             Scheduling Time:       0h 8m 13s 894ms
             Computation Time:      0h 0m 10s 988ms
   System Clock:                    0.1GHz
   Runtime:                         21073667 cycles
   Runtime:                         210737 us
   Stalls:                          0 cycles
   Executed Nodes:                  21073666 cycles

   ========= Kernel Validation Stats ==========
   Kernel validation enabled:       NO
   Configured latency per check:    0 us

   --- Access Breakdown ---
   Total memory accesses (validated): 0
   Cache hits (0 latency):          0
   Validation requests (full lat):  0
   Coalesced waits (partial lat):   0
   Validations denied:              0

   --- Latency Breakdown ---
   Validation request latency:      0 us
   Coalesced wait latency:          0 us
   TOTAL SECURITY OVERHEAD:         0 us
   Avg latency per validation:      0 us
   Avg latency per coalesced wait:  0 us
   Avg overhead per blocked access: 0 us

   --- Cache Statistics ---
   Processes with cached pages:     0
   Unique pages validated (total):  0
   Cache hit rate:                  0%

   ========= IOMMU Stats =====================
   IOMMU enabled:                   YES
   IOMMU SimObject:                 system.body.iommu

   --- Access Breakdown ---
   Total IOMMU checks:              8787893
   IOTLB hits:                      8011717
   IOTLB misses (page walks):       776176
   IOTLB hit rate:                  91.1677%

   --- Latency Breakdown ---
   TOTAL IOMMU OVERHEAD:            210067 us
   Avg latency per access:          0.0239042 us

********************************************************************************
system.body.body_dwconv.llvm_interface
Total Area: 129609
Total Power Static: 229952

Total Power Dynamic: 2.63548e+06
   ========= Performance Analysis =============
   Setup Time:                      0h 0m 0s 9ms 458us
   Simulation Time (Total):         0h 47m 21s 613ms
   Simulation Time (Active):        0h 22m 8s 672ms
        Queue Processing Time:      0h 22m 8s 953ms
             Scheduling Time:       0h 20m 35s 245ms
             Computation Time:      0h 0m 13s 844ms
   System Clock:                    0.1GHz
   Runtime:                         21074043 cycles
   Runtime:                         210740 us
   Stalls:                          0 cycles
   Executed Nodes:                  21074042 cycles

   ========= Kernel Validation Stats ==========
   Kernel validation enabled:       NO
   Configured latency per check:    0 us

   --- Access Breakdown ---
   Total memory accesses (validated): 0
   Cache hits (0 latency):          0
   Validation requests (full lat):  0
   Coalesced waits (partial lat):   0
   Validations denied:              0

   --- Latency Breakdown ---
   Validation request latency:      0 us
   Coalesced wait latency:          0 us
   TOTAL SECURITY OVERHEAD:         0 us
   Avg latency per validation:      0 us
   Avg latency per coalesced wait:  0 us
   Avg overhead per blocked access: 0 us

   --- Cache Statistics ---
   Processes with cached pages:     0
   Unique pages validated (total):  0
   Cache hit rate:                  0%

   ========= IOMMU Stats =====================
   IOMMU enabled:                   YES
   IOMMU SimObject:                 system.body.iommu

   --- Access Breakdown ---
   Total IOMMU checks:              8789391
   IOTLB hits:                      8013215
   IOTLB misses (page walks):       776176
   IOTLB hit rate:                  91.1692%

   --- Latency Breakdown ---
   TOTAL IOMMU OVERHEAD:            210070 us
   Avg latency per access:          0.0239005 us

********************************************************************************
system.body.body_top.llvm_interface
Total Area: 3749.41
Total Power Static: 0.961013

Total Power Dynamic: 4.76126
   ========= Performance Analysis =============
   Setup Time:                      0h 0m 0s 8ms 745us
   Simulation Time (Total):         0h 47m 34s 325ms
   Simulation Time (Active):        0h 0m 2s 426ms
        Queue Processing Time:      0h 0m 1s 408ms
             Scheduling Time:       0h 0m 0s 452ms
             Computation Time:      0h 0m 0s 110ms
   System Clock:                    0.1GHz
   Runtime:                         21092715 cycles
   Runtime:                         210927 us
   Stalls:                          0 cycles
   Executed Nodes:                  21092714 cycles

   ========= Kernel Validation Stats ==========
   Kernel validation enabled:       NO
   Configured latency per check:    0 us

   --- Access Breakdown ---
   Total memory accesses (validated): 0
   Cache hits (0 latency):          0
   Validation requests (full lat):  0
   Coalesced waits (partial lat):   0
   Validations denied:              0

   --- Latency Breakdown ---
   Validation request latency:      0 us
   Coalesced wait latency:          0 us
   TOTAL SECURITY OVERHEAD:         0 us
   Avg latency per validation:      0 us
   Avg latency per coalesced wait:  0 us
   Avg overhead per blocked access: 0 us

   --- Cache Statistics ---
   Processes with cached pages:     0
   Unique pages validated (total):  0
   Cache hit rate:                  0%

   ========= IOMMU Stats =====================
   IOMMU enabled:                   YES
   IOMMU SimObject:                 system.body.iommu

   --- Access Breakdown ---
   Total IOMMU checks:              8789394
   IOTLB hits:                      8013218
   IOTLB misses (page walks):       776176
   IOTLB hit rate:                  91.1692%

   --- Latency Breakdown ---
   TOTAL IOMMU OVERHEAD:            210070 us
   Avg latency per access:          0.0239004 us

********************************************************************************
system.body.body_residual.llvm_interface
Total Area: 1076.66
Total Power Static: 21.9391

Total Power Dynamic: 65.7937
   ========= Performance Analysis =============
   Setup Time:                      0h 0m 0s 0ms 374us
   Simulation Time (Total):         0h 17m 0s 562ms
   Simulation Time (Active):        0h 0m 0s 560ms
        Queue Processing Time:      0h 0m 0s 253ms
             Scheduling Time:       0h 0m 0s 40ms
             Computation Time:      0h 0m 0s 3ms
   System Clock:                    0.1GHz
   Runtime:                         4994467 cycles
   Runtime:                         49944.7 us
   Stalls:                          0 cycles
   Executed Nodes:                  4994466 cycles

   ========= Kernel Validation Stats ==========
   Kernel validation enabled:       NO
   Configured latency per check:    0 us

   --- Access Breakdown ---
   Total memory accesses (validated): 0
   Cache hits (0 latency):          0
   Validation requests (full lat):  0
   Coalesced waits (partial lat):   0
   Validations denied:              0

   --- Latency Breakdown ---
   Validation request latency:      0 us
   Coalesced wait latency:          0 us
   TOTAL SECURITY OVERHEAD:         0 us
   Avg latency per validation:      0 us
   Avg latency per coalesced wait:  0 us
   Avg overhead per blocked access: 0 us

   --- Cache Statistics ---
   Processes with cached pages:     0
   Unique pages validated (total):  0
   Cache hit rate:                  0%

   ========= IOMMU Stats =====================
   IOMMU enabled:                   YES
   IOMMU SimObject:                 system.body.iommu

   --- Access Breakdown ---
   Total IOMMU checks:              12657092
   IOTLB hits:                      11721450
   IOTLB misses (page walks):       935642
   IOTLB hit rate:                  92.6078%

   --- Latency Breakdown ---
   TOTAL IOMMU OVERHEAD:            257353 us
   Avg latency per access:          0.0203327 us

********************************************************************************
system.body.body_pwconv0.llvm_interface
Total Area: 24075.6
Total Power Static: 3848.3

Total Power Dynamic: 91549.2
   ========= Performance Analysis =============
   Setup Time:                      0h 0m 0s 0ms 762us
   Simulation Time (Total):         0h 17m 22s 743ms
   Simulation Time (Active):        0h 1m 6s 467ms
        Queue Processing Time:      0h 1m 6s 448ms
             Scheduling Time:       0h 0m 43s 448ms
             Computation Time:      0h 0m 0s 698ms
   System Clock:                    0.1GHz
   Runtime:                         5121835 cycles
   Runtime:                         51218.3 us
   Stalls:                          0 cycles
   Executed Nodes:                  5121834 cycles

   ========= Kernel Validation Stats ==========
   Kernel validation enabled:       NO
   Configured latency per check:    0 us

   --- Access Breakdown ---
   Total memory accesses (validated): 0
   Cache hits (0 latency):          0
   Validation requests (full lat):  0
   Coalesced waits (partial lat):   0
   Validations denied:              0

   --- Latency Breakdown ---
   Validation request latency:      0 us
   Coalesced wait latency:          0 us
   TOTAL SECURITY OVERHEAD:         0 us
   Avg latency per validation:      0 us
   Avg latency per coalesced wait:  0 us
   Avg overhead per blocked access: 0 us

   --- Cache Statistics ---
   Processes with cached pages:     0
   Unique pages validated (total):  0
   Cache hit rate:                  0%

   ========= IOMMU Stats =====================
   IOMMU enabled:                   YES
   IOMMU SimObject:                 system.body.iommu

   --- Access Breakdown ---
   Total IOMMU checks:              12737938
   IOTLB hits:                      11797821
   IOTLB misses (page walks):       940117
   IOTLB hit rate:                  92.6196%

   --- Latency Breakdown ---
   TOTAL IOMMU OVERHEAD:            258625 us
   Avg latency per access:          0.0203035 us

********************************************************************************
system.body.body_dwconv.llvm_interface
Total Area: 259219
Total Power Static: 56863.8

Total Power Dynamic: 649870
   ========= Performance Analysis =============
   Setup Time:                      0h 0m 0s 9ms 357us
   Simulation Time (Total):         0h 17m 59s 627ms
   Simulation Time (Active):        0h 5m 30s 582ms
        Queue Processing Time:      0h 5m 30s 542ms
             Scheduling Time:       0h 5m 3s 76ms
             Computation Time:      0h 0m 3s 654ms
   System Clock:                    0.1GHz
   Runtime:                         5184851 cycles
   Runtime:                         51848.5 us
   Stalls:                          0 cycles
   Executed Nodes:                  5184850 cycles

   ========= Kernel Validation Stats ==========
   Kernel validation enabled:       NO
   Configured latency per check:    0 us

   --- Access Breakdown ---
   Total memory accesses (validated): 0
   Cache hits (0 latency):          0
   Validation requests (full lat):  0
   Coalesced waits (partial lat):   0
   Validations denied:              0

   --- Latency Breakdown ---
   Validation request latency:      0 us
   Coalesced wait latency:          0 us
   TOTAL SECURITY OVERHEAD:         0 us
   Avg latency per validation:      0 us
   Avg latency per coalesced wait:  0 us
   Avg overhead per blocked access: 0 us

   --- Cache Statistics ---
   Processes with cached pages:     0
   Unique pages validated (total):  0
   Cache hit rate:                  0%

   ========= IOMMU Stats =====================
   IOMMU enabled:                   YES
   IOMMU SimObject:                 system.body.iommu

   --- Access Breakdown ---
   Total IOMMU checks:              12893503
   IOTLB hits:                      11952628
   IOTLB misses (page walks):       940875
   IOTLB hit rate:                  92.7027%

   --- Latency Breakdown ---
   TOTAL IOMMU OVERHEAD:            259124 us
   Avg latency per access:          0.0200973 us

********************************************************************************
system.body.body_pwconv1.llvm_interface
Total Area: 1.49937e+06
Total Power Static: 185773

Total Power Dynamic: 1.83603e+06
   ========= Performance Analysis =============
   Setup Time:                      0h 0m 0s 140ms 552us
   Simulation Time (Total):         0h 18m 0s 207ms
   Simulation Time (Active):        0h 9m 13s 123ms
        Queue Processing Time:      0h 9m 13s 136ms
             Scheduling Time:       0h 8m 2s 380ms
             Computation Time:      0h 0m 10s 789ms
   System Clock:                    0.1GHz
   Runtime:                         5191738 cycles
   Runtime:                         51917.4 us
   Stalls:                          0 cycles
   Executed Nodes:                  5191737 cycles

   ========= Kernel Validation Stats ==========
   Kernel validation enabled:       NO
   Configured latency per check:    0 us

   --- Access Breakdown ---
   Total memory accesses (validated): 0
   Cache hits (0 latency):          0
   Validation requests (full lat):  0
   Coalesced waits (partial lat):   0
   Validations denied:              0

   --- Latency Breakdown ---
   Validation request latency:      0 us
   Coalesced wait latency:          0 us
   TOTAL SECURITY OVERHEAD:         0 us
   Avg latency per validation:      0 us
   Avg latency per coalesced wait:  0 us
   Avg overhead per blocked access: 0 us

   --- Cache Statistics ---
   Processes with cached pages:     0
   Unique pages validated (total):  0
   Cache hit rate:                  0%

   ========= IOMMU Stats =====================
   IOMMU enabled:                   YES
   IOMMU SimObject:                 system.body.iommu

   --- Access Breakdown ---
   Total IOMMU checks:              12901006
   IOTLB hits:                      11960131
   IOTLB misses (page walks):       940875
   IOTLB hit rate:                  92.707%

   --- Latency Breakdown ---
   TOTAL IOMMU OVERHEAD:            259139 us
   Avg latency per access:          0.0200867 us

********************************************************************************
system.body.body_top.llvm_interface
Total Area: 7498.83
Total Power Static: 0.957346

Total Power Dynamic: 4.74324
   ========= Performance Analysis =============
   Setup Time:                      0h 0m 0s 7ms 412us
   Simulation Time (Total):         0h 18m 0s 835ms
   Simulation Time (Active):        0h 0m 0s 905ms
        Queue Processing Time:      0h 0m 0s 532ms
             Scheduling Time:       0h 0m 0s 178ms
             Computation Time:      0h 0m 0s 42ms
   System Clock:                    0.1GHz
   Runtime:                         5210295 cycles
   Runtime:                         52103 us
   Stalls:                          0 cycles
   Executed Nodes:                  5210294 cycles

   ========= Kernel Validation Stats ==========
   Kernel validation enabled:       NO
   Configured latency per check:    0 us

   --- Access Breakdown ---
   Total memory accesses (validated): 0
   Cache hits (0 latency):          0
   Validation requests (full lat):  0
   Coalesced waits (partial lat):   0
   Validations denied:              0

   --- Latency Breakdown ---
   Validation request latency:      0 us
   Coalesced wait latency:          0 us
   TOTAL SECURITY OVERHEAD:         0 us
   Avg latency per validation:      0 us
   Avg latency per coalesced wait:  0 us
   Avg overhead per blocked access: 0 us

   --- Cache Statistics ---
   Processes with cached pages:     0
   Unique pages validated (total):  0
   Cache hit rate:                  0%

   ========= IOMMU Stats =====================
   IOMMU enabled:                   YES
   IOMMU SimObject:                 system.body.iommu

   --- Access Breakdown ---
   Total IOMMU checks:              12901008
   IOTLB hits:                      11960133
   IOTLB misses (page walks):       940875
   IOTLB hit rate:                  92.707%

   --- Latency Breakdown ---
   TOTAL IOMMU OVERHEAD:            259139 us
   Avg latency per access:          0.0200867 us

********************************************************************************
system.body.body_residual.llvm_interface
Total Area: 1614.99
Total Power Static: 32.9098

Total Power Dynamic: 131.587
   ========= Performance Analysis =============
   Setup Time:                      0h 0m 0s 0ms 417us
   Simulation Time (Total):         0h 11m 32s 669ms
   Simulation Time (Active):        0h 0m 0s 541ms
        Queue Processing Time:      0h 0m 0s 250ms
             Scheduling Time:       0h 0m 0s 52ms
             Computation Time:      0h 0m 0s 7ms
   System Clock:                    0.1GHz
   Runtime:                         4702863 cycles
   Runtime:                         47028.6 us
   Stalls:                          0 cycles
   Executed Nodes:                  4702862 cycles

   ========= Kernel Validation Stats ==========
   Kernel validation enabled:       NO
   Configured latency per check:    0 us

   --- Access Breakdown ---
   Total memory accesses (validated): 0
   Cache hits (0 latency):          0
   Validation requests (full lat):  0
   Coalesced waits (partial lat):   0
   Validations denied:              0

   --- Latency Breakdown ---
   Validation request latency:      0 us
   Coalesced wait latency:          0 us
   TOTAL SECURITY OVERHEAD:         0 us
   Avg latency per validation:      0 us
   Avg latency per coalesced wait:  0 us
   Avg overhead per blocked access: 0 us

   --- Cache Statistics ---
   Processes with cached pages:     0
   Unique pages validated (total):  0
   Cache hit rate:                  0%

   ========= IOMMU Stats =====================
   IOMMU enabled:                   YES
   IOMMU SimObject:                 system.body.iommu

   --- Access Breakdown ---
   Total IOMMU checks:              15502852
   IOTLB hits:                      14393963
   IOTLB misses (page walks):       1108889
   IOTLB hit rate:                  92.8472%

   --- Latency Breakdown ---
   TOTAL IOMMU OVERHEAD:            306010 us
   Avg latency per access:          0.019739 us

********************************************************************************
system.body.body_pwconv0.llvm_interface
Total Area: 36113.4
Total Power Static: 3848.3

Total Power Dynamic: 91549.2
   ========= Performance Analysis =============
   Setup Time:                      0h 0m 0s 0ms 769us
   Simulation Time (Total):         0h 11m 57s 902ms
   Simulation Time (Active):        0h 1m 4s 398ms
        Queue Processing Time:      0h 1m 4s 380ms
             Scheduling Time:       0h 0m 43s 450ms
             Computation Time:      0h 0m 0s 708ms
   System Clock:                    0.1GHz
   Runtime:                         4842104 cycles
   Runtime:                         48421 us
   Stalls:                          0 cycles
   Executed Nodes:                  4842103 cycles

   ========= Kernel Validation Stats ==========
   Kernel validation enabled:       NO
   Configured latency per check:    0 us

   --- Access Breakdown ---
   Total memory accesses (validated): 0
   Cache hits (0 latency):          0
   Validation requests (full lat):  0
   Coalesced waits (partial lat):   0
   Validations denied:              0

   --- Latency Breakdown ---
   Validation request latency:      0 us
   Coalesced wait latency:          0 us
   TOTAL SECURITY OVERHEAD:         0 us
   Avg latency per validation:      0 us
   Avg latency per coalesced wait:  0 us
   Avg overhead per blocked access: 0 us

   --- Cache Statistics ---
   Processes with cached pages:     0
   Unique pages validated (total):  0
   Cache hit rate:                  0%

   ========= IOMMU Stats =====================
   IOMMU enabled:                   YES
   IOMMU SimObject:                 system.body.iommu

   --- Access Breakdown ---
   Total IOMMU checks:              15604175
   IOTLB hits:                      14490496
   IOTLB misses (page walks):       1113679
   IOTLB hit rate:                  92.8629%

   --- Latency Breakdown ---
   TOTAL IOMMU OVERHEAD:            307401 us
   Avg latency per access:          0.0196999 us

********************************************************************************
system.body.body_pwconv1.llvm_interface
Total Area: 2.24905e+06
Total Power Static: 92541.7

Total Power Dynamic: 914996
   ========= Performance Analysis =============
   Setup Time:                      0h 0m 0s 137ms 475us
   Simulation Time (Total):         0h 12m 10s 687ms
   Simulation Time (Active):        0h 3m 46s 857ms
        Queue Processing Time:      0h 3m 46s 836ms
             Scheduling Time:       0h 3m 21s 30ms
             Computation Time:      0h 0m 5s 598ms
   System Clock:                    0.1GHz
   Runtime:                         4853713 cycles
   Runtime:                         48537.1 us
   Stalls:                          0 cycles
   Executed Nodes:                  4853712 cycles

   ========= Kernel Validation Stats ==========
   Kernel validation enabled:       NO
   Configured latency per check:    0 us

   --- Access Breakdown ---
   Total memory accesses (validated): 0
   Cache hits (0 latency):          0
   Validation requests (full lat):  0
   Coalesced waits (partial lat):   0
   Validations denied:              0

   --- Latency Breakdown ---
   Validation request latency:      0 us
   Coalesced wait latency:          0 us
   TOTAL SECURITY OVERHEAD:         0 us
   Avg latency per validation:      0 us
   Avg latency per coalesced wait:  0 us
   Avg overhead per blocked access: 0 us

   --- Cache Statistics ---
   Processes with cached pages:     0
   Unique pages validated (total):  0
   Cache hit rate:                  0%

   ========= IOMMU Stats =====================
   IOMMU enabled:                   YES
   IOMMU SimObject:                 system.body.iommu

   --- Access Breakdown ---
   Total IOMMU checks:              15654435
   IOTLB hits:                      14540756
   IOTLB misses (page walks):       1113679
   IOTLB hit rate:                  92.8859%

   --- Latency Breakdown ---
   TOTAL IOMMU OVERHEAD:            307501 us
   Avg latency per access:          0.0196431 us

********************************************************************************
system.body.body_dwconv.llvm_interface
Total Area: 388828
Total Power Static: 56814.8

Total Power Dynamic: 649870
   ========= Performance Analysis =============
   Setup Time:                      0h 0m 0s 8ms 687us
   Simulation Time (Total):         0h 12m 10s 879ms
   Simulation Time (Active):        0h 5m 24s 110ms
        Queue Processing Time:      0h 5m 24s 76ms
             Scheduling Time:       0h 4m 59s 468ms
             Computation Time:      0h 0m 3s 671ms
   System Clock:                    0.1GHz
   Runtime:                         4854130 cycles
   Runtime:                         48541.3 us
   Stalls:                          0 cycles
   Executed Nodes:                  4854129 cycles

   ========= Kernel Validation Stats ==========
   Kernel validation enabled:       NO
   Configured latency per check:    0 us

   --- Access Breakdown ---
   Total memory accesses (validated): 0
   Cache hits (0 latency):          0
   Validation requests (full lat):  0
   Coalesced waits (partial lat):   0
   Validations denied:              0

   --- Latency Breakdown ---
   Validation request latency:      0 us
   Coalesced wait latency:          0 us
   TOTAL SECURITY OVERHEAD:         0 us
   Avg latency per validation:      0 us
   Avg latency per coalesced wait:  0 us
   Avg overhead per blocked access: 0 us

   --- Cache Statistics ---
   Processes with cached pages:     0
   Unique pages validated (total):  0
   Cache hit rate:                  0%

   ========= IOMMU Stats =====================
   IOMMU enabled:                   YES
   IOMMU SimObject:                 system.body.iommu

   --- Access Breakdown ---
   Total IOMMU checks:              15656100
   IOTLB hits:                      14542421
   IOTLB misses (page walks):       1113679
   IOTLB hit rate:                  92.8866%

   --- Latency Breakdown ---
   TOTAL IOMMU OVERHEAD:            307505 us
   Avg latency per access:          0.0196412 us

********************************************************************************
system.body.body_top.llvm_interface
Total Area: 11248.2
Total Power Static: 0.95918

Total Power Dynamic: 4.75225
   ========= Performance Analysis =============
   Setup Time:                      0h 0m 0s 7ms 394us
   Simulation Time (Total):         0h 12m 11s 377ms
   Simulation Time (Active):        0h 0m 0s 697ms
        Queue Processing Time:      0h 0m 0s 410ms
             Scheduling Time:       0h 0m 0s 120ms
             Computation Time:      0h 0m 0s 28ms
   System Clock:                    0.1GHz
   Runtime:                         4872700 cycles
   Runtime:                         48727 us
   Stalls:                          0 cycles
   Executed Nodes:                  4872699 cycles

   ========= Kernel Validation Stats ==========
   Kernel validation enabled:       NO
   Configured latency per check:    0 us

   --- Access Breakdown ---
   Total memory accesses (validated): 0
   Cache hits (0 latency):          0
   Validation requests (full lat):  0
   Coalesced waits (partial lat):   0
   Validations denied:              0

   --- Latency Breakdown ---
   Validation request latency:      0 us
   Coalesced wait latency:          0 us
   TOTAL SECURITY OVERHEAD:         0 us
   Avg latency per validation:      0 us
   Avg latency per coalesced wait:  0 us
   Avg overhead per blocked access: 0 us

   --- Cache Statistics ---
   Processes with cached pages:     0
   Unique pages validated (total):  0
   Cache hit rate:                  0%

   ========= IOMMU Stats =====================
   IOMMU enabled:                   YES
   IOMMU SimObject:                 system.body.iommu

   --- Access Breakdown ---
   Total IOMMU checks:              15656103
   IOTLB hits:                      14542424
   IOTLB misses (page walks):       1113679
   IOTLB hit rate:                  92.8866%

   --- Latency Breakdown ---
   TOTAL IOMMU OVERHEAD:            307505 us
   Avg latency per access:          0.0196412 us

********************************************************************************
system.body.body_residual.llvm_interface
Total Area: 2153.32
Total Power Static: 10.9684

Total Power Dynamic: 32.8969
   ========= Performance Analysis =============
   Setup Time:                      0h 0m 0s 0ms 412us
   Simulation Time (Total):         0h 6m 54s 702ms
   Simulation Time (Active):        0h 0m 0s 265ms
        Queue Processing Time:      0h 0m 0s 117ms
             Scheduling Time:       0h 0m 0s 19ms
             Computation Time:      0h 0m 0s 1ms
   System Clock:                    0.1GHz
   Runtime:                         2403312 cycles
   Runtime:                         24033.1 us
   Stalls:                          0 cycles
   Executed Nodes:                  2403311 cycles

   ========= Kernel Validation Stats ==========
   Kernel validation enabled:       NO
   Configured latency per check:    0 us

   --- Access Breakdown ---
   Total memory accesses (validated): 0
   Cache hits (0 latency):          0
   Validation requests (full lat):  0
   Coalesced waits (partial lat):   0
   Validations denied:              0

   --- Latency Breakdown ---
   Validation request latency:      0 us
   Coalesced wait latency:          0 us
   TOTAL SECURITY OVERHEAD:         0 us
   Avg latency per validation:      0 us
   Avg latency per coalesced wait:  0 us
   Avg overhead per blocked access: 0 us

   --- Cache Statistics ---
   Processes with cached pages:     0
   Unique pages validated (total):  0
   Cache hit rate:                  0%

   ========= IOMMU Stats =====================
   IOMMU enabled:                   YES
   IOMMU SimObject:                 system.body.iommu

   --- Access Breakdown ---
   Total IOMMU checks:              17351236
   IOTLB hits:                      16155380
   IOTLB misses (page walks):       1195856
   IOTLB hit rate:                  93.1079%

   --- Latency Breakdown ---
   TOTAL IOMMU OVERHEAD:            331275 us
   Avg latency per access:          0.0190923 us

********************************************************************************
system.body.body_pwconv0.llvm_interface
Total Area: 48151.2
Total Power Static: 1866.67

Total Power Dynamic: 45269.9
   ========= Performance Analysis =============
   Setup Time:                      0h 0m 0s 0ms 769us
   Simulation Time (Total):         0h 7m 24s 188ms
   Simulation Time (Active):        0h 0m 25s 964ms
        Queue Processing Time:      0h 0m 25s 947ms
             Scheduling Time:       0h 0m 15s 217ms
             Computation Time:      0h 0m 0s 328ms
   System Clock:                    0.1GHz
   Runtime:                         2568681 cycles
   Runtime:                         25686.8 us
   Stalls:                          0 cycles
   Executed Nodes:                  2568680 cycles

   ========= Kernel Validation Stats ==========
   Kernel validation enabled:       NO
   Configured latency per check:    0 us

   --- Access Breakdown ---
   Total memory accesses (validated): 0
   Cache hits (0 latency):          0
   Validation requests (full lat):  0
   Coalesced waits (partial lat):   0
   Validations denied:              0

   --- Latency Breakdown ---
   Validation request latency:      0 us
   Coalesced wait latency:          0 us
   TOTAL SECURITY OVERHEAD:         0 us
   Avg latency per validation:      0 us
   Avg latency per coalesced wait:  0 us
   Avg overhead per blocked access: 0 us

   --- Cache Statistics ---
   Processes with cached pages:     0
   Unique pages validated (total):  0
   Cache hit rate:                  0%

   ========= IOMMU Stats =====================
   IOMMU enabled:                   YES
   IOMMU SimObject:                 system.body.iommu

   --- Access Breakdown ---
   Total IOMMU checks:              17473235
   IOTLB hits:                      16271702
   IOTLB misses (page walks):       1201533
   IOTLB hit rate:                  93.1236%

   --- Latency Breakdown ---
   TOTAL IOMMU OVERHEAD:            332927 us
   Avg latency per access:          0.0190535 us

********************************************************************************
system.body.body_dwconv.llvm_interface
Total Area: 518438
Total Power Static: 27794.7

Total Power Dynamic: 316697
   ========= Performance Analysis =============
   Setup Time:                      0h 0m 0s 8ms 456us
   Simulation Time (Total):         0h 7m 58s 775ms
   Simulation Time (Active):        0h 2m 43s 609ms
        Queue Processing Time:      0h 2m 43s 589ms
             Scheduling Time:       0h 2m 30s 324ms
             Computation Time:      0h 0m 1s 784ms
   System Clock:                    0.1GHz
   Runtime:                         2639355 cycles
   Runtime:                         26393.5 us
   Stalls:                          0 cycles
   Executed Nodes:                  2639354 cycles

   ========= Kernel Validation Stats ==========
   Kernel validation enabled:       NO
   Configured latency per check:    0 us

   --- Access Breakdown ---
   Total memory accesses (validated): 0
   Cache hits (0 latency):          0
   Validation requests (full lat):  0
   Coalesced waits (partial lat):   0
   Validations denied:              0

   --- Latency Breakdown ---
   Validation request latency:      0 us
   Coalesced wait latency:          0 us
   TOTAL SECURITY OVERHEAD:         0 us
   Avg latency per validation:      0 us
   Avg latency per coalesced wait:  0 us
   Avg overhead per blocked access: 0 us

   --- Cache Statistics ---
   Processes with cached pages:     0
   Unique pages validated (total):  0
   Cache hit rate:                  0%

   ========= IOMMU Stats =====================
   IOMMU enabled:                   YES
   IOMMU SimObject:                 system.body.iommu

   --- Access Breakdown ---
   Total IOMMU checks:              17631464
   IOTLB hits:                      16428608
   IOTLB misses (page walks):       1202856
   IOTLB hit rate:                  93.1778%

   --- Latency Breakdown ---
   TOTAL IOMMU OVERHEAD:            333571 us
   Avg latency per access:          0.0189191 us

********************************************************************************
system.body.body_pwconv1.llvm_interface
Total Area: 2.99874e+06
Total Power Static: 92541.7

Total Power Dynamic: 914996
   ========= Performance Analysis =============
   Setup Time:                      0h 0m 0s 145ms 329us
   Simulation Time (Total):         0h 7m 58s 754ms
   Simulation Time (Active):        0h 3m 43s 218ms
        Queue Processing Time:      0h 3m 43s 202ms
             Scheduling Time:       0h 3m 18s 339ms
             Computation Time:      0h 0m 5s 517ms
   System Clock:                    0.1GHz
   Runtime:                         2642189 cycles
   Runtime:                         26421.9 us
   Stalls:                          0 cycles
   Executed Nodes:                  2642188 cycles

   ========= Kernel Validation Stats ==========
   Kernel validation enabled:       NO
   Configured latency per check:    0 us

   --- Access Breakdown ---
   Total memory accesses (validated): 0
   Cache hits (0 latency):          0
   Validation requests (full lat):  0
   Coalesced waits (partial lat):   0
   Validations denied:              0

   --- Latency Breakdown ---
   Validation request latency:      0 us
   Coalesced wait latency:          0 us
   TOTAL SECURITY OVERHEAD:         0 us
   Avg latency per validation:      0 us
   Avg latency per coalesced wait:  0 us
   Avg overhead per blocked access: 0 us

   --- Cache Statistics ---
   Processes with cached pages:     0
   Unique pages validated (total):  0
   Cache hit rate:                  0%

   ========= IOMMU Stats =====================
   IOMMU enabled:                   YES
   IOMMU SimObject:                 system.body.iommu

   --- Access Breakdown ---
   Total IOMMU checks:              17634559
   IOTLB hits:                      16431703
   IOTLB misses (page walks):       1202856
   IOTLB hit rate:                  93.179%

   --- Latency Breakdown ---
   TOTAL IOMMU OVERHEAD:            333577 us
   Avg latency per access:          0.0189161 us

********************************************************************************
system.body.body_top.llvm_interface
Total Area: 14997.7
Total Power Static: 0.957346

Total Power Dynamic: 4.74324
   ========= Performance Analysis =============
   Setup Time:                      0h 0m 0s 14ms 698us
   Simulation Time (Total):         0h 7m 59s 358ms
   Simulation Time (Active):        0h 0m 0s 408ms
        Queue Processing Time:      0h 0m 0s 226ms
             Scheduling Time:       0h 0m 0s 68ms
             Computation Time:      0h 0m 0s 17ms
   System Clock:                    0.1GHz
   Runtime:                         2660714 cycles
   Runtime:                         26607.1 us
   Stalls:                          0 cycles
   Executed Nodes:                  2660713 cycles

   ========= Kernel Validation Stats ==========
   Kernel validation enabled:       NO
   Configured latency per check:    0 us

   --- Access Breakdown ---
   Total memory accesses (validated): 0
   Cache hits (0 latency):          0
   Validation requests (full lat):  0
   Coalesced waits (partial lat):   0
   Validations denied:              0

   --- Latency Breakdown ---
   Validation request latency:      0 us
   Coalesced wait latency:          0 us
   TOTAL SECURITY OVERHEAD:         0 us
   Avg latency per validation:      0 us
   Avg latency per coalesced wait:  0 us
   Avg overhead per blocked access: 0 us

   --- Cache Statistics ---
   Processes with cached pages:     0
   Unique pages validated (total):  0
   Cache hit rate:                  0%

   ========= IOMMU Stats =====================
   IOMMU enabled:                   YES
   IOMMU SimObject:                 system.body.iommu

   --- Access Breakdown ---
   Total IOMMU checks:              17634560
   IOTLB hits:                      16431704
   IOTLB misses (page walks):       1202856
   IOTLB hit rate:                  93.179%

   --- Latency Breakdown ---
   TOTAL IOMMU OVERHEAD:            333577 us
   Avg latency per access:          0.0189161 us

********************************************************************************
system.body.body_residual.llvm_interface
Total Area: 2691.64
Total Power Static: 16.4537

Total Power Dynamic: 65.7937
   ========= Performance Analysis =============
   Setup Time:                      0h 0m 0s 0ms 382us
   Simulation Time (Total):         0h 6m 58s 482ms
   Simulation Time (Active):        0h 0m 0s 274ms
        Queue Processing Time:      0h 0m 0s 124ms
             Scheduling Time:       0h 0m 0s 23ms
             Computation Time:      0h 0m 0s 3ms
   System Clock:                    0.1GHz
   Runtime:                         2430825 cycles
   Runtime:                         24308.2 us
   Stalls:                          0 cycles
   Executed Nodes:                  2430824 cycles

   ========= Kernel Validation Stats ==========
   Kernel validation enabled:       NO
   Configured latency per check:    0 us

   --- Access Breakdown ---
   Total memory accesses (validated): 0
   Cache hits (0 latency):          0
   Validation requests (full lat):  0
   Coalesced waits (partial lat):   0
   Validations denied:              0

   --- Latency Breakdown ---
   Validation request latency:      0 us
   Coalesced wait latency:          0 us
   TOTAL SECURITY OVERHEAD:         0 us
   Avg latency per validation:      0 us
   Avg latency per coalesced wait:  0 us
   Avg overhead per blocked access: 0 us

   --- Cache Statistics ---
   Processes with cached pages:     0
   Unique pages validated (total):  0
   Cache hit rate:                  0%

   ========= IOMMU Stats =====================
   IOMMU enabled:                   YES
   IOMMU SimObject:                 system.body.iommu

   --- Access Breakdown ---
   Total IOMMU checks:              19334177
   IOTLB hits:                      18049042
   IOTLB misses (page walks):       1285135
   IOTLB hit rate:                  93.353%

   --- Latency Breakdown ---
   TOTAL IOMMU OVERHEAD:            357382 us
   Avg latency per access:          0.0184845 us

********************************************************************************
system.body.body_pwconv0.llvm_interface
Total Area: 60189
Total Power Static: 1866.67

Total Power Dynamic: 45269.9
   ========= Performance Analysis =============
   Setup Time:                      0h 0m 0s 0ms 752us
   Simulation Time (Total):         0h 7m 28s 109ms
   Simulation Time (Active):        0h 0m 26s 280ms
        Queue Processing Time:      0h 0m 26s 262ms
             Scheduling Time:       0h 0m 15s 633ms
             Computation Time:      0h 0m 0s 332ms
   System Clock:                    0.1GHz
   Runtime:                         2596194 cycles
   Runtime:                         25961.9 us
   Stalls:                          0 cycles
   Executed Nodes:                  2596193 cycles

   ========= Kernel Validation Stats ==========
   Kernel validation enabled:       NO
   Configured latency per check:    0 us

   --- Access Breakdown ---
   Total memory accesses (validated): 0
   Cache hits (0 latency):          0
   Validation requests (full lat):  0
   Coalesced waits (partial lat):   0
   Validations denied:              0

   --- Latency Breakdown ---
   Validation request latency:      0 us
   Coalesced wait latency:          0 us
   TOTAL SECURITY OVERHEAD:         0 us
   Avg latency per validation:      0 us
   Avg latency per coalesced wait:  0 us
   Avg overhead per blocked access: 0 us

   --- Cache Statistics ---
   Processes with cached pages:     0
   Unique pages validated (total):  0
   Cache hit rate:                  0%

   ========= IOMMU Stats =====================
   IOMMU enabled:                   YES
   IOMMU SimObject:                 system.body.iommu

   --- Access Breakdown ---
   Total IOMMU checks:              19456176
   IOTLB hits:                      18165364
   IOTLB misses (page walks):       1290812
   IOTLB hit rate:                  93.3655%

   --- Latency Breakdown ---
   TOTAL IOMMU OVERHEAD:            359034 us
   Avg latency per access:          0.0184535 us

********************************************************************************
system.body.body_dwconv.llvm_interface
Total Area: 648047
Total Power Static: 27794.7

Total Power Dynamic: 316697
   ========= Performance Analysis =============
   Setup Time:                      0h 0m 0s 8ms 503us
   Simulation Time (Total):         0h 8m 2s 968ms
   Simulation Time (Active):        0h 2m 44s 247ms
        Queue Processing Time:      0h 2m 44s 227ms
             Scheduling Time:       0h 2m 30s 955ms
             Computation Time:      0h 0m 1s 799ms
   System Clock:                    0.1GHz
   Runtime:                         2667094 cycles
   Runtime:                         26670.9 us
   Stalls:                          0 cycles
   Executed Nodes:                  2667093 cycles

   ========= Kernel Validation Stats ==========
   Kernel validation enabled:       NO
   Configured latency per check:    0 us

   --- Access Breakdown ---
   Total memory accesses (validated): 0
   Cache hits (0 latency):          0
   Validation requests (full lat):  0
   Coalesced waits (partial lat):   0
   Validations denied:              0

   --- Latency Breakdown ---
   Validation request latency:      0 us
   Coalesced wait latency:          0 us
   TOTAL SECURITY OVERHEAD:         0 us
   Avg latency per validation:      0 us
   Avg latency per coalesced wait:  0 us
   Avg overhead per blocked access: 0 us

   --- Cache Statistics ---
   Processes with cached pages:     0
   Unique pages validated (total):  0
   Cache hit rate:                  0%

   ========= IOMMU Stats =====================
   IOMMU enabled:                   YES
   IOMMU SimObject:                 system.body.iommu

   --- Access Breakdown ---
   Total IOMMU checks:              19614407
   IOTLB hits:                      18322263
   IOTLB misses (page walks):       1292144
   IOTLB hit rate:                  93.4123%

   --- Latency Breakdown ---
   TOTAL IOMMU OVERHEAD:            359681 us
   Avg latency per access:          0.0183376 us

********************************************************************************
system.body.body_pwconv1.llvm_interface
Total Area: 3.74842e+06
Total Power Static: 92541.7

Total Power Dynamic: 914996
   ========= Performance Analysis =============
   Setup Time:                      0h 0m 0s 140ms 474us
   Simulation Time (Total):         0h 8m 2s 953ms
   Simulation Time (Active):        0h 3m 44s 980ms
        Queue Processing Time:      0h 3m 44s 964ms
             Scheduling Time:       0h 3m 20s 79ms
             Computation Time:      0h 0m 5s 539ms
   System Clock:                    0.1GHz
   Runtime:                         2669927 cycles
   Runtime:                         26699.3 us
   Stalls:                          0 cycles
   Executed Nodes:                  2669926 cycles

   ========= Kernel Validation Stats ==========
   Kernel validation enabled:       NO
   Configured latency per check:    0 us

   --- Access Breakdown ---
   Total memory accesses (validated): 0
   Cache hits (0 latency):          0
   Validation requests (full lat):  0
   Coalesced waits (partial lat):   0
   Validations denied:              0

   --- Latency Breakdown ---
   Validation request latency:      0 us
   Coalesced wait latency:          0 us
   TOTAL SECURITY OVERHEAD:         0 us
   Avg latency per validation:      0 us
   Avg latency per coalesced wait:  0 us
   Avg overhead per blocked access: 0 us

   --- Cache Statistics ---
   Processes with cached pages:     0
   Unique pages validated (total):  0
   Cache hit rate:                  0%

   ========= IOMMU Stats =====================
   IOMMU enabled:                   YES
   IOMMU SimObject:                 system.body.iommu

   --- Access Breakdown ---
   Total IOMMU checks:              19617502
   IOTLB hits:                      18325358
   IOTLB misses (page walks):       1292144
   IOTLB hit rate:                  93.4133%

   --- Latency Breakdown ---
   TOTAL IOMMU OVERHEAD:            359687 us
   Avg latency per access:          0.018335 us

********************************************************************************
system.body.body_top.llvm_interface
Total Area: 18747.1
Total Power Static: 0.959791

Total Power Dynamic: 4.75526
   ========= Performance Analysis =============
   Setup Time:                      0h 0m 0s 7ms 401us
   Simulation Time (Total):         0h 8m 3s 568ms
   Simulation Time (Active):        0h 0m 0s 420ms
        Queue Processing Time:      0h 0m 0s 236ms
             Scheduling Time:       0h 0m 0s 73ms
             Computation Time:      0h 0m 0s 18ms
   System Clock:                    0.1GHz
   Runtime:                         2688500 cycles
   Runtime:                         26885 us
   Stalls:                          0 cycles
   Executed Nodes:                  2688499 cycles

   ========= Kernel Validation Stats ==========
   Kernel validation enabled:       NO
   Configured latency per check:    0 us

   --- Access Breakdown ---
   Total memory accesses (validated): 0
   Cache hits (0 latency):          0
   Validation requests (full lat):  0
   Coalesced waits (partial lat):   0
   Validations denied:              0

   --- Latency Breakdown ---
   Validation request latency:      0 us
   Coalesced wait latency:          0 us
   TOTAL SECURITY OVERHEAD:         0 us
   Avg latency per validation:      0 us
   Avg latency per coalesced wait:  0 us
   Avg overhead per blocked access: 0 us

   --- Cache Statistics ---
   Processes with cached pages:     0
   Unique pages validated (total):  0
   Cache hit rate:                  0%

   ========= IOMMU Stats =====================
   IOMMU enabled:                   YES
   IOMMU SimObject:                 system.body.iommu

   --- Access Breakdown ---
   Total IOMMU checks:              19617503
   IOTLB hits:                      18325359
   IOTLB misses (page walks):       1292144
   IOTLB hit rate:                  93.4133%

   --- Latency Breakdown ---
   TOTAL IOMMU OVERHEAD:            359687 us
   Avg latency per access:          0.018335 us

********************************************************************************
system.body.body_residual.llvm_interface
Total Area: 3229.97
Total Power Static: 16.4537

Total Power Dynamic: 65.7937
   ========= Performance Analysis =============
   Setup Time:                      0h 0m 0s 0ms 408us
   Simulation Time (Total):         0h 4m 34s 844ms
   Simulation Time (Active):        0h 0m 0s 231ms
        Queue Processing Time:      0h 0m 0s 106ms
             Scheduling Time:       0h 0m 0s 21ms
             Computation Time:      0h 0m 0s 3ms
   System Clock:                    0.1GHz
   Runtime:                         2031240 cycles
   Runtime:                         20312.4 us
   Stalls:                          0 cycles
   Executed Nodes:                  2031239 cycles

   ========= Kernel Validation Stats ==========
   Kernel validation enabled:       NO
   Configured latency per check:    0 us

   --- Access Breakdown ---
   Total memory accesses (validated): 0
   Cache hits (0 latency):          0
   Validation requests (full lat):  0
   Coalesced waits (partial lat):   0
   Validations denied:              0

   --- Latency Breakdown ---
   Validation request latency:      0 us
   Coalesced wait latency:          0 us
   TOTAL SECURITY OVERHEAD:         0 us
   Avg latency per validation:      0 us
   Avg latency per coalesced wait:  0 us
   Avg overhead per blocked access: 0 us

   --- Cache Statistics ---
   Processes with cached pages:     0
   Unique pages validated (total):  0
   Cache hit rate:                  0%

   ========= IOMMU Stats =====================
   IOMMU enabled:                   YES
   IOMMU SimObject:                 system.body.iommu

   --- Access Breakdown ---
   Total IOMMU checks:              20671051
   IOTLB hits:                      19305576
   IOTLB misses (page walks):       1365475
   IOTLB hit rate:                  93.3943%

   --- Latency Breakdown ---
   TOTAL IOMMU OVERHEAD:            379980 us
   Avg latency per access:          0.0183822 us

********************************************************************************
system.body.body_pwconv0.llvm_interface
Total Area: 72226.8
Total Power Static: 1866.67

Total Power Dynamic: 45269.9
   ========= Performance Analysis =============
   Setup Time:                      0h 0m 0s 0ms 787us
   Simulation Time (Total):         0h 4m 57s 544ms
   Simulation Time (Active):        0h 0m 24s 610ms
        Queue Processing Time:      0h 0m 24s 593ms
             Scheduling Time:       0h 0m 15s 38ms
             Computation Time:      0h 0m 0s 331ms
   System Clock:                    0.1GHz
   Runtime:                         2175072 cycles
   Runtime:                         21750.7 us
   Stalls:                          0 cycles
   Executed Nodes:                  2175071 cycles

   ========= Kernel Validation Stats ==========
   Kernel validation enabled:       NO
   Configured latency per check:    0 us

   --- Access Breakdown ---
   Total memory accesses (validated): 0
   Cache hits (0 latency):          0
   Validation requests (full lat):  0
   Coalesced waits (partial lat):   0
   Validations denied:              0

   --- Latency Breakdown ---
   Validation request latency:      0 us
   Coalesced wait latency:          0 us
   TOTAL SECURITY OVERHEAD:         0 us
   Avg latency per validation:      0 us
   Avg latency per coalesced wait:  0 us
   Avg overhead per blocked access: 0 us

   --- Cache Statistics ---
   Processes with cached pages:     0
   Unique pages validated (total):  0
   Cache hit rate:                  0%

   ========= IOMMU Stats =====================
   IOMMU enabled:                   YES
   IOMMU SimObject:                 system.body.iommu

   --- Access Breakdown ---
   Total IOMMU checks:              20763498
   IOTLB hits:                      19392973
   IOTLB misses (page walks):       1370525
   IOTLB hit rate:                  93.3994%

   --- Latency Breakdown ---
   TOTAL IOMMU OVERHEAD:            381417 us
   Avg latency per access:          0.0183696 us

********************************************************************************
system.body.body_pwconv1.llvm_interface
Total Area: 4.49811e+06
Total Power Static: 34660

Total Power Dynamic: 342746
   ========= Performance Analysis =============
   Setup Time:                      0h 0m 0s 142ms 140us
   Simulation Time (Total):         0h 5m 4s 629ms
   Simulation Time (Active):        0h 1m 17s 682ms
        Queue Processing Time:      0h 1m 17s 674ms
             Scheduling Time:       0h 1m 9s 240ms
             Computation Time:      0h 0m 2s 57ms
   System Clock:                    0.1GHz
   Runtime:                         2181347 cycles
   Runtime:                         21813.5 us
   Stalls:                          0 cycles
   Executed Nodes:                  2181346 cycles

   ========= Kernel Validation Stats ==========
   Kernel validation enabled:       NO
   Configured latency per check:    0 us

   --- Access Breakdown ---
   Total memory accesses (validated): 0
   Cache hits (0 latency):          0
   Validation requests (full lat):  0
   Coalesced waits (partial lat):   0
   Validations denied:              0

   --- Latency Breakdown ---
   Validation request latency:      0 us
   Coalesced wait latency:          0 us
   TOTAL SECURITY OVERHEAD:         0 us
   Avg latency per validation:      0 us
   Avg latency per coalesced wait:  0 us
   Avg overhead per blocked access: 0 us

   --- Cache Statistics ---
   Processes with cached pages:     0
   Unique pages validated (total):  0
   Cache hit rate:                  0%

   ========= IOMMU Stats =====================
   IOMMU enabled:                   YES
   IOMMU SimObject:                 system.body.iommu

   --- Access Breakdown ---
   Total IOMMU checks:              20791018
   IOTLB hits:                      19420492
   IOTLB misses (page walks):       1370526
   IOTLB hit rate:                  93.4081%

   --- Latency Breakdown ---
   TOTAL IOMMU OVERHEAD:            381472 us
   Avg latency per access:          0.0183479 us

********************************************************************************
system.body.body_dwconv.llvm_interface
Total Area: 777657
Total Power Static: 27770.1

Total Power Dynamic: 316697
   ========= Performance Analysis =============
   Setup Time:                      0h 0m 0s 8ms 402us
   Simulation Time (Total):         0h 5m 12s 198ms
   Simulation Time (Active):        0h 2m 40s 130ms
        Queue Processing Time:      0h 2m 40s 112ms
             Scheduling Time:       0h 2m 28s 408ms
             Computation Time:      0h 0m 1s 784ms
   System Clock:                    0.1GHz
   Runtime:                         2188238 cycles
   Runtime:                         21882.4 us
   Stalls:                          0 cycles
   Executed Nodes:                  2188237 cycles

   ========= Kernel Validation Stats ==========
   Kernel validation enabled:       NO
   Configured latency per check:    0 us

   --- Access Breakdown ---
   Total memory accesses (validated): 0
   Cache hits (0 latency):          0
   Validation requests (full lat):  0
   Coalesced waits (partial lat):   0
   Validations denied:              0

   --- Latency Breakdown ---
   Validation request latency:      0 us
   Coalesced wait latency:          0 us
   TOTAL SECURITY OVERHEAD:         0 us
   Avg latency per validation:      0 us
   Avg latency per coalesced wait:  0 us
   Avg overhead per blocked access: 0 us

   --- Cache Statistics ---
   Processes with cached pages:     0
   Unique pages validated (total):  0
   Cache hit rate:                  0%

   ========= IOMMU Stats =====================
   IOMMU enabled:                   YES
   IOMMU SimObject:                 system.body.iommu

   --- Access Breakdown ---
   Total IOMMU checks:              20820647
   IOTLB hits:                      19450121
   IOTLB misses (page walks):       1370526
   IOTLB hit rate:                  93.4175%

   --- Latency Breakdown ---
   TOTAL IOMMU OVERHEAD:            381532 us
   Avg latency per access:          0.0183247 us

********************************************************************************
system.body.body_top.llvm_interface
Total Area: 22496.5
Total Power Static: 0.961013

Total Power Dynamic: 4.76126
   ========= Performance Analysis =============
   Setup Time:                      0h 0m 0s 7ms 333us
   Simulation Time (Total):         0h 5m 12s 650ms
   Simulation Time (Active):        0h 0m 0s 325ms
        Queue Processing Time:      0h 0m 0s 173ms
             Scheduling Time:       0h 0m 0s 48ms
             Computation Time:      0h 0m 0s 13ms
   System Clock:                    0.1GHz
   Runtime:                         2206838 cycles
   Runtime:                         22068.4 us
   Stalls:                          0 cycles
   Executed Nodes:                  2206837 cycles

   ========= Kernel Validation Stats ==========
   Kernel validation enabled:       NO
   Configured latency per check:    0 us

   --- Access Breakdown ---
   Total memory accesses (validated): 0
   Cache hits (0 latency):          0
   Validation requests (full lat):  0
   Coalesced waits (partial lat):   0
   Validations denied:              0

   --- Latency Breakdown ---
   Validation request latency:      0 us
   Coalesced wait latency:          0 us
   TOTAL SECURITY OVERHEAD:         0 us
   Avg latency per validation:      0 us
   Avg latency per coalesced wait:  0 us
   Avg overhead per blocked access: 0 us

   --- Cache Statistics ---
   Processes with cached pages:     0
   Unique pages validated (total):  0
   Cache hit rate:                  0%

   ========= IOMMU Stats =====================
   IOMMU enabled:                   YES
   IOMMU SimObject:                 system.body.iommu

   --- Access Breakdown ---
   Total IOMMU checks:              20820650
   IOTLB hits:                      19450124
   IOTLB misses (page walks):       1370526
   IOTLB hit rate:                  93.4175%

   --- Latency Breakdown ---
   TOTAL IOMMU OVERHEAD:            381532 us
   Avg latency per access:          0.0183247 us

********************************************************************************
system.body.body_residual.llvm_interface
Total Area: 3768.3
Total Power Static: 4.11165

Total Power Dynamic: 12.3363
   ========= Performance Analysis =============
   Setup Time:                      0h 0m 0s 0ms 402us
   Simulation Time (Total):         0h 1m 53s 456ms
   Simulation Time (Active):        0h 0m 0s 76ms
        Queue Processing Time:      0h 0m 0s 34ms
             Scheduling Time:       0h 0m 0s 5ms
             Computation Time:      0h 0m 0s 0ms
   System Clock:                    0.1GHz
   Runtime:                         699939 cycles
   Runtime:                         6999.39 us
   Stalls:                          0 cycles
   Executed Nodes:                  699938 cycles

   ========= Kernel Validation Stats ==========
   Kernel validation enabled:       NO
   Configured latency per check:    0 us

   --- Access Breakdown ---
   Total memory accesses (validated): 0
   Cache hits (0 latency):          0
   Validation requests (full lat):  0
   Coalesced waits (partial lat):   0
   Validations denied:              0

   --- Latency Breakdown ---
   Validation request latency:      0 us
   Coalesced wait latency:          0 us
   TOTAL SECURITY OVERHEAD:         0 us
   Avg latency per validation:      0 us
   Avg latency per coalesced wait:  0 us
   Avg overhead per blocked access: 0 us

   --- Cache Statistics ---
   Processes with cached pages:     0
   Unique pages validated (total):  0
   Cache hit rate:                  0%

   ========= IOMMU Stats =====================
   IOMMU enabled:                   YES
   IOMMU SimObject:                 system.body.iommu

   --- Access Breakdown ---
   Total IOMMU checks:              21308690
   IOTLB hits:                      19914060
   IOTLB misses (page walks):       1394630
   IOTLB hit rate:                  93.4551%

   --- Latency Breakdown ---
   TOTAL IOMMU OVERHEAD:            388486 us
   Avg latency per access:          0.0182313 us

********************************************************************************
system.body.body_pwconv0.llvm_interface
Total Area: 84264.5
Total Power Static: 692.817

Total Power Dynamic: 16913.1
   ========= Performance Analysis =============
   Setup Time:                      0h 0m 0s 0ms 768us
   Simulation Time (Total):         0h 2m 20s 260ms
   Simulation Time (Active):        0h 0m 7s 694ms
        Queue Processing Time:      0h 0m 7s 674ms
             Scheduling Time:       0h 0m 4s 264ms
             Computation Time:      0h 0m 0s 114ms
   System Clock:                    0.1GHz
   Runtime:                         862559 cycles
   Runtime:                         8625.59 us
   Stalls:                          0 cycles
   Executed Nodes:                  862558 cycles

   ========= Kernel Validation Stats ==========
   Kernel validation enabled:       NO
   Configured latency per check:    0 us

   --- Access Breakdown ---
   Total memory accesses (validated): 0
   Cache hits (0 latency):          0
   Validation requests (full lat):  0
   Coalesced waits (partial lat):   0
   Validations denied:              0

   --- Latency Breakdown ---
   Validation request latency:      0 us
   Coalesced wait latency:          0 us
   TOTAL SECURITY OVERHEAD:         0 us
   Avg latency per validation:      0 us
   Avg latency per coalesced wait:  0 us
   Avg overhead per blocked access: 0 us

   --- Cache Statistics ---
   Processes with cached pages:     0
   Unique pages validated (total):  0
   Cache hit rate:                  0%

   ========= IOMMU Stats =====================
   IOMMU enabled:                   YES
   IOMMU SimObject:                 system.body.iommu

   --- Access Breakdown ---
   Total IOMMU checks:              21423566
   IOTLB hits:                      20023381
   IOTLB misses (page walks):       1400185
   IOTLB hit rate:                  93.4643%

   --- Latency Breakdown ---
   TOTAL IOMMU OVERHEAD:            390093 us
   Avg latency per access:          0.0182086 us

********************************************************************************
system.body.body_dwconv.llvm_interface
Total Area: 907266
Total Power Static: 10000

Total Power Dynamic: 113736
   ========= Performance Analysis =============
   Setup Time:                      0h 0m 0s 8ms 320us
   Simulation Time (Total):         0h 2m 46s 136ms
   Simulation Time (Active):        0h 0m 59s 792ms
        Queue Processing Time:      0h 0m 59s 783ms
             Scheduling Time:       0h 0m 55s 12ms
             Computation Time:      0h 0m 0s 637ms
   System Clock:                    0.1GHz
   Runtime:                         916066 cycles
   Runtime:                         9160.66 us
   Stalls:                          0 cycles
   Executed Nodes:                  916065 cycles

   ========= Kernel Validation Stats ==========
   Kernel validation enabled:       NO
   Configured latency per check:    0 us

   --- Access Breakdown ---
   Total memory accesses (validated): 0
   Cache hits (0 latency):          0
   Validation requests (full lat):  0
   Coalesced waits (partial lat):   0
   Validations denied:              0

   --- Latency Breakdown ---
   Validation request latency:      0 us
   Coalesced wait latency:          0 us
   TOTAL SECURITY OVERHEAD:         0 us
   Avg latency per validation:      0 us
   Avg latency per coalesced wait:  0 us
   Avg overhead per blocked access: 0 us

   --- Cache Statistics ---
   Processes with cached pages:     0
   Unique pages validated (total):  0
   Cache hit rate:                  0%

   ========= IOMMU Stats =====================
   IOMMU enabled:                   YES
   IOMMU SimObject:                 system.body.iommu

   --- Access Breakdown ---
   Total IOMMU checks:              21546387
   IOTLB hits:                      20145110
   IOTLB misses (page walks):       1401277
   IOTLB hit rate:                  93.4965%

   --- Latency Breakdown ---
   TOTAL IOMMU OVERHEAD:            390609 us
   Avg latency per access:          0.0181288 us

********************************************************************************
system.body.body_pwconv1.llvm_interface
Total Area: 5.24779e+06
Total Power Static: 34660

Total Power Dynamic: 342746
   ========= Performance Analysis =============
   Setup Time:                      0h 0m 0s 135ms 87us
   Simulation Time (Total):         0h 2m 46s 17ms
   Simulation Time (Active):        0h 1m 16s 120ms
        Queue Processing Time:      0h 1m 16s 114ms
             Scheduling Time:       0h 1m 8s 44ms
             Computation Time:      0h 0m 2s 21ms
   System Clock:                    0.1GHz
   Runtime:                         917107 cycles
   Runtime:                         9171.07 us
   Stalls:                          0 cycles
   Executed Nodes:                  917106 cycles

   ========= Kernel Validation Stats ==========
   Kernel validation enabled:       NO
   Configured latency per check:    0 us

   --- Access Breakdown ---
   Total memory accesses (validated): 0
   Cache hits (0 latency):          0
   Validation requests (full lat):  0
   Coalesced waits (partial lat):   0
   Validations denied:              0

   --- Latency Breakdown ---
   Validation request latency:      0 us
   Coalesced wait latency:          0 us
   TOTAL SECURITY OVERHEAD:         0 us
   Avg latency per validation:      0 us
   Avg latency per coalesced wait:  0 us
   Avg overhead per blocked access: 0 us

   --- Cache Statistics ---
   Processes with cached pages:     0
   Unique pages validated (total):  0
   Cache hit rate:                  0%

   ========= IOMMU Stats =====================
   IOMMU enabled:                   YES
   IOMMU SimObject:                 system.body.iommu

   --- Access Breakdown ---
   Total IOMMU checks:              21547531
   IOTLB hits:                      20146254
   IOTLB misses (page walks):       1401277
   IOTLB hit rate:                  93.4968%

   --- Latency Breakdown ---
   TOTAL IOMMU OVERHEAD:            390612 us
   Avg latency per access:          0.0181279 us

********************************************************************************
system.body.body_top.llvm_interface
Total Area: 26245.9
Total Power Static: 0.95918

Total Power Dynamic: 4.75225
   ========= Performance Analysis =============
   Setup Time:                      0h 0m 0s 18ms 990us
   Simulation Time (Total):         0h 2m 46s 584ms
   Simulation Time (Active):        0h 0m 0s 135ms
        Queue Processing Time:      0h 0m 0s 79ms
             Scheduling Time:       0h 0m 0s 24ms
             Computation Time:      0h 0m 0s 6ms
   System Clock:                    0.1GHz
   Runtime:                         935672 cycles
   Runtime:                         9356.72 us
   Stalls:                          0 cycles
   Executed Nodes:                  935671 cycles

   ========= Kernel Validation Stats ==========
   Kernel validation enabled:       NO
   Configured latency per check:    0 us

   --- Access Breakdown ---
   Total memory accesses (validated): 0
   Cache hits (0 latency):          0
   Validation requests (full lat):  0
   Coalesced waits (partial lat):   0
   Validations denied:              0

   --- Latency Breakdown ---
   Validation request latency:      0 us
   Coalesced wait latency:          0 us
   TOTAL SECURITY OVERHEAD:         0 us
   Avg latency per validation:      0 us
   Avg latency per coalesced wait:  0 us
   Avg overhead per blocked access: 0 us

   --- Cache Statistics ---
   Processes with cached pages:     0
   Unique pages validated (total):  0
   Cache hit rate:                  0%

   ========= IOMMU Stats =====================
   IOMMU enabled:                   YES
   IOMMU SimObject:                 system.body.iommu

   --- Access Breakdown ---
   Total IOMMU checks:              21547533
   IOTLB hits:                      20146256
   IOTLB misses (page walks):       1401277
   IOTLB hit rate:                  93.4968%

   --- Latency Breakdown ---
   TOTAL IOMMU OVERHEAD:            390612 us
   Avg latency per access:          0.0181279 us

********************************************************************************
system.body.body_residual.llvm_interface
Total Area: 4306.63
Total Power Static: 6.16866

Total Power Dynamic: 24.6726
   ========= Performance Analysis =============
   Setup Time:                      0h 0m 0s 0ms 381us
   Simulation Time (Total):         0h 1m 54s 155ms
   Simulation Time (Active):        0h 0m 0s 79ms
        Queue Processing Time:      0h 0m 0s 37ms
             Scheduling Time:       0h 0m 0s 7ms
             Computation Time:      0h 0m 0s 1ms
   System Clock:                    0.1GHz
   Runtime:                         706032 cycles
   Runtime:                         7060.32 us
   Stalls:                          0 cycles
   Executed Nodes:                  706031 cycles

   ========= Kernel Validation Stats ==========
   Kernel validation enabled:       NO
   Configured latency per check:    0 us

   --- Access Breakdown ---
   Total memory accesses (validated): 0
   Cache hits (0 latency):          0
   Validation requests (full lat):  0
   Coalesced waits (partial lat):   0
   Validations denied:              0

   --- Latency Breakdown ---
   Validation request latency:      0 us
   Coalesced wait latency:          0 us
   TOTAL SECURITY OVERHEAD:         0 us
   Avg latency per validation:      0 us
   Avg latency per coalesced wait:  0 us
   Avg overhead per blocked access: 0 us

   --- Cache Statistics ---
   Processes with cached pages:     0
   Unique pages validated (total):  0
   Cache hit rate:                  0%

   ========= IOMMU Stats =====================
   IOMMU enabled:                   YES
   IOMMU SimObject:                 system.body.iommu

   --- Access Breakdown ---
   Total IOMMU checks:              22036828
   IOTLB hits:                      20611281
   IOTLB misses (page walks):       1425547
   IOTLB hit rate:                  93.5311%

   --- Latency Breakdown ---
   TOTAL IOMMU OVERHEAD:            397609 us
   Avg latency per access:          0.0180429 us

********************************************************************************
system.body.body_pwconv0.llvm_interface
Total Area: 96302.3
Total Power Static: 692.817

Total Power Dynamic: 16913.1
   ========= Performance Analysis =============
   Setup Time:                      0h 0m 0s 0ms 758us
   Simulation Time (Total):         0h 2m 20s 865ms
   Simulation Time (Active):        0h 0m 7s 700ms
        Queue Processing Time:      0h 0m 7s 679ms
             Scheduling Time:       0h 0m 4s 293ms
             Computation Time:      0h 0m 0s 115ms
   System Clock:                    0.1GHz
   Runtime:                         867590 cycles
   Runtime:                         8675.9 us
   Stalls:                          0 cycles
   Executed Nodes:                  867589 cycles

   ========= Kernel Validation Stats ==========
   Kernel validation enabled:       NO
   Configured latency per check:    0 us

   --- Access Breakdown ---
   Total memory accesses (validated): 0
   Cache hits (0 latency):          0
   Validation requests (full lat):  0
   Coalesced waits (partial lat):   0
   Validations denied:              0

   --- Latency Breakdown ---
   Validation request latency:      0 us
   Coalesced wait latency:          0 us
   TOTAL SECURITY OVERHEAD:         0 us
   Avg latency per validation:      0 us
   Avg latency per coalesced wait:  0 us
   Avg overhead per blocked access: 0 us

   --- Cache Statistics ---
   Processes with cached pages:     0
   Unique pages validated (total):  0
   Cache hit rate:                  0%

   ========= IOMMU Stats =====================
   IOMMU enabled:                   YES
   IOMMU SimObject:                 system.body.iommu

   --- Access Breakdown ---
   Total IOMMU checks:              22151360
   IOTLB hits:                      20720259
   IOTLB misses (page walks):       1431101
   IOTLB hit rate:                  93.5394%

   --- Latency Breakdown ---
   TOTAL IOMMU OVERHEAD:            399216 us
   Avg latency per access:          0.0180222 us

********************************************************************************
system.body.body_dwconv.llvm_interface
Total Area: 1.03688e+06
Total Power Static: 10000

Total Power Dynamic: 113736
   ========= Performance Analysis =============
   Setup Time:                      0h 0m 0s 8ms 210us
   Simulation Time (Total):         0h 2m 47s 120ms
   Simulation Time (Active):        0h 1m 0s 150ms
        Queue Processing Time:      0h 1m 0s 141ms
             Scheduling Time:       0h 0m 55s 359ms
             Computation Time:      0h 0m 0s 639ms
   System Clock:                    0.1GHz
   Runtime:                         921143 cycles
   Runtime:                         9211.43 us
   Stalls:                          0 cycles
   Executed Nodes:                  921142 cycles

   ========= Kernel Validation Stats ==========
   Kernel validation enabled:       NO
   Configured latency per check:    0 us

   --- Access Breakdown ---
   Total memory accesses (validated): 0
   Cache hits (0 latency):          0
   Validation requests (full lat):  0
   Coalesced waits (partial lat):   0
   Validations denied:              0

   --- Latency Breakdown ---
   Validation request latency:      0 us
   Coalesced wait latency:          0 us
   TOTAL SECURITY OVERHEAD:         0 us
   Avg latency per validation:      0 us
   Avg latency per coalesced wait:  0 us
   Avg overhead per blocked access: 0 us

   --- Cache Statistics ---
   Processes with cached pages:     0
   Unique pages validated (total):  0
   Cache hit rate:                  0%

   ========= IOMMU Stats =====================
   IOMMU enabled:                   YES
   IOMMU SimObject:                 system.body.iommu

   --- Access Breakdown ---
   Total IOMMU checks:              22274181
   IOTLB hits:                      20841986
   IOTLB misses (page walks):       1432195
   IOTLB hit rate:                  93.5702%

   --- Latency Breakdown ---
   TOTAL IOMMU OVERHEAD:            399733 us
   Avg latency per access:          0.017946 us

********************************************************************************
system.body.body_pwconv1.llvm_interface
Total Area: 5.99748e+06
Total Power Static: 34660

Total Power Dynamic: 342746
   ========= Performance Analysis =============
   Setup Time:                      0h 0m 0s 136ms 78us
   Simulation Time (Total):         0h 2m 47s 0ms
   Simulation Time (Active):        0h 1m 16s 573ms
        Queue Processing Time:      0h 1m 16s 567ms
             Scheduling Time:       0h 1m 8s 464ms
             Computation Time:      0h 0m 2s 18ms
   System Clock:                    0.1GHz
   Runtime:                         922183 cycles
   Runtime:                         9221.83 us
   Stalls:                          0 cycles
   Executed Nodes:                  922182 cycles

   ========= Kernel Validation Stats ==========
   Kernel validation enabled:       NO
   Configured latency per check:    0 us

   --- Access Breakdown ---
   Total memory accesses (validated): 0
   Cache hits (0 latency):          0
   Validation requests (full lat):  0
   Coalesced waits (partial lat):   0
   Validations denied:              0

   --- Latency Breakdown ---
   Validation request latency:      0 us
   Coalesced wait latency:          0 us
   TOTAL SECURITY OVERHEAD:         0 us
   Avg latency per validation:      0 us
   Avg latency per coalesced wait:  0 us
   Avg overhead per blocked access: 0 us

   --- Cache Statistics ---
   Processes with cached pages:     0
   Unique pages validated (total):  0
   Cache hit rate:                  0%

   ========= IOMMU Stats =====================
   IOMMU enabled:                   YES
   IOMMU SimObject:                 system.body.iommu

   --- Access Breakdown ---
   Total IOMMU checks:              22275325
   IOTLB hits:                      20843130
   IOTLB misses (page walks):       1432195
   IOTLB hit rate:                  93.5705%

   --- Latency Breakdown ---
   TOTAL IOMMU OVERHEAD:            399735 us
   Avg latency per access:          0.0179452 us

********************************************************************************
system.body.body_top.llvm_interface
Total Area: 29995.3
Total Power Static: 0.956735

Total Power Dynamic: 4.74024
   ========= Performance Analysis =============
   Setup Time:                      0h 0m 0s 7ms 386us
   Simulation Time (Total):         0h 2m 47s 578ms
   Simulation Time (Active):        0h 0m 0s 144ms
        Queue Processing Time:      0h 0m 0s 80ms
             Scheduling Time:       0h 0m 0s 24ms
             Computation Time:      0h 0m 0s 6ms
   System Clock:                    0.1GHz
   Runtime:                         940705 cycles
   Runtime:                         9407.05 us
   Stalls:                          0 cycles
   Executed Nodes:                  940704 cycles

   ========= Kernel Validation Stats ==========
   Kernel validation enabled:       NO
   Configured latency per check:    0 us

   --- Access Breakdown ---
   Total memory accesses (validated): 0
   Cache hits (0 latency):          0
   Validation requests (full lat):  0
   Coalesced waits (partial lat):   0
   Validations denied:              0

   --- Latency Breakdown ---
   Validation request latency:      0 us
   Coalesced wait latency:          0 us
   TOTAL SECURITY OVERHEAD:         0 us
   Avg latency per validation:      0 us
   Avg latency per coalesced wait:  0 us
   Avg overhead per blocked access: 0 us

   --- Cache Statistics ---
   Processes with cached pages:     0
   Unique pages validated (total):  0
   Cache hit rate:                  0%

   ========= IOMMU Stats =====================
   IOMMU enabled:                   YES
   IOMMU SimObject:                 system.body.iommu

   --- Access Breakdown ---
   Total IOMMU checks:              22275327
   IOTLB hits:                      20843132
   IOTLB misses (page walks):       1432195
   IOTLB hit rate:                  93.5705%

   --- Latency Breakdown ---
   TOTAL IOMMU OVERHEAD:            399735 us
   Avg latency per access:          0.0179452 us

********************************************************************************
system.body.body_residual.llvm_interface
Total Area: 4844.96
Total Power Static: 6.16866

Total Power Dynamic: 24.6726
   ========= Performance Analysis =============
   Setup Time:                      0h 0m 0s 0ms 399us
   Simulation Time (Total):         0h 1m 54s 478ms
   Simulation Time (Active):        0h 0m 0s 79ms
        Queue Processing Time:      0h 0m 0s 37ms
             Scheduling Time:       0h 0m 0s 7ms
             Computation Time:      0h 0m 0s 1ms
   System Clock:                    0.1GHz
   Runtime:                         706032 cycles
   Runtime:                         7060.32 us
   Stalls:                          0 cycles
   Executed Nodes:                  706031 cycles

   ========= Kernel Validation Stats ==========
   Kernel validation enabled:       NO
   Configured latency per check:    0 us

   --- Access Breakdown ---
   Total memory accesses (validated): 0
   Cache hits (0 latency):          0
   Validation requests (full lat):  0
   Coalesced waits (partial lat):   0
   Validations denied:              0

   --- Latency Breakdown ---
   Validation request latency:      0 us
   Coalesced wait latency:          0 us
   TOTAL SECURITY OVERHEAD:         0 us
   Avg latency per validation:      0 us
   Avg latency per coalesced wait:  0 us
   Avg overhead per blocked access: 0 us

   --- Cache Statistics ---
   Processes with cached pages:     0
   Unique pages validated (total):  0
   Cache hit rate:                  0%

   ========= IOMMU Stats =====================
   IOMMU enabled:                   YES
   IOMMU SimObject:                 system.body.iommu

   --- Access Breakdown ---
   Total IOMMU checks:              22764622
   IOTLB hits:                      21308157
   IOTLB misses (page walks):       1456465
   IOTLB hit rate:                  93.6021%

   --- Latency Breakdown ---
   TOTAL IOMMU OVERHEAD:            406733 us
   Avg latency per access:          0.0178669 us

********************************************************************************
system.body.body_pwconv0.llvm_interface
Total Area: 108340
Total Power Static: 692.817

Total Power Dynamic: 16913.1
   ========= Performance Analysis =============
   Setup Time:                      0h 0m 0s 0ms 763us
   Simulation Time (Total):         0h 2m 21s 233ms
   Simulation Time (Active):        0h 0m 7s 854ms
        Queue Processing Time:      0h 0m 7s 833ms
             Scheduling Time:       0h 0m 4s 405ms
             Computation Time:      0h 0m 0s 116ms
   System Clock:                    0.1GHz
   Runtime:                         867590 cycles
   Runtime:                         8675.9 us
   Stalls:                          0 cycles
   Executed Nodes:                  867589 cycles

   ========= Kernel Validation Stats ==========
   Kernel validation enabled:       NO
   Configured latency per check:    0 us

   --- Access Breakdown ---
   Total memory accesses (validated): 0
   Cache hits (0 latency):          0
   Validation requests (full lat):  0
   Coalesced waits (partial lat):   0
   Validations denied:              0

   --- Latency Breakdown ---
   Validation request latency:      0 us
   Coalesced wait latency:          0 us
   TOTAL SECURITY OVERHEAD:         0 us
   Avg latency per validation:      0 us
   Avg latency per coalesced wait:  0 us
   Avg overhead per blocked access: 0 us

   --- Cache Statistics ---
   Processes with cached pages:     0
   Unique pages validated (total):  0
   Cache hit rate:                  0%

   ========= IOMMU Stats =====================
   IOMMU enabled:                   YES
   IOMMU SimObject:                 system.body.iommu

   --- Access Breakdown ---
   Total IOMMU checks:              22879154
   IOTLB hits:                      21417135
   IOTLB misses (page walks):       1462019
   IOTLB hit rate:                  93.6098%

   --- Latency Breakdown ---
   TOTAL IOMMU OVERHEAD:            408339 us
   Avg latency per access:          0.0178476 us

********************************************************************************
system.body.body_dwconv.llvm_interface
Total Area: 1.16649e+06
Total Power Static: 10000

Total Power Dynamic: 113736
   ========= Performance Analysis =============
   Setup Time:                      0h 0m 0s 8ms 502us
   Simulation Time (Total):         0h 2m 47s 732ms
   Simulation Time (Active):        0h 1m 0s 453ms
        Queue Processing Time:      0h 1m 0s 444ms
             Scheduling Time:       0h 0m 55s 594ms
             Computation Time:      0h 0m 0s 647ms
   System Clock:                    0.1GHz
   Runtime:                         921143 cycles
   Runtime:                         9211.43 us
   Stalls:                          0 cycles
   Executed Nodes:                  921142 cycles

   ========= Kernel Validation Stats ==========
   Kernel validation enabled:       NO
   Configured latency per check:    0 us

   --- Access Breakdown ---
   Total memory accesses (validated): 0
   Cache hits (0 latency):          0
   Validation requests (full lat):  0
   Coalesced waits (partial lat):   0
   Validations denied:              0

   --- Latency Breakdown ---
   Validation request latency:      0 us
   Coalesced wait latency:          0 us
   TOTAL SECURITY OVERHEAD:         0 us
   Avg latency per validation:      0 us
   Avg latency per coalesced wait:  0 us
   Avg overhead per blocked access: 0 us

   --- Cache Statistics ---
   Processes with cached pages:     0
   Unique pages validated (total):  0
   Cache hit rate:                  0%

   ========= IOMMU Stats =====================
   IOMMU enabled:                   YES
   IOMMU SimObject:                 system.body.iommu

   --- Access Breakdown ---
   Total IOMMU checks:              23001975
   IOTLB hits:                      21538862
   IOTLB misses (page walks):       1463113
   IOTLB hit rate:                  93.6392%

   --- Latency Breakdown ---
   TOTAL IOMMU OVERHEAD:            408856 us
   Avg latency per access:          0.0177748 us

********************************************************************************
system.body.body_pwconv1.llvm_interface
Total Area: 6.74716e+06
Total Power Static: 34660

Total Power Dynamic: 342746
   ========= Performance Analysis =============
   Setup Time:                      0h 0m 0s 136ms 429us
   Simulation Time (Total):         0h 2m 47s 611ms
   Simulation Time (Active):        0h 1m 16s 689ms
        Queue Processing Time:      0h 1m 16s 683ms
             Scheduling Time:       0h 1m 8s 551ms
             Computation Time:      0h 0m 2s 18ms
   System Clock:                    0.1GHz
   Runtime:                         922183 cycles
   Runtime:                         9221.83 us
   Stalls:                          0 cycles
   Executed Nodes:                  922182 cycles

   ========= Kernel Validation Stats ==========
   Kernel validation enabled:       NO
   Configured latency per check:    0 us

   --- Access Breakdown ---
   Total memory accesses (validated): 0
   Cache hits (0 latency):          0
   Validation requests (full lat):  0
   Coalesced waits (partial lat):   0
   Validations denied:              0

   --- Latency Breakdown ---
   Validation request latency:      0 us
   Coalesced wait latency:          0 us
   TOTAL SECURITY OVERHEAD:         0 us
   Avg latency per validation:      0 us
   Avg latency per coalesced wait:  0 us
   Avg overhead per blocked access: 0 us

   --- Cache Statistics ---
   Processes with cached pages:     0
   Unique pages validated (total):  0
   Cache hit rate:                  0%

   ========= IOMMU Stats =====================
   IOMMU enabled:                   YES
   IOMMU SimObject:                 system.body.iommu

   --- Access Breakdown ---
   Total IOMMU checks:              23003119
   IOTLB hits:                      21540006
   IOTLB misses (page walks):       1463113
   IOTLB hit rate:                  93.6395%

   --- Latency Breakdown ---
   TOTAL IOMMU OVERHEAD:            408858 us
   Avg latency per access:          0.017774 us

********************************************************************************
system.body.body_top.llvm_interface
Total Area: 33744.7
Total Power Static: 0.956735

Total Power Dynamic: 4.74024
   ========= Performance Analysis =============
   Setup Time:                      0h 0m 0s 7ms 309us
   Simulation Time (Total):         0h 2m 48s 188ms
   Simulation Time (Active):        0h 0m 0s 145ms
        Queue Processing Time:      0h 0m 0s 79ms
             Scheduling Time:       0h 0m 0s 24ms
             Computation Time:      0h 0m 0s 6ms
   System Clock:                    0.1GHz
   Runtime:                         940705 cycles
   Runtime:                         9407.05 us
   Stalls:                          0 cycles
   Executed Nodes:                  940704 cycles

   ========= Kernel Validation Stats ==========
   Kernel validation enabled:       NO
   Configured latency per check:    0 us

   --- Access Breakdown ---
   Total memory accesses (validated): 0
   Cache hits (0 latency):          0
   Validation requests (full lat):  0
   Coalesced waits (partial lat):   0
   Validations denied:              0

   --- Latency Breakdown ---
   Validation request latency:      0 us
   Coalesced wait latency:          0 us
   TOTAL SECURITY OVERHEAD:         0 us
   Avg latency per validation:      0 us
   Avg latency per coalesced wait:  0 us
   Avg overhead per blocked access: 0 us

   --- Cache Statistics ---
   Processes with cached pages:     0
   Unique pages validated (total):  0
   Cache hit rate:                  0%

   ========= IOMMU Stats =====================
   IOMMU enabled:                   YES
   IOMMU SimObject:                 system.body.iommu

   --- Access Breakdown ---
   Total IOMMU checks:              23003121
   IOTLB hits:                      21540008
   IOTLB misses (page walks):       1463113
   IOTLB hit rate:                  93.6395%

   --- Latency Breakdown ---
   TOTAL IOMMU OVERHEAD:            408858 us
   Avg latency per access:          0.017774 us

********************************************************************************
system.body.body_residual.llvm_interface
Total Area: 5383.29
Total Power Static: 6.16866

Total Power Dynamic: 24.6726
   ========= Performance Analysis =============
   Setup Time:                      0h 0m 0s 0ms 379us
   Simulation Time (Total):         0h 2m 11s 326ms
   Simulation Time (Active):        0h 0m 0s 84ms
        Queue Processing Time:      0h 0m 0s 39ms
             Scheduling Time:       0h 0m 0s 7ms
             Computation Time:      0h 0m 0s 1ms
   System Clock:                    0.1GHz
   Runtime:                         763976 cycles
   Runtime:                         7639.76 us
   Stalls:                          0 cycles
   Executed Nodes:                  763975 cycles

   ========= Kernel Validation Stats ==========
   Kernel validation enabled:       NO
   Configured latency per check:    0 us

   --- Access Breakdown ---
   Total memory accesses (validated): 0
   Cache hits (0 latency):          0
   Validation requests (full lat):  0
   Coalesced waits (partial lat):   0
   Validations denied:              0

   --- Latency Breakdown ---
   Validation request latency:      0 us
   Coalesced wait latency:          0 us
   TOTAL SECURITY OVERHEAD:         0 us
   Avg latency per validation:      0 us
   Avg latency per coalesced wait:  0 us
   Avg overhead per blocked access: 0 us

   --- Cache Statistics ---
   Processes with cached pages:     0
   Unique pages validated (total):  0
   Cache hit rate:                  0%

   ========= IOMMU Stats =====================
   IOMMU enabled:                   YES
   IOMMU SimObject:                 system.body.iommu

   --- Access Breakdown ---
   Total IOMMU checks:              23586353
   IOTLB hits:                      22097431
   IOTLB misses (page walks):       1488922
   IOTLB hit rate:                  93.6874%

   --- Latency Breakdown ---
   TOTAL IOMMU OVERHEAD:            416425 us
   Avg latency per access:          0.0176554 us

********************************************************************************
system.body.body_pwconv0.llvm_interface
Total Area: 120378
Total Power Static: 692.817

Total Power Dynamic: 16913.1
   ========= Performance Analysis =============
   Setup Time:                      0h 0m 0s 0ms 748us
   Simulation Time (Total):         0h 2m 42s 485ms
   Simulation Time (Active):        0h 0m 7s 725ms
        Queue Processing Time:      0h 0m 7s 702ms
             Scheduling Time:       0h 0m 4s 303ms
             Computation Time:      0h 0m 0s 114ms
   System Clock:                    0.1GHz
   Runtime:                         939945 cycles
   Runtime:                         9399.45 us
   Stalls:                          0 cycles
   Executed Nodes:                  939944 cycles

   ========= Kernel Validation Stats ==========
   Kernel validation enabled:       NO
   Configured latency per check:    0 us

   --- Access Breakdown ---
   Total memory accesses (validated): 0
   Cache hits (0 latency):          0
   Validation requests (full lat):  0
   Coalesced waits (partial lat):   0
   Validations denied:              0

   --- Latency Breakdown ---
   Validation request latency:      0 us
   Coalesced wait latency:          0 us
   TOTAL SECURITY OVERHEAD:         0 us
   Avg latency per validation:      0 us
   Avg latency per coalesced wait:  0 us
   Avg overhead per blocked access: 0 us

   --- Cache Statistics ---
   Processes with cached pages:     0
   Unique pages validated (total):  0
   Cache hit rate:                  0%

   ========= IOMMU Stats =====================
   IOMMU enabled:                   YES
   IOMMU SimObject:                 system.body.iommu

   --- Access Breakdown ---
   Total IOMMU checks:              23724347
   IOTLB hits:                      22229479
   IOTLB misses (page walks):       1494868
   IOTLB hit rate:                  93.699%

   --- Latency Breakdown ---
   TOTAL IOMMU OVERHEAD:            418176 us
   Avg latency per access:          0.0176264 us

********************************************************************************
system.body.body_dwconv.llvm_interface
Total Area: 1.29609e+06
Total Power Static: 10000

Total Power Dynamic: 113736
   ========= Performance Analysis =============
   Setup Time:                      0h 0m 0s 9ms 247us
   Simulation Time (Total):         0h 3m 13s 387ms
   Simulation Time (Active):        0h 1m 0s 534ms
        Queue Processing Time:      0h 1m 0s 525ms
             Scheduling Time:       0h 0m 55s 453ms
             Computation Time:      0h 0m 0s 645ms
   System Clock:                    0.1GHz
   Runtime:                         1010704 cycles
   Runtime:                         10107 us
   Stalls:                          0 cycles
   Executed Nodes:                  1010703 cycles

   ========= Kernel Validation Stats ==========
   Kernel validation enabled:       NO
   Configured latency per check:    0 us

   --- Access Breakdown ---
   Total memory accesses (validated): 0
   Cache hits (0 latency):          0
   Validation requests (full lat):  0
   Coalesced waits (partial lat):   0
   Validations denied:              0

   --- Latency Breakdown ---
   Validation request latency:      0 us
   Coalesced wait latency:          0 us
   TOTAL SECURITY OVERHEAD:         0 us
   Avg latency per validation:      0 us
   Avg latency per coalesced wait:  0 us
   Avg overhead per blocked access: 0 us

   --- Cache Statistics ---
   Processes with cached pages:     0
   Unique pages validated (total):  0
   Cache hit rate:                  0%

   ========= IOMMU Stats =====================
   IOMMU enabled:                   YES
   IOMMU SimObject:                 system.body.iommu

   --- Access Breakdown ---
   Total IOMMU checks:              23870669
   IOTLB hits:                      22374200
   IOTLB misses (page walks):       1496469
   IOTLB hit rate:                  93.7309%

   --- Latency Breakdown ---
   TOTAL IOMMU OVERHEAD:            418866 us
   Avg latency per access:          0.0175473 us

********************************************************************************
system.body.body_pwconv1.llvm_interface
Total Area: 7.49685e+06
Total Power Static: 46184.6

Total Power Dynamic: 456743
   ========= Performance Analysis =============
   Setup Time:                      0h 0m 0s 136ms 577us
   Simulation Time (Total):         0h 3m 13s 278ms
   Simulation Time (Active):        0h 1m 39s 44ms
        Queue Processing Time:      0h 1m 39s 37ms
             Scheduling Time:       0h 1m 28s 700ms
             Computation Time:      0h 0m 2s 687ms
   System Clock:                    0.1GHz
   Runtime:                         1012797 cycles
   Runtime:                         10128 us
   Stalls:                          0 cycles
   Executed Nodes:                  1012796 cycles

   ========= Kernel Validation Stats ==========
   Kernel validation enabled:       NO
   Configured latency per check:    0 us

   --- Access Breakdown ---
   Total memory accesses (validated): 0
   Cache hits (0 latency):          0
   Validation requests (full lat):  0
   Coalesced waits (partial lat):   0
   Validations denied:              0

   --- Latency Breakdown ---
   Validation request latency:      0 us
   Coalesced wait latency:          0 us
   TOTAL SECURITY OVERHEAD:         0 us
   Avg latency per validation:      0 us
   Avg latency per coalesced wait:  0 us
   Avg overhead per blocked access: 0 us

   --- Cache Statistics ---
   Processes with cached pages:     0
   Unique pages validated (total):  0
   Cache hit rate:                  0%

   ========= IOMMU Stats =====================
   IOMMU enabled:                   YES
   IOMMU SimObject:                 system.body.iommu

   --- Access Breakdown ---
   Total IOMMU checks:              23871907
   IOTLB hits:                      22375438
   IOTLB misses (page walks):       1496469
   IOTLB hit rate:                  93.7313%

   --- Latency Breakdown ---
   TOTAL IOMMU OVERHEAD:            418868 us
   Avg latency per access:          0.0175465 us

********************************************************************************
system.body.body_top.llvm_interface
Total Area: 37494.1
Total Power Static: 0.958569

Total Power Dynamic: 4.74925
   ========= Performance Analysis =============
   Setup Time:                      0h 0m 0s 7ms 413us
   Simulation Time (Total):         0h 3m 13s 860ms
   Simulation Time (Active):        0h 0m 0s 157ms
        Queue Processing Time:      0h 0m 0s 86ms
             Scheduling Time:       0h 0m 0s 26ms
             Computation Time:      0h 0m 0s 6ms
   System Clock:                    0.1GHz
   Runtime:                         1031353 cycles
   Runtime:                         10313.5 us
   Stalls:                          0 cycles
   Executed Nodes:                  1031352 cycles

   ========= Kernel Validation Stats ==========
   Kernel validation enabled:       NO
   Configured latency per check:    0 us

   --- Access Breakdown ---
   Total memory accesses (validated): 0
   Cache hits (0 latency):          0
   Validation requests (full lat):  0
   Coalesced waits (partial lat):   0
   Validations denied:              0

   --- Latency Breakdown ---
   Validation request latency:      0 us
   Coalesced wait latency:          0 us
   TOTAL SECURITY OVERHEAD:         0 us
   Avg latency per validation:      0 us
   Avg latency per coalesced wait:  0 us
   Avg overhead per blocked access: 0 us

   --- Cache Statistics ---
   Processes with cached pages:     0
   Unique pages validated (total):  0
   Cache hit rate:                  0%

   ========= IOMMU Stats =====================
   IOMMU enabled:                   YES
   IOMMU SimObject:                 system.body.iommu

   --- Access Breakdown ---
   Total IOMMU checks:              23871909
   IOTLB hits:                      22375440
   IOTLB misses (page walks):       1496469
   IOTLB hit rate:                  93.7313%

   --- Latency Breakdown ---
   TOTAL IOMMU OVERHEAD:            418868 us
   Avg latency per access:          0.0175465 us

********************************************************************************
system.body.body_residual.llvm_interface
Total Area: 5921.62
Total Power Static: 5.48299

Total Power Dynamic: 16.4484
   ========= Performance Analysis =============
   Setup Time:                      0h 0m 0s 0ms 393us
   Simulation Time (Total):         0h 2m 32s 668ms
   Simulation Time (Active):        0h 0m 0s 105ms
        Queue Processing Time:      0h 0m 0s 47ms
             Scheduling Time:       0h 0m 0s 7ms
             Computation Time:      0h 0m 0s 0ms
   System Clock:                    0.1GHz
   Runtime:                         980509 cycles
   Runtime:                         9805.09 us
   Stalls:                          0 cycles
   Executed Nodes:                  980508 cycles

   ========= Kernel Validation Stats ==========
   Kernel validation enabled:       NO
   Configured latency per check:    0 us

   --- Access Breakdown ---
   Total memory accesses (validated): 0
   Cache hits (0 latency):          0
   Validation requests (full lat):  0
   Coalesced waits (partial lat):   0
   Validations denied:              0

   --- Latency Breakdown ---
   Validation request latency:      0 us
   Coalesced wait latency:          0 us
   TOTAL SECURITY OVERHEAD:         0 us
   Avg latency per validation:      0 us
   Avg latency per coalesced wait:  0 us
   Avg overhead per blocked access: 0 us

   --- Cache Statistics ---
   Processes with cached pages:     0
   Unique pages validated (total):  0
   Cache hit rate:                  0%

   ========= IOMMU Stats =====================
   IOMMU enabled:                   YES
   IOMMU SimObject:                 system.body.iommu

   --- Access Breakdown ---
   Total IOMMU checks:              24528148
   IOTLB hits:                      22997703
   IOTLB misses (page walks):       1530445
   IOTLB hit rate:                  93.7605%

   --- Latency Breakdown ---
   TOTAL IOMMU OVERHEAD:            428607 us
   Avg latency per access:          0.0174741 us

********************************************************************************
system.body.body_pwconv0.llvm_interface
Total Area: 132416
Total Power Static: 918.962

Total Power Dynamic: 22508.7
   ========= Performance Analysis =============
   Setup Time:                      0h 0m 0s 0ms 784us
   Simulation Time (Total):         0h 3m 5s 326ms
   Simulation Time (Active):        0h 0m 9s 773ms
        Queue Processing Time:      0h 0m 9s 758ms
             Scheduling Time:       0h 0m 5s 631ms
             Computation Time:      0h 0m 0s 150ms
   System Clock:                    0.1GHz
   Runtime:                         1179104 cycles
   Runtime:                         11791 us
   Stalls:                          0 cycles
   Executed Nodes:                  1179103 cycles

   ========= Kernel Validation Stats ==========
   Kernel validation enabled:       NO
   Configured latency per check:    0 us

   --- Access Breakdown ---
   Total memory accesses (validated): 0
   Cache hits (0 latency):          0
   Validation requests (full lat):  0
   Coalesced waits (partial lat):   0
   Validations denied:              0

   --- Latency Breakdown ---
   Validation request latency:      0 us
   Coalesced wait latency:          0 us
   TOTAL SECURITY OVERHEAD:         0 us
   Avg latency per validation:      0 us
   Avg latency per coalesced wait:  0 us
   Avg overhead per blocked access: 0 us

   --- Cache Statistics ---
   Processes with cached pages:     0
   Unique pages validated (total):  0
   Cache hit rate:                  0%

   ========= IOMMU Stats =====================
   IOMMU enabled:                   YES
   IOMMU SimObject:                 system.body.iommu

   --- Access Breakdown ---
   Total IOMMU checks:              24673649
   IOTLB hits:                      23136425
   IOTLB misses (page walks):       1537224
   IOTLB hit rate:                  93.7698%

   --- Latency Breakdown ---
   TOTAL IOMMU OVERHEAD:            430579 us
   Avg latency per access:          0.017451 us

********************************************************************************
system.body.body_dwconv.llvm_interface
Total Area: 1.4257e+06
Total Power Static: 13333.2

Total Power Dynamic: 151645
   ========= Performance Analysis =============
   Setup Time:                      0h 0m 0s 9ms 342us
   Simulation Time (Total):         0h 3m 39s 190ms
   Simulation Time (Active):        0h 1m 20s 324ms
        Queue Processing Time:      0h 1m 20s 312ms
             Scheduling Time:       0h 1m 14s 343ms
             Computation Time:      0h 0m 0s 821ms
   System Clock:                    0.1GHz
   Runtime:                         1254281 cycles
   Runtime:                         12542.8 us
   Stalls:                          0 cycles
   Executed Nodes:                  1254280 cycles

   ========= Kernel Validation Stats ==========
   Kernel validation enabled:       NO
   Configured latency per check:    0 us

   --- Access Breakdown ---
   Total memory accesses (validated): 0
   Cache hits (0 latency):          0
   Validation requests (full lat):  0
   Coalesced waits (partial lat):   0
   Validations denied:              0

   --- Latency Breakdown ---
   Validation request latency:      0 us
   Coalesced wait latency:          0 us
   TOTAL SECURITY OVERHEAD:         0 us
   Avg latency per validation:      0 us
   Avg latency per coalesced wait:  0 us
   Avg overhead per blocked access: 0 us

   --- Cache Statistics ---
   Processes with cached pages:     0
   Unique pages validated (total):  0
   Cache hit rate:                  0%

   ========= IOMMU Stats =====================
   IOMMU enabled:                   YES
   IOMMU SimObject:                 system.body.iommu

   --- Access Breakdown ---
   Total IOMMU checks:              24835066
   IOTLB hits:                      23296219
   IOTLB misses (page walks):       1538847
   IOTLB hit rate:                  93.8037%

   --- Latency Breakdown ---
   TOTAL IOMMU OVERHEAD:            431304 us
   Avg latency per access:          0.0173667 us

********************************************************************************
system.body.body_pwconv1.llvm_interface
Total Area: 8.24653e+06
Total Power Static: 46184.6

Total Power Dynamic: 456743
   ========= Performance Analysis =============
   Setup Time:                      0h 0m 0s 138ms 167us
   Simulation Time (Total):         0h 3m 39s 57ms
   Simulation Time (Active):        0h 1m 38s 755ms
        Queue Processing Time:      0h 1m 38s 749ms
             Scheduling Time:       0h 1m 28s 848ms
             Computation Time:      0h 0m 2s 581ms
   System Clock:                    0.1GHz
   Runtime:                         1254970 cycles
   Runtime:                         12549.7 us
   Stalls:                          0 cycles
   Executed Nodes:                  1254969 cycles

   ========= Kernel Validation Stats ==========
   Kernel validation enabled:       NO
   Configured latency per check:    0 us

   --- Access Breakdown ---
   Total memory accesses (validated): 0
   Cache hits (0 latency):          0
   Validation requests (full lat):  0
   Coalesced waits (partial lat):   0
   Validations denied:              0

   --- Latency Breakdown ---
   Validation request latency:      0 us
   Coalesced wait latency:          0 us
   TOTAL SECURITY OVERHEAD:         0 us
   Avg latency per validation:      0 us
   Avg latency per coalesced wait:  0 us
   Avg overhead per blocked access: 0 us

   --- Cache Statistics ---
   Processes with cached pages:     0
   Unique pages validated (total):  0
   Cache hit rate:                  0%

   ========= IOMMU Stats =====================
   IOMMU enabled:                   YES
   IOMMU SimObject:                 system.body.iommu

   --- Access Breakdown ---
   Total IOMMU checks:              24835827
   IOTLB hits:                      23296980
   IOTLB misses (page walks):       1538847
   IOTLB hit rate:                  93.8039%

   --- Latency Breakdown ---
   TOTAL IOMMU OVERHEAD:            431306 us
   Avg latency per access:          0.0173663 us

********************************************************************************
system.body.body_top.llvm_interface
Total Area: 41243.6
Total Power Static: 0.956124

Total Power Dynamic: 4.73724
   ========= Performance Analysis =============
   Setup Time:                      0h 0m 0s 7ms 286us
   Simulation Time (Total):         0h 3m 39s 613ms
   Simulation Time (Active):        0h 0m 0s 178ms
        Queue Processing Time:      0h 0m 0s 101ms
             Scheduling Time:       0h 0m 0s 29ms
             Computation Time:      0h 0m 0s 7ms
   System Clock:                    0.1GHz
   Runtime:                         1273477 cycles
   Runtime:                         12734.8 us
   Stalls:                          0 cycles
   Executed Nodes:                  1273476 cycles

   ========= Kernel Validation Stats ==========
   Kernel validation enabled:       NO
   Configured latency per check:    0 us

   --- Access Breakdown ---
   Total memory accesses (validated): 0
   Cache hits (0 latency):          0
   Validation requests (full lat):  0
   Coalesced waits (partial lat):   0
   Validations denied:              0

   --- Latency Breakdown ---
   Validation request latency:      0 us
   Coalesced wait latency:          0 us
   TOTAL SECURITY OVERHEAD:         0 us
   Avg latency per validation:      0 us
   Avg latency per coalesced wait:  0 us
   Avg overhead per blocked access: 0 us

   --- Cache Statistics ---
   Processes with cached pages:     0
   Unique pages validated (total):  0
   Cache hit rate:                  0%

   ========= IOMMU Stats =====================
   IOMMU enabled:                   YES
   IOMMU SimObject:                 system.body.iommu

   --- Access Breakdown ---
   Total IOMMU checks:              24835829
   IOTLB hits:                      23296982
   IOTLB misses (page walks):       1538847
   IOTLB hit rate:                  93.8039%

   --- Latency Breakdown ---
   TOTAL IOMMU OVERHEAD:            431306 us
   Avg latency per access:          0.0173663 us

********************************************************************************
system.body.body_residual.llvm_interface
Total Area: 6459.95
Total Power Static: 8.22567

Total Power Dynamic: 32.8969
   ========= Performance Analysis =============
   Setup Time:                      0h 0m 0s 0ms 377us
   Simulation Time (Total):         0h 2m 31s 424ms
   Simulation Time (Active):        0h 0m 0s 107ms
        Queue Processing Time:      0h 0m 0s 49ms
             Scheduling Time:       0h 0m 0s 9ms
             Computation Time:      0h 0m 0s 1ms
   System Clock:                    0.1GHz
   Runtime:                         977683 cycles
   Runtime:                         9776.83 us
   Stalls:                          0 cycles
   Executed Nodes:                  977682 cycles

   ========= Kernel Validation Stats ==========
   Kernel validation enabled:       NO
   Configured latency per check:    0 us

   --- Access Breakdown ---
   Total memory accesses (validated): 0
   Cache hits (0 latency):          0
   Validation requests (full lat):  0
   Coalesced waits (partial lat):   0
   Validations denied:              0

   --- Latency Breakdown ---
   Validation request latency:      0 us
   Coalesced wait latency:          0 us
   TOTAL SECURITY OVERHEAD:         0 us
   Avg latency per validation:      0 us
   Avg latency per coalesced wait:  0 us
   Avg overhead per blocked access: 0 us

   --- Cache Statistics ---
   Processes with cached pages:     0
   Unique pages validated (total):  0
   Cache hit rate:                  0%

   ========= IOMMU Stats =====================
   IOMMU enabled:                   YES
   IOMMU SimObject:                 system.body.iommu

   --- Access Breakdown ---
   Total IOMMU checks:              25493259
   IOTLB hits:                      23920536
   IOTLB misses (page walks):       1572723
   IOTLB hit rate:                  93.8308%

   --- Latency Breakdown ---
   TOTAL IOMMU OVERHEAD:            441022 us
   Avg latency per access:          0.0172995 us

********************************************************************************
system.body.body_pwconv0.llvm_interface
Total Area: 144454
Total Power Static: 918.962

Total Power Dynamic: 22508.7
   ========= Performance Analysis =============
   Setup Time:                      0h 0m 0s 0ms 755us
   Simulation Time (Total):         0h 3m 4s 398ms
   Simulation Time (Active):        0h 0m 9s 611ms
        Queue Processing Time:      0h 0m 9s 593ms
             Scheduling Time:       0h 0m 5s 558ms
             Computation Time:      0h 0m 0s 145ms
   System Clock:                    0.1GHz
   Runtime:                         1176205 cycles
   Runtime:                         11762.1 us
   Stalls:                          0 cycles
   Executed Nodes:                  1176204 cycles

   ========= Kernel Validation Stats ==========
   Kernel validation enabled:       NO
   Configured latency per check:    0 us

   --- Access Breakdown ---
   Total memory accesses (validated): 0
   Cache hits (0 latency):          0
   Validation requests (full lat):  0
   Coalesced waits (partial lat):   0
   Validations denied:              0

   --- Latency Breakdown ---
   Validation request latency:      0 us
   Coalesced wait latency:          0 us
   TOTAL SECURITY OVERHEAD:         0 us
   Avg latency per validation:      0 us
   Avg latency per coalesced wait:  0 us
   Avg overhead per blocked access: 0 us

   --- Cache Statistics ---
   Processes with cached pages:     0
   Unique pages validated (total):  0
   Cache hit rate:                  0%

   ========= IOMMU Stats =====================
   IOMMU enabled:                   YES
   IOMMU SimObject:                 system.body.iommu

   --- Access Breakdown ---
   Total IOMMU checks:              25638763
   IOTLB hits:                      24059264
   IOTLB misses (page walks):       1579499
   IOTLB hit rate:                  93.8394%

   --- Latency Breakdown ---
   TOTAL IOMMU OVERHEAD:            442993 us
   Avg latency per access:          0.0172783 us

********************************************************************************
system.body.body_dwconv.llvm_interface
Total Area: 1.55531e+06
Total Power Static: 13333.2

Total Power Dynamic: 151645
   ========= Performance Analysis =============
   Setup Time:                      0h 0m 0s 8ms 595us
   Simulation Time (Total):         0h 3m 38s 453ms
   Simulation Time (Active):        0h 1m 20s 386ms
        Queue Processing Time:      0h 1m 20s 373ms
             Scheduling Time:       0h 1m 14s 498ms
             Computation Time:      0h 0m 0s 810ms
   System Clock:                    0.1GHz
   Runtime:                         1251376 cycles
   Runtime:                         12513.8 us
   Stalls:                          0 cycles
   Executed Nodes:                  1251375 cycles

   ========= Kernel Validation Stats ==========
   Kernel validation enabled:       NO
   Configured latency per check:    0 us

   --- Access Breakdown ---
   Total memory accesses (validated): 0
   Cache hits (0 latency):          0
   Validation requests (full lat):  0
   Coalesced waits (partial lat):   0
   Validations denied:              0

   --- Latency Breakdown ---
   Validation request latency:      0 us
   Coalesced wait latency:          0 us
   TOTAL SECURITY OVERHEAD:         0 us
   Avg latency per validation:      0 us
   Avg latency per coalesced wait:  0 us
   Avg overhead per blocked access: 0 us

   --- Cache Statistics ---
   Processes with cached pages:     0
   Unique pages validated (total):  0
   Cache hit rate:                  0%

   ========= IOMMU Stats =====================
   IOMMU enabled:                   YES
   IOMMU SimObject:                 system.body.iommu

   --- Access Breakdown ---
   Total IOMMU checks:              25800179
   IOTLB hits:                      24219057
   IOTLB misses (page walks):       1581122
   IOTLB hit rate:                  93.8717%

   --- Latency Breakdown ---
   TOTAL IOMMU OVERHEAD:            443719 us
   Avg latency per access:          0.0171983 us

********************************************************************************
system.body.body_pwconv1.llvm_interface
Total Area: 8.99621e+06
Total Power Static: 46184.6

Total Power Dynamic: 456743
   ========= Performance Analysis =============
   Setup Time:                      0h 0m 0s 134ms 765us
   Simulation Time (Total):         0h 3m 38s 324ms
   Simulation Time (Active):        0h 1m 38s 251ms
        Queue Processing Time:      0h 1m 38s 245ms
             Scheduling Time:       0h 1m 28s 576ms
             Computation Time:      0h 0m 2s 542ms
   System Clock:                    0.1GHz
   Runtime:                         1252064 cycles
   Runtime:                         12520.6 us
   Stalls:                          0 cycles
   Executed Nodes:                  1252063 cycles

   ========= Kernel Validation Stats ==========
   Kernel validation enabled:       NO
   Configured latency per check:    0 us

   --- Access Breakdown ---
   Total memory accesses (validated): 0
   Cache hits (0 latency):          0
   Validation requests (full lat):  0
   Coalesced waits (partial lat):   0
   Validations denied:              0

   --- Latency Breakdown ---
   Validation request latency:      0 us
   Coalesced wait latency:          0 us
   TOTAL SECURITY OVERHEAD:         0 us
   Avg latency per validation:      0 us
   Avg latency per coalesced wait:  0 us
   Avg overhead per blocked access: 0 us

   --- Cache Statistics ---
   Processes with cached pages:     0
   Unique pages validated (total):  0
   Cache hit rate:                  0%

   ========= IOMMU Stats =====================
   IOMMU enabled:                   YES
   IOMMU SimObject:                 system.body.iommu

   --- Access Breakdown ---
   Total IOMMU checks:              25800940
   IOTLB hits:                      24219818
   IOTLB misses (page walks):       1581122
   IOTLB hit rate:                  93.8718%

   --- Latency Breakdown ---
   TOTAL IOMMU OVERHEAD:            443720 us
   Avg latency per access:          0.0171978 us

********************************************************************************
system.body.body_top.llvm_interface
Total Area: 44993
Total Power Static: 0.956735

Total Power Dynamic: 4.74024
   ========= Performance Analysis =============
   Setup Time:                      0h 0m 0s 7ms 259us
   Simulation Time (Total):         0h 3m 38s 896ms
   Simulation Time (Active):        0h 0m 0s 189ms
        Queue Processing Time:      0h 0m 0s 101ms
             Scheduling Time:       0h 0m 0s 29ms
             Computation Time:      0h 0m 0s 7ms
   System Clock:                    0.1GHz
   Runtime:                         1270585 cycles
   Runtime:                         12705.9 us
   Stalls:                          0 cycles
   Executed Nodes:                  1270584 cycles

   ========= Kernel Validation Stats ==========
   Kernel validation enabled:       NO
   Configured latency per check:    0 us

   --- Access Breakdown ---
   Total memory accesses (validated): 0
   Cache hits (0 latency):          0
   Validation requests (full lat):  0
   Coalesced waits (partial lat):   0
   Validations denied:              0

   --- Latency Breakdown ---
   Validation request latency:      0 us
   Coalesced wait latency:          0 us
   TOTAL SECURITY OVERHEAD:         0 us
   Avg latency per validation:      0 us
   Avg latency per coalesced wait:  0 us
   Avg overhead per blocked access: 0 us

   --- Cache Statistics ---
   Processes with cached pages:     0
   Unique pages validated (total):  0
   Cache hit rate:                  0%

   ========= IOMMU Stats =====================
   IOMMU enabled:                   YES
   IOMMU SimObject:                 system.body.iommu

   --- Access Breakdown ---
   Total IOMMU checks:              25800942
   IOTLB hits:                      24219820
   IOTLB misses (page walks):       1581122
   IOTLB hit rate:                  93.8718%

   --- Latency Breakdown ---
   TOTAL IOMMU OVERHEAD:            443720 us
   Avg latency per access:          0.0171978 us

********************************************************************************
system.body.body_residual.llvm_interface
Total Area: 6998.28
Total Power Static: 8.22567

Total Power Dynamic: 32.8969
   ========= Performance Analysis =============
   Setup Time:                      0h 0m 0s 0ms 390us
   Simulation Time (Total):         0h 1m 45s 244ms
   Simulation Time (Active):        0h 0m 0s 86ms
        Queue Processing Time:      0h 0m 0s 40ms
             Scheduling Time:       0h 0m 0s 8ms
             Computation Time:      0h 0m 0s 1ms
   System Clock:                    0.1GHz
   Runtime:                         762326 cycles
   Runtime:                         7623.26 us
   Stalls:                          0 cycles
   Executed Nodes:                  762325 cycles

   ========= Kernel Validation Stats ==========
   Kernel validation enabled:       NO
   Configured latency per check:    0 us

   --- Access Breakdown ---
   Total memory accesses (validated): 0
   Cache hits (0 latency):          0
   Validation requests (full lat):  0
   Coalesced waits (partial lat):   0
   Validations denied:              0

   --- Latency Breakdown ---
   Validation request latency:      0 us
   Coalesced wait latency:          0 us
   TOTAL SECURITY OVERHEAD:         0 us
   Avg latency per validation:      0 us
   Avg latency per coalesced wait:  0 us
   Avg overhead per blocked access: 0 us

   --- Cache Statistics ---
   Processes with cached pages:     0
   Unique pages validated (total):  0
   Cache hit rate:                  0%

   ========= IOMMU Stats =====================
   IOMMU enabled:                   YES
   IOMMU SimObject:                 system.body.iommu

   --- Access Breakdown ---
   Total IOMMU checks:              26229963
   IOTLB hits:                      24621686
   IOTLB misses (page walks):       1608277
   IOTLB hit rate:                  93.8686%

   --- Latency Breakdown ---
   TOTAL IOMMU OVERHEAD:            451313 us
   Avg latency per access:          0.017206 us

********************************************************************************
system.body.body_pwconv0.llvm_interface
Total Area: 156491
Total Power Static: 918.962

Total Power Dynamic: 22508.7
   ========= Performance Analysis =============
   Setup Time:                      0h 0m 0s 0ms 758us
   Simulation Time (Total):         0h 2m 15s 414ms
   Simulation Time (Active):        0h 0m 9s 110ms
        Queue Processing Time:      0h 0m 9s 94ms
             Scheduling Time:       0h 0m 5s 413ms
             Computation Time:      0h 0m 0s 143ms
   System Clock:                    0.1GHz
   Runtime:                         942498 cycles
   Runtime:                         9424.98 us
   Stalls:                          0 cycles
   Executed Nodes:                  942497 cycles

   ========= Kernel Validation Stats ==========
   Kernel validation enabled:       NO
   Configured latency per check:    0 us

   --- Access Breakdown ---
   Total memory accesses (validated): 0
   Cache hits (0 latency):          0
   Validation requests (full lat):  0
   Coalesced waits (partial lat):   0
   Validations denied:              0

   --- Latency Breakdown ---
   Validation request latency:      0 us
   Coalesced wait latency:          0 us
   TOTAL SECURITY OVERHEAD:         0 us
   Avg latency per validation:      0 us
   Avg latency per coalesced wait:  0 us
   Avg overhead per blocked access: 0 us

   --- Cache Statistics ---
   Processes with cached pages:     0
   Unique pages validated (total):  0
   Cache hit rate:                  0%

   ========= IOMMU Stats =====================
   IOMMU enabled:                   YES
   IOMMU SimObject:                 system.body.iommu

   --- Access Breakdown ---
   Total IOMMU checks:              26360834
   IOTLB hits:                      24746352
   IOTLB misses (page walks):       1614482
   IOTLB hit rate:                  93.8755%

   --- Latency Breakdown ---
   TOTAL IOMMU OVERHEAD:            453113 us
   Avg latency per access:          0.0171889 us

********************************************************************************
system.body.body_pwconv1.llvm_interface
Total Area: 9.7459e+06
Total Power Static: 20189.6

Total Power Dynamic: 199684
   ========= Performance Analysis =============
   Setup Time:                      0h 0m 0s 134ms 174us
   Simulation Time (Total):         0h 2m 18s 404ms
   Simulation Time (Active):        0h 0m 42s 115ms
        Queue Processing Time:      0h 0m 42s 111ms
             Scheduling Time:       0h 0m 38s 14ms
             Computation Time:      0h 0m 1s 122ms
   System Clock:                    0.1GHz
   Runtime:                         945285 cycles
   Runtime:                         9452.85 us
   Stalls:                          0 cycles
   Executed Nodes:                  945284 cycles

   ========= Kernel Validation Stats ==========
   Kernel validation enabled:       NO
   Configured latency per check:    0 us

   --- Access Breakdown ---
   Total memory accesses (validated): 0
   Cache hits (0 latency):          0
   Validation requests (full lat):  0
   Coalesced waits (partial lat):   0
   Validations denied:              0

   --- Latency Breakdown ---
   Validation request latency:      0 us
   Coalesced wait latency:          0 us
   TOTAL SECURITY OVERHEAD:         0 us
   Avg latency per validation:      0 us
   Avg latency per coalesced wait:  0 us
   Avg overhead per blocked access: 0 us

   --- Cache Statistics ---
   Processes with cached pages:     0
   Unique pages validated (total):  0
   Cache hit rate:                  0%

   ========= IOMMU Stats =====================
   IOMMU enabled:                   YES
   IOMMU SimObject:                 system.body.iommu

   --- Access Breakdown ---
   Total IOMMU checks:              26373481
   IOTLB hits:                      24758999
   IOTLB misses (page walks):       1614482
   IOTLB hit rate:                  93.8784%

   --- Latency Breakdown ---
   TOTAL IOMMU OVERHEAD:            453138 us
   Avg latency per access:          0.0171816 us

********************************************************************************
system.body.body_dwconv.llvm_interface
Total Area: 1.68492e+06
Total Power Static: 13321

Total Power Dynamic: 151645
   ========= Performance Analysis =============
   Setup Time:                      0h 0m 0s 8ms 596us
   Simulation Time (Total):         0h 2m 31s 186ms
   Simulation Time (Active):        0h 1m 18s 360ms
        Queue Processing Time:      0h 1m 18s 348ms
             Scheduling Time:       0h 1m 13s 93ms
             Computation Time:      0h 0m 0s 801ms
   System Clock:                    0.1GHz
   Runtime:                         956841 cycles
   Runtime:                         9568.41 us
   Stalls:                          0 cycles
   Executed Nodes:                  956840 cycles

   ========= Kernel Validation Stats ==========
   Kernel validation enabled:       NO
   Configured latency per check:    0 us

   --- Access Breakdown ---
   Total memory accesses (validated): 0
   Cache hits (0 latency):          0
   Validation requests (full lat):  0
   Coalesced waits (partial lat):   0
   Validations denied:              0

   --- Latency Breakdown ---
   Validation request latency:      0 us
   Coalesced wait latency:          0 us
   TOTAL SECURITY OVERHEAD:         0 us
   Avg latency per validation:      0 us
   Avg latency per coalesced wait:  0 us
   Avg overhead per blocked access: 0 us

   --- Cache Statistics ---
   Processes with cached pages:     0
   Unique pages validated (total):  0
   Cache hit rate:                  0%

   ========= IOMMU Stats =====================
   IOMMU enabled:                   YES
   IOMMU SimObject:                 system.body.iommu

   --- Access Breakdown ---
   Total IOMMU checks:              26422097
   IOTLB hits:                      24807615
   IOTLB misses (page walks):       1614482
   IOTLB hit rate:                  93.8897%

   --- Latency Breakdown ---
   TOTAL IOMMU OVERHEAD:            453236 us
   Avg latency per access:          0.0171537 us

********************************************************************************
system.body.body_top.llvm_interface
Total Area: 48742.4
Total Power Static: 0.958569

Total Power Dynamic: 4.74925
   ========= Performance Analysis =============
   Setup Time:                      0h 0m 0s 7ms 317us
   Simulation Time (Total):         0h 2m 31s 601ms
   Simulation Time (Active):        0h 0m 0s 145ms
        Queue Processing Time:      0h 0m 0s 77ms
             Scheduling Time:       0h 0m 0s 22ms
             Computation Time:      0h 0m 0s 5ms
   System Clock:                    0.1GHz
   Runtime:                         975392 cycles
   Runtime:                         9753.92 us
   Stalls:                          0 cycles
   Executed Nodes:                  975391 cycles

   ========= Kernel Validation Stats ==========
   Kernel validation enabled:       NO
   Configured latency per check:    0 us

   --- Access Breakdown ---
   Total memory accesses (validated): 0
   Cache hits (0 latency):          0
   Validation requests (full lat):  0
   Coalesced waits (partial lat):   0
   Validations denied:              0

   --- Latency Breakdown ---
   Validation request latency:      0 us
   Coalesced wait latency:          0 us
   TOTAL SECURITY OVERHEAD:         0 us
   Avg latency per validation:      0 us
   Avg latency per coalesced wait:  0 us
   Avg overhead per blocked access: 0 us

   --- Cache Statistics ---
   Processes with cached pages:     0
   Unique pages validated (total):  0
   Cache hit rate:                  0%

   ========= IOMMU Stats =====================
   IOMMU enabled:                   YES
   IOMMU SimObject:                 system.body.iommu

   --- Access Breakdown ---
   Total IOMMU checks:              26422100
   IOTLB hits:                      24807618
   IOTLB misses (page walks):       1614482
   IOTLB hit rate:                  93.8897%

   --- Latency Breakdown ---
   TOTAL IOMMU OVERHEAD:            453236 us
   Avg latency per access:          0.0171537 us

********************************************************************************
system.body.body_residual.llvm_interface
Total Area: 7536.61
Total Power Static: 2.39747

Total Power Dynamic: 7.19619
   ========= Performance Analysis =============
   Setup Time:                      0h 0m 0s 0ms 387us
   Simulation Time (Total):         0h 0m 25s 174ms
   Simulation Time (Active):        0h 0m 0s 17ms
        Queue Processing Time:      0h 0m 0s 8ms
             Scheduling Time:       0h 0m 0s 2ms
             Computation Time:      0h 0m 0s 0ms
   System Clock:                    0.1GHz
   Runtime:                         137015 cycles
   Runtime:                         1370.15 us
   Stalls:                          0 cycles
   Executed Nodes:                  137014 cycles

   ========= Kernel Validation Stats ==========
   Kernel validation enabled:       NO
   Configured latency per check:    0 us

   --- Access Breakdown ---
   Total memory accesses (validated): 0
   Cache hits (0 latency):          0
   Validation requests (full lat):  0
   Coalesced waits (partial lat):   0
   Validations denied:              0

   --- Latency Breakdown ---
   Validation request latency:      0 us
   Coalesced wait latency:          0 us
   TOTAL SECURITY OVERHEAD:         0 us
   Avg latency per validation:      0 us
   Avg latency per coalesced wait:  0 us
   Avg overhead per blocked access: 0 us

   --- Cache Statistics ---
   Processes with cached pages:     0
   Unique pages validated (total):  0
   Cache hit rate:                  0%

   ========= IOMMU Stats =====================
   IOMMU enabled:                   YES
   IOMMU SimObject:                 system.body.iommu

   --- Access Breakdown ---
   Total IOMMU checks:              26552709
   IOTLB hits:                      24933879
   IOTLB misses (page walks):       1618830
   IOTLB hit rate:                  93.9033%

   --- Latency Breakdown ---
   TOTAL IOMMU OVERHEAD:            454575 us
   Avg latency per access:          0.0171197 us

********************************************************************************
system.body.body_pwconv0.llvm_interface
Total Area: 168529
Total Power Static: 399.351

Total Power Dynamic: 9823.92
   ========= Performance Analysis =============
   Setup Time:                      0h 0m 0s 0ms 740us
   Simulation Time (Total):         0h 0m 53s 793ms
   Simulation Time (Active):        0h 0m 2s 901ms
        Queue Processing Time:      0h 0m 2s 881ms
             Scheduling Time:       0h 0m 1s 710ms
             Computation Time:      0h 0m 0s 51ms
   System Clock:                    0.1GHz
   Runtime:                         319760 cycles
   Runtime:                         3197.6 us
   Stalls:                          0 cycles
   Executed Nodes:                  319759 cycles

   ========= Kernel Validation Stats ==========
   Kernel validation enabled:       NO
   Configured latency per check:    0 us

   --- Access Breakdown ---
   Total memory accesses (validated): 0
   Cache hits (0 latency):          0
   Validation requests (full lat):  0
   Coalesced waits (partial lat):   0
   Validations denied:              0

   --- Latency Breakdown ---
   Validation request latency:      0 us
   Coalesced wait latency:          0 us
   TOTAL SECURITY OVERHEAD:         0 us
   Avg latency per validation:      0 us
   Avg latency per coalesced wait:  0 us
   Avg overhead per blocked access: 0 us

   --- Cache Statistics ---
   Processes with cached pages:     0
   Unique pages validated (total):  0
   Cache hit rate:                  0%

   ========= IOMMU Stats =====================
   IOMMU enabled:                   YES
   IOMMU SimObject:                 system.body.iommu

   --- Access Breakdown ---
   Total IOMMU checks:              26680790
   IOTLB hits:                      25055636
   IOTLB misses (page walks):       1625154
   IOTLB hit rate:                  93.9089%

   --- Latency Breakdown ---
   TOTAL IOMMU OVERHEAD:            456400 us
   Avg latency per access:          0.0171059 us

********************************************************************************
system.body.body_pwconv1.llvm_interface
Total Area: 1.04956e+07
Total Power Static: 20189.6

Total Power Dynamic: 199684
   ========= Performance Analysis =============
   Setup Time:                      0h 0m 0s 131ms 297us
   Simulation Time (Total):         0h 1m 25s 782ms
   Simulation Time (Active):        0h 0m 39s 213ms
        Queue Processing Time:      0h 0m 39s 209ms
             Scheduling Time:       0h 0m 35s 347ms
             Computation Time:      0h 0m 1s 47ms
   System Clock:                    0.1GHz
   Runtime:                         395299 cycles
   Runtime:                         3952.99 us
   Stalls:                          0 cycles
   Executed Nodes:                  395298 cycles

   ========= Kernel Validation Stats ==========
   Kernel validation enabled:       NO
   Configured latency per check:    0 us

   --- Access Breakdown ---
   Total memory accesses (validated): 0
   Cache hits (0 latency):          0
   Validation requests (full lat):  0
   Coalesced waits (partial lat):   0
   Validations denied:              0

   --- Latency Breakdown ---
   Validation request latency:      0 us
   Coalesced wait latency:          0 us
   TOTAL SECURITY OVERHEAD:         0 us
   Avg latency per validation:      0 us
   Avg latency per coalesced wait:  0 us
   Avg overhead per blocked access: 0 us

   --- Cache Statistics ---
   Processes with cached pages:     0
   Unique pages validated (total):  0
   Cache hit rate:                  0%

   ========= IOMMU Stats =====================
   IOMMU enabled:                   YES
   IOMMU SimObject:                 system.body.iommu

   --- Access Breakdown ---
   Total IOMMU checks:              26830019
   IOTLB hits:                      25203092
   IOTLB misses (page walks):       1626927
   IOTLB hit rate:                  93.9362%

   --- Latency Breakdown ---
   TOTAL IOMMU OVERHEAD:            457138 us
   Avg latency per access:          0.0170383 us

********************************************************************************
system.body.body_dwconv.llvm_interface
Total Area: 1.81453e+06
Total Power Static: 5467.5

Total Power Dynamic: 63163.1
   ========= Performance Analysis =============
   Setup Time:                      0h 0m 0s 8ms 575us
   Simulation Time (Total):         0h 1m 26s 89ms
   Simulation Time (Active):        0h 0m 34s 446ms
        Queue Processing Time:      0h 0m 34s 441ms
             Scheduling Time:       0h 0m 31s 693ms
             Computation Time:      0h 0m 0s 319ms
   System Clock:                    0.1GHz
   Runtime:                         396397 cycles
   Runtime:                         3963.97 us
   Stalls:                          0 cycles
   Executed Nodes:                  396396 cycles

   ========= Kernel Validation Stats ==========
   Kernel validation enabled:       NO
   Configured latency per check:    0 us

   --- Access Breakdown ---
   Total memory accesses (validated): 0
   Cache hits (0 latency):          0
   Validation requests (full lat):  0
   Coalesced waits (partial lat):   0
   Validations denied:              0

   --- Latency Breakdown ---
   Validation request latency:      0 us
   Coalesced wait latency:          0 us
   TOTAL SECURITY OVERHEAD:         0 us
   Avg latency per validation:      0 us
   Avg latency per coalesced wait:  0 us
   Avg overhead per blocked access: 0 us

   --- Cache Statistics ---
   Processes with cached pages:     0
   Unique pages validated (total):  0
   Cache hit rate:                  0%

   ========= IOMMU Stats =====================
   IOMMU enabled:                   YES
   IOMMU SimObject:                 system.body.iommu

   --- Access Breakdown ---
   Total IOMMU checks:              26834198
   IOTLB hits:                      25207271
   IOTLB misses (page walks):       1626927
   IOTLB hit rate:                  93.9371%

   --- Latency Breakdown ---
   TOTAL IOMMU OVERHEAD:            457146 us
   Avg latency per access:          0.017036 us

********************************************************************************
system.body.body_top.llvm_interface
Total Area: 52491.8
Total Power Static: 0.959791

Total Power Dynamic: 4.75526
   ========= Performance Analysis =============
   Setup Time:                      0h 0m 0s 16ms 476us
   Simulation Time (Total):         0h 1m 26s 467ms
   Simulation Time (Active):        0h 0m 0s 66ms
        Queue Processing Time:      0h 0m 0s 38ms
             Scheduling Time:       0h 0m 0s 12ms
             Computation Time:      0h 0m 0s 3ms
   System Clock:                    0.1GHz
   Runtime:                         414969 cycles
   Runtime:                         4149.69 us
   Stalls:                          0 cycles
   Executed Nodes:                  414968 cycles

   ========= Kernel Validation Stats ==========
   Kernel validation enabled:       NO
   Configured latency per check:    0 us

   --- Access Breakdown ---
   Total memory accesses (validated): 0
   Cache hits (0 latency):          0
   Validation requests (full lat):  0
   Coalesced waits (partial lat):   0
   Validations denied:              0

   --- Latency Breakdown ---
   Validation request latency:      0 us
   Coalesced wait latency:          0 us
   TOTAL SECURITY OVERHEAD:         0 us
   Avg latency per validation:      0 us
   Avg latency per coalesced wait:  0 us
   Avg overhead per blocked access: 0 us

   --- Cache Statistics ---
   Processes with cached pages:     0
   Unique pages validated (total):  0
   Cache hit rate:                  0%

   ========= IOMMU Stats =====================
   IOMMU enabled:                   YES
   IOMMU SimObject:                 system.body.iommu

   --- Access Breakdown ---
   Total IOMMU checks:              26834201
   IOTLB hits:                      25207274
   IOTLB misses (page walks):       1626927
   IOTLB hit rate:                  93.9371%

   --- Latency Breakdown ---
   TOTAL IOMMU OVERHEAD:            457146 us
   Avg latency per access:          0.017036 us

********************************************************************************
system.body.body_residual.llvm_interface
Total Area: 8074.94
Total Power Static: 3.59739

Total Power Dynamic: 14.3924
   ========= Performance Analysis =============
   Setup Time:                      0h 0m 0s 0ms 376us
   Simulation Time (Total):         0h 0m 25s 147ms
   Simulation Time (Active):        0h 0m 0s 17ms
        Queue Processing Time:      0h 0m 0s 9ms
             Scheduling Time:       0h 0m 0s 2ms
             Computation Time:      0h 0m 0s 0ms
   System Clock:                    0.1GHz
   Runtime:                         137404 cycles
   Runtime:                         1374.04 us
   Stalls:                          0 cycles
   Executed Nodes:                  137403 cycles

   ========= Kernel Validation Stats ==========
   Kernel validation enabled:       NO
   Configured latency per check:    0 us

   --- Access Breakdown ---
   Total memory accesses (validated): 0
   Cache hits (0 latency):          0
   Validation requests (full lat):  0
   Coalesced waits (partial lat):   0
   Validations denied:              0

   --- Latency Breakdown ---
   Validation request latency:      0 us
   Coalesced wait latency:          0 us
   TOTAL SECURITY OVERHEAD:         0 us
   Avg latency per validation:      0 us
   Avg latency per coalesced wait:  0 us
   Avg overhead per blocked access: 0 us

   --- Cache Statistics ---
   Processes with cached pages:     0
   Unique pages validated (total):  0
   Cache hit rate:                  0%

   ========= IOMMU Stats =====================
   IOMMU enabled:                   YES
   IOMMU SimObject:                 system.body.iommu

   --- Access Breakdown ---
   Total IOMMU checks:              26965313
   IOTLB hits:                      25334028
   IOTLB misses (page walks):       1631285
   IOTLB hit rate:                  93.9504%

   --- Latency Breakdown ---
   TOTAL IOMMU OVERHEAD:            458489 us
   Avg latency per access:          0.0170029 us

********************************************************************************
system.body.body_pwconv0.llvm_interface
Total Area: 180567
Total Power Static: 399.351

Total Power Dynamic: 9823.92
   ========= Performance Analysis =============
   Setup Time:                      0h 0m 0s 0ms 756us
   Simulation Time (Total):         0h 0m 53s 134ms
   Simulation Time (Active):        0h 0m 2s 845ms
        Queue Processing Time:      0h 0m 2s 825ms
             Scheduling Time:       0h 0m 1s 669ms
             Computation Time:      0h 0m 0s 50ms
   System Clock:                    0.1GHz
   Runtime:                         320141 cycles
   Runtime:                         3201.41 us
   Stalls:                          0 cycles
   Executed Nodes:                  320140 cycles

   ========= Kernel Validation Stats ==========
   Kernel validation enabled:       NO
   Configured latency per check:    0 us

   --- Access Breakdown ---
   Total memory accesses (validated): 0
   Cache hits (0 latency):          0
   Validation requests (full lat):  0
   Coalesced waits (partial lat):   0
   Validations denied:              0

   --- Latency Breakdown ---
   Validation request latency:      0 us
   Coalesced wait latency:          0 us
   TOTAL SECURITY OVERHEAD:         0 us
   Avg latency per validation:      0 us
   Avg latency per coalesced wait:  0 us
   Avg overhead per blocked access: 0 us

   --- Cache Statistics ---
   Processes with cached pages:     0
   Unique pages validated (total):  0
   Cache hit rate:                  0%

   ========= IOMMU Stats =====================
   IOMMU enabled:                   YES
   IOMMU SimObject:                 system.body.iommu

   --- Access Breakdown ---
   Total IOMMU checks:              27093381
   IOTLB hits:                      25455770
   IOTLB misses (page walks):       1637611
   IOTLB hit rate:                  93.9557%

   --- Latency Breakdown ---
   TOTAL IOMMU OVERHEAD:            460314 us
   Avg latency per access:          0.0169899 us

********************************************************************************
system.body.body_pwconv1.llvm_interface
Total Area: 1.12453e+07
Total Power Static: 20189.6

Total Power Dynamic: 199684
   ========= Performance Analysis =============
   Setup Time:                      0h 0m 0s 128ms 638us
   Simulation Time (Total):         0h 1m 25s 125ms
   Simulation Time (Active):        0h 0m 38s 812ms
        Queue Processing Time:      0h 0m 38s 808ms
             Scheduling Time:       0h 0m 34s 973ms
             Computation Time:      0h 0m 1s 42ms
   System Clock:                    0.1GHz
   Runtime:                         395681 cycles
   Runtime:                         3956.81 us
   Stalls:                          0 cycles
   Executed Nodes:                  395680 cycles

   ========= Kernel Validation Stats ==========
   Kernel validation enabled:       NO
   Configured latency per check:    0 us

   --- Access Breakdown ---
   Total memory accesses (validated): 0
   Cache hits (0 latency):          0
   Validation requests (full lat):  0
   Coalesced waits (partial lat):   0
   Validations denied:              0

   --- Latency Breakdown ---
   Validation request latency:      0 us
   Coalesced wait latency:          0 us
   TOTAL SECURITY OVERHEAD:         0 us
   Avg latency per validation:      0 us
   Avg latency per coalesced wait:  0 us
   Avg overhead per blocked access: 0 us

   --- Cache Statistics ---
   Processes with cached pages:     0
   Unique pages validated (total):  0
   Cache hit rate:                  0%

   ========= IOMMU Stats =====================
   IOMMU enabled:                   YES
   IOMMU SimObject:                 system.body.iommu

   --- Access Breakdown ---
   Total IOMMU checks:              27242610
   IOTLB hits:                      25603226
   IOTLB misses (page walks):       1639384
   IOTLB hit rate:                  93.9823%

   --- Latency Breakdown ---
   TOTAL IOMMU OVERHEAD:            461052 us
   Avg latency per access:          0.0169239 us

********************************************************************************
system.body.body_dwconv.llvm_interface
Total Area: 1.94414e+06
Total Power Static: 5467.5

Total Power Dynamic: 63163.1
   ========= Performance Analysis =============
   Setup Time:                      0h 0m 0s 8ms 738us
   Simulation Time (Total):         0h 1m 25s 428ms
   Simulation Time (Active):        0h 0m 34s 214ms
        Queue Processing Time:      0h 0m 34s 207ms
             Scheduling Time:       0h 0m 31s 468ms
             Computation Time:      0h 0m 0s 319ms
   System Clock:                    0.1GHz
   Runtime:                         396778 cycles
   Runtime:                         3967.78 us
   Stalls:                          0 cycles
   Executed Nodes:                  396777 cycles

   ========= Kernel Validation Stats ==========
   Kernel validation enabled:       NO
   Configured latency per check:    0 us

   --- Access Breakdown ---
   Total memory accesses (validated): 0
   Cache hits (0 latency):          0
   Validation requests (full lat):  0
   Coalesced waits (partial lat):   0
   Validations denied:              0

   --- Latency Breakdown ---
   Validation request latency:      0 us
   Coalesced wait latency:          0 us
   TOTAL SECURITY OVERHEAD:         0 us
   Avg latency per validation:      0 us
   Avg latency per coalesced wait:  0 us
   Avg overhead per blocked access: 0 us

   --- Cache Statistics ---
   Processes with cached pages:     0
   Unique pages validated (total):  0
   Cache hit rate:                  0%

   ========= IOMMU Stats =====================
   IOMMU enabled:                   YES
   IOMMU SimObject:                 system.body.iommu

   --- Access Breakdown ---
   Total IOMMU checks:              27246789
   IOTLB hits:                      25607405
   IOTLB misses (page walks):       1639384
   IOTLB hit rate:                  93.9832%

   --- Latency Breakdown ---
   TOTAL IOMMU OVERHEAD:            461061 us
   Avg latency per access:          0.0169217 us

********************************************************************************
system.body.body_top.llvm_interface
Total Area: 56241.2
Total Power Static: 0.958569

Total Power Dynamic: 4.74925
   ========= Performance Analysis =============
   Setup Time:                      0h 0m 0s 16ms 27us
   Simulation Time (Total):         0h 1m 25s 810ms
   Simulation Time (Active):        0h 0m 0s 66ms
        Queue Processing Time:      0h 0m 0s 38ms
             Scheduling Time:       0h 0m 0s 12ms
             Computation Time:      0h 0m 0s 2ms
   System Clock:                    0.1GHz
   Runtime:                         415353 cycles
   Runtime:                         4153.53 us
   Stalls:                          0 cycles
   Executed Nodes:                  415352 cycles

   ========= Kernel Validation Stats ==========
   Kernel validation enabled:       NO
   Configured latency per check:    0 us

   --- Access Breakdown ---
   Total memory accesses (validated): 0
   Cache hits (0 latency):          0
   Validation requests (full lat):  0
   Coalesced waits (partial lat):   0
   Validations denied:              0

   --- Latency Breakdown ---
   Validation request latency:      0 us
   Coalesced wait latency:          0 us
   TOTAL SECURITY OVERHEAD:         0 us
   Avg latency per validation:      0 us
   Avg latency per coalesced wait:  0 us
   Avg overhead per blocked access: 0 us

   --- Cache Statistics ---
   Processes with cached pages:     0
   Unique pages validated (total):  0
   Cache hit rate:                  0%

   ========= IOMMU Stats =====================
   IOMMU enabled:                   YES
   IOMMU SimObject:                 system.body.iommu

   --- Access Breakdown ---
   Total IOMMU checks:              27246792
   IOTLB hits:                      25607408
   IOTLB misses (page walks):       1639384
   IOTLB hit rate:                  93.9832%

   --- Latency Breakdown ---
   TOTAL IOMMU OVERHEAD:            461061 us
   Avg latency per access:          0.0169217 us

********************************************************************************
system.tail.tail_pwconv.llvm_interface
Total Area: 11678.9
Total Power Static: 1439.58

Total Power Dynamic: 37038.2
   ========= Performance Analysis =============
   Setup Time:                      0h 0m 0s 0ms 701us
   Simulation Time (Total):         0h 0m 16s 246ms
   Simulation Time (Active):        0h 0m 6s 424ms
        Queue Processing Time:      0h 0m 6s 417ms
             Scheduling Time:       0h 0m 2s 620ms
             Computation Time:      0h 0m 0s 157ms
   System Clock:                    0.1GHz
   Runtime:                         46234 cycles
   Runtime:                         462.34 us
   Stalls:                          0 cycles
   Executed Nodes:                  46233 cycles

   ========= Kernel Validation Stats ==========
   Kernel validation enabled:       NO
   Configured latency per check:    0 us

   --- Access Breakdown ---
   Total memory accesses (validated): 0
   Cache hits (0 latency):          0
   Validation requests (full lat):  0
   Coalesced waits (partial lat):   0
   Validations denied:              0

   --- Latency Breakdown ---
   Validation request latency:      0 us
   Coalesced wait latency:          0 us
   TOTAL SECURITY OVERHEAD:         0 us
   Avg latency per validation:      0 us
   Avg latency per coalesced wait:  0 us
   Avg overhead per blocked access: 0 us

   --- Cache Statistics ---
   Processes with cached pages:     0
   Unique pages validated (total):  0
   Cache hit rate:                  0%

   ========= IOMMU Stats =====================
   IOMMU enabled:                   YES
   IOMMU SimObject:                 system.tail.iommu

   --- Access Breakdown ---
   Total IOMMU checks:              146616
   IOTLB hits:                      146609
   IOTLB misses (page walks):       7
   IOTLB hit rate:                  99.9952%

   --- Latency Breakdown ---
   TOTAL IOMMU OVERHEAD:            294.968 us
   Avg latency per access:          0.00201184 us

********************************************************************************
system.tail.tail_reshape.llvm_interface
Total Area: 10278.6
Total Power Static: 692.426

Total Power Dynamic: 17462.9
   ========= Performance Analysis =============
   Setup Time:                      0h 0m 0s 0ms 327us
   Simulation Time (Total):         0h 0m 16s 207ms
   Simulation Time (Active):        0h 0m 6s 881ms
        Queue Processing Time:      0h 0m 6s 875ms
             Scheduling Time:       0h 0m 3s 948ms
             Computation Time:      0h 0m 0s 25ms
   System Clock:                    0.1GHz
   Runtime:                         46158 cycles
   Runtime:                         461.58 us
   Stalls:                          0 cycles
   Executed Nodes:                  46157 cycles

   ========= Kernel Validation Stats ==========
   Kernel validation enabled:       NO
   Configured latency per check:    0 us

   --- Access Breakdown ---
   Total memory accesses (validated): 0
   Cache hits (0 latency):          0
   Validation requests (full lat):  0
   Coalesced waits (partial lat):   0
   Validations denied:              0

   --- Latency Breakdown ---
   Validation request latency:      0 us
   Coalesced wait latency:          0 us
   TOTAL SECURITY OVERHEAD:         0 us
   Avg latency per validation:      0 us
   Avg latency per coalesced wait:  0 us
   Avg overhead per blocked access: 0 us

   --- Cache Statistics ---
   Processes with cached pages:     0
   Unique pages validated (total):  0
   Cache hit rate:                  0%

   ========= IOMMU Stats =====================
   IOMMU enabled:                   YES
   IOMMU SimObject:                 system.tail.iommu

   --- Access Breakdown ---
   Total IOMMU checks:              146617
   IOTLB hits:                      146610
   IOTLB misses (page walks):       7
   IOTLB hit rate:                  99.9952%

   --- Latency Breakdown ---
   TOTAL IOMMU OVERHEAD:            294.97 us
   Avg latency per access:          0.00201184 us

********************************************************************************
system.tail.tail_avgpool.llvm_interface
Total Area: 5554.55
Total Power Static: 178.864

Total Power Dynamic: 2910.95
   ========= Performance Analysis =============
   Setup Time:                      0h 0m 0s 0ms 346us
   Simulation Time (Total):         0h 0m 20s 702ms
   Simulation Time (Active):        0h 0m 6s 248ms
        Queue Processing Time:      0h 0m 6s 242ms
             Scheduling Time:       0h 0m 3s 946ms
             Computation Time:      0h 0m 0s 37ms
   System Clock:                    0.1GHz
   Runtime:                         64044 cycles
   Runtime:                         640.44 us
   Stalls:                          0 cycles
   Executed Nodes:                  64043 cycles

   ========= Kernel Validation Stats ==========
   Kernel validation enabled:       NO
   Configured latency per check:    0 us

   --- Access Breakdown ---
   Total memory accesses (validated): 0
   Cache hits (0 latency):          0
   Validation requests (full lat):  0
   Coalesced waits (partial lat):   0
   Validations denied:              0

   --- Latency Breakdown ---
   Validation request latency:      0 us
   Coalesced wait latency:          0 us
   TOTAL SECURITY OVERHEAD:         0 us
   Avg latency per validation:      0 us
   Avg latency per coalesced wait:  0 us
   Avg overhead per blocked access: 0 us

   --- Cache Statistics ---
   Processes with cached pages:     0
   Unique pages validated (total):  0
   Cache hit rate:                  0%

   ========= IOMMU Stats =====================
   IOMMU enabled:                   YES
   IOMMU SimObject:                 system.tail.iommu

   --- Access Breakdown ---
   Total IOMMU checks:              165534
   IOTLB hits:                      165527
   IOTLB misses (page walks):       7
   IOTLB hit rate:                  99.9958%

   --- Latency Breakdown ---
   TOTAL IOMMU OVERHEAD:            332.804 us
   Avg latency per access:          0.00201049 us

********************************************************************************
system.tail.tail_top.llvm_interface
Total Area: 1300.17
Total Power Static: 21.6966

Total Power Dynamic: 106.634
   ========= Performance Analysis =============
   Setup Time:                      0h 0m 0s 9ms 389us
   Simulation Time (Total):         0h 0m 21s 363ms
   Simulation Time (Active):        0h 0m 0s 128ms
        Queue Processing Time:      0h 0m 0s 121ms
             Scheduling Time:       0h 0m 0s 59ms
             Computation Time:      0h 0m 0s 16ms
   System Clock:                    0.1GHz
   Runtime:                         104194 cycles
   Runtime:                         1041.94 us
   Stalls:                          0 cycles
   Executed Nodes:                  104193 cycles

   ========= Kernel Validation Stats ==========
   Kernel validation enabled:       NO
   Configured latency per check:    0 us

   --- Access Breakdown ---
   Total memory accesses (validated): 0
   Cache hits (0 latency):          0
   Validation requests (full lat):  0
   Coalesced waits (partial lat):   0
   Validations denied:              0

   --- Latency Breakdown ---
   Validation request latency:      0 us
   Coalesced wait latency:          0 us
   TOTAL SECURITY OVERHEAD:         0 us
   Avg latency per validation:      0 us
   Avg latency per coalesced wait:  0 us
   Avg overhead per blocked access: 0 us

   --- Cache Statistics ---
   Processes with cached pages:     0
   Unique pages validated (total):  0
   Cache hit rate:                  0%

   ========= IOMMU Stats =====================
   IOMMU enabled:                   YES
   IOMMU SimObject:                 system.tail.iommu

   --- Access Breakdown ---
   Total IOMMU checks:              165537
   IOTLB hits:                      165530
   IOTLB misses (page walks):       7
   IOTLB hit rate:                  99.9958%

   --- Latency Breakdown ---
   TOTAL IOMMU OVERHEAD:            332.81 us
   Avg latency per access:          0.00201049 us

********************************************************************************
system.classifier.classifier_linear.llvm_interface
Total Area: 1.83064e+06
Total Power Static: 149974

Total Power Dynamic: 2.0398e+06
   ========= Performance Analysis =============
   Setup Time:                      0h 0m 0s 553ms 429us
   Simulation Time (Total):         0h 20m 36s 722ms
   Simulation Time (Active):        0h 17m 23s 108ms
        Queue Processing Time:      0h 17m 23s 96ms
             Scheduling Time:       0h 17m 0s 182ms
             Computation Time:      0h 0m 6s 623ms
   System Clock:                    0.1GHz
   Runtime:                         1041574 cycles
   Runtime:                         10415.7 us
   Stalls:                          0 cycles
   Executed Nodes:                  1041573 cycles

   ========= Kernel Validation Stats ==========
   Kernel validation enabled:       NO
   Configured latency per check:    0 us

   --- Access Breakdown ---
   Total memory accesses (validated): 0
   Cache hits (0 latency):          0
   Validation requests (full lat):  0
   Coalesced waits (partial lat):   0
   Validations denied:              0

   --- Latency Breakdown ---
   Validation request latency:      0 us
   Coalesced wait latency:          0 us
   TOTAL SECURITY OVERHEAD:         0 us
   Avg latency per validation:      0 us
   Avg latency per coalesced wait:  0 us
   Avg overhead per blocked access: 0 us

   --- Cache Statistics ---
   Processes with cached pages:     0
   Unique pages validated (total):  0
   Cache hit rate:                  0%

   ========= IOMMU Stats =====================
   IOMMU enabled:                   YES
   IOMMU SimObject:                 system.classifier.iommu

   --- Access Breakdown ---
   Total IOMMU checks:              5168392
   IOTLB hits:                      5168077
   IOTLB misses (page walks):       315
   IOTLB hit rate:                  99.9939%

   --- Latency Breakdown ---
   TOTAL IOMMU OVERHEAD:            10414.9 us
   Avg latency per access:          0.00201511 us

********************************************************************************
system.classifier.classifier_top.llvm_interface
Total Area: 1350.54
Total Power Static: 23.4537

Total Power Dynamic: 115.268
   ========= Performance Analysis =============
   Setup Time:                      0h 0m 0s 1ms 263us
   Simulation Time (Total):         0h 20m 42s 395ms
   Simulation Time (Active):        0h 0m 0s 309ms
        Queue Processing Time:      0h 0m 0s 218ms
             Scheduling Time:       0h 0m 0s 84ms
             Computation Time:      0h 0m 0s 26ms
   System Clock:                    0.1GHz
   Runtime:                         1379223 cycles
   Runtime:                         13792.2 us
   Stalls:                          0 cycles
   Executed Nodes:                  1379222 cycles

   ========= Kernel Validation Stats ==========
   Kernel validation enabled:       NO
   Configured latency per check:    0 us

   --- Access Breakdown ---
   Total memory accesses (validated): 0
   Cache hits (0 latency):          0
   Validation requests (full lat):  0
   Coalesced waits (partial lat):   0
   Validations denied:              0

   --- Latency Breakdown ---
   Validation request latency:      0 us
   Coalesced wait latency:          0 us
   TOTAL SECURITY OVERHEAD:         0 us
   Avg latency per validation:      0 us
   Avg latency per coalesced wait:  0 us
   Avg overhead per blocked access: 0 us

   --- Cache Statistics ---
   Processes with cached pages:     0
   Unique pages validated (total):  0
   Cache hit rate:                  0%

   ========= IOMMU Stats =====================
   IOMMU enabled:                   YES
   IOMMU SimObject:                 system.classifier.iommu

   --- Access Breakdown ---
   Total IOMMU checks:              5168394
   IOTLB hits:                      5168079
   IOTLB misses (page walks):       315
   IOTLB hit rate:                  99.9939%

   --- Latency Breakdown ---
   TOTAL IOMMU OVERHEAD:            10414.9 us
   Avg latency per access:          0.00201511 us

Exiting @ tick 508001530000 because m5_exit instruction encountered
