build/ARM/base/statistics.hh:277: warn: One of the stats is a legacy stat. Legacy stat is a stat that does not belong to any statistics::Group. Legacy stat is deprecated.
Global frequency set at 1000000000000 ticks per second
build/ARM/mem/mem_interface.cc:793: warn: DRAM device capacity (16384 Mbytes) does not match the address range assigned (4096 Mbytes)
build/ARM/sim/kernel_workload.cc:46: info: kernel located at: /gem5-SALAM/benchmarks/mobilenetv2/sw/main.elf
build/ARM/arch/arm/system.cc:95: warn: Highest ARM exception-level set to AArch64 but the workload is for AArch32. Assuming you wanted these to match.
build/ARM/base/vnc/vncserver.cc:163: warn: Sockets disabled, not accepting vnc client connections
build/ARM/dev/serial/terminal.cc:170: warn: Sockets disabled, not accepting terminal connections
build/ARM/mem/coherent_xbar.cc:140: warn: CoherentXBar system.body.coherency_bus has no snooping ports attached!
build/ARM/mem/coherent_xbar.cc:140: warn: CoherentXBar system.classifier.coherency_bus has no snooping ports attached!
build/ARM/base/remote_gdb.cc:377: warn: Sockets disabled, not accepting gdb connections
build/ARM/mem/coherent_xbar.cc:140: warn: CoherentXBar system.head.coherency_bus has no snooping ports attached!
build/ARM/mem/coherent_xbar.cc:140: warn: CoherentXBar system.tail.coherency_bus has no snooping ports attached!
build/ARM/dev/arm/energy_ctrl.cc:252: warn: Existing EnergyCtrl, but no enabled DVFSHandler found.
gem5 Simulator System.  http://gem5.org
gem5 is copyrighted software; use the --copyright option for details.

gem5 version 21.1.0.1
gem5 compiled May  2 2026 19:55:51
gem5 started May  3 2026 06:23:16
gem5 executing on 3b7fb6fd27b8, pid 1325659
command line: /gem5-SALAM/build/ARM/gem5.opt --listener-mode=off --outdir=/gem5-SALAM/BM_ARM_OUT/run_all/mobilenetv2_75/iommu_e32_m100ns /gem5-SALAM/configs/SALAM/fs_mobilenetv2_75.py --mem-size=4GB --mem-type=DDR4_2400_8x8 --machine-type=VExpress_GEM5_V1 --dtb-file=none --bare-metal --cpu-type=DerivO3CPU --caches --l2cache --kernel=/gem5-SALAM/benchmarks/mobilenetv2/sw/main.elf --disk-image=/gem5-SALAM/benchmarks/common/fake.iso --accpath=/gem5-SALAM/benchmarks/mobilenetv2 --accbench=mobilenetv2_75 --enable-iommu --iotlb-entries 32 --iotlb-hit-latency 2000 --iotlb-miss-latency 100000

[HWAccConfig] IOMMU ENABLED: entries=32, hit_lat=2000, miss_lat=100000
head_top Profile Loaded
[HWAccConfig] IOMMU ENABLED: entries=32, hit_lat=2000, miss_lat=100000
head_NormalConv Profile Loaded
[HWAccConfig] IOMMU ENABLED: entries=32, hit_lat=2000, miss_lat=100000
head_DWConv Profile Loaded
[HWAccConfig] IOMMU ENABLED: entries=32, hit_lat=2000, miss_lat=100000
head_PWConv Profile Loaded
[HWAccConfig] IOMMU ENABLED: entries=32, hit_lat=2000, miss_lat=100000
body_top Profile Loaded
[HWAccConfig] IOMMU ENABLED: entries=32, hit_lat=2000, miss_lat=100000
body_Residual Profile Loaded
[HWAccConfig] IOMMU ENABLED: entries=32, hit_lat=2000, miss_lat=100000
body_PWConv0 Profile Loaded
[HWAccConfig] IOMMU ENABLED: entries=32, hit_lat=2000, miss_lat=100000
body_DWConv Profile Loaded
[HWAccConfig] IOMMU ENABLED: entries=32, hit_lat=2000, miss_lat=100000
body_PWConv1 Profile Loaded
[HWAccConfig] IOMMU ENABLED: entries=32, hit_lat=2000, miss_lat=100000
tail_top Profile Loaded
[HWAccConfig] IOMMU ENABLED: entries=32, hit_lat=2000, miss_lat=100000
tail_PWConv Profile Loaded
[HWAccConfig] IOMMU ENABLED: entries=32, hit_lat=2000, miss_lat=100000
tail_Reshape Profile Loaded
[HWAccConfig] IOMMU ENABLED: entries=32, hit_lat=2000, miss_lat=100000
tail_AvgPool Profile Loaded
[HWAccConfig] IOMMU ENABLED: entries=32, hit_lat=2000, miss_lat=100000
classifier_top Profile Loaded
[HWAccConfig] IOMMU ENABLED: entries=32, hit_lat=2000, miss_lat=100000
classifier_Linear Profile Loaded
**** REAL SIMULATION ****
warn: iobus.slave is deprecated. `slave` is now called `cpu_side_ports`
warn: bridge.master is deprecated. `master` is now called `mem_side_port`
warn: membus.master is deprecated. `master` is now called `mem_side_ports`
warn: bridge.slave is deprecated. `slave` is now called `cpu_side_port`
warn: membus.slave is deprecated. `slave` is now called `cpu_side_ports`
warn: tol2bus.master is deprecated. `master` is now called `mem_side_ports`
warn: membus.slave is deprecated. `slave` is now called `cpu_side_ports`
warn: tol2bus.slave is deprecated. `slave` is now called `cpu_side_ports`
warn: tol2bus.slave is deprecated. `slave` is now called `cpu_side_ports`
warn: tol2bus.slave is deprecated. `slave` is now called `cpu_side_ports`
warn: tol2bus.slave is deprecated. `slave` is now called `cpu_side_ports`
warn: membus.slave is deprecated. `slave` is now called `cpu_side_ports`
warn: coherency_bus.master is deprecated. `master` is now called `mem_side_ports`
warn: membus.slave is deprecated. `slave` is now called `cpu_side_ports`
warn: coherency_bus.master is deprecated. `master` is now called `mem_side_ports`
warn: membus.slave is deprecated. `slave` is now called `cpu_side_ports`
warn: coherency_bus.master is deprecated. `master` is now called `mem_side_ports`
warn: membus.slave is deprecated. `slave` is now called `cpu_side_ports`
warn: coherency_bus.master is deprecated. `master` is now called `mem_side_ports`
warn: No dot file generated. Please install pydot to generate the dot file and pdf.
build/ARM/sim/simulate.cc:107: info: Entering event queue @ 0.  Starting simulation...
********************************************************************************
system.head.head_top.llvm_interface
Total Area: 3799.78
Total Power Static: 155.288

Total Power Dynamic: 763.149
   ========= Performance Analysis =============
   Setup Time:                      0h 0m 0s 3ms 865us
   Simulation Time (Total):         0h 25m 46s 96ms
   Simulation Time (Active):        0h 0m 1s 588ms
        Queue Processing Time:      0h 0m 1s 421ms
             Scheduling Time:       0h 0m 0s 641ms
             Computation Time:      0h 0m 0s 245ms
   System Clock:                    0.1GHz
   Runtime:                         2193886 cycles
   Runtime:                         21938.9 us
   Stalls:                          0 cycles
   Executed Nodes:                  2193885 cycles

   ========= Kernel Validation Stats ==========
   Kernel validation enabled:       NO
   Configured latency per check:    0 us

   --- Access Breakdown ---
   Total memory accesses (validated): 0
   Cache hits (0 latency):          0
   Validation requests (full lat):  0
   Coalesced waits (partial lat):   0
   Validations denied:              0

   --- Latency Breakdown ---
   Validation request latency:      0 us
   Coalesced wait latency:          0 us
   TOTAL SECURITY OVERHEAD:         0 us
   Avg latency per validation:      0 us
   Avg latency per coalesced wait:  0 us
   Avg overhead per blocked access: 0 us

   --- Cache Statistics ---
   Processes with cached pages:     0
   Unique pages validated (total):  0
   Cache hit rate:                  0%

   ========= IOMMU Stats =====================
   IOMMU enabled:                   YES
   IOMMU SimObject:                 system.head.iommu

   --- Access Breakdown ---
   Total IOMMU checks:              10356150
   IOTLB hits:                      10356148
   IOTLB misses (page walks):       2
   IOTLB hit rate:                  100%

   --- Latency Breakdown ---
   TOTAL IOMMU OVERHEAD:            20712.5 us
   Avg latency per access:          0.00200002 us

********************************************************************************
system.head.head_pwconv.llvm_interface
Total Area: 11678.9
Total Power Static: 2554.71

Total Power Dynamic: 61491.8
   ========= Performance Analysis =============
   Setup Time:                      0h 0m 0s 0ms 555us
   Simulation Time (Total):         0h 35m 25s 910ms
   Simulation Time (Active):        0h 0m 50s 96ms
        Queue Processing Time:      0h 0m 50s 61ms
             Scheduling Time:       0h 0m 18s 15ms
             Computation Time:      0h 0m 0s 410ms
   System Clock:                    0.1GHz
   Runtime:                         2477498 cycles
   Runtime:                         24775 us
   Stalls:                          0 cycles
   Executed Nodes:                  2477497 cycles

   ========= Kernel Validation Stats ==========
   Kernel validation enabled:       NO
   Configured latency per check:    0 us

   --- Access Breakdown ---
   Total memory accesses (validated): 0
   Cache hits (0 latency):          0
   Validation requests (full lat):  0
   Coalesced waits (partial lat):   0
   Validations denied:              0

   --- Latency Breakdown ---
   Validation request latency:      0 us
   Coalesced wait latency:          0 us
   TOTAL SECURITY OVERHEAD:         0 us
   Avg latency per validation:      0 us
   Avg latency per coalesced wait:  0 us
   Avg overhead per blocked access: 0 us

   --- Cache Statistics ---
   Processes with cached pages:     0
   Unique pages validated (total):  0
   Cache hit rate:                  0%

   ========= IOMMU Stats =====================
   IOMMU enabled:                   YES
   IOMMU SimObject:                 system.head.iommu

   --- Access Breakdown ---
   Total IOMMU checks:              11677570
   IOTLB hits:                      11677568
   IOTLB misses (page walks):       2
   IOTLB hit rate:                  100%

   --- Latency Breakdown ---
   TOTAL IOMMU OVERHEAD:            23355.3 us
   Avg latency per access:          0.00200002 us

********************************************************************************
system.head.head_dwconv.llvm_interface
Total Area: 116081
Total Power Static: 72931.3

Total Power Dynamic: 869084
   ========= Performance Analysis =============
   Setup Time:                      0h 0m 0s 4ms 798us
   Simulation Time (Total):         0h 35m 25s 947ms
   Simulation Time (Active):        0h 4m 21s 915ms
        Queue Processing Time:      0h 4m 21s 884ms
             Scheduling Time:       0h 3m 42s 845ms
             Computation Time:      0h 0m 4s 100ms
   System Clock:                    0.1GHz
   Runtime:                         2477540 cycles
   Runtime:                         24775.4 us
   Stalls:                          0 cycles
   Executed Nodes:                  2477539 cycles

   ========= Kernel Validation Stats ==========
   Kernel validation enabled:       NO
   Configured latency per check:    0 us

   --- Access Breakdown ---
   Total memory accesses (validated): 0
   Cache hits (0 latency):          0
   Validation requests (full lat):  0
   Coalesced waits (partial lat):   0
   Validations denied:              0

   --- Latency Breakdown ---
   Validation request latency:      0 us
   Coalesced wait latency:          0 us
   TOTAL SECURITY OVERHEAD:         0 us
   Avg latency per validation:      0 us
   Avg latency per coalesced wait:  0 us
   Avg overhead per blocked access: 0 us

   --- Cache Statistics ---
   Processes with cached pages:     0
   Unique pages validated (total):  0
   Cache hit rate:                  0%

   ========= IOMMU Stats =====================
   IOMMU enabled:                   YES
   IOMMU SimObject:                 system.head.iommu

   --- Access Breakdown ---
   Total IOMMU checks:              11677702
   IOTLB hits:                      11677700
   IOTLB misses (page walks):       2
   IOTLB hit rate:                  100%

   --- Latency Breakdown ---
   TOTAL IOMMU OVERHEAD:            23355.6 us
   Avg latency per access:          0.00200002 us

********************************************************************************
system.head.head_normalconv.llvm_interface
Total Area: 200127
Total Power Static: 259429

Total Power Dynamic: 6.41728e+06
   ========= Performance Analysis =============
   Setup Time:                      0h 0m 0s 11ms 491us
   Simulation Time (Total):         0h 35m 39s 329ms
   Simulation Time (Active):        0h 23m 0s 558ms
        Queue Processing Time:      0h 23m 0s 992ms
             Scheduling Time:       0h 20m 26s 492ms
             Computation Time:      0h 0m 17s 784ms
   System Clock:                    0.1GHz
   Runtime:                         2483126 cycles
   Runtime:                         24831.3 us
   Stalls:                          0 cycles
   Executed Nodes:                  2483125 cycles

   ========= Kernel Validation Stats ==========
   Kernel validation enabled:       NO
   Configured latency per check:    0 us

   --- Access Breakdown ---
   Total memory accesses (validated): 0
   Cache hits (0 latency):          0
   Validation requests (full lat):  0
   Coalesced waits (partial lat):   0
   Validations denied:              0

   --- Latency Breakdown ---
   Validation request latency:      0 us
   Coalesced wait latency:          0 us
   TOTAL SECURITY OVERHEAD:         0 us
   Avg latency per validation:      0 us
   Avg latency per coalesced wait:  0 us
   Avg overhead per blocked access: 0 us

   --- Cache Statistics ---
   Processes with cached pages:     0
   Unique pages validated (total):  0
   Cache hit rate:                  0%

   ========= IOMMU Stats =====================
   IOMMU enabled:                   YES
   IOMMU SimObject:                 system.head.iommu

   --- Access Breakdown ---
   Total IOMMU checks:              11702153
   IOTLB hits:                      11702151
   IOTLB misses (page walks):       2
   IOTLB hit rate:                  100%

   --- Latency Breakdown ---
   TOTAL IOMMU OVERHEAD:            23404.5 us
   Avg latency per access:          0.00200002 us

********************************************************************************
system.body.body_residual.llvm_interface
Total Area: 538.329
Total Power Static: 87.7635

Total Power Dynamic: 263.175
   ========= Performance Analysis =============
   Setup Time:                      0h 0m 0s 0ms 558us
   Simulation Time (Total):         0h 41m 48s 616ms
   Simulation Time (Active):        0h 0m 0s 506ms
        Queue Processing Time:      0h 0m 0s 374ms
             Scheduling Time:       0h 0m 0s 181ms
             Computation Time:      0h 0m 0s 16ms
   System Clock:                    0.1GHz
   Runtime:                         1813250 cycles
   Runtime:                         18132.5 us
   Stalls:                          0 cycles
   Executed Nodes:                  1813249 cycles

   ========= Kernel Validation Stats ==========
   Kernel validation enabled:       NO
   Configured latency per check:    0 us

   --- Access Breakdown ---
   Total memory accesses (validated): 0
   Cache hits (0 latency):          0
   Validation requests (full lat):  0
   Coalesced waits (partial lat):   0
   Validations denied:              0

   --- Latency Breakdown ---
   Validation request latency:      0 us
   Coalesced wait latency:          0 us
   TOTAL SECURITY OVERHEAD:         0 us
   Avg latency per validation:      0 us
   Avg latency per coalesced wait:  0 us
   Avg overhead per blocked access: 0 us

   --- Cache Statistics ---
   Processes with cached pages:     0
   Unique pages validated (total):  0
   Cache hit rate:                  0%

   ========= IOMMU Stats =====================
   IOMMU enabled:                   YES
   IOMMU SimObject:                 system.body.iommu

   --- Access Breakdown ---
   Total IOMMU checks:              8594662
   IOTLB hits:                      8594651
   IOTLB misses (page walks):       11
   IOTLB hit rate:                  99.9999%

   --- Latency Breakdown ---
   TOTAL IOMMU OVERHEAD:            17190.4 us
   Avg latency per access:          0.00200013 us

********************************************************************************
system.body.body_pwconv0.llvm_interface
Total Area: 12037.8
Total Power Static: 15393.1

Total Power Dynamic: 366196
   ========= Performance Analysis =============
   Setup Time:                      0h 0m 0s 0ms 891us
   Simulation Time (Total):         0h 42m 0s 942ms
   Simulation Time (Active):        0h 4m 51s 891ms
        Queue Processing Time:      0h 4m 51s 693ms
             Scheduling Time:       0h 3m 19s 709ms
             Computation Time:      0h 0m 2s 900ms
   System Clock:                    0.1GHz
   Runtime:                         1823375 cycles
   Runtime:                         18233.8 us
   Stalls:                          0 cycles
   Executed Nodes:                  1823374 cycles

   ========= Kernel Validation Stats ==========
   Kernel validation enabled:       NO
   Configured latency per check:    0 us

   --- Access Breakdown ---
   Total memory accesses (validated): 0
   Cache hits (0 latency):          0
   Validation requests (full lat):  0
   Coalesced waits (partial lat):   0
   Validations denied:              0

   --- Latency Breakdown ---
   Validation request latency:      0 us
   Coalesced wait latency:          0 us
   TOTAL SECURITY OVERHEAD:         0 us
   Avg latency per validation:      0 us
   Avg latency per coalesced wait:  0 us
   Avg overhead per blocked access: 0 us

   --- Cache Statistics ---
   Processes with cached pages:     0
   Unique pages validated (total):  0
   Cache hit rate:                  0%

   ========= IOMMU Stats =====================
   IOMMU enabled:                   YES
   IOMMU SimObject:                 system.body.iommu

   --- Access Breakdown ---
   Total IOMMU checks:              8644424
   IOTLB hits:                      8644413
   IOTLB misses (page walks):       11
   IOTLB hit rate:                  99.9999%

   --- Latency Breakdown ---
   TOTAL IOMMU OVERHEAD:            17289.9 us
   Avg latency per access:          0.00200012 us

********************************************************************************
system.body.body_pwconv1.llvm_interface
Total Area: 749685
Total Power Static: 185773

Total Power Dynamic: 1.83603e+06
   ========= Performance Analysis =============
   Setup Time:                      0h 0m 0s 134ms 367us
   Simulation Time (Total):         0h 42m 25s 891ms
   Simulation Time (Active):        0h 9m 57s 856ms
        Queue Processing Time:      0h 9m 57s 786ms
             Scheduling Time:       0h 8m 24s 943ms
             Computation Time:      0h 0m 11s 123ms
   System Clock:                    0.1GHz
   Runtime:                         1845804 cycles
   Runtime:                         18458 us
   Stalls:                          0 cycles
   Executed Nodes:                  1845803 cycles

   ========= Kernel Validation Stats ==========
   Kernel validation enabled:       NO
   Configured latency per check:    0 us

   --- Access Breakdown ---
   Total memory accesses (validated): 0
   Cache hits (0 latency):          0
   Validation requests (full lat):  0
   Coalesced waits (partial lat):   0
   Validations denied:              0

   --- Latency Breakdown ---
   Validation request latency:      0 us
   Coalesced wait latency:          0 us
   TOTAL SECURITY OVERHEAD:         0 us
   Avg latency per validation:      0 us
   Avg latency per coalesced wait:  0 us
   Avg overhead per blocked access: 0 us

   --- Cache Statistics ---
   Processes with cached pages:     0
   Unique pages validated (total):  0
   Cache hit rate:                  0%

   ========= IOMMU Stats =====================
   IOMMU enabled:                   YES
   IOMMU SimObject:                 system.body.iommu

   --- Access Breakdown ---
   Total IOMMU checks:              8740649
   IOTLB hits:                      8740638
   IOTLB misses (page walks):       11
   IOTLB hit rate:                  99.9999%

   --- Latency Breakdown ---
   TOTAL IOMMU OVERHEAD:            17482.4 us
   Avg latency per access:          0.00200012 us

********************************************************************************
system.body.body_dwconv.llvm_interface
Total Area: 129609
Total Power Static: 229952

Total Power Dynamic: 2.63548e+06
   ========= Performance Analysis =============
   Setup Time:                      0h 0m 0s 8ms 569us
   Simulation Time (Total):         0h 42m 26s 58ms
   Simulation Time (Active):        0h 22m 21s 947ms
        Queue Processing Time:      0h 22m 22s 305ms
             Scheduling Time:       0h 20m 50s 514ms
             Computation Time:      0h 0m 13s 968ms
   System Clock:                    0.1GHz
   Runtime:                         1846235 cycles
   Runtime:                         18462.4 us
   Stalls:                          0 cycles
   Executed Nodes:                  1846234 cycles

   ========= Kernel Validation Stats ==========
   Kernel validation enabled:       NO
   Configured latency per check:    0 us

   --- Access Breakdown ---
   Total memory accesses (validated): 0
   Cache hits (0 latency):          0
   Validation requests (full lat):  0
   Coalesced waits (partial lat):   0
   Validations denied:              0

   --- Latency Breakdown ---
   Validation request latency:      0 us
   Coalesced wait latency:          0 us
   TOTAL SECURITY OVERHEAD:         0 us
   Avg latency per validation:      0 us
   Avg latency per coalesced wait:  0 us
   Avg overhead per blocked access: 0 us

   --- Cache Statistics ---
   Processes with cached pages:     0
   Unique pages validated (total):  0
   Cache hit rate:                  0%

   ========= IOMMU Stats =====================
   IOMMU enabled:                   YES
   IOMMU SimObject:                 system.body.iommu

   --- Access Breakdown ---
   Total IOMMU checks:              8742382
   IOTLB hits:                      8742371
   IOTLB misses (page walks):       11
   IOTLB hit rate:                  99.9999%

   --- Latency Breakdown ---
   TOTAL IOMMU OVERHEAD:            17485.8 us
   Avg latency per access:          0.00200012 us

********************************************************************************
system.body.body_top.llvm_interface
Total Area: 3749.41
Total Power Static: 0.957346

Total Power Dynamic: 4.74324
   ========= Performance Analysis =============
   Setup Time:                      0h 0m 0s 8ms 846us
   Simulation Time (Total):         0h 42m 38s 618ms
   Simulation Time (Active):        0h 0m 0s 921ms
        Queue Processing Time:      0h 0m 0s 761ms
             Scheduling Time:       0h 0m 0s 344ms
             Computation Time:      0h 0m 0s 85ms
   System Clock:                    0.1GHz
   Runtime:                         1864739 cycles
   Runtime:                         18647.4 us
   Stalls:                          0 cycles
   Executed Nodes:                  1864738 cycles

   ========= Kernel Validation Stats ==========
   Kernel validation enabled:       NO
   Configured latency per check:    0 us

   --- Access Breakdown ---
   Total memory accesses (validated): 0
   Cache hits (0 latency):          0
   Validation requests (full lat):  0
   Coalesced waits (partial lat):   0
   Validations denied:              0

   --- Latency Breakdown ---
   Validation request latency:      0 us
   Coalesced wait latency:          0 us
   TOTAL SECURITY OVERHEAD:         0 us
   Avg latency per validation:      0 us
   Avg latency per coalesced wait:  0 us
   Avg overhead per blocked access: 0 us

   --- Cache Statistics ---
   Processes with cached pages:     0
   Unique pages validated (total):  0
   Cache hit rate:                  0%

   ========= IOMMU Stats =====================
   IOMMU enabled:                   YES
   IOMMU SimObject:                 system.body.iommu

   --- Access Breakdown ---
   Total IOMMU checks:              8742385
   IOTLB hits:                      8742374
   IOTLB misses (page walks):       11
   IOTLB hit rate:                  99.9999%

   --- Latency Breakdown ---
   TOTAL IOMMU OVERHEAD:            17485.8 us
   Avg latency per access:          0.00200012 us

********************************************************************************
system.body.body_residual.llvm_interface
Total Area: 1076.66
Total Power Static: 21.9391

Total Power Dynamic: 65.7937
   ========= Performance Analysis =============
   Setup Time:                      0h 0m 0s 0ms 382us
   Simulation Time (Total):         0h 15m 41s 558ms
   Simulation Time (Active):        0h 0m 0s 185ms
        Queue Processing Time:      0h 0m 0s 116ms
             Scheduling Time:       0h 0m 0s 40ms
             Computation Time:      0h 0m 0s 3ms
   System Clock:                    0.1GHz
   Runtime:                         1035706 cycles
   Runtime:                         10357.1 us
   Stalls:                          0 cycles
   Executed Nodes:                  1035705 cycles

   ========= Kernel Validation Stats ==========
   Kernel validation enabled:       NO
   Configured latency per check:    0 us

   --- Access Breakdown ---
   Total memory accesses (validated): 0
   Cache hits (0 latency):          0
   Validation requests (full lat):  0
   Coalesced waits (partial lat):   0
   Validations denied:              0

   --- Latency Breakdown ---
   Validation request latency:      0 us
   Coalesced wait latency:          0 us
   TOTAL SECURITY OVERHEAD:         0 us
   Avg latency per validation:      0 us
   Avg latency per coalesced wait:  0 us
   Avg overhead per blocked access: 0 us

   --- Cache Statistics ---
   Processes with cached pages:     0
   Unique pages validated (total):  0
   Cache hit rate:                  0%

   ========= IOMMU Stats =====================
   IOMMU enabled:                   YES
   IOMMU SimObject:                 system.body.iommu

   --- Access Breakdown ---
   Total IOMMU checks:              12595925
   IOTLB hits:                      12595914
   IOTLB misses (page walks):       11
   IOTLB hit rate:                  99.9999%

   --- Latency Breakdown ---
   TOTAL IOMMU OVERHEAD:            25192.9 us
   Avg latency per access:          0.00200009 us

********************************************************************************
system.body.body_pwconv0.llvm_interface
Total Area: 24075.6
Total Power Static: 3848.3

Total Power Dynamic: 91549.2
   ========= Performance Analysis =============
   Setup Time:                      0h 0m 0s 0ms 750us
   Simulation Time (Total):         0h 16m 1s 604ms
   Simulation Time (Active):        0h 1m 5s 492ms
        Queue Processing Time:      0h 1m 5s 471ms
             Scheduling Time:       0h 0m 43s 539ms
             Computation Time:      0h 0m 0s 686ms
   System Clock:                    0.1GHz
   Runtime:                         1051886 cycles
   Runtime:                         10518.9 us
   Stalls:                          0 cycles
   Executed Nodes:                  1051885 cycles

   ========= Kernel Validation Stats ==========
   Kernel validation enabled:       NO
   Configured latency per check:    0 us

   --- Access Breakdown ---
   Total memory accesses (validated): 0
   Cache hits (0 latency):          0
   Validation requests (full lat):  0
   Coalesced waits (partial lat):   0
   Validations denied:              0

   --- Latency Breakdown ---
   Validation request latency:      0 us
   Coalesced wait latency:          0 us
   TOTAL SECURITY OVERHEAD:         0 us
   Avg latency per validation:      0 us
   Avg latency per coalesced wait:  0 us
   Avg overhead per blocked access: 0 us

   --- Cache Statistics ---
   Processes with cached pages:     0
   Unique pages validated (total):  0
   Cache hit rate:                  0%

   ========= IOMMU Stats =====================
   IOMMU enabled:                   YES
   IOMMU SimObject:                 system.body.iommu

   --- Access Breakdown ---
   Total IOMMU checks:              12676095
   IOTLB hits:                      12676084
   IOTLB misses (page walks):       11
   IOTLB hit rate:                  99.9999%

   --- Latency Breakdown ---
   TOTAL IOMMU OVERHEAD:            25353.3 us
   Avg latency per access:          0.00200009 us

********************************************************************************
system.body.body_dwconv.llvm_interface
Total Area: 259219
Total Power Static: 56863.8

Total Power Dynamic: 649870
   ========= Performance Analysis =============
   Setup Time:                      0h 0m 0s 9ms 545us
   Simulation Time (Total):         0h 16m 38s 188ms
   Simulation Time (Active):        0h 5m 29s 779ms
        Queue Processing Time:      0h 5m 29s 750ms
             Scheduling Time:       0h 5m 3s 40ms
             Computation Time:      0h 0m 3s 653ms
   System Clock:                    0.1GHz
   Runtime:                         1096124 cycles
   Runtime:                         10961.2 us
   Stalls:                          0 cycles
   Executed Nodes:                  1096123 cycles

   ========= Kernel Validation Stats ==========
   Kernel validation enabled:       NO
   Configured latency per check:    0 us

   --- Access Breakdown ---
   Total memory accesses (validated): 0
   Cache hits (0 latency):          0
   Validation requests (full lat):  0
   Coalesced waits (partial lat):   0
   Validations denied:              0

   --- Latency Breakdown ---
   Validation request latency:      0 us
   Coalesced wait latency:          0 us
   TOTAL SECURITY OVERHEAD:         0 us
   Avg latency per validation:      0 us
   Avg latency per coalesced wait:  0 us
   Avg overhead per blocked access: 0 us

   --- Cache Statistics ---
   Processes with cached pages:     0
   Unique pages validated (total):  0
   Cache hit rate:                  0%

   ========= IOMMU Stats =====================
   IOMMU enabled:                   YES
   IOMMU SimObject:                 system.body.iommu

   --- Access Breakdown ---
   Total IOMMU checks:              12831637
   IOTLB hits:                      12831626
   IOTLB misses (page walks):       11
   IOTLB hit rate:                  99.9999%

   --- Latency Breakdown ---
   TOTAL IOMMU OVERHEAD:            25664.4 us
   Avg latency per access:          0.00200008 us

********************************************************************************
system.body.body_pwconv1.llvm_interface
Total Area: 1.49937e+06
Total Power Static: 185773

Total Power Dynamic: 1.83603e+06
   ========= Performance Analysis =============
   Setup Time:                      0h 0m 0s 147ms 492us
   Simulation Time (Total):         0h 16m 38s 748ms
   Simulation Time (Active):        0h 9m 13s 448ms
        Queue Processing Time:      0h 9m 13s 436ms
             Scheduling Time:       0h 8m 3s 618ms
             Computation Time:      0h 0m 10s 732ms
   System Clock:                    0.1GHz
   Runtime:                         1103011 cycles
   Runtime:                         11030.1 us
   Stalls:                          0 cycles
   Executed Nodes:                  1103010 cycles

   ========= Kernel Validation Stats ==========
   Kernel validation enabled:       NO
   Configured latency per check:    0 us

   --- Access Breakdown ---
   Total memory accesses (validated): 0
   Cache hits (0 latency):          0
   Validation requests (full lat):  0
   Coalesced waits (partial lat):   0
   Validations denied:              0

   --- Latency Breakdown ---
   Validation request latency:      0 us
   Coalesced wait latency:          0 us
   TOTAL SECURITY OVERHEAD:         0 us
   Avg latency per validation:      0 us
   Avg latency per coalesced wait:  0 us
   Avg overhead per blocked access: 0 us

   --- Cache Statistics ---
   Processes with cached pages:     0
   Unique pages validated (total):  0
   Cache hit rate:                  0%

   ========= IOMMU Stats =====================
   IOMMU enabled:                   YES
   IOMMU SimObject:                 system.body.iommu

   --- Access Breakdown ---
   Total IOMMU checks:              12839140
   IOTLB hits:                      12839129
   IOTLB misses (page walks):       11
   IOTLB hit rate:                  99.9999%

   --- Latency Breakdown ---
   TOTAL IOMMU OVERHEAD:            25679.4 us
   Avg latency per access:          0.00200008 us

********************************************************************************
system.body.body_top.llvm_interface
Total Area: 7498.83
Total Power Static: 0.95918

Total Power Dynamic: 4.75225
   ========= Performance Analysis =============
   Setup Time:                      0h 0m 0s 7ms 449us
   Simulation Time (Total):         0h 16m 39s 401ms
   Simulation Time (Active):        0h 0m 0s 378ms
        Queue Processing Time:      0h 0m 0s 303ms
             Scheduling Time:       0h 0m 0s 129ms
             Computation Time:      0h 0m 0s 33ms
   System Clock:                    0.1GHz
   Runtime:                         1121511 cycles
   Runtime:                         11215.1 us
   Stalls:                          0 cycles
   Executed Nodes:                  1121510 cycles

   ========= Kernel Validation Stats ==========
   Kernel validation enabled:       NO
   Configured latency per check:    0 us

   --- Access Breakdown ---
   Total memory accesses (validated): 0
   Cache hits (0 latency):          0
   Validation requests (full lat):  0
   Coalesced waits (partial lat):   0
   Validations denied:              0

   --- Latency Breakdown ---
   Validation request latency:      0 us
   Coalesced wait latency:          0 us
   TOTAL SECURITY OVERHEAD:         0 us
   Avg latency per validation:      0 us
   Avg latency per coalesced wait:  0 us
   Avg overhead per blocked access: 0 us

   --- Cache Statistics ---
   Processes with cached pages:     0
   Unique pages validated (total):  0
   Cache hit rate:                  0%

   ========= IOMMU Stats =====================
   IOMMU enabled:                   YES
   IOMMU SimObject:                 system.body.iommu

   --- Access Breakdown ---
   Total IOMMU checks:              12839142
   IOTLB hits:                      12839131
   IOTLB misses (page walks):       11
   IOTLB hit rate:                  99.9999%

   --- Latency Breakdown ---
   TOTAL IOMMU OVERHEAD:            25679.4 us
   Avg latency per access:          0.00200008 us

********************************************************************************
system.body.body_residual.llvm_interface
Total Area: 1614.99
Total Power Static: 32.9098

Total Power Dynamic: 131.587
   ========= Performance Analysis =============
   Setup Time:                      0h 0m 0s 0ms 553us
   Simulation Time (Total):         0h 10m 2s 758ms
   Simulation Time (Active):        0h 0m 0s 148ms
        Queue Processing Time:      0h 0m 0s 111ms
             Scheduling Time:       0h 0m 0s 57ms
             Computation Time:      0h 0m 0s 7ms
   System Clock:                    0.1GHz
   Runtime:                         537445 cycles
   Runtime:                         5374.45 us
   Stalls:                          0 cycles
   Executed Nodes:                  537444 cycles

   ========= Kernel Validation Stats ==========
   Kernel validation enabled:       NO
   Configured latency per check:    0 us

   --- Access Breakdown ---
   Total memory accesses (validated): 0
   Cache hits (0 latency):          0
   Validation requests (full lat):  0
   Coalesced waits (partial lat):   0
   Validations denied:              0

   --- Latency Breakdown ---
   Validation request latency:      0 us
   Coalesced wait latency:          0 us
   TOTAL SECURITY OVERHEAD:         0 us
   Avg latency per validation:      0 us
   Avg latency per coalesced wait:  0 us
   Avg overhead per blocked access: 0 us

   --- Cache Statistics ---
   Processes with cached pages:     0
   Unique pages validated (total):  0
   Cache hit rate:                  0%

   ========= IOMMU Stats =====================
   IOMMU enabled:                   YES
   IOMMU SimObject:                 system.body.iommu

   --- Access Breakdown ---
   Total IOMMU checks:              15427037
   IOTLB hits:                      15427025
   IOTLB misses (page walks):       12
   IOTLB hit rate:                  99.9999%

   --- Latency Breakdown ---
   TOTAL IOMMU OVERHEAD:            30855.2 us
   Avg latency per access:          0.00200008 us

********************************************************************************
system.body.body_pwconv0.llvm_interface
Total Area: 36113.4
Total Power Static: 3848.3

Total Power Dynamic: 91549.2
   ========= Performance Analysis =============
   Setup Time:                      0h 0m 0s 0ms 762us
   Simulation Time (Total):         0h 10m 25s 650ms
   Simulation Time (Active):        0h 1m 2s 20ms
        Queue Processing Time:      0h 1m 1s 998ms
             Scheduling Time:       0h 0m 42s 419ms
             Computation Time:      0h 0m 0s 672ms
   System Clock:                    0.1GHz
   Runtime:                         557723 cycles
   Runtime:                         5577.23 us
   Stalls:                          0 cycles
   Executed Nodes:                  557722 cycles

   ========= Kernel Validation Stats ==========
   Kernel validation enabled:       NO
   Configured latency per check:    0 us

   --- Access Breakdown ---
   Total memory accesses (validated): 0
   Cache hits (0 latency):          0
   Validation requests (full lat):  0
   Coalesced waits (partial lat):   0
   Validations denied:              0

   --- Latency Breakdown ---
   Validation request latency:      0 us
   Coalesced wait latency:          0 us
   TOTAL SECURITY OVERHEAD:         0 us
   Avg latency per validation:      0 us
   Avg latency per coalesced wait:  0 us
   Avg overhead per blocked access: 0 us

   --- Cache Statistics ---
   Processes with cached pages:     0
   Unique pages validated (total):  0
   Cache hit rate:                  0%

   ========= IOMMU Stats =====================
   IOMMU enabled:                   YES
   IOMMU SimObject:                 system.body.iommu

   --- Access Breakdown ---
   Total IOMMU checks:              15527894
   IOTLB hits:                      15527882
   IOTLB misses (page walks):       12
   IOTLB hit rate:                  99.9999%

   --- Latency Breakdown ---
   TOTAL IOMMU OVERHEAD:            31057 us
   Avg latency per access:          0.00200008 us

********************************************************************************
system.body.body_pwconv1.llvm_interface
Total Area: 2.24905e+06
Total Power Static: 92541.7

Total Power Dynamic: 914996
   ========= Performance Analysis =============
   Setup Time:                      0h 0m 0s 142ms 629us
   Simulation Time (Total):         0h 10m 38s 483ms
   Simulation Time (Active):        0h 3m 44s 37ms
        Queue Processing Time:      0h 3m 44s 13ms
             Scheduling Time:       0h 3m 19s 238ms
             Computation Time:      0h 0m 5s 536ms
   System Clock:                    0.1GHz
   Runtime:                         569387 cycles
   Runtime:                         5693.87 us
   Stalls:                          0 cycles
   Executed Nodes:                  569386 cycles

   ========= Kernel Validation Stats ==========
   Kernel validation enabled:       NO
   Configured latency per check:    0 us

   --- Access Breakdown ---
   Total memory accesses (validated): 0
   Cache hits (0 latency):          0
   Validation requests (full lat):  0
   Coalesced waits (partial lat):   0
   Validations denied:              0

   --- Latency Breakdown ---
   Validation request latency:      0 us
   Coalesced wait latency:          0 us
   TOTAL SECURITY OVERHEAD:         0 us
   Avg latency per validation:      0 us
   Avg latency per coalesced wait:  0 us
   Avg overhead per blocked access: 0 us

   --- Cache Statistics ---
   Processes with cached pages:     0
   Unique pages validated (total):  0
   Cache hit rate:                  0%

   ========= IOMMU Stats =====================
   IOMMU enabled:                   YES
   IOMMU SimObject:                 system.body.iommu

   --- Access Breakdown ---
   Total IOMMU checks:              15578210
   IOTLB hits:                      15578198
   IOTLB misses (page walks):       12
   IOTLB hit rate:                  99.9999%

   --- Latency Breakdown ---
   TOTAL IOMMU OVERHEAD:            31157.6 us
   Avg latency per access:          0.00200008 us

********************************************************************************
system.body.body_dwconv.llvm_interface
Total Area: 388828
Total Power Static: 56814.8

Total Power Dynamic: 649870
   ========= Performance Analysis =============
   Setup Time:                      0h 0m 0s 9ms 281us
   Simulation Time (Total):         0h 10m 38s 683ms
   Simulation Time (Active):        0h 5m 21s 50ms
        Queue Processing Time:      0h 5m 21s 15ms
             Scheduling Time:       0h 4m 57s 539ms
             Computation Time:      0h 0m 3s 581ms
   System Clock:                    0.1GHz
   Runtime:                         569810 cycles
   Runtime:                         5698.1 us
   Stalls:                          0 cycles
   Executed Nodes:                  569809 cycles

   ========= Kernel Validation Stats ==========
   Kernel validation enabled:       NO
   Configured latency per check:    0 us

   --- Access Breakdown ---
   Total memory accesses (validated): 0
   Cache hits (0 latency):          0
   Validation requests (full lat):  0
   Coalesced waits (partial lat):   0
   Validations denied:              0

   --- Latency Breakdown ---
   Validation request latency:      0 us
   Coalesced wait latency:          0 us
   TOTAL SECURITY OVERHEAD:         0 us
   Avg latency per validation:      0 us
   Avg latency per coalesced wait:  0 us
   Avg overhead per blocked access: 0 us

   --- Cache Statistics ---
   Processes with cached pages:     0
   Unique pages validated (total):  0
   Cache hit rate:                  0%

   ========= IOMMU Stats =====================
   IOMMU enabled:                   YES
   IOMMU SimObject:                 system.body.iommu

   --- Access Breakdown ---
   Total IOMMU checks:              15579909
   IOTLB hits:                      15579897
   IOTLB misses (page walks):       12
   IOTLB hit rate:                  99.9999%

   --- Latency Breakdown ---
   TOTAL IOMMU OVERHEAD:            31161 us
   Avg latency per access:          0.00200008 us

********************************************************************************
system.body.body_top.llvm_interface
Total Area: 11248.2
Total Power Static: 0.960402

Total Power Dynamic: 4.75826
   ========= Performance Analysis =============
   Setup Time:                      0h 0m 0s 7ms 390us
   Simulation Time (Total):         0h 10m 39s 188ms
   Simulation Time (Active):        0h 0m 0s 223ms
        Queue Processing Time:      0h 0m 0s 174ms
             Scheduling Time:       0h 0m 0s 75ms
             Computation Time:      0h 0m 0s 19ms
   System Clock:                    0.1GHz
   Runtime:                         588335 cycles
   Runtime:                         5883.35 us
   Stalls:                          0 cycles
   Executed Nodes:                  588334 cycles

   ========= Kernel Validation Stats ==========
   Kernel validation enabled:       NO
   Configured latency per check:    0 us

   --- Access Breakdown ---
   Total memory accesses (validated): 0
   Cache hits (0 latency):          0
   Validation requests (full lat):  0
   Coalesced waits (partial lat):   0
   Validations denied:              0

   --- Latency Breakdown ---
   Validation request latency:      0 us
   Coalesced wait latency:          0 us
   TOTAL SECURITY OVERHEAD:         0 us
   Avg latency per validation:      0 us
   Avg latency per coalesced wait:  0 us
   Avg overhead per blocked access: 0 us

   --- Cache Statistics ---
   Processes with cached pages:     0
   Unique pages validated (total):  0
   Cache hit rate:                  0%

   ========= IOMMU Stats =====================
   IOMMU enabled:                   YES
   IOMMU SimObject:                 system.body.iommu

   --- Access Breakdown ---
   Total IOMMU checks:              15579912
   IOTLB hits:                      15579900
   IOTLB misses (page walks):       12
   IOTLB hit rate:                  99.9999%

   --- Latency Breakdown ---
   TOTAL IOMMU OVERHEAD:            31161 us
   Avg latency per access:          0.00200008 us

********************************************************************************
system.body.body_residual.llvm_interface
Total Area: 2153.32
Total Power Static: 10.9684

Total Power Dynamic: 32.8969
   ========= Performance Analysis =============
   Setup Time:                      0h 0m 0s 0ms 394us
   Simulation Time (Total):         0h 6m 14s 516ms
   Simulation Time (Active):        0h 0m 0s 75ms
        Queue Processing Time:      0h 0m 0s 49ms
             Scheduling Time:       0h 0m 0s 18ms
             Computation Time:      0h 0m 0s 1ms
   System Clock:                    0.1GHz
   Runtime:                         390434 cycles
   Runtime:                         3904.34 us
   Stalls:                          0 cycles
   Executed Nodes:                  390433 cycles

   ========= Kernel Validation Stats ==========
   Kernel validation enabled:       NO
   Configured latency per check:    0 us

   --- Access Breakdown ---
   Total memory accesses (validated): 0
   Cache hits (0 latency):          0
   Validation requests (full lat):  0
   Coalesced waits (partial lat):   0
   Validations denied:              0

   --- Latency Breakdown ---
   Validation request latency:      0 us
   Coalesced wait latency:          0 us
   TOTAL SECURITY OVERHEAD:         0 us
   Avg latency per validation:      0 us
   Avg latency per coalesced wait:  0 us
   Avg overhead per blocked access: 0 us

   --- Cache Statistics ---
   Processes with cached pages:     0
   Unique pages validated (total):  0
   Cache hit rate:                  0%

   ========= IOMMU Stats =====================
   IOMMU enabled:                   YES
   IOMMU SimObject:                 system.body.iommu

   --- Access Breakdown ---
   Total IOMMU checks:              17270632
   IOTLB hits:                      17270620
   IOTLB misses (page walks):       12
   IOTLB hit rate:                  99.9999%

   --- Latency Breakdown ---
   TOTAL IOMMU OVERHEAD:            34542.4 us
   Avg latency per access:          0.00200007 us

********************************************************************************
system.body.body_pwconv0.llvm_interface
Total Area: 48151.2
Total Power Static: 1866.67

Total Power Dynamic: 45269.9
   ========= Performance Analysis =============
   Setup Time:                      0h 0m 0s 0ms 756us
   Simulation Time (Total):         0h 6m 40s 940ms
   Simulation Time (Active):        0h 0m 25s 509ms
        Queue Processing Time:      0h 0m 25s 497ms
             Scheduling Time:       0h 0m 15s 193ms
             Computation Time:      0h 0m 0s 325ms
   System Clock:                    0.1GHz
   Runtime:                         414588 cycles
   Runtime:                         4145.88 us
   Stalls:                          0 cycles
   Executed Nodes:                  414587 cycles

   ========= Kernel Validation Stats ==========
   Kernel validation enabled:       NO
   Configured latency per check:    0 us

   --- Access Breakdown ---
   Total memory accesses (validated): 0
   Cache hits (0 latency):          0
   Validation requests (full lat):  0
   Coalesced waits (partial lat):   0
   Validations denied:              0

   --- Latency Breakdown ---
   Validation request latency:      0 us
   Coalesced wait latency:          0 us
   TOTAL SECURITY OVERHEAD:         0 us
   Avg latency per validation:      0 us
   Avg latency per coalesced wait:  0 us
   Avg overhead per blocked access: 0 us

   --- Cache Statistics ---
   Processes with cached pages:     0
   Unique pages validated (total):  0
   Cache hit rate:                  0%

   ========= IOMMU Stats =====================
   IOMMU enabled:                   YES
   IOMMU SimObject:                 system.body.iommu

   --- Access Breakdown ---
   Total IOMMU checks:              17391121
   IOTLB hits:                      17391109
   IOTLB misses (page walks):       12
   IOTLB hit rate:                  99.9999%

   --- Latency Breakdown ---
   TOTAL IOMMU OVERHEAD:            34783.4 us
   Avg latency per access:          0.00200007 us

********************************************************************************
system.body.body_dwconv.llvm_interface
Total Area: 518438
Total Power Static: 27794.7

Total Power Dynamic: 316697
   ========= Performance Analysis =============
   Setup Time:                      0h 0m 0s 9ms 538us
   Simulation Time (Total):         0h 7m 15s 71ms
   Simulation Time (Active):        0h 2m 43s 211ms
        Queue Processing Time:      0h 2m 43s 198ms
             Scheduling Time:       0h 2m 30s 226ms
             Computation Time:      0h 0m 1s 779ms
   System Clock:                    0.1GHz
   Runtime:                         452510 cycles
   Runtime:                         4525.1 us
   Stalls:                          0 cycles
   Executed Nodes:                  452509 cycles

   ========= Kernel Validation Stats ==========
   Kernel validation enabled:       NO
   Configured latency per check:    0 us

   --- Access Breakdown ---
   Total memory accesses (validated): 0
   Cache hits (0 latency):          0
   Validation requests (full lat):  0
   Coalesced waits (partial lat):   0
   Validations denied:              0

   --- Latency Breakdown ---
   Validation request latency:      0 us
   Coalesced wait latency:          0 us
   TOTAL SECURITY OVERHEAD:         0 us
   Avg latency per validation:      0 us
   Avg latency per coalesced wait:  0 us
   Avg overhead per blocked access: 0 us

   --- Cache Statistics ---
   Processes with cached pages:     0
   Unique pages validated (total):  0
   Cache hit rate:                  0%

   ========= IOMMU Stats =====================
   IOMMU enabled:                   YES
   IOMMU SimObject:                 system.body.iommu

   --- Access Breakdown ---
   Total IOMMU checks:              17549283
   IOTLB hits:                      17549271
   IOTLB misses (page walks):       12
   IOTLB hit rate:                  99.9999%

   --- Latency Breakdown ---
   TOTAL IOMMU OVERHEAD:            35099.7 us
   Avg latency per access:          0.00200007 us

********************************************************************************
system.body.body_pwconv1.llvm_interface
Total Area: 2.99874e+06
Total Power Static: 92541.7

Total Power Dynamic: 914996
   ========= Performance Analysis =============
   Setup Time:                      0h 0m 0s 143ms 950us
   Simulation Time (Total):         0h 7m 15s 52ms
   Simulation Time (Active):        0h 3m 43s 69ms
        Queue Processing Time:      0h 3m 43s 53ms
             Scheduling Time:       0h 3m 18s 426ms
             Computation Time:      0h 0m 5s 484ms
   System Clock:                    0.1GHz
   Runtime:                         455344 cycles
   Runtime:                         4553.44 us
   Stalls:                          0 cycles
   Executed Nodes:                  455343 cycles

   ========= Kernel Validation Stats ==========
   Kernel validation enabled:       NO
   Configured latency per check:    0 us

   --- Access Breakdown ---
   Total memory accesses (validated): 0
   Cache hits (0 latency):          0
   Validation requests (full lat):  0
   Coalesced waits (partial lat):   0
   Validations denied:              0

   --- Latency Breakdown ---
   Validation request latency:      0 us
   Coalesced wait latency:          0 us
   TOTAL SECURITY OVERHEAD:         0 us
   Avg latency per validation:      0 us
   Avg latency per coalesced wait:  0 us
   Avg overhead per blocked access: 0 us

   --- Cache Statistics ---
   Processes with cached pages:     0
   Unique pages validated (total):  0
   Cache hit rate:                  0%

   ========= IOMMU Stats =====================
   IOMMU enabled:                   YES
   IOMMU SimObject:                 system.body.iommu

   --- Access Breakdown ---
   Total IOMMU checks:              17552378
   IOTLB hits:                      17552366
   IOTLB misses (page walks):       12
   IOTLB hit rate:                  99.9999%

   --- Latency Breakdown ---
   TOTAL IOMMU OVERHEAD:            35105.9 us
   Avg latency per access:          0.00200007 us

********************************************************************************
system.body.body_top.llvm_interface
Total Area: 14997.7
Total Power Static: 0.95918

Total Power Dynamic: 4.75225
   ========= Performance Analysis =============
   Setup Time:                      0h 0m 0s 9ms 546us
   Simulation Time (Total):         0h 7m 15s 662ms
   Simulation Time (Active):        0h 0m 0s 162ms
        Queue Processing Time:      0h 0m 0s 131ms
             Scheduling Time:       0h 0m 0s 51ms
             Computation Time:      0h 0m 0s 13ms
   System Clock:                    0.1GHz
   Runtime:                         473837 cycles
   Runtime:                         4738.37 us
   Stalls:                          0 cycles
   Executed Nodes:                  473836 cycles

   ========= Kernel Validation Stats ==========
   Kernel validation enabled:       NO
   Configured latency per check:    0 us

   --- Access Breakdown ---
   Total memory accesses (validated): 0
   Cache hits (0 latency):          0
   Validation requests (full lat):  0
   Coalesced waits (partial lat):   0
   Validations denied:              0

   --- Latency Breakdown ---
   Validation request latency:      0 us
   Coalesced wait latency:          0 us
   TOTAL SECURITY OVERHEAD:         0 us
   Avg latency per validation:      0 us
   Avg latency per coalesced wait:  0 us
   Avg overhead per blocked access: 0 us

   --- Cache Statistics ---
   Processes with cached pages:     0
   Unique pages validated (total):  0
   Cache hit rate:                  0%

   ========= IOMMU Stats =====================
   IOMMU enabled:                   YES
   IOMMU SimObject:                 system.body.iommu

   --- Access Breakdown ---
   Total IOMMU checks:              17552379
   IOTLB hits:                      17552367
   IOTLB misses (page walks):       12
   IOTLB hit rate:                  99.9999%

   --- Latency Breakdown ---
   TOTAL IOMMU OVERHEAD:            35105.9 us
   Avg latency per access:          0.00200007 us

********************************************************************************
system.body.body_residual.llvm_interface
Total Area: 2691.64
Total Power Static: 16.4537

Total Power Dynamic: 65.7937
   ========= Performance Analysis =============
   Setup Time:                      0h 0m 0s 0ms 391us
   Simulation Time (Total):         0h 6m 17s 298ms
   Simulation Time (Active):        0h 0m 0s 84ms
        Queue Processing Time:      0h 0m 0s 58ms
             Scheduling Time:       0h 0m 0s 26ms
             Computation Time:      0h 0m 0s 3ms
   System Clock:                    0.1GHz
   Runtime:                         390277 cycles
   Runtime:                         3902.77 us
   Stalls:                          0 cycles
   Executed Nodes:                  390276 cycles

   ========= Kernel Validation Stats ==========
   Kernel validation enabled:       NO
   Configured latency per check:    0 us

   --- Access Breakdown ---
   Total memory accesses (validated): 0
   Cache hits (0 latency):          0
   Validation requests (full lat):  0
   Coalesced waits (partial lat):   0
   Validations denied:              0

   --- Latency Breakdown ---
   Validation request latency:      0 us
   Coalesced wait latency:          0 us
   TOTAL SECURITY OVERHEAD:         0 us
   Avg latency per validation:      0 us
   Avg latency per coalesced wait:  0 us
   Avg overhead per blocked access: 0 us

   --- Cache Statistics ---
   Processes with cached pages:     0
   Unique pages validated (total):  0
   Cache hit rate:                  0%

   ========= IOMMU Stats =====================
   IOMMU enabled:                   YES
   IOMMU SimObject:                 system.body.iommu

   --- Access Breakdown ---
   Total IOMMU checks:              19245443
   IOTLB hits:                      19245431
   IOTLB misses (page walks):       12
   IOTLB hit rate:                  99.9999%

   --- Latency Breakdown ---
   TOTAL IOMMU OVERHEAD:            38492.1 us
   Avg latency per access:          0.00200006 us

********************************************************************************
system.body.body_pwconv0.llvm_interface
Total Area: 60189
Total Power Static: 1866.67

Total Power Dynamic: 45269.9
   ========= Performance Analysis =============
   Setup Time:                      0h 0m 0s 0ms 738us
   Simulation Time (Total):         0h 6m 43s 966ms
   Simulation Time (Active):        0h 0m 25s 749ms
        Queue Processing Time:      0h 0m 25s 737ms
             Scheduling Time:       0h 0m 15s 571ms
             Computation Time:      0h 0m 0s 326ms
   System Clock:                    0.1GHz
   Runtime:                         414384 cycles
   Runtime:                         4143.84 us
   Stalls:                          0 cycles
   Executed Nodes:                  414383 cycles

   ========= Kernel Validation Stats ==========
   Kernel validation enabled:       NO
   Configured latency per check:    0 us

   --- Access Breakdown ---
   Total memory accesses (validated): 0
   Cache hits (0 latency):          0
   Validation requests (full lat):  0
   Coalesced waits (partial lat):   0
   Validations denied:              0

   --- Latency Breakdown ---
   Validation request latency:      0 us
   Coalesced wait latency:          0 us
   TOTAL SECURITY OVERHEAD:         0 us
   Avg latency per validation:      0 us
   Avg latency per coalesced wait:  0 us
   Avg overhead per blocked access: 0 us

   --- Cache Statistics ---
   Processes with cached pages:     0
   Unique pages validated (total):  0
   Cache hit rate:                  0%

   ========= IOMMU Stats =====================
   IOMMU enabled:                   YES
   IOMMU SimObject:                 system.body.iommu

   --- Access Breakdown ---
   Total IOMMU checks:              19365929
   IOTLB hits:                      19365917
   IOTLB misses (page walks):       12
   IOTLB hit rate:                  99.9999%

   --- Latency Breakdown ---
   TOTAL IOMMU OVERHEAD:            38733 us
   Avg latency per access:          0.00200006 us

********************************************************************************
system.body.body_dwconv.llvm_interface
Total Area: 648047
Total Power Static: 27794.7

Total Power Dynamic: 316697
   ========= Performance Analysis =============
   Setup Time:                      0h 0m 0s 9ms 232us
   Simulation Time (Total):         0h 7m 18s 215ms
   Simulation Time (Active):        0h 2m 43s 868ms
        Queue Processing Time:      0h 2m 43s 855ms
             Scheduling Time:       0h 2m 30s 935ms
             Computation Time:      0h 0m 1s 779ms
   System Clock:                    0.1GHz
   Runtime:                         452306 cycles
   Runtime:                         4523.06 us
   Stalls:                          0 cycles
   Executed Nodes:                  452305 cycles

   ========= Kernel Validation Stats ==========
   Kernel validation enabled:       NO
   Configured latency per check:    0 us

   --- Access Breakdown ---
   Total memory accesses (validated): 0
   Cache hits (0 latency):          0
   Validation requests (full lat):  0
   Coalesced waits (partial lat):   0
   Validations denied:              0

   --- Latency Breakdown ---
   Validation request latency:      0 us
   Coalesced wait latency:          0 us
   TOTAL SECURITY OVERHEAD:         0 us
   Avg latency per validation:      0 us
   Avg latency per coalesced wait:  0 us
   Avg overhead per blocked access: 0 us

   --- Cache Statistics ---
   Processes with cached pages:     0
   Unique pages validated (total):  0
   Cache hit rate:                  0%

   ========= IOMMU Stats =====================
   IOMMU enabled:                   YES
   IOMMU SimObject:                 system.body.iommu

   --- Access Breakdown ---
   Total IOMMU checks:              19524091
   IOTLB hits:                      19524079
   IOTLB misses (page walks):       12
   IOTLB hit rate:                  99.9999%

   --- Latency Breakdown ---
   TOTAL IOMMU OVERHEAD:            39049.4 us
   Avg latency per access:          0.00200006 us

********************************************************************************
system.body.body_pwconv1.llvm_interface
Total Area: 3.74842e+06
Total Power Static: 92541.7

Total Power Dynamic: 914996
   ========= Performance Analysis =============
   Setup Time:                      0h 0m 0s 146ms 204us
   Simulation Time (Total):         0h 7m 18s 216ms
   Simulation Time (Active):        0h 3m 45s 66ms
        Queue Processing Time:      0h 3m 45s 49ms
             Scheduling Time:       0h 3m 20s 449ms
             Computation Time:      0h 0m 5s 520ms
   System Clock:                    0.1GHz
   Runtime:                         455140 cycles
   Runtime:                         4551.4 us
   Stalls:                          0 cycles
   Executed Nodes:                  455139 cycles

   ========= Kernel Validation Stats ==========
   Kernel validation enabled:       NO
   Configured latency per check:    0 us

   --- Access Breakdown ---
   Total memory accesses (validated): 0
   Cache hits (0 latency):          0
   Validation requests (full lat):  0
   Coalesced waits (partial lat):   0
   Validations denied:              0

   --- Latency Breakdown ---
   Validation request latency:      0 us
   Coalesced wait latency:          0 us
   TOTAL SECURITY OVERHEAD:         0 us
   Avg latency per validation:      0 us
   Avg latency per coalesced wait:  0 us
   Avg overhead per blocked access: 0 us

   --- Cache Statistics ---
   Processes with cached pages:     0
   Unique pages validated (total):  0
   Cache hit rate:                  0%

   ========= IOMMU Stats =====================
   IOMMU enabled:                   YES
   IOMMU SimObject:                 system.body.iommu

   --- Access Breakdown ---
   Total IOMMU checks:              19527186
   IOTLB hits:                      19527174
   IOTLB misses (page walks):       12
   IOTLB hit rate:                  99.9999%

   --- Latency Breakdown ---
   TOTAL IOMMU OVERHEAD:            39055.5 us
   Avg latency per access:          0.00200006 us

********************************************************************************
system.body.body_top.llvm_interface
Total Area: 18747.1
Total Power Static: 0.960402

Total Power Dynamic: 4.75826
   ========= Performance Analysis =============
   Setup Time:                      0h 0m 0s 7ms 530us
   Simulation Time (Total):         0h 7m 18s 823ms
   Simulation Time (Active):        0h 0m 0s 159ms
        Queue Processing Time:      0h 0m 0s 121ms
             Scheduling Time:       0h 0m 0s 51ms
             Computation Time:      0h 0m 0s 12ms
   System Clock:                    0.1GHz
   Runtime:                         473657 cycles
   Runtime:                         4736.57 us
   Stalls:                          0 cycles
   Executed Nodes:                  473656 cycles

   ========= Kernel Validation Stats ==========
   Kernel validation enabled:       NO
   Configured latency per check:    0 us

   --- Access Breakdown ---
   Total memory accesses (validated): 0
   Cache hits (0 latency):          0
   Validation requests (full lat):  0
   Coalesced waits (partial lat):   0
   Validations denied:              0

   --- Latency Breakdown ---
   Validation request latency:      0 us
   Coalesced wait latency:          0 us
   TOTAL SECURITY OVERHEAD:         0 us
   Avg latency per validation:      0 us
   Avg latency per coalesced wait:  0 us
   Avg overhead per blocked access: 0 us

   --- Cache Statistics ---
   Processes with cached pages:     0
   Unique pages validated (total):  0
   Cache hit rate:                  0%

   ========= IOMMU Stats =====================
   IOMMU enabled:                   YES
   IOMMU SimObject:                 system.body.iommu

   --- Access Breakdown ---
   Total IOMMU checks:              19527187
   IOTLB hits:                      19527175
   IOTLB misses (page walks):       12
   IOTLB hit rate:                  99.9999%

   --- Latency Breakdown ---
   TOTAL IOMMU OVERHEAD:            39055.5 us
   Avg latency per access:          0.00200006 us

********************************************************************************
system.body.body_residual.llvm_interface
Total Area: 3229.97
Total Power Static: 16.4537

Total Power Dynamic: 65.7937
   ========= Performance Analysis =============
   Setup Time:                      0h 0m 0s 0ms 378us
   Simulation Time (Total):         0h 3m 58s 360ms
   Simulation Time (Active):        0h 0m 0s 60ms
        Queue Processing Time:      0h 0m 0s 45ms
             Scheduling Time:       0h 0m 0s 21ms
             Computation Time:      0h 0m 0s 3ms
   System Clock:                    0.1GHz
   Runtime:                         214124 cycles
   Runtime:                         2141.24 us
   Stalls:                          0 cycles
   Executed Nodes:                  214123 cycles

   ========= Kernel Validation Stats ==========
   Kernel validation enabled:       NO
   Configured latency per check:    0 us

   --- Access Breakdown ---
   Total memory accesses (validated): 0
   Cache hits (0 latency):          0
   Validation requests (full lat):  0
   Coalesced waits (partial lat):   0
   Validations denied:              0

   --- Latency Breakdown ---
   Validation request latency:      0 us
   Coalesced wait latency:          0 us
   TOTAL SECURITY OVERHEAD:         0 us
   Avg latency per validation:      0 us
   Avg latency per coalesced wait:  0 us
   Avg overhead per blocked access: 0 us

   --- Cache Statistics ---
   Processes with cached pages:     0
   Unique pages validated (total):  0
   Cache hit rate:                  0%

   ========= IOMMU Stats =====================
   IOMMU enabled:                   YES
   IOMMU SimObject:                 system.body.iommu

   --- Access Breakdown ---
   Total IOMMU checks:              20575082
   IOTLB hits:                      20575070
   IOTLB misses (page walks):       12
   IOTLB hit rate:                  99.9999%

   --- Latency Breakdown ---
   TOTAL IOMMU OVERHEAD:            41151.3 us
   Avg latency per access:          0.00200006 us

********************************************************************************
system.body.body_pwconv0.llvm_interface
Total Area: 72226.8
Total Power Static: 1866.67

Total Power Dynamic: 45269.9
   ========= Performance Analysis =============
   Setup Time:                      0h 0m 0s 0ms 762us
   Simulation Time (Total):         0h 4m 18s 535ms
   Simulation Time (Active):        0h 0m 23s 775ms
        Queue Processing Time:      0h 0m 23s 764ms
             Scheduling Time:       0h 0m 14s 812ms
             Computation Time:      0h 0m 0s 322ms
   System Clock:                    0.1GHz
   Runtime:                         232859 cycles
   Runtime:                         2328.59 us
   Stalls:                          0 cycles
   Executed Nodes:                  232858 cycles

   ========= Kernel Validation Stats ==========
   Kernel validation enabled:       NO
   Configured latency per check:    0 us

   --- Access Breakdown ---
   Total memory accesses (validated): 0
   Cache hits (0 latency):          0
   Validation requests (full lat):  0
   Coalesced waits (partial lat):   0
   Validations denied:              0

   --- Latency Breakdown ---
   Validation request latency:      0 us
   Coalesced wait latency:          0 us
   TOTAL SECURITY OVERHEAD:         0 us
   Avg latency per validation:      0 us
   Avg latency per coalesced wait:  0 us
   Avg overhead per blocked access: 0 us

   --- Cache Statistics ---
   Processes with cached pages:     0
   Unique pages validated (total):  0
   Cache hit rate:                  0%

   ========= IOMMU Stats =====================
   IOMMU enabled:                   YES
   IOMMU SimObject:                 system.body.iommu

   --- Access Breakdown ---
   Total IOMMU checks:              20667172
   IOTLB hits:                      20667160
   IOTLB misses (page walks):       12
   IOTLB hit rate:                  99.9999%

   --- Latency Breakdown ---
   TOTAL IOMMU OVERHEAD:            41335.5 us
   Avg latency per access:          0.00200006 us

********************************************************************************
system.body.body_pwconv1.llvm_interface
Total Area: 4.49811e+06
Total Power Static: 34660

Total Power Dynamic: 342746
   ========= Performance Analysis =============
   Setup Time:                      0h 0m 0s 149ms 462us
   Simulation Time (Total):         0h 4m 25s 651ms
   Simulation Time (Active):        0h 1m 17s 193ms
        Queue Processing Time:      0h 1m 17s 186ms
             Scheduling Time:       0h 1m 8s 953ms
             Computation Time:      0h 0m 2s 40ms
   System Clock:                    0.1GHz
   Runtime:                         239155 cycles
   Runtime:                         2391.55 us
   Stalls:                          0 cycles
   Executed Nodes:                  239154 cycles

   ========= Kernel Validation Stats ==========
   Kernel validation enabled:       NO
   Configured latency per check:    0 us

   --- Access Breakdown ---
   Total memory accesses (validated): 0
   Cache hits (0 latency):          0
   Validation requests (full lat):  0
   Coalesced waits (partial lat):   0
   Validations denied:              0

   --- Latency Breakdown ---
   Validation request latency:      0 us
   Coalesced wait latency:          0 us
   TOTAL SECURITY OVERHEAD:         0 us
   Avg latency per validation:      0 us
   Avg latency per coalesced wait:  0 us
   Avg overhead per blocked access: 0 us

   --- Cache Statistics ---
   Processes with cached pages:     0
   Unique pages validated (total):  0
   Cache hit rate:                  0%

   ========= IOMMU Stats =====================
   IOMMU enabled:                   YES
   IOMMU SimObject:                 system.body.iommu

   --- Access Breakdown ---
   Total IOMMU checks:              20694693
   IOTLB hits:                      20694681
   IOTLB misses (page walks):       12
   IOTLB hit rate:                  99.9999%

   --- Latency Breakdown ---
   TOTAL IOMMU OVERHEAD:            41390.6 us
   Avg latency per access:          0.00200006 us

********************************************************************************
system.body.body_dwconv.llvm_interface
Total Area: 777657
Total Power Static: 27770.1

Total Power Dynamic: 316697
   ========= Performance Analysis =============
   Setup Time:                      0h 0m 0s 9ms 412us
   Simulation Time (Total):         0h 4m 33s 289ms
   Simulation Time (Active):        0h 2m 39s 226ms
        Queue Processing Time:      0h 2m 39s 211ms
             Scheduling Time:       0h 2m 27s 889ms
             Computation Time:      0h 0m 1s 768ms
   System Clock:                    0.1GHz
   Runtime:                         246045 cycles
   Runtime:                         2460.45 us
   Stalls:                          0 cycles
   Executed Nodes:                  246044 cycles

   ========= Kernel Validation Stats ==========
   Kernel validation enabled:       NO
   Configured latency per check:    0 us

   --- Access Breakdown ---
   Total memory accesses (validated): 0
   Cache hits (0 latency):          0
   Validation requests (full lat):  0
   Coalesced waits (partial lat):   0
   Validations denied:              0

   --- Latency Breakdown ---
   Validation request latency:      0 us
   Coalesced wait latency:          0 us
   TOTAL SECURITY OVERHEAD:         0 us
   Avg latency per validation:      0 us
   Avg latency per coalesced wait:  0 us
   Avg overhead per blocked access: 0 us

   --- Cache Statistics ---
   Processes with cached pages:     0
   Unique pages validated (total):  0
   Cache hit rate:                  0%

   ========= IOMMU Stats =====================
   IOMMU enabled:                   YES
   IOMMU SimObject:                 system.body.iommu

   --- Access Breakdown ---
   Total IOMMU checks:              20724322
   IOTLB hits:                      20724310
   IOTLB misses (page walks):       12
   IOTLB hit rate:                  99.9999%

   --- Latency Breakdown ---
   TOTAL IOMMU OVERHEAD:            41449.8 us
   Avg latency per access:          0.00200006 us

********************************************************************************
system.body.body_top.llvm_interface
Total Area: 22496.5
Total Power Static: 0.962847

Total Power Dynamic: 4.77027
   ========= Performance Analysis =============
   Setup Time:                      0h 0m 0s 7ms 373us
   Simulation Time (Total):         0h 4m 33s 748ms
   Simulation Time (Active):        0h 0m 0s 102ms
        Queue Processing Time:      0h 0m 0s 80ms
             Scheduling Time:       0h 0m 0s 34ms
             Computation Time:      0h 0m 0s 9ms
   System Clock:                    0.1GHz
   Runtime:                         264612 cycles
   Runtime:                         2646.12 us
   Stalls:                          0 cycles
   Executed Nodes:                  264611 cycles

   ========= Kernel Validation Stats ==========
   Kernel validation enabled:       NO
   Configured latency per check:    0 us

   --- Access Breakdown ---
   Total memory accesses (validated): 0
   Cache hits (0 latency):          0
   Validation requests (full lat):  0
   Coalesced waits (partial lat):   0
   Validations denied:              0

   --- Latency Breakdown ---
   Validation request latency:      0 us
   Coalesced wait latency:          0 us
   TOTAL SECURITY OVERHEAD:         0 us
   Avg latency per validation:      0 us
   Avg latency per coalesced wait:  0 us
   Avg overhead per blocked access: 0 us

   --- Cache Statistics ---
   Processes with cached pages:     0
   Unique pages validated (total):  0
   Cache hit rate:                  0%

   ========= IOMMU Stats =====================
   IOMMU enabled:                   YES
   IOMMU SimObject:                 system.body.iommu

   --- Access Breakdown ---
   Total IOMMU checks:              20724325
   IOTLB hits:                      20724313
   IOTLB misses (page walks):       12
   IOTLB hit rate:                  99.9999%

   --- Latency Breakdown ---
   TOTAL IOMMU OVERHEAD:            41449.8 us
   Avg latency per access:          0.00200006 us

********************************************************************************
system.body.body_residual.llvm_interface
Total Area: 3768.3
Total Power Static: 4.11165

Total Power Dynamic: 12.3363
   ========= Performance Analysis =============
   Setup Time:                      0h 0m 0s 0ms 391us
   Simulation Time (Total):         0h 1m 42s 240ms
   Simulation Time (Active):        0h 0m 0s 21ms
        Queue Processing Time:      0h 0m 0s 14ms
             Scheduling Time:       0h 0m 0s 6ms
             Computation Time:      0h 0m 0s 0ms
   System Clock:                    0.1GHz
   Runtime:                         102569 cycles
   Runtime:                         1025.69 us
   Stalls:                          0 cycles
   Executed Nodes:                  102568 cycles

   ========= Kernel Validation Stats ==========
   Kernel validation enabled:       NO
   Configured latency per check:    0 us

   --- Access Breakdown ---
   Total memory accesses (validated): 0
   Cache hits (0 latency):          0
   Validation requests (full lat):  0
   Coalesced waits (partial lat):   0
   Validations denied:              0

   --- Latency Breakdown ---
   Validation request latency:      0 us
   Coalesced wait latency:          0 us
   TOTAL SECURITY OVERHEAD:         0 us
   Avg latency per validation:      0 us
   Avg latency per coalesced wait:  0 us
   Avg overhead per blocked access: 0 us

   --- Cache Statistics ---
   Processes with cached pages:     0
   Unique pages validated (total):  0
   Cache hit rate:                  0%

   ========= IOMMU Stats =====================
   IOMMU enabled:                   YES
   IOMMU SimObject:                 system.body.iommu

   --- Access Breakdown ---
   Total IOMMU checks:              21210656
   IOTLB hits:                      21210644
   IOTLB misses (page walks):       12
   IOTLB hit rate:                  99.9999%

   --- Latency Breakdown ---
   TOTAL IOMMU OVERHEAD:            42422.5 us
   Avg latency per access:          0.00200006 us

********************************************************************************
system.body.body_pwconv0.llvm_interface
Total Area: 84264.5
Total Power Static: 692.817

Total Power Dynamic: 16913.1
   ========= Performance Analysis =============
   Setup Time:                      0h 0m 0s 0ms 757us
   Simulation Time (Total):         0h 2m 6s 457ms
   Simulation Time (Active):        0h 0m 7s 604ms
        Queue Processing Time:      0h 0m 7s 597ms
             Scheduling Time:       0h 0m 4s 335ms
             Computation Time:      0h 0m 0s 112ms
   System Clock:                    0.1GHz
   Runtime:                         126273 cycles
   Runtime:                         1262.73 us
   Stalls:                          0 cycles
   Executed Nodes:                  126272 cycles

   ========= Kernel Validation Stats ==========
   Kernel validation enabled:       NO
   Configured latency per check:    0 us

   --- Access Breakdown ---
   Total memory accesses (validated): 0
   Cache hits (0 latency):          0
   Validation requests (full lat):  0
   Coalesced waits (partial lat):   0
   Validations denied:              0

   --- Latency Breakdown ---
   Validation request latency:      0 us
   Coalesced wait latency:          0 us
   TOTAL SECURITY OVERHEAD:         0 us
   Avg latency per validation:      0 us
   Avg latency per coalesced wait:  0 us
   Avg overhead per blocked access: 0 us

   --- Cache Statistics ---
   Processes with cached pages:     0
   Unique pages validated (total):  0
   Cache hit rate:                  0%

   ========= IOMMU Stats =====================
   IOMMU enabled:                   YES
   IOMMU SimObject:                 system.body.iommu

   --- Access Breakdown ---
   Total IOMMU checks:              21324623
   IOTLB hits:                      21324611
   IOTLB misses (page walks):       12
   IOTLB hit rate:                  99.9999%

   --- Latency Breakdown ---
   TOTAL IOMMU OVERHEAD:            42650.4 us
   Avg latency per access:          0.00200006 us

********************************************************************************
system.body.body_dwconv.llvm_interface
Total Area: 907266
Total Power Static: 10000

Total Power Dynamic: 113736
   ========= Performance Analysis =============
   Setup Time:                      0h 0m 0s 9ms 324us
   Simulation Time (Total):         0h 2m 32s 732ms
   Simulation Time (Active):        0h 1m 0s 81ms
        Queue Processing Time:      0h 1m 0s 74ms
             Scheduling Time:       0h 0m 55s 399ms
             Computation Time:      0h 0m 0s 637ms
   System Clock:                    0.1GHz
   Runtime:                         152731 cycles
   Runtime:                         1527.31 us
   Stalls:                          0 cycles
   Executed Nodes:                  152730 cycles

   ========= Kernel Validation Stats ==========
   Kernel validation enabled:       NO
   Configured latency per check:    0 us

   --- Access Breakdown ---
   Total memory accesses (validated): 0
   Cache hits (0 latency):          0
   Validation requests (full lat):  0
   Coalesced waits (partial lat):   0
   Validations denied:              0

   --- Latency Breakdown ---
   Validation request latency:      0 us
   Coalesced wait latency:          0 us
   TOTAL SECURITY OVERHEAD:         0 us
   Avg latency per validation:      0 us
   Avg latency per coalesced wait:  0 us
   Avg overhead per blocked access: 0 us

   --- Cache Statistics ---
   Processes with cached pages:     0
   Unique pages validated (total):  0
   Cache hit rate:                  0%

   ========= IOMMU Stats =====================
   IOMMU enabled:                   YES
   IOMMU SimObject:                 system.body.iommu

   --- Access Breakdown ---
   Total IOMMU checks:              21447385
   IOTLB hits:                      21447373
   IOTLB misses (page walks):       12
   IOTLB hit rate:                  99.9999%

   --- Latency Breakdown ---
   TOTAL IOMMU OVERHEAD:            42895.9 us
   Avg latency per access:          0.00200005 us

********************************************************************************
system.body.body_pwconv1.llvm_interface
Total Area: 5.24779e+06
Total Power Static: 34660

Total Power Dynamic: 342746
   ========= Performance Analysis =============
   Setup Time:                      0h 0m 0s 144ms 859us
   Simulation Time (Total):         0h 2m 32s 604ms
   Simulation Time (Active):        0h 1m 16s 834ms
        Queue Processing Time:      0h 1m 16s 829ms
             Scheduling Time:       0h 1m 8s 783ms
             Computation Time:      0h 0m 2s 22ms
   System Clock:                    0.1GHz
   Runtime:                         153772 cycles
   Runtime:                         1537.72 us
   Stalls:                          0 cycles
   Executed Nodes:                  153771 cycles

   ========= Kernel Validation Stats ==========
   Kernel validation enabled:       NO
   Configured latency per check:    0 us

   --- Access Breakdown ---
   Total memory accesses (validated): 0
   Cache hits (0 latency):          0
   Validation requests (full lat):  0
   Coalesced waits (partial lat):   0
   Validations denied:              0

   --- Latency Breakdown ---
   Validation request latency:      0 us
   Coalesced wait latency:          0 us
   TOTAL SECURITY OVERHEAD:         0 us
   Avg latency per validation:      0 us
   Avg latency per coalesced wait:  0 us
   Avg overhead per blocked access: 0 us

   --- Cache Statistics ---
   Processes with cached pages:     0
   Unique pages validated (total):  0
   Cache hit rate:                  0%

   ========= IOMMU Stats =====================
   IOMMU enabled:                   YES
   IOMMU SimObject:                 system.body.iommu

   --- Access Breakdown ---
   Total IOMMU checks:              21448529
   IOTLB hits:                      21448517
   IOTLB misses (page walks):       12
   IOTLB hit rate:                  99.9999%

   --- Latency Breakdown ---
   TOTAL IOMMU OVERHEAD:            42898.2 us
   Avg latency per access:          0.00200005 us

********************************************************************************
system.body.body_top.llvm_interface
Total Area: 26245.9
Total Power Static: 0.960402

Total Power Dynamic: 4.75826
   ========= Performance Analysis =============
   Setup Time:                      0h 0m 0s 18ms 21us
   Simulation Time (Total):         0h 2m 33s 189ms
   Simulation Time (Active):        0h 0m 0s 57ms
        Queue Processing Time:      0h 0m 0s 43ms
             Scheduling Time:       0h 0m 0s 18ms
             Computation Time:      0h 0m 0s 4ms
   System Clock:                    0.1GHz
   Runtime:                         172294 cycles
   Runtime:                         1722.94 us
   Stalls:                          0 cycles
   Executed Nodes:                  172293 cycles

   ========= Kernel Validation Stats ==========
   Kernel validation enabled:       NO
   Configured latency per check:    0 us

   --- Access Breakdown ---
   Total memory accesses (validated): 0
   Cache hits (0 latency):          0
   Validation requests (full lat):  0
   Coalesced waits (partial lat):   0
   Validations denied:              0

   --- Latency Breakdown ---
   Validation request latency:      0 us
   Coalesced wait latency:          0 us
   TOTAL SECURITY OVERHEAD:         0 us
   Avg latency per validation:      0 us
   Avg latency per coalesced wait:  0 us
   Avg overhead per blocked access: 0 us

   --- Cache Statistics ---
   Processes with cached pages:     0
   Unique pages validated (total):  0
   Cache hit rate:                  0%

   ========= IOMMU Stats =====================
   IOMMU enabled:                   YES
   IOMMU SimObject:                 system.body.iommu

   --- Access Breakdown ---
   Total IOMMU checks:              21448531
   IOTLB hits:                      21448519
   IOTLB misses (page walks):       12
   IOTLB hit rate:                  99.9999%

   --- Latency Breakdown ---
   TOTAL IOMMU OVERHEAD:            42898.2 us
   Avg latency per access:          0.00200005 us

********************************************************************************
system.body.body_residual.llvm_interface
Total Area: 4306.63
Total Power Static: 6.16866

Total Power Dynamic: 24.6726
   ========= Performance Analysis =============
   Setup Time:                      0h 0m 0s 0ms 410us
   Simulation Time (Total):         0h 1m 41s 319ms
   Simulation Time (Active):        0h 0m 0s 24ms
        Queue Processing Time:      0h 0m 0s 17ms
             Scheduling Time:       0h 0m 0s 8ms
             Computation Time:      0h 0m 0s 1ms
   System Clock:                    0.1GHz
   Runtime:                         102636 cycles
   Runtime:                         1026.36 us
   Stalls:                          0 cycles
   Executed Nodes:                  102635 cycles

   ========= Kernel Validation Stats ==========
   Kernel validation enabled:       NO
   Configured latency per check:    0 us

   --- Access Breakdown ---
   Total memory accesses (validated): 0
   Cache hits (0 latency):          0
   Validation requests (full lat):  0
   Coalesced waits (partial lat):   0
   Validations denied:              0

   --- Latency Breakdown ---
   Validation request latency:      0 us
   Coalesced wait latency:          0 us
   TOTAL SECURITY OVERHEAD:         0 us
   Avg latency per validation:      0 us
   Avg latency per coalesced wait:  0 us
   Avg overhead per blocked access: 0 us

   --- Cache Statistics ---
   Processes with cached pages:     0
   Unique pages validated (total):  0
   Cache hit rate:                  0%

   ========= IOMMU Stats =====================
   IOMMU enabled:                   YES
   IOMMU SimObject:                 system.body.iommu

   --- Access Breakdown ---
   Total IOMMU checks:              21935742
   IOTLB hits:                      21935730
   IOTLB misses (page walks):       12
   IOTLB hit rate:                  99.9999%

   --- Latency Breakdown ---
   TOTAL IOMMU OVERHEAD:            43872.7 us
   Avg latency per access:          0.00200005 us

********************************************************************************
system.body.body_pwconv0.llvm_interface
Total Area: 96302.3
Total Power Static: 692.817

Total Power Dynamic: 16913.1
   ========= Performance Analysis =============
   Setup Time:                      0h 0m 0s 0ms 771us
   Simulation Time (Total):         0h 2m 5s 441ms
   Simulation Time (Active):        0h 0m 7s 369ms
        Queue Processing Time:      0h 0m 7s 363ms
             Scheduling Time:       0h 0m 4s 144ms
             Computation Time:      0h 0m 0s 113ms
   System Clock:                    0.1GHz
   Runtime:                         126331 cycles
   Runtime:                         1263.31 us
   Stalls:                          0 cycles
   Executed Nodes:                  126330 cycles

   ========= Kernel Validation Stats ==========
   Kernel validation enabled:       NO
   Configured latency per check:    0 us

   --- Access Breakdown ---
   Total memory accesses (validated): 0
   Cache hits (0 latency):          0
   Validation requests (full lat):  0
   Coalesced waits (partial lat):   0
   Validations denied:              0

   --- Latency Breakdown ---
   Validation request latency:      0 us
   Coalesced wait latency:          0 us
   TOTAL SECURITY OVERHEAD:         0 us
   Avg latency per validation:      0 us
   Avg latency per coalesced wait:  0 us
   Avg overhead per blocked access: 0 us

   --- Cache Statistics ---
   Processes with cached pages:     0
   Unique pages validated (total):  0
   Cache hit rate:                  0%

   ========= IOMMU Stats =====================
   IOMMU enabled:                   YES
   IOMMU SimObject:                 system.body.iommu

   --- Access Breakdown ---
   Total IOMMU checks:              22049709
   IOTLB hits:                      22049697
   IOTLB misses (page walks):       12
   IOTLB hit rate:                  99.9999%

   --- Latency Breakdown ---
   TOTAL IOMMU OVERHEAD:            44100.6 us
   Avg latency per access:          0.00200005 us

********************************************************************************
system.body.body_dwconv.llvm_interface
Total Area: 1.03688e+06
Total Power Static: 10000

Total Power Dynamic: 113736
   ========= Performance Analysis =============
   Setup Time:                      0h 0m 0s 9ms 348us
   Simulation Time (Total):         0h 2m 31s 789ms
   Simulation Time (Active):        0h 0m 59s 893ms
        Queue Processing Time:      0h 0m 59s 887ms
             Scheduling Time:       0h 0m 55s 216ms
             Computation Time:      0h 0m 0s 636ms
   System Clock:                    0.1GHz
   Runtime:                         152859 cycles
   Runtime:                         1528.59 us
   Stalls:                          0 cycles
   Executed Nodes:                  152858 cycles

   ========= Kernel Validation Stats ==========
   Kernel validation enabled:       NO
   Configured latency per check:    0 us

   --- Access Breakdown ---
   Total memory accesses (validated): 0
   Cache hits (0 latency):          0
   Validation requests (full lat):  0
   Coalesced waits (partial lat):   0
   Validations denied:              0

   --- Latency Breakdown ---
   Validation request latency:      0 us
   Coalesced wait latency:          0 us
   TOTAL SECURITY OVERHEAD:         0 us
   Avg latency per validation:      0 us
   Avg latency per coalesced wait:  0 us
   Avg overhead per blocked access: 0 us

   --- Cache Statistics ---
   Processes with cached pages:     0
   Unique pages validated (total):  0
   Cache hit rate:                  0%

   ========= IOMMU Stats =====================
   IOMMU enabled:                   YES
   IOMMU SimObject:                 system.body.iommu

   --- Access Breakdown ---
   Total IOMMU checks:              22172485
   IOTLB hits:                      22172473
   IOTLB misses (page walks):       12
   IOTLB hit rate:                  99.9999%

   --- Latency Breakdown ---
   TOTAL IOMMU OVERHEAD:            44346.1 us
   Avg latency per access:          0.00200005 us

********************************************************************************
system.body.body_pwconv1.llvm_interface
Total Area: 5.99748e+06
Total Power Static: 34660

Total Power Dynamic: 342746
   ========= Performance Analysis =============
   Setup Time:                      0h 0m 0s 140ms 871us
   Simulation Time (Total):         0h 2m 31s 664ms
   Simulation Time (Active):        0h 1m 16s 357ms
        Queue Processing Time:      0h 1m 16s 350ms
             Scheduling Time:       0h 1m 8s 293ms
             Computation Time:      0h 0m 2s 21ms
   System Clock:                    0.1GHz
   Runtime:                         153900 cycles
   Runtime:                         1539 us
   Stalls:                          0 cycles
   Executed Nodes:                  153899 cycles

   ========= Kernel Validation Stats ==========
   Kernel validation enabled:       NO
   Configured latency per check:    0 us

   --- Access Breakdown ---
   Total memory accesses (validated): 0
   Cache hits (0 latency):          0
   Validation requests (full lat):  0
   Coalesced waits (partial lat):   0
   Validations denied:              0

   --- Latency Breakdown ---
   Validation request latency:      0 us
   Coalesced wait latency:          0 us
   TOTAL SECURITY OVERHEAD:         0 us
   Avg latency per validation:      0 us
   Avg latency per coalesced wait:  0 us
   Avg overhead per blocked access: 0 us

   --- Cache Statistics ---
   Processes with cached pages:     0
   Unique pages validated (total):  0
   Cache hit rate:                  0%

   ========= IOMMU Stats =====================
   IOMMU enabled:                   YES
   IOMMU SimObject:                 system.body.iommu

   --- Access Breakdown ---
   Total IOMMU checks:              22173629
   IOTLB hits:                      22173617
   IOTLB misses (page walks):       12
   IOTLB hit rate:                  99.9999%

   --- Latency Breakdown ---
   TOTAL IOMMU OVERHEAD:            44348.4 us
   Avg latency per access:          0.00200005 us

********************************************************************************
system.body.body_top.llvm_interface
Total Area: 29995.3
Total Power Static: 0.958569

Total Power Dynamic: 4.74925
   ========= Performance Analysis =============
   Setup Time:                      0h 0m 0s 7ms 533us
   Simulation Time (Total):         0h 2m 32s 253ms
   Simulation Time (Active):        0h 0m 0s 55ms
        Queue Processing Time:      0h 0m 0s 42ms
             Scheduling Time:       0h 0m 0s 17ms
             Computation Time:      0h 0m 0s 4ms
   System Clock:                    0.1GHz
   Runtime:                         172389 cycles
   Runtime:                         1723.89 us
   Stalls:                          0 cycles
   Executed Nodes:                  172388 cycles

   ========= Kernel Validation Stats ==========
   Kernel validation enabled:       NO
   Configured latency per check:    0 us

   --- Access Breakdown ---
   Total memory accesses (validated): 0
   Cache hits (0 latency):          0
   Validation requests (full lat):  0
   Coalesced waits (partial lat):   0
   Validations denied:              0

   --- Latency Breakdown ---
   Validation request latency:      0 us
   Coalesced wait latency:          0 us
   TOTAL SECURITY OVERHEAD:         0 us
   Avg latency per validation:      0 us
   Avg latency per coalesced wait:  0 us
   Avg overhead per blocked access: 0 us

   --- Cache Statistics ---
   Processes with cached pages:     0
   Unique pages validated (total):  0
   Cache hit rate:                  0%

   ========= IOMMU Stats =====================
   IOMMU enabled:                   YES
   IOMMU SimObject:                 system.body.iommu

   --- Access Breakdown ---
   Total IOMMU checks:              22173631
   IOTLB hits:                      22173619
   IOTLB misses (page walks):       12
   IOTLB hit rate:                  99.9999%

   --- Latency Breakdown ---
   TOTAL IOMMU OVERHEAD:            44348.4 us
   Avg latency per access:          0.00200005 us

********************************************************************************
system.body.body_residual.llvm_interface
Total Area: 4844.96
Total Power Static: 6.16866

Total Power Dynamic: 24.6726
   ========= Performance Analysis =============
   Setup Time:                      0h 0m 0s 0ms 400us
   Simulation Time (Total):         0h 1m 45s 118ms
   Simulation Time (Active):        0h 0m 0s 27ms
        Queue Processing Time:      0h 0m 0s 19ms
             Scheduling Time:       0h 0m 0s 9ms
             Computation Time:      0h 0m 0s 1ms
   System Clock:                    0.1GHz
   Runtime:                         102636 cycles
   Runtime:                         1026.36 us
   Stalls:                          0 cycles
   Executed Nodes:                  102635 cycles

   ========= Kernel Validation Stats ==========
   Kernel validation enabled:       NO
   Configured latency per check:    0 us

   --- Access Breakdown ---
   Total memory accesses (validated): 0
   Cache hits (0 latency):          0
   Validation requests (full lat):  0
   Coalesced waits (partial lat):   0
   Validations denied:              0

   --- Latency Breakdown ---
   Validation request latency:      0 us
   Coalesced wait latency:          0 us
   TOTAL SECURITY OVERHEAD:         0 us
   Avg latency per validation:      0 us
   Avg latency per coalesced wait:  0 us
   Avg overhead per blocked access: 0 us

   --- Cache Statistics ---
   Processes with cached pages:     0
   Unique pages validated (total):  0
   Cache hit rate:                  0%

   ========= IOMMU Stats =====================
   IOMMU enabled:                   YES
   IOMMU SimObject:                 system.body.iommu

   --- Access Breakdown ---
   Total IOMMU checks:              22660842
   IOTLB hits:                      22660830
   IOTLB misses (page walks):       12
   IOTLB hit rate:                  99.9999%

   --- Latency Breakdown ---
   TOTAL IOMMU OVERHEAD:            45322.9 us
   Avg latency per access:          0.00200005 us

********************************************************************************
system.body.body_pwconv0.llvm_interface
Total Area: 108340
Total Power Static: 692.817

Total Power Dynamic: 16913.1
   ========= Performance Analysis =============
   Setup Time:                      0h 0m 0s 0ms 778us
   Simulation Time (Total):         0h 2m 9s 767ms
   Simulation Time (Active):        0h 0m 8s 328ms
        Queue Processing Time:      0h 0m 8s 320ms
             Scheduling Time:       0h 0m 4s 565ms
             Computation Time:      0h 0m 0s 116ms
   System Clock:                    0.1GHz
   Runtime:                         126331 cycles
   Runtime:                         1263.31 us
   Stalls:                          0 cycles
   Executed Nodes:                  126330 cycles

   ========= Kernel Validation Stats ==========
   Kernel validation enabled:       NO
   Configured latency per check:    0 us

   --- Access Breakdown ---
   Total memory accesses (validated): 0
   Cache hits (0 latency):          0
   Validation requests (full lat):  0
   Coalesced waits (partial lat):   0
   Validations denied:              0

   --- Latency Breakdown ---
   Validation request latency:      0 us
   Coalesced wait latency:          0 us
   TOTAL SECURITY OVERHEAD:         0 us
   Avg latency per validation:      0 us
   Avg latency per coalesced wait:  0 us
   Avg overhead per blocked access: 0 us

   --- Cache Statistics ---
   Processes with cached pages:     0
   Unique pages validated (total):  0
   Cache hit rate:                  0%

   ========= IOMMU Stats =====================
   IOMMU enabled:                   YES
   IOMMU SimObject:                 system.body.iommu

   --- Access Breakdown ---
   Total IOMMU checks:              22774809
   IOTLB hits:                      22774797
   IOTLB misses (page walks):       12
   IOTLB hit rate:                  99.9999%

   --- Latency Breakdown ---
   TOTAL IOMMU OVERHEAD:            45550.8 us
   Avg latency per access:          0.00200005 us

********************************************************************************
system.body.body_dwconv.llvm_interface
Total Area: 1.16649e+06
Total Power Static: 10000

Total Power Dynamic: 113736
   ========= Performance Analysis =============
   Setup Time:                      0h 0m 0s 9ms 319us
   Simulation Time (Total):         0h 2m 36s 82ms
   Simulation Time (Active):        0h 1m 0s 660ms
        Queue Processing Time:      0h 1m 0s 652ms
             Scheduling Time:       0h 0m 55s 641ms
             Computation Time:      0h 0m 0s 654ms
   System Clock:                    0.1GHz
   Runtime:                         152859 cycles
   Runtime:                         1528.59 us
   Stalls:                          0 cycles
   Executed Nodes:                  152858 cycles

   ========= Kernel Validation Stats ==========
   Kernel validation enabled:       NO
   Configured latency per check:    0 us

   --- Access Breakdown ---
   Total memory accesses (validated): 0
   Cache hits (0 latency):          0
   Validation requests (full lat):  0
   Coalesced waits (partial lat):   0
   Validations denied:              0

   --- Latency Breakdown ---
   Validation request latency:      0 us
   Coalesced wait latency:          0 us
   TOTAL SECURITY OVERHEAD:         0 us
   Avg latency per validation:      0 us
   Avg latency per coalesced wait:  0 us
   Avg overhead per blocked access: 0 us

   --- Cache Statistics ---
   Processes with cached pages:     0
   Unique pages validated (total):  0
   Cache hit rate:                  0%

   ========= IOMMU Stats =====================
   IOMMU enabled:                   YES
   IOMMU SimObject:                 system.body.iommu

   --- Access Breakdown ---
   Total IOMMU checks:              22897585
   IOTLB hits:                      22897573
   IOTLB misses (page walks):       12
   IOTLB hit rate:                  99.9999%

   --- Latency Breakdown ---
   TOTAL IOMMU OVERHEAD:            45796.3 us
   Avg latency per access:          0.00200005 us

********************************************************************************
system.body.body_pwconv1.llvm_interface
Total Area: 6.74716e+06
Total Power Static: 34660

Total Power Dynamic: 342746
   ========= Performance Analysis =============
   Setup Time:                      0h 0m 0s 136ms 859us
   Simulation Time (Total):         0h 2m 35s 960ms
   Simulation Time (Active):        0h 1m 18s 734ms
        Queue Processing Time:      0h 1m 18s 727ms
             Scheduling Time:       0h 1m 10s 57ms
             Computation Time:      0h 0m 2s 77ms
   System Clock:                    0.1GHz
   Runtime:                         153900 cycles
   Runtime:                         1539 us
   Stalls:                          0 cycles
   Executed Nodes:                  153899 cycles

   ========= Kernel Validation Stats ==========
   Kernel validation enabled:       NO
   Configured latency per check:    0 us

   --- Access Breakdown ---
   Total memory accesses (validated): 0
   Cache hits (0 latency):          0
   Validation requests (full lat):  0
   Coalesced waits (partial lat):   0
   Validations denied:              0

   --- Latency Breakdown ---
   Validation request latency:      0 us
   Coalesced wait latency:          0 us
   TOTAL SECURITY OVERHEAD:         0 us
   Avg latency per validation:      0 us
   Avg latency per coalesced wait:  0 us
   Avg overhead per blocked access: 0 us

   --- Cache Statistics ---
   Processes with cached pages:     0
   Unique pages validated (total):  0
   Cache hit rate:                  0%

   ========= IOMMU Stats =====================
   IOMMU enabled:                   YES
   IOMMU SimObject:                 system.body.iommu

   --- Access Breakdown ---
   Total IOMMU checks:              22898729
   IOTLB hits:                      22898717
   IOTLB misses (page walks):       12
   IOTLB hit rate:                  99.9999%

   --- Latency Breakdown ---
   TOTAL IOMMU OVERHEAD:            45798.6 us
   Avg latency per access:          0.00200005 us

********************************************************************************
system.body.body_top.llvm_interface
Total Area: 33744.7
Total Power Static: 0.958569

Total Power Dynamic: 4.74925
   ========= Performance Analysis =============
   Setup Time:                      0h 0m 0s 7ms 338us
   Simulation Time (Total):         0h 2m 36s 545ms
   Simulation Time (Active):        0h 0m 0s 58ms
        Queue Processing Time:      0h 0m 0s 44ms
             Scheduling Time:       0h 0m 0s 18ms
             Computation Time:      0h 0m 0s 5ms
   System Clock:                    0.1GHz
   Runtime:                         172389 cycles
   Runtime:                         1723.89 us
   Stalls:                          0 cycles
   Executed Nodes:                  172388 cycles

   ========= Kernel Validation Stats ==========
   Kernel validation enabled:       NO
   Configured latency per check:    0 us

   --- Access Breakdown ---
   Total memory accesses (validated): 0
   Cache hits (0 latency):          0
   Validation requests (full lat):  0
   Coalesced waits (partial lat):   0
   Validations denied:              0

   --- Latency Breakdown ---
   Validation request latency:      0 us
   Coalesced wait latency:          0 us
   TOTAL SECURITY OVERHEAD:         0 us
   Avg latency per validation:      0 us
   Avg latency per coalesced wait:  0 us
   Avg overhead per blocked access: 0 us

   --- Cache Statistics ---
   Processes with cached pages:     0
   Unique pages validated (total):  0
   Cache hit rate:                  0%

   ========= IOMMU Stats =====================
   IOMMU enabled:                   YES
   IOMMU SimObject:                 system.body.iommu

   --- Access Breakdown ---
   Total IOMMU checks:              22898731
   IOTLB hits:                      22898719
   IOTLB misses (page walks):       12
   IOTLB hit rate:                  99.9999%

   --- Latency Breakdown ---
   TOTAL IOMMU OVERHEAD:            45798.6 us
   Avg latency per access:          0.00200005 us

********************************************************************************
system.body.body_residual.llvm_interface
Total Area: 5383.29
Total Power Static: 6.16866

Total Power Dynamic: 24.6726
   ========= Performance Analysis =============
   Setup Time:                      0h 0m 0s 0ms 484us
   Simulation Time (Total):         0h 2m 1s 472ms
   Simulation Time (Active):        0h 0m 0s 29ms
        Queue Processing Time:      0h 0m 0s 20ms
             Scheduling Time:       0h 0m 0s 9ms
             Computation Time:      0h 0m 0s 1ms
   System Clock:                    0.1GHz
   Runtime:                         121240 cycles
   Runtime:                         1212.4 us
   Stalls:                          0 cycles
   Executed Nodes:                  121239 cycles

   ========= Kernel Validation Stats ==========
   Kernel validation enabled:       NO
   Configured latency per check:    0 us

   --- Access Breakdown ---
   Total memory accesses (validated): 0
   Cache hits (0 latency):          0
   Validation requests (full lat):  0
   Coalesced waits (partial lat):   0
   Validations denied:              0

   --- Latency Breakdown ---
   Validation request latency:      0 us
   Coalesced wait latency:          0 us
   TOTAL SECURITY OVERHEAD:         0 us
   Avg latency per validation:      0 us
   Avg latency per coalesced wait:  0 us
   Avg overhead per blocked access: 0 us

   --- Cache Statistics ---
   Processes with cached pages:     0
   Unique pages validated (total):  0
   Cache hit rate:                  0%

   ========= IOMMU Stats =====================
   IOMMU enabled:                   YES
   IOMMU SimObject:                 system.body.iommu

   --- Access Breakdown ---
   Total IOMMU checks:              23479640
   IOTLB hits:                      23479627
   IOTLB misses (page walks):       13
   IOTLB hit rate:                  99.9999%

   --- Latency Breakdown ---
   TOTAL IOMMU OVERHEAD:            46960.6 us
   Avg latency per access:          0.00200005 us

********************************************************************************
system.body.body_pwconv0.llvm_interface
Total Area: 120378
Total Power Static: 692.817

Total Power Dynamic: 16913.1
   ========= Performance Analysis =============
   Setup Time:                      0h 0m 0s 0ms 761us
   Simulation Time (Total):         0h 2m 30s 381ms
   Simulation Time (Active):        0h 0m 8s 308ms
        Queue Processing Time:      0h 0m 8s 300ms
             Scheduling Time:       0h 0m 4s 468ms
             Computation Time:      0h 0m 0s 116ms
   System Clock:                    0.1GHz
   Runtime:                         149611 cycles
   Runtime:                         1496.11 us
   Stalls:                          0 cycles
   Executed Nodes:                  149610 cycles

   ========= Kernel Validation Stats ==========
   Kernel validation enabled:       NO
   Configured latency per check:    0 us

   --- Access Breakdown ---
   Total memory accesses (validated): 0
   Cache hits (0 latency):          0
   Validation requests (full lat):  0
   Coalesced waits (partial lat):   0
   Validations denied:              0

   --- Latency Breakdown ---
   Validation request latency:      0 us
   Coalesced wait latency:          0 us
   TOTAL SECURITY OVERHEAD:         0 us
   Avg latency per validation:      0 us
   Avg latency per coalesced wait:  0 us
   Avg overhead per blocked access: 0 us

   --- Cache Statistics ---
   Processes with cached pages:     0
   Unique pages validated (total):  0
   Cache hit rate:                  0%

   ========= IOMMU Stats =====================
   IOMMU enabled:                   YES
   IOMMU SimObject:                 system.body.iommu

   --- Access Breakdown ---
   Total IOMMU checks:              23617024
   IOTLB hits:                      23617011
   IOTLB misses (page walks):       13
   IOTLB hit rate:                  99.9999%

   --- Latency Breakdown ---
   TOTAL IOMMU OVERHEAD:            47235.3 us
   Avg latency per access:          0.00200005 us

********************************************************************************
system.body.body_dwconv.llvm_interface
Total Area: 1.29609e+06
Total Power Static: 10000

Total Power Dynamic: 113736
   ========= Performance Analysis =============
   Setup Time:                      0h 0m 0s 8ms 599us
   Simulation Time (Total):         0h 3m 0s 956ms
   Simulation Time (Active):        0h 1m 1s 30ms
        Queue Processing Time:      0h 1m 1s 22ms
             Scheduling Time:       0h 0m 55s 582ms
             Computation Time:      0h 0m 0s 654ms
   System Clock:                    0.1GHz
   Runtime:                         180819 cycles
   Runtime:                         1808.19 us
   Stalls:                          0 cycles
   Executed Nodes:                  180818 cycles

   ========= Kernel Validation Stats ==========
   Kernel validation enabled:       NO
   Configured latency per check:    0 us

   --- Access Breakdown ---
   Total memory accesses (validated): 0
   Cache hits (0 latency):          0
   Validation requests (full lat):  0
   Coalesced waits (partial lat):   0
   Validations denied:              0

   --- Latency Breakdown ---
   Validation request latency:      0 us
   Coalesced wait latency:          0 us
   TOTAL SECURITY OVERHEAD:         0 us
   Avg latency per validation:      0 us
   Avg latency per coalesced wait:  0 us
   Avg overhead per blocked access: 0 us

   --- Cache Statistics ---
   Processes with cached pages:     0
   Unique pages validated (total):  0
   Cache hit rate:                  0%

   ========= IOMMU Stats =====================
   IOMMU enabled:                   YES
   IOMMU SimObject:                 system.body.iommu

   --- Access Breakdown ---
   Total IOMMU checks:              23763256
   IOTLB hits:                      23763243
   IOTLB misses (page walks):       13
   IOTLB hit rate:                  99.9999%

   --- Latency Breakdown ---
   TOTAL IOMMU OVERHEAD:            47527.8 us
   Avg latency per access:          0.00200005 us

********************************************************************************
system.body.body_pwconv1.llvm_interface
Total Area: 7.49685e+06
Total Power Static: 46184.6

Total Power Dynamic: 456743
   ========= Performance Analysis =============
   Setup Time:                      0h 0m 0s 134ms 924us
   Simulation Time (Total):         0h 3m 0s 848ms
   Simulation Time (Active):        0h 1m 41s 457ms
        Queue Processing Time:      0h 1m 41s 449ms
             Scheduling Time:       0h 1m 30s 265ms
             Computation Time:      0h 0m 2s 761ms
   System Clock:                    0.1GHz
   Runtime:                         182913 cycles
   Runtime:                         1829.13 us
   Stalls:                          0 cycles
   Executed Nodes:                  182912 cycles

   ========= Kernel Validation Stats ==========
   Kernel validation enabled:       NO
   Configured latency per check:    0 us

   --- Access Breakdown ---
   Total memory accesses (validated): 0
   Cache hits (0 latency):          0
   Validation requests (full lat):  0
   Coalesced waits (partial lat):   0
   Validations denied:              0

   --- Latency Breakdown ---
   Validation request latency:      0 us
   Coalesced wait latency:          0 us
   TOTAL SECURITY OVERHEAD:         0 us
   Avg latency per validation:      0 us
   Avg latency per coalesced wait:  0 us
   Avg overhead per blocked access: 0 us

   --- Cache Statistics ---
   Processes with cached pages:     0
   Unique pages validated (total):  0
   Cache hit rate:                  0%

   ========= IOMMU Stats =====================
   IOMMU enabled:                   YES
   IOMMU SimObject:                 system.body.iommu

   --- Access Breakdown ---
   Total IOMMU checks:              23764494
   IOTLB hits:                      23764481
   IOTLB misses (page walks):       13
   IOTLB hit rate:                  99.9999%

   --- Latency Breakdown ---
   TOTAL IOMMU OVERHEAD:            47530.3 us
   Avg latency per access:          0.00200005 us

********************************************************************************
system.body.body_top.llvm_interface
Total Area: 37494.1
Total Power Static: 0.958569

Total Power Dynamic: 4.74925
   ========= Performance Analysis =============
   Setup Time:                      0h 0m 0s 7ms 426us
   Simulation Time (Total):         0h 3m 1s 429ms
   Simulation Time (Active):        0h 0m 0s 63ms
        Queue Processing Time:      0h 0m 0s 47ms
             Scheduling Time:       0h 0m 0s 18ms
             Computation Time:      0h 0m 0s 5ms
   System Clock:                    0.1GHz
   Runtime:                         201401 cycles
   Runtime:                         2014.01 us
   Stalls:                          0 cycles
   Executed Nodes:                  201400 cycles

   ========= Kernel Validation Stats ==========
   Kernel validation enabled:       NO
   Configured latency per check:    0 us

   --- Access Breakdown ---
   Total memory accesses (validated): 0
   Cache hits (0 latency):          0
   Validation requests (full lat):  0
   Coalesced waits (partial lat):   0
   Validations denied:              0

   --- Latency Breakdown ---
   Validation request latency:      0 us
   Coalesced wait latency:          0 us
   TOTAL SECURITY OVERHEAD:         0 us
   Avg latency per validation:      0 us
   Avg latency per coalesced wait:  0 us
   Avg overhead per blocked access: 0 us

   --- Cache Statistics ---
   Processes with cached pages:     0
   Unique pages validated (total):  0
   Cache hit rate:                  0%

   ========= IOMMU Stats =====================
   IOMMU enabled:                   YES
   IOMMU SimObject:                 system.body.iommu

   --- Access Breakdown ---
   Total IOMMU checks:              23764496
   IOTLB hits:                      23764483
   IOTLB misses (page walks):       13
   IOTLB hit rate:                  99.9999%

   --- Latency Breakdown ---
   TOTAL IOMMU OVERHEAD:            47530.3 us
   Avg latency per access:          0.00200005 us

********************************************************************************
system.body.body_residual.llvm_interface
Total Area: 5921.62
Total Power Static: 5.48299

Total Power Dynamic: 16.4484
   ========= Performance Analysis =============
   Setup Time:                      0h 0m 0s 0ms 400us
   Simulation Time (Total):         0h 2m 20s 999ms
   Simulation Time (Active):        0h 0m 0s 31ms
        Queue Processing Time:      0h 0m 0s 22ms
             Scheduling Time:       0h 0m 0s 9ms
             Computation Time:      0h 0m 0s 0ms
   System Clock:                    0.1GHz
   Runtime:                         136683 cycles
   Runtime:                         1366.83 us
   Stalls:                          0 cycles
   Executed Nodes:                  136682 cycles

   ========= Kernel Validation Stats ==========
   Kernel validation enabled:       NO
   Configured latency per check:    0 us

   --- Access Breakdown ---
   Total memory accesses (validated): 0
   Cache hits (0 latency):          0
   Validation requests (full lat):  0
   Coalesced waits (partial lat):   0
   Validations denied:              0

   --- Latency Breakdown ---
   Validation request latency:      0 us
   Coalesced wait latency:          0 us
   TOTAL SECURITY OVERHEAD:         0 us
   Avg latency per validation:      0 us
   Avg latency per coalesced wait:  0 us
   Avg overhead per blocked access: 0 us

   --- Cache Statistics ---
   Processes with cached pages:     0
   Unique pages validated (total):  0
   Cache hit rate:                  0%

   ========= IOMMU Stats =====================
   IOMMU enabled:                   YES
   IOMMU SimObject:                 system.body.iommu

   --- Access Breakdown ---
   Total IOMMU checks:              24417644
   IOTLB hits:                      24417631
   IOTLB misses (page walks):       13
   IOTLB hit rate:                  99.9999%

   --- Latency Breakdown ---
   TOTAL IOMMU OVERHEAD:            48836.6 us
   Avg latency per access:          0.00200005 us

********************************************************************************
system.body.body_pwconv0.llvm_interface
Total Area: 132416
Total Power Static: 918.962

Total Power Dynamic: 22508.7
   ========= Performance Analysis =============
   Setup Time:                      0h 0m 0s 0ms 791us
   Simulation Time (Total):         0h 2m 51s 992ms
   Simulation Time (Active):        0h 0m 11s 197ms
        Queue Processing Time:      0h 0m 11s 188ms
             Scheduling Time:       0h 0m 5s 954ms
             Computation Time:      0h 0m 0s 154ms
   System Clock:                    0.1GHz
   Runtime:                         166317 cycles
   Runtime:                         1663.17 us
   Stalls:                          0 cycles
   Executed Nodes:                  166316 cycles

   ========= Kernel Validation Stats ==========
   Kernel validation enabled:       NO
   Configured latency per check:    0 us

   --- Access Breakdown ---
   Total memory accesses (validated): 0
   Cache hits (0 latency):          0
   Validation requests (full lat):  0
   Coalesced waits (partial lat):   0
   Validations denied:              0

   --- Latency Breakdown ---
   Validation request latency:      0 us
   Coalesced wait latency:          0 us
   TOTAL SECURITY OVERHEAD:         0 us
   Avg latency per validation:      0 us
   Avg latency per coalesced wait:  0 us
   Avg overhead per blocked access: 0 us

   --- Cache Statistics ---
   Processes with cached pages:     0
   Unique pages validated (total):  0
   Cache hit rate:                  0%

   ========= IOMMU Stats =====================
   IOMMU enabled:                   YES
   IOMMU SimObject:                 system.body.iommu

   --- Access Breakdown ---
   Total IOMMU checks:              24562507
   IOTLB hits:                      24562494
   IOTLB misses (page walks):       13
   IOTLB hit rate:                  99.9999%

   --- Latency Breakdown ---
   TOTAL IOMMU OVERHEAD:            49126.3 us
   Avg latency per access:          0.00200005 us

********************************************************************************
system.body.body_dwconv.llvm_interface
Total Area: 1.4257e+06
Total Power Static: 13333.2

Total Power Dynamic: 151645
   ========= Performance Analysis =============
   Setup Time:                      0h 0m 0s 8ms 900us
   Simulation Time (Total):         0h 3m 26s 874ms
   Simulation Time (Active):        0h 1m 21s 576ms
        Queue Processing Time:      0h 1m 21s 566ms
             Scheduling Time:       0h 1m 14s 737ms
             Computation Time:      0h 0m 0s 881ms
   System Clock:                    0.1GHz
   Runtime:                         201299 cycles
   Runtime:                         2012.99 us
   Stalls:                          0 cycles
   Executed Nodes:                  201298 cycles

   ========= Kernel Validation Stats ==========
   Kernel validation enabled:       NO
   Configured latency per check:    0 us

   --- Access Breakdown ---
   Total memory accesses (validated): 0
   Cache hits (0 latency):          0
   Validation requests (full lat):  0
   Coalesced waits (partial lat):   0
   Validations denied:              0

   --- Latency Breakdown ---
   Validation request latency:      0 us
   Coalesced wait latency:          0 us
   TOTAL SECURITY OVERHEAD:         0 us
   Avg latency per validation:      0 us
   Avg latency per coalesced wait:  0 us
   Avg overhead per blocked access: 0 us

   --- Cache Statistics ---
   Processes with cached pages:     0
   Unique pages validated (total):  0
   Cache hit rate:                  0%

   ========= IOMMU Stats =====================
   IOMMU enabled:                   YES
   IOMMU SimObject:                 system.body.iommu

   --- Access Breakdown ---
   Total IOMMU checks:              24723820
   IOTLB hits:                      24723807
   IOTLB misses (page walks):       13
   IOTLB hit rate:                  99.9999%

   --- Latency Breakdown ---
   TOTAL IOMMU OVERHEAD:            49448.9 us
   Avg latency per access:          0.00200005 us

********************************************************************************
system.body.body_pwconv1.llvm_interface
Total Area: 8.24653e+06
Total Power Static: 46184.6

Total Power Dynamic: 456743
   ========= Performance Analysis =============
   Setup Time:                      0h 0m 0s 137ms 50us
   Simulation Time (Total):         0h 3m 26s 743ms
   Simulation Time (Active):        0h 1m 42s 953ms
        Queue Processing Time:      0h 1m 42s 944ms
             Scheduling Time:       0h 1m 31s 303ms
             Computation Time:      0h 0m 2s 772ms
   System Clock:                    0.1GHz
   Runtime:                         201988 cycles
   Runtime:                         2019.88 us
   Stalls:                          0 cycles
   Executed Nodes:                  201987 cycles

   ========= Kernel Validation Stats ==========
   Kernel validation enabled:       NO
   Configured latency per check:    0 us

   --- Access Breakdown ---
   Total memory accesses (validated): 0
   Cache hits (0 latency):          0
   Validation requests (full lat):  0
   Coalesced waits (partial lat):   0
   Validations denied:              0

   --- Latency Breakdown ---
   Validation request latency:      0 us
   Coalesced wait latency:          0 us
   TOTAL SECURITY OVERHEAD:         0 us
   Avg latency per validation:      0 us
   Avg latency per coalesced wait:  0 us
   Avg overhead per blocked access: 0 us

   --- Cache Statistics ---
   Processes with cached pages:     0
   Unique pages validated (total):  0
   Cache hit rate:                  0%

   ========= IOMMU Stats =====================
   IOMMU enabled:                   YES
   IOMMU SimObject:                 system.body.iommu

   --- Access Breakdown ---
   Total IOMMU checks:              24724581
   IOTLB hits:                      24724568
   IOTLB misses (page walks):       13
   IOTLB hit rate:                  99.9999%

   --- Latency Breakdown ---
   TOTAL IOMMU OVERHEAD:            49450.4 us
   Avg latency per access:          0.00200005 us

********************************************************************************
system.body.body_top.llvm_interface
Total Area: 41243.6
Total Power Static: 0.959791

Total Power Dynamic: 4.75526
   ========= Performance Analysis =============
   Setup Time:                      0h 0m 0s 7ms 378us
   Simulation Time (Total):         0h 3m 27s 303ms
   Simulation Time (Active):        0h 0m 0s 74ms
        Queue Processing Time:      0h 0m 0s 57ms
             Scheduling Time:       0h 0m 0s 23ms
             Computation Time:      0h 0m 0s 6ms
   System Clock:                    0.1GHz
   Runtime:                         220497 cycles
   Runtime:                         2204.97 us
   Stalls:                          0 cycles
   Executed Nodes:                  220496 cycles

   ========= Kernel Validation Stats ==========
   Kernel validation enabled:       NO
   Configured latency per check:    0 us

   --- Access Breakdown ---
   Total memory accesses (validated): 0
   Cache hits (0 latency):          0
   Validation requests (full lat):  0
   Coalesced waits (partial lat):   0
   Validations denied:              0

   --- Latency Breakdown ---
   Validation request latency:      0 us
   Coalesced wait latency:          0 us
   TOTAL SECURITY OVERHEAD:         0 us
   Avg latency per validation:      0 us
   Avg latency per coalesced wait:  0 us
   Avg overhead per blocked access: 0 us

   --- Cache Statistics ---
   Processes with cached pages:     0
   Unique pages validated (total):  0
   Cache hit rate:                  0%

   ========= IOMMU Stats =====================
   IOMMU enabled:                   YES
   IOMMU SimObject:                 system.body.iommu

   --- Access Breakdown ---
   Total IOMMU checks:              24724583
   IOTLB hits:                      24724570
   IOTLB misses (page walks):       13
   IOTLB hit rate:                  99.9999%

   --- Latency Breakdown ---
   TOTAL IOMMU OVERHEAD:            49450.4 us
   Avg latency per access:          0.00200005 us

********************************************************************************
system.body.body_residual.llvm_interface
Total Area: 6459.95
Total Power Static: 8.22567

Total Power Dynamic: 32.8969
   ========= Performance Analysis =============
   Setup Time:                      0h 0m 0s 0ms 396us
   Simulation Time (Total):         0h 2m 22s 972ms
   Simulation Time (Active):        0h 0m 0s 36ms
        Queue Processing Time:      0h 0m 0s 26ms
             Scheduling Time:       0h 0m 0s 12ms
             Computation Time:      0h 0m 0s 1ms
   System Clock:                    0.1GHz
   Runtime:                         137027 cycles
   Runtime:                         1370.27 us
   Stalls:                          0 cycles
   Executed Nodes:                  137026 cycles

   ========= Kernel Validation Stats ==========
   Kernel validation enabled:       NO
   Configured latency per check:    0 us

   --- Access Breakdown ---
   Total memory accesses (validated): 0
   Cache hits (0 latency):          0
   Validation requests (full lat):  0
   Coalesced waits (partial lat):   0
   Validations denied:              0

   --- Latency Breakdown ---
   Validation request latency:      0 us
   Coalesced wait latency:          0 us
   TOTAL SECURITY OVERHEAD:         0 us
   Avg latency per validation:      0 us
   Avg latency per coalesced wait:  0 us
   Avg overhead per blocked access: 0 us

   --- Cache Statistics ---
   Processes with cached pages:     0
   Unique pages validated (total):  0
   Cache hit rate:                  0%

   ========= IOMMU Stats =====================
   IOMMU enabled:                   YES
   IOMMU SimObject:                 system.body.iommu

   --- Access Breakdown ---
   Total IOMMU checks:              25378905
   IOTLB hits:                      25378892
   IOTLB misses (page walks):       13
   IOTLB hit rate:                  99.9999%

   --- Latency Breakdown ---
   TOTAL IOMMU OVERHEAD:            50759.1 us
   Avg latency per access:          0.00200005 us

********************************************************************************
system.body.body_pwconv0.llvm_interface
Total Area: 144454
Total Power Static: 918.962

Total Power Dynamic: 22508.7
   ========= Performance Analysis =============
   Setup Time:                      0h 0m 0s 0ms 776us
   Simulation Time (Total):         0h 2m 54s 797ms
   Simulation Time (Active):        0h 0m 11s 797ms
        Queue Processing Time:      0h 0m 11s 789ms
             Scheduling Time:       0h 0m 6s 514ms
             Computation Time:      0h 0m 0s 158ms
   System Clock:                    0.1GHz
   Runtime:                         166661 cycles
   Runtime:                         1666.61 us
   Stalls:                          0 cycles
   Executed Nodes:                  166660 cycles

   ========= Kernel Validation Stats ==========
   Kernel validation enabled:       NO
   Configured latency per check:    0 us

   --- Access Breakdown ---
   Total memory accesses (validated): 0
   Cache hits (0 latency):          0
   Validation requests (full lat):  0
   Coalesced waits (partial lat):   0
   Validations denied:              0

   --- Latency Breakdown ---
   Validation request latency:      0 us
   Coalesced wait latency:          0 us
   TOTAL SECURITY OVERHEAD:         0 us
   Avg latency per validation:      0 us
   Avg latency per coalesced wait:  0 us
   Avg overhead per blocked access: 0 us

   --- Cache Statistics ---
   Processes with cached pages:     0
   Unique pages validated (total):  0
   Cache hit rate:                  0%

   ========= IOMMU Stats =====================
   IOMMU enabled:                   YES
   IOMMU SimObject:                 system.body.iommu

   --- Access Breakdown ---
   Total IOMMU checks:              25523768
   IOTLB hits:                      25523755
   IOTLB misses (page walks):       13
   IOTLB hit rate:                  99.9999%

   --- Latency Breakdown ---
   TOTAL IOMMU OVERHEAD:            51048.8 us
   Avg latency per access:          0.00200005 us

********************************************************************************
system.body.body_dwconv.llvm_interface
Total Area: 1.55531e+06
Total Power Static: 13333.2

Total Power Dynamic: 151645
   ========= Performance Analysis =============
   Setup Time:                      0h 0m 0s 8ms 507us
   Simulation Time (Total):         0h 3m 29s 352ms
   Simulation Time (Active):        0h 1m 22s 253ms
        Queue Processing Time:      0h 1m 22s 242ms
             Scheduling Time:       0h 1m 15s 365ms
             Computation Time:      0h 0m 0s 894ms
   System Clock:                    0.1GHz
   Runtime:                         201643 cycles
   Runtime:                         2016.43 us
   Stalls:                          0 cycles
   Executed Nodes:                  201642 cycles

   ========= Kernel Validation Stats ==========
   Kernel validation enabled:       NO
   Configured latency per check:    0 us

   --- Access Breakdown ---
   Total memory accesses (validated): 0
   Cache hits (0 latency):          0
   Validation requests (full lat):  0
   Coalesced waits (partial lat):   0
   Validations denied:              0

   --- Latency Breakdown ---
   Validation request latency:      0 us
   Coalesced wait latency:          0 us
   TOTAL SECURITY OVERHEAD:         0 us
   Avg latency per validation:      0 us
   Avg latency per coalesced wait:  0 us
   Avg overhead per blocked access: 0 us

   --- Cache Statistics ---
   Processes with cached pages:     0
   Unique pages validated (total):  0
   Cache hit rate:                  0%

   ========= IOMMU Stats =====================
   IOMMU enabled:                   YES
   IOMMU SimObject:                 system.body.iommu

   --- Access Breakdown ---
   Total IOMMU checks:              25685081
   IOTLB hits:                      25685068
   IOTLB misses (page walks):       13
   IOTLB hit rate:                  99.9999%

   --- Latency Breakdown ---
   TOTAL IOMMU OVERHEAD:            51371.4 us
   Avg latency per access:          0.00200005 us

********************************************************************************
system.body.body_pwconv1.llvm_interface
Total Area: 8.99621e+06
Total Power Static: 46184.6

Total Power Dynamic: 456743
   ========= Performance Analysis =============
   Setup Time:                      0h 0m 0s 134ms 712us
   Simulation Time (Total):         0h 3m 29s 223ms
   Simulation Time (Active):        0h 1m 44s 14ms
        Queue Processing Time:      0h 1m 44s 4ms
             Scheduling Time:       0h 1m 32s 334ms
             Computation Time:      0h 0m 2s 783ms
   System Clock:                    0.1GHz
   Runtime:                         202332 cycles
   Runtime:                         2023.32 us
   Stalls:                          0 cycles
   Executed Nodes:                  202331 cycles

   ========= Kernel Validation Stats ==========
   Kernel validation enabled:       NO
   Configured latency per check:    0 us

   --- Access Breakdown ---
   Total memory accesses (validated): 0
   Cache hits (0 latency):          0
   Validation requests (full lat):  0
   Coalesced waits (partial lat):   0
   Validations denied:              0

   --- Latency Breakdown ---
   Validation request latency:      0 us
   Coalesced wait latency:          0 us
   TOTAL SECURITY OVERHEAD:         0 us
   Avg latency per validation:      0 us
   Avg latency per coalesced wait:  0 us
   Avg overhead per blocked access: 0 us

   --- Cache Statistics ---
   Processes with cached pages:     0
   Unique pages validated (total):  0
   Cache hit rate:                  0%

   ========= IOMMU Stats =====================
   IOMMU enabled:                   YES
   IOMMU SimObject:                 system.body.iommu

   --- Access Breakdown ---
   Total IOMMU checks:              25685842
   IOTLB hits:                      25685829
   IOTLB misses (page walks):       13
   IOTLB hit rate:                  99.9999%

   --- Latency Breakdown ---
   TOTAL IOMMU OVERHEAD:            51373 us
   Avg latency per access:          0.00200005 us

********************************************************************************
system.body.body_top.llvm_interface
Total Area: 44993
Total Power Static: 0.959791

Total Power Dynamic: 4.75526
   ========= Performance Analysis =============
   Setup Time:                      0h 0m 0s 7ms 398us
   Simulation Time (Total):         0h 3m 29s 802ms
   Simulation Time (Active):        0h 0m 0s 74ms
        Queue Processing Time:      0h 0m 0s 57ms
             Scheduling Time:       0h 0m 0s 23ms
             Computation Time:      0h 0m 0s 6ms
   System Clock:                    0.1GHz
   Runtime:                         220842 cycles
   Runtime:                         2208.42 us
   Stalls:                          0 cycles
   Executed Nodes:                  220841 cycles

   ========= Kernel Validation Stats ==========
   Kernel validation enabled:       NO
   Configured latency per check:    0 us

   --- Access Breakdown ---
   Total memory accesses (validated): 0
   Cache hits (0 latency):          0
   Validation requests (full lat):  0
   Coalesced waits (partial lat):   0
   Validations denied:              0

   --- Latency Breakdown ---
   Validation request latency:      0 us
   Coalesced wait latency:          0 us
   TOTAL SECURITY OVERHEAD:         0 us
   Avg latency per validation:      0 us
   Avg latency per coalesced wait:  0 us
   Avg overhead per blocked access: 0 us

   --- Cache Statistics ---
   Processes with cached pages:     0
   Unique pages validated (total):  0
   Cache hit rate:                  0%

   ========= IOMMU Stats =====================
   IOMMU enabled:                   YES
   IOMMU SimObject:                 system.body.iommu

   --- Access Breakdown ---
   Total IOMMU checks:              25685844
   IOTLB hits:                      25685831
   IOTLB misses (page walks):       13
   IOTLB hit rate:                  99.9999%

   --- Latency Breakdown ---
   TOTAL IOMMU OVERHEAD:            51373 us
   Avg latency per access:          0.00200005 us

********************************************************************************
system.body.body_residual.llvm_interface
Total Area: 6998.28
Total Power Static: 8.22567

Total Power Dynamic: 32.8969
   ========= Performance Analysis =============
   Setup Time:                      0h 0m 0s 0ms 393us
   Simulation Time (Total):         0h 1m 36s 893ms
   Simulation Time (Active):        0h 0m 0s 27ms
        Queue Processing Time:      0h 0m 0s 20ms
             Scheduling Time:       0h 0m 0s 9ms
             Computation Time:      0h 0m 0s 1ms
   System Clock:                    0.1GHz
   Runtime:                         89782 cycles
   Runtime:                         897.82 us
   Stalls:                          0 cycles
   Executed Nodes:                  89781 cycles

   ========= Kernel Validation Stats ==========
   Kernel validation enabled:       NO
   Configured latency per check:    0 us

   --- Access Breakdown ---
   Total memory accesses (validated): 0
   Cache hits (0 latency):          0
   Validation requests (full lat):  0
   Coalesced waits (partial lat):   0
   Validations denied:              0

   --- Latency Breakdown ---
   Validation request latency:      0 us
   Coalesced wait latency:          0 us
   TOTAL SECURITY OVERHEAD:         0 us
   Avg latency per validation:      0 us
   Avg latency per coalesced wait:  0 us
   Avg overhead per blocked access: 0 us

   --- Cache Statistics ---
   Processes with cached pages:     0
   Unique pages validated (total):  0
   Cache hit rate:                  0%

   ========= IOMMU Stats =====================
   IOMMU enabled:                   YES
   IOMMU SimObject:                 system.body.iommu

   --- Access Breakdown ---
   Total IOMMU checks:              26112947
   IOTLB hits:                      26112932
   IOTLB misses (page walks):       15
   IOTLB hit rate:                  99.9999%

   --- Latency Breakdown ---
   TOTAL IOMMU OVERHEAD:            52227.4 us
   Avg latency per access:          0.00200006 us

********************************************************************************
system.body.body_pwconv0.llvm_interface
Total Area: 156491
Total Power Static: 918.962

Total Power Dynamic: 22508.7
   ========= Performance Analysis =============
   Setup Time:                      0h 0m 0s 0ms 773us
   Simulation Time (Total):         0h 2m 4s 748ms
   Simulation Time (Active):        0h 0m 10s 455ms
        Queue Processing Time:      0h 0m 10s 448ms
             Scheduling Time:       0h 0m 5s 859ms
             Computation Time:      0h 0m 0s 155ms
   System Clock:                    0.1GHz
   Runtime:                         116045 cycles
   Runtime:                         1160.45 us
   Stalls:                          0 cycles
   Executed Nodes:                  116044 cycles

   ========= Kernel Validation Stats ==========
   Kernel validation enabled:       NO
   Configured latency per check:    0 us

   --- Access Breakdown ---
   Total memory accesses (validated): 0
   Cache hits (0 latency):          0
   Validation requests (full lat):  0
   Coalesced waits (partial lat):   0
   Validations denied:              0

   --- Latency Breakdown ---
   Validation request latency:      0 us
   Coalesced wait latency:          0 us
   TOTAL SECURITY OVERHEAD:         0 us
   Avg latency per validation:      0 us
   Avg latency per coalesced wait:  0 us
   Avg overhead per blocked access: 0 us

   --- Cache Statistics ---
   Processes with cached pages:     0
   Unique pages validated (total):  0
   Cache hit rate:                  0%

   ========= IOMMU Stats =====================
   IOMMU enabled:                   YES
   IOMMU SimObject:                 system.body.iommu

   --- Access Breakdown ---
   Total IOMMU checks:              26243311
   IOTLB hits:                      26243296
   IOTLB misses (page walks):       15
   IOTLB hit rate:                  99.9999%

   --- Latency Breakdown ---
   TOTAL IOMMU OVERHEAD:            52488.1 us
   Avg latency per access:          0.00200006 us

********************************************************************************
system.body.body_pwconv1.llvm_interface
Total Area: 9.7459e+06
Total Power Static: 20189.6

Total Power Dynamic: 199684
   ========= Performance Analysis =============
   Setup Time:                      0h 0m 0s 132ms 237us
   Simulation Time (Total):         0h 2m 7s 783ms
   Simulation Time (Active):        0h 0m 43s 982ms
        Queue Processing Time:      0h 0m 43s 978ms
             Scheduling Time:       0h 0m 39s 255ms
             Computation Time:      0h 0m 1s 201ms
   System Clock:                    0.1GHz
   Runtime:                         118927 cycles
   Runtime:                         1189.27 us
   Stalls:                          0 cycles
   Executed Nodes:                  118926 cycles

   ========= Kernel Validation Stats ==========
   Kernel validation enabled:       NO
   Configured latency per check:    0 us

   --- Access Breakdown ---
   Total memory accesses (validated): 0
   Cache hits (0 latency):          0
   Validation requests (full lat):  0
   Coalesced waits (partial lat):   0
   Validations denied:              0

   --- Latency Breakdown ---
   Validation request latency:      0 us
   Coalesced wait latency:          0 us
   TOTAL SECURITY OVERHEAD:         0 us
   Avg latency per validation:      0 us
   Avg latency per coalesced wait:  0 us
   Avg overhead per blocked access: 0 us

   --- Cache Statistics ---
   Processes with cached pages:     0
   Unique pages validated (total):  0
   Cache hit rate:                  0%

   ========= IOMMU Stats =====================
   IOMMU enabled:                   YES
   IOMMU SimObject:                 system.body.iommu

   --- Access Breakdown ---
   Total IOMMU checks:              26255968
   IOTLB hits:                      26255953
   IOTLB misses (page walks):       15
   IOTLB hit rate:                  99.9999%

   --- Latency Breakdown ---
   TOTAL IOMMU OVERHEAD:            52513.4 us
   Avg latency per access:          0.00200006 us

********************************************************************************
system.body.body_dwconv.llvm_interface
Total Area: 1.68492e+06
Total Power Static: 13321

Total Power Dynamic: 151645
   ========= Performance Analysis =============
   Setup Time:                      0h 0m 0s 8ms 777us
   Simulation Time (Total):         0h 2m 20s 717ms
   Simulation Time (Active):        0h 1m 19s 470ms
        Queue Processing Time:      0h 1m 19s 461ms
             Scheduling Time:       0h 1m 13s 493ms
             Computation Time:      0h 0m 0s 858ms
   System Clock:                    0.1GHz
   Runtime:                         130483 cycles
   Runtime:                         1304.83 us
   Stalls:                          0 cycles
   Executed Nodes:                  130482 cycles

   ========= Kernel Validation Stats ==========
   Kernel validation enabled:       NO
   Configured latency per check:    0 us

   --- Access Breakdown ---
   Total memory accesses (validated): 0
   Cache hits (0 latency):          0
   Validation requests (full lat):  0
   Coalesced waits (partial lat):   0
   Validations denied:              0

   --- Latency Breakdown ---
   Validation request latency:      0 us
   Coalesced wait latency:          0 us
   TOTAL SECURITY OVERHEAD:         0 us
   Avg latency per validation:      0 us
   Avg latency per coalesced wait:  0 us
   Avg overhead per blocked access: 0 us

   --- Cache Statistics ---
   Processes with cached pages:     0
   Unique pages validated (total):  0
   Cache hit rate:                  0%

   ========= IOMMU Stats =====================
   IOMMU enabled:                   YES
   IOMMU SimObject:                 system.body.iommu

   --- Access Breakdown ---
   Total IOMMU checks:              26304584
   IOTLB hits:                      26304569
   IOTLB misses (page walks):       15
   IOTLB hit rate:                  99.9999%

   --- Latency Breakdown ---
   TOTAL IOMMU OVERHEAD:            52610.6 us
   Avg latency per access:          0.00200006 us

********************************************************************************
system.body.body_top.llvm_interface
Total Area: 48742.4
Total Power Static: 0.959791

Total Power Dynamic: 4.75526
   ========= Performance Analysis =============
   Setup Time:                      0h 0m 0s 7ms 376us
   Simulation Time (Total):         0h 2m 21s 132ms
   Simulation Time (Active):        0h 0m 0s 56ms
        Queue Processing Time:      0h 0m 0s 44ms
             Scheduling Time:       0h 0m 0s 19ms
             Computation Time:      0h 0m 0s 5ms
   System Clock:                    0.1GHz
   Runtime:                         148990 cycles
   Runtime:                         1489.9 us
   Stalls:                          0 cycles
   Executed Nodes:                  148989 cycles

   ========= Kernel Validation Stats ==========
   Kernel validation enabled:       NO
   Configured latency per check:    0 us

   --- Access Breakdown ---
   Total memory accesses (validated): 0
   Cache hits (0 latency):          0
   Validation requests (full lat):  0
   Coalesced waits (partial lat):   0
   Validations denied:              0

   --- Latency Breakdown ---
   Validation request latency:      0 us
   Coalesced wait latency:          0 us
   TOTAL SECURITY OVERHEAD:         0 us
   Avg latency per validation:      0 us
   Avg latency per coalesced wait:  0 us
   Avg overhead per blocked access: 0 us

   --- Cache Statistics ---
   Processes with cached pages:     0
   Unique pages validated (total):  0
   Cache hit rate:                  0%

   ========= IOMMU Stats =====================
   IOMMU enabled:                   YES
   IOMMU SimObject:                 system.body.iommu

   --- Access Breakdown ---
   Total IOMMU checks:              26304587
   IOTLB hits:                      26304572
   IOTLB misses (page walks):       15
   IOTLB hit rate:                  99.9999%

   --- Latency Breakdown ---
   TOTAL IOMMU OVERHEAD:            52610.6 us
   Avg latency per access:          0.00200006 us

********************************************************************************
system.body.body_residual.llvm_interface
Total Area: 7536.61
Total Power Static: 2.39747

Total Power Dynamic: 7.19619
   ========= Performance Analysis =============
   Setup Time:                      0h 0m 0s 0ms 385us
   Simulation Time (Total):         0h 0m 24s 246ms
   Simulation Time (Active):        0h 0m 0s 7ms
        Queue Processing Time:      0h 0m 0s 5ms
             Scheduling Time:       0h 0m 0s 2ms
             Computation Time:      0h 0m 0s 0ms
   System Clock:                    0.1GHz
   Runtime:                         29544 cycles
   Runtime:                         295.44 us
   Stalls:                          0 cycles
   Executed Nodes:                  29543 cycles

   ========= Kernel Validation Stats ==========
   Kernel validation enabled:       NO
   Configured latency per check:    0 us

   --- Access Breakdown ---
   Total memory accesses (validated): 0
   Cache hits (0 latency):          0
   Validation requests (full lat):  0
   Coalesced waits (partial lat):   0
   Validations denied:              0

   --- Latency Breakdown ---
   Validation request latency:      0 us
   Coalesced wait latency:          0 us
   TOTAL SECURITY OVERHEAD:         0 us
   Avg latency per validation:      0 us
   Avg latency per coalesced wait:  0 us
   Avg overhead per blocked access: 0 us

   --- Cache Statistics ---
   Processes with cached pages:     0
   Unique pages validated (total):  0
   Cache hit rate:                  0%

   ========= IOMMU Stats =====================
   IOMMU enabled:                   YES
   IOMMU SimObject:                 system.body.iommu

   --- Access Breakdown ---
   Total IOMMU checks:              26434851
   IOTLB hits:                      26434836
   IOTLB misses (page walks):       15
   IOTLB hit rate:                  99.9999%

   --- Latency Breakdown ---
   TOTAL IOMMU OVERHEAD:            52871.2 us
   Avg latency per access:          0.00200006 us

********************************************************************************
system.body.body_pwconv0.llvm_interface
Total Area: 168529
Total Power Static: 399.351

Total Power Dynamic: 9823.92
   ========= Performance Analysis =============
   Setup Time:                      0h 0m 0s 0ms 754us
   Simulation Time (Total):         0h 0m 50s 744ms
   Simulation Time (Active):        0h 0m 3s 40ms
        Queue Processing Time:      0h 0m 3s 35ms
             Scheduling Time:       0h 0m 1s 721ms
             Computation Time:      0h 0m 0s 54ms
   System Clock:                    0.1GHz
   Runtime:                         55654 cycles
   Runtime:                         556.54 us
   Stalls:                          0 cycles
   Executed Nodes:                  55653 cycles

   ========= Kernel Validation Stats ==========
   Kernel validation enabled:       NO
   Configured latency per check:    0 us

   --- Access Breakdown ---
   Total memory accesses (validated): 0
   Cache hits (0 latency):          0
   Validation requests (full lat):  0
   Coalesced waits (partial lat):   0
   Validations denied:              0

   --- Latency Breakdown ---
   Validation request latency:      0 us
   Coalesced wait latency:          0 us
   TOTAL SECURITY OVERHEAD:         0 us
   Avg latency per validation:      0 us
   Avg latency per coalesced wait:  0 us
   Avg overhead per blocked access: 0 us

   --- Cache Statistics ---
   Processes with cached pages:     0
   Unique pages validated (total):  0
   Cache hit rate:                  0%

   ========= IOMMU Stats =====================
   IOMMU enabled:                   YES
   IOMMU SimObject:                 system.body.iommu

   --- Access Breakdown ---
   Total IOMMU checks:              26562476
   IOTLB hits:                      26562461
   IOTLB misses (page walks):       15
   IOTLB hit rate:                  99.9999%

   --- Latency Breakdown ---
   TOTAL IOMMU OVERHEAD:            53126.4 us
   Avg latency per access:          0.00200006 us

********************************************************************************
system.body.body_pwconv1.llvm_interface
Total Area: 1.04956e+07
Total Power Static: 20189.6

Total Power Dynamic: 199684
   ========= Performance Analysis =============
   Setup Time:                      0h 0m 0s 133ms 93us
   Simulation Time (Total):         0h 1m 23s 321ms
   Simulation Time (Active):        0h 0m 41s 62ms
        Queue Processing Time:      0h 0m 41s 59ms
             Scheduling Time:       0h 0m 36s 558ms
             Computation Time:      0h 0m 1s 144ms
   System Clock:                    0.1GHz
   Runtime:                         87370 cycles
   Runtime:                         873.7 us
   Stalls:                          0 cycles
   Executed Nodes:                  87369 cycles

   ========= Kernel Validation Stats ==========
   Kernel validation enabled:       NO
   Configured latency per check:    0 us

   --- Access Breakdown ---
   Total memory accesses (validated): 0
   Cache hits (0 latency):          0
   Validation requests (full lat):  0
   Coalesced waits (partial lat):   0
   Validations denied:              0

   --- Latency Breakdown ---
   Validation request latency:      0 us
   Coalesced wait latency:          0 us
   TOTAL SECURITY OVERHEAD:         0 us
   Avg latency per validation:      0 us
   Avg latency per coalesced wait:  0 us
   Avg overhead per blocked access: 0 us

   --- Cache Statistics ---
   Processes with cached pages:     0
   Unique pages validated (total):  0
   Cache hit rate:                  0%

   ========= IOMMU Stats =====================
   IOMMU enabled:                   YES
   IOMMU SimObject:                 system.body.iommu

   --- Access Breakdown ---
   Total IOMMU checks:              26711594
   IOTLB hits:                      26711579
   IOTLB misses (page walks):       15
   IOTLB hit rate:                  99.9999%

   --- Latency Breakdown ---
   TOTAL IOMMU OVERHEAD:            53424.7 us
   Avg latency per access:          0.00200006 us

********************************************************************************
system.body.body_dwconv.llvm_interface
Total Area: 1.81453e+06
Total Power Static: 5467.5

Total Power Dynamic: 63163.1
   ========= Performance Analysis =============
   Setup Time:                      0h 0m 0s 8ms 722us
   Simulation Time (Total):         0h 1m 23s 639ms
   Simulation Time (Active):        0h 0m 34s 977ms
        Queue Processing Time:      0h 0m 34s 972ms
             Scheduling Time:       0h 0m 31s 834ms
             Computation Time:      0h 0m 0s 348ms
   System Clock:                    0.1GHz
   Runtime:                         88467 cycles
   Runtime:                         884.67 us
   Stalls:                          0 cycles
   Executed Nodes:                  88466 cycles

   ========= Kernel Validation Stats ==========
   Kernel validation enabled:       NO
   Configured latency per check:    0 us

   --- Access Breakdown ---
   Total memory accesses (validated): 0
   Cache hits (0 latency):          0
   Validation requests (full lat):  0
   Coalesced waits (partial lat):   0
   Validations denied:              0

   --- Latency Breakdown ---
   Validation request latency:      0 us
   Coalesced wait latency:          0 us
   TOTAL SECURITY OVERHEAD:         0 us
   Avg latency per validation:      0 us
   Avg latency per coalesced wait:  0 us
   Avg overhead per blocked access: 0 us

   --- Cache Statistics ---
   Processes with cached pages:     0
   Unique pages validated (total):  0
   Cache hit rate:                  0%

   ========= IOMMU Stats =====================
   IOMMU enabled:                   YES
   IOMMU SimObject:                 system.body.iommu

   --- Access Breakdown ---
   Total IOMMU checks:              26715773
   IOTLB hits:                      26715758
   IOTLB misses (page walks):       15
   IOTLB hit rate:                  99.9999%

   --- Latency Breakdown ---
   TOTAL IOMMU OVERHEAD:            53433 us
   Avg latency per access:          0.00200006 us

********************************************************************************
system.body.body_top.llvm_interface
Total Area: 52491.8
Total Power Static: 0.961624

Total Power Dynamic: 4.76427
   ========= Performance Analysis =============
   Setup Time:                      0h 0m 0s 17ms 453us
   Simulation Time (Total):         0h 1m 24s 17ms
   Simulation Time (Active):        0h 0m 0s 34ms
        Queue Processing Time:      0h 0m 0s 26ms
             Scheduling Time:       0h 0m 0s 11ms
             Computation Time:      0h 0m 0s 2ms
   System Clock:                    0.1GHz
   Runtime:                         107007 cycles
   Runtime:                         1070.07 us
   Stalls:                          0 cycles
   Executed Nodes:                  107006 cycles

   ========= Kernel Validation Stats ==========
   Kernel validation enabled:       NO
   Configured latency per check:    0 us

   --- Access Breakdown ---
   Total memory accesses (validated): 0
   Cache hits (0 latency):          0
   Validation requests (full lat):  0
   Coalesced waits (partial lat):   0
   Validations denied:              0

   --- Latency Breakdown ---
   Validation request latency:      0 us
   Coalesced wait latency:          0 us
   TOTAL SECURITY OVERHEAD:         0 us
   Avg latency per validation:      0 us
   Avg latency per coalesced wait:  0 us
   Avg overhead per blocked access: 0 us

   --- Cache Statistics ---
   Processes with cached pages:     0
   Unique pages validated (total):  0
   Cache hit rate:                  0%

   ========= IOMMU Stats =====================
   IOMMU enabled:                   YES
   IOMMU SimObject:                 system.body.iommu

   --- Access Breakdown ---
   Total IOMMU checks:              26715776
   IOTLB hits:                      26715761
   IOTLB misses (page walks):       15
   IOTLB hit rate:                  99.9999%

   --- Latency Breakdown ---
   TOTAL IOMMU OVERHEAD:            53433 us
   Avg latency per access:          0.00200006 us

********************************************************************************
system.body.body_residual.llvm_interface
Total Area: 8074.94
Total Power Static: 3.59739

Total Power Dynamic: 14.3924
   ========= Performance Analysis =============
   Setup Time:                      0h 0m 0s 0ms 386us
   Simulation Time (Total):         0h 0m 24s 531ms
   Simulation Time (Active):        0h 0m 0s 8ms
        Queue Processing Time:      0h 0m 0s 6ms
             Scheduling Time:       0h 0m 0s 3ms
             Computation Time:      0h 0m 0s 0ms
   System Clock:                    0.1GHz
   Runtime:                         30349 cycles
   Runtime:                         303.49 us
   Stalls:                          0 cycles
   Executed Nodes:                  30348 cycles

   ========= Kernel Validation Stats ==========
   Kernel validation enabled:       NO
   Configured latency per check:    0 us

   --- Access Breakdown ---
   Total memory accesses (validated): 0
   Cache hits (0 latency):          0
   Validation requests (full lat):  0
   Coalesced waits (partial lat):   0
   Validations denied:              0

   --- Latency Breakdown ---
   Validation request latency:      0 us
   Coalesced wait latency:          0 us
   TOTAL SECURITY OVERHEAD:         0 us
   Avg latency per validation:      0 us
   Avg latency per coalesced wait:  0 us
   Avg overhead per blocked access: 0 us

   --- Cache Statistics ---
   Processes with cached pages:     0
   Unique pages validated (total):  0
   Cache hit rate:                  0%

   ========= IOMMU Stats =====================
   IOMMU enabled:                   YES
   IOMMU SimObject:                 system.body.iommu

   --- Access Breakdown ---
   Total IOMMU checks:              26846619
   IOTLB hits:                      26846604
   IOTLB misses (page walks):       15
   IOTLB hit rate:                  99.9999%

   --- Latency Breakdown ---
   TOTAL IOMMU OVERHEAD:            53694.7 us
   Avg latency per access:          0.00200005 us

********************************************************************************
system.body.body_pwconv0.llvm_interface
Total Area: 180567
Total Power Static: 399.351

Total Power Dynamic: 9823.92
   ========= Performance Analysis =============
   Setup Time:                      0h 0m 0s 0ms 760us
   Simulation Time (Total):         0h 0m 50s 752ms
   Simulation Time (Active):        0h 0m 3s 53ms
        Queue Processing Time:      0h 0m 3s 48ms
             Scheduling Time:       0h 0m 1s 738ms
             Computation Time:      0h 0m 0s 55ms
   System Clock:                    0.1GHz
   Runtime:                         56454 cycles
   Runtime:                         564.54 us
   Stalls:                          0 cycles
   Executed Nodes:                  56453 cycles

   ========= Kernel Validation Stats ==========
   Kernel validation enabled:       NO
   Configured latency per check:    0 us

   --- Access Breakdown ---
   Total memory accesses (validated): 0
   Cache hits (0 latency):          0
   Validation requests (full lat):  0
   Coalesced waits (partial lat):   0
   Validations denied:              0

   --- Latency Breakdown ---
   Validation request latency:      0 us
   Coalesced wait latency:          0 us
   TOTAL SECURITY OVERHEAD:         0 us
   Avg latency per validation:      0 us
   Avg latency per coalesced wait:  0 us
   Avg overhead per blocked access: 0 us

   --- Cache Statistics ---
   Processes with cached pages:     0
   Unique pages validated (total):  0
   Cache hit rate:                  0%

   ========= IOMMU Stats =====================
   IOMMU enabled:                   YES
   IOMMU SimObject:                 system.body.iommu

   --- Access Breakdown ---
   Total IOMMU checks:              26974245
   IOTLB hits:                      26974230
   IOTLB misses (page walks):       15
   IOTLB hit rate:                  99.9999%

   --- Latency Breakdown ---
   TOTAL IOMMU OVERHEAD:            53950 us
   Avg latency per access:          0.00200005 us

********************************************************************************
system.body.body_pwconv1.llvm_interface
Total Area: 1.12453e+07
Total Power Static: 20189.6

Total Power Dynamic: 199684
   ========= Performance Analysis =============
   Setup Time:                      0h 0m 0s 130ms 733us
   Simulation Time (Total):         0h 1m 23s 626ms
   Simulation Time (Active):        0h 0m 41s 251ms
        Queue Processing Time:      0h 0m 41s 247ms
             Scheduling Time:       0h 0m 36s 713ms
             Computation Time:      0h 0m 1s 149ms
   System Clock:                    0.1GHz
   Runtime:                         88170 cycles
   Runtime:                         881.7 us
   Stalls:                          0 cycles
   Executed Nodes:                  88169 cycles

   ========= Kernel Validation Stats ==========
   Kernel validation enabled:       NO
   Configured latency per check:    0 us

   --- Access Breakdown ---
   Total memory accesses (validated): 0
   Cache hits (0 latency):          0
   Validation requests (full lat):  0
   Coalesced waits (partial lat):   0
   Validations denied:              0

   --- Latency Breakdown ---
   Validation request latency:      0 us
   Coalesced wait latency:          0 us
   TOTAL SECURITY OVERHEAD:         0 us
   Avg latency per validation:      0 us
   Avg latency per coalesced wait:  0 us
   Avg overhead per blocked access: 0 us

   --- Cache Statistics ---
   Processes with cached pages:     0
   Unique pages validated (total):  0
   Cache hit rate:                  0%

   ========= IOMMU Stats =====================
   IOMMU enabled:                   YES
   IOMMU SimObject:                 system.body.iommu

   --- Access Breakdown ---
   Total IOMMU checks:              27123363
   IOTLB hits:                      27123348
   IOTLB misses (page walks):       15
   IOTLB hit rate:                  99.9999%

   --- Latency Breakdown ---
   TOTAL IOMMU OVERHEAD:            54248.2 us
   Avg latency per access:          0.00200005 us

********************************************************************************
system.body.body_dwconv.llvm_interface
Total Area: 1.94414e+06
Total Power Static: 5467.5

Total Power Dynamic: 63163.1
   ========= Performance Analysis =============
   Setup Time:                      0h 0m 0s 8ms 760us
   Simulation Time (Total):         0h 1m 23s 949ms
   Simulation Time (Active):        0h 0m 35s 117ms
        Queue Processing Time:      0h 0m 35s 112ms
             Scheduling Time:       0h 0m 31s 952ms
             Computation Time:      0h 0m 0s 347ms
   System Clock:                    0.1GHz
   Runtime:                         89267 cycles
   Runtime:                         892.67 us
   Stalls:                          0 cycles
   Executed Nodes:                  89266 cycles

   ========= Kernel Validation Stats ==========
   Kernel validation enabled:       NO
   Configured latency per check:    0 us

   --- Access Breakdown ---
   Total memory accesses (validated): 0
   Cache hits (0 latency):          0
   Validation requests (full lat):  0
   Coalesced waits (partial lat):   0
   Validations denied:              0

   --- Latency Breakdown ---
   Validation request latency:      0 us
   Coalesced wait latency:          0 us
   TOTAL SECURITY OVERHEAD:         0 us
   Avg latency per validation:      0 us
   Avg latency per coalesced wait:  0 us
   Avg overhead per blocked access: 0 us

   --- Cache Statistics ---
   Processes with cached pages:     0
   Unique pages validated (total):  0
   Cache hit rate:                  0%

   ========= IOMMU Stats =====================
   IOMMU enabled:                   YES
   IOMMU SimObject:                 system.body.iommu

   --- Access Breakdown ---
   Total IOMMU checks:              27127542
   IOTLB hits:                      27127527
   IOTLB misses (page walks):       15
   IOTLB hit rate:                  99.9999%

   --- Latency Breakdown ---
   TOTAL IOMMU OVERHEAD:            54256.6 us
   Avg latency per access:          0.00200005 us

********************************************************************************
system.body.body_top.llvm_interface
Total Area: 56241.2
Total Power Static: 0.960402

Total Power Dynamic: 4.75826
   ========= Performance Analysis =============
   Setup Time:                      0h 0m 0s 17ms 115us
   Simulation Time (Total):         0h 1m 24s 328ms
   Simulation Time (Active):        0h 0m 0s 34ms
        Queue Processing Time:      0h 0m 0s 26ms
             Scheduling Time:       0h 0m 0s 11ms
             Computation Time:      0h 0m 0s 2ms
   System Clock:                    0.1GHz
   Runtime:                         107786 cycles
   Runtime:                         1077.86 us
   Stalls:                          0 cycles
   Executed Nodes:                  107785 cycles

   ========= Kernel Validation Stats ==========
   Kernel validation enabled:       NO
   Configured latency per check:    0 us

   --- Access Breakdown ---
   Total memory accesses (validated): 0
   Cache hits (0 latency):          0
   Validation requests (full lat):  0
   Coalesced waits (partial lat):   0
   Validations denied:              0

   --- Latency Breakdown ---
   Validation request latency:      0 us
   Coalesced wait latency:          0 us
   TOTAL SECURITY OVERHEAD:         0 us
   Avg latency per validation:      0 us
   Avg latency per coalesced wait:  0 us
   Avg overhead per blocked access: 0 us

   --- Cache Statistics ---
   Processes with cached pages:     0
   Unique pages validated (total):  0
   Cache hit rate:                  0%

   ========= IOMMU Stats =====================
   IOMMU enabled:                   YES
   IOMMU SimObject:                 system.body.iommu

   --- Access Breakdown ---
   Total IOMMU checks:              27127545
   IOTLB hits:                      27127530
   IOTLB misses (page walks):       15
   IOTLB hit rate:                  99.9999%

   --- Latency Breakdown ---
   TOTAL IOMMU OVERHEAD:            54256.6 us
   Avg latency per access:          0.00200005 us

********************************************************************************
system.tail.tail_pwconv.llvm_interface
Total Area: 11678.9
Total Power Static: 1439.58

Total Power Dynamic: 37038.2
   ========= Performance Analysis =============
   Setup Time:                      0h 0m 0s 0ms 701us
   Simulation Time (Total):         0h 0m 16s 581ms
   Simulation Time (Active):        0h 0m 6s 915ms
        Queue Processing Time:      0h 0m 6s 909ms
             Scheduling Time:       0h 0m 2s 721ms
             Computation Time:      0h 0m 0s 165ms
   System Clock:                    0.1GHz
   Runtime:                         35298 cycles
   Runtime:                         352.98 us
   Stalls:                          0 cycles
   Executed Nodes:                  35297 cycles

   ========= Kernel Validation Stats ==========
   Kernel validation enabled:       NO
   Configured latency per check:    0 us

   --- Access Breakdown ---
   Total memory accesses (validated): 0
   Cache hits (0 latency):          0
   Validation requests (full lat):  0
   Coalesced waits (partial lat):   0
   Validations denied:              0

   --- Latency Breakdown ---
   Validation request latency:      0 us
   Coalesced wait latency:          0 us
   TOTAL SECURITY OVERHEAD:         0 us
   Avg latency per validation:      0 us
   Avg latency per coalesced wait:  0 us
   Avg overhead per blocked access: 0 us

   --- Cache Statistics ---
   Processes with cached pages:     0
   Unique pages validated (total):  0
   Cache hit rate:                  0%

   ========= IOMMU Stats =====================
   IOMMU enabled:                   YES
   IOMMU SimObject:                 system.tail.iommu

   --- Access Breakdown ---
   Total IOMMU checks:              137919
   IOTLB hits:                      137912
   IOTLB misses (page walks):       7
   IOTLB hit rate:                  99.9949%

   --- Latency Breakdown ---
   TOTAL IOMMU OVERHEAD:            276.524 us
   Avg latency per access:          0.00200497 us

********************************************************************************
system.tail.tail_reshape.llvm_interface
Total Area: 10278.6
Total Power Static: 692.426

Total Power Dynamic: 17462.9
   ========= Performance Analysis =============
   Setup Time:                      0h 0m 0s 0ms 375us
   Simulation Time (Total):         0h 0m 16s 544ms
   Simulation Time (Active):        0h 0m 7s 178ms
        Queue Processing Time:      0h 0m 7s 172ms
             Scheduling Time:       0h 0m 3s 953ms
             Computation Time:      0h 0m 0s 27ms
   System Clock:                    0.1GHz
   Runtime:                         35273 cycles
   Runtime:                         352.73 us
   Stalls:                          0 cycles
   Executed Nodes:                  35272 cycles

   ========= Kernel Validation Stats ==========
   Kernel validation enabled:       NO
   Configured latency per check:    0 us

   --- Access Breakdown ---
   Total memory accesses (validated): 0
   Cache hits (0 latency):          0
   Validation requests (full lat):  0
   Coalesced waits (partial lat):   0
   Validations denied:              0

   --- Latency Breakdown ---
   Validation request latency:      0 us
   Coalesced wait latency:          0 us
   TOTAL SECURITY OVERHEAD:         0 us
   Avg latency per validation:      0 us
   Avg latency per coalesced wait:  0 us
   Avg overhead per blocked access: 0 us

   --- Cache Statistics ---
   Processes with cached pages:     0
   Unique pages validated (total):  0
   Cache hit rate:                  0%

   ========= IOMMU Stats =====================
   IOMMU enabled:                   YES
   IOMMU SimObject:                 system.tail.iommu

   --- Access Breakdown ---
   Total IOMMU checks:              137931
   IOTLB hits:                      137924
   IOTLB misses (page walks):       7
   IOTLB hit rate:                  99.9949%

   --- Latency Breakdown ---
   TOTAL IOMMU OVERHEAD:            276.548 us
   Avg latency per access:          0.00200497 us

********************************************************************************
system.tail.tail_avgpool.llvm_interface
Total Area: 5554.55
Total Power Static: 178.864

Total Power Dynamic: 2910.95
   ========= Performance Analysis =============
   Setup Time:                      0h 0m 0s 0ms 363us
   Simulation Time (Total):         0h 0m 21s 271ms
   Simulation Time (Active):        0h 0m 6s 100ms
        Queue Processing Time:      0h 0m 6s 94ms
             Scheduling Time:       0h 0m 3s 855ms
             Computation Time:      0h 0m 0s 38ms
   System Clock:                    0.1GHz
   Runtime:                         54475 cycles
   Runtime:                         544.75 us
   Stalls:                          0 cycles
   Executed Nodes:                  54474 cycles

   ========= Kernel Validation Stats ==========
   Kernel validation enabled:       NO
   Configured latency per check:    0 us

   --- Access Breakdown ---
   Total memory accesses (validated): 0
   Cache hits (0 latency):          0
   Validation requests (full lat):  0
   Coalesced waits (partial lat):   0
   Validations denied:              0

   --- Latency Breakdown ---
   Validation request latency:      0 us
   Coalesced wait latency:          0 us
   TOTAL SECURITY OVERHEAD:         0 us
   Avg latency per validation:      0 us
   Avg latency per coalesced wait:  0 us
   Avg overhead per blocked access: 0 us

   --- Cache Statistics ---
   Processes with cached pages:     0
   Unique pages validated (total):  0
   Cache hit rate:                  0%

   ========= IOMMU Stats =====================
   IOMMU enabled:                   YES
   IOMMU SimObject:                 system.tail.iommu

   --- Access Breakdown ---
   Total IOMMU checks:              158210
   IOTLB hits:                      158203
   IOTLB misses (page walks):       7
   IOTLB hit rate:                  99.9956%

   --- Latency Breakdown ---
   TOTAL IOMMU OVERHEAD:            317.106 us
   Avg latency per access:          0.00200434 us

********************************************************************************
system.tail.tail_top.llvm_interface
Total Area: 1300.17
Total Power Static: 17.2204

Total Power Dynamic: 84.6371
   ========= Performance Analysis =============
   Setup Time:                      0h 0m 0s 12ms 125us
   Simulation Time (Total):         0h 0m 21s 931ms
   Simulation Time (Active):        0h 0m 0s 130ms
        Queue Processing Time:      0h 0m 0s 122ms
             Scheduling Time:       0h 0m 0s 55ms
             Computation Time:      0h 0m 0s 16ms
   System Clock:                    0.1GHz
   Runtime:                         94505 cycles
   Runtime:                         945.05 us
   Stalls:                          0 cycles
   Executed Nodes:                  94504 cycles

   ========= Kernel Validation Stats ==========
   Kernel validation enabled:       NO
   Configured latency per check:    0 us

   --- Access Breakdown ---
   Total memory accesses (validated): 0
   Cache hits (0 latency):          0
   Validation requests (full lat):  0
   Coalesced waits (partial lat):   0
   Validations denied:              0

   --- Latency Breakdown ---
   Validation request latency:      0 us
   Coalesced wait latency:          0 us
   TOTAL SECURITY OVERHEAD:         0 us
   Avg latency per validation:      0 us
   Avg latency per coalesced wait:  0 us
   Avg overhead per blocked access: 0 us

   --- Cache Statistics ---
   Processes with cached pages:     0
   Unique pages validated (total):  0
   Cache hit rate:                  0%

   ========= IOMMU Stats =====================
   IOMMU enabled:                   YES
   IOMMU SimObject:                 system.tail.iommu

   --- Access Breakdown ---
   Total IOMMU checks:              158213
   IOTLB hits:                      158206
   IOTLB misses (page walks):       7
   IOTLB hit rate:                  99.9956%

   --- Latency Breakdown ---
   TOTAL IOMMU OVERHEAD:            317.112 us
   Avg latency per access:          0.00200434 us

********************************************************************************
system.classifier.classifier_linear.llvm_interface
Total Area: 1.83064e+06
Total Power Static: 149974

Total Power Dynamic: 2.0398e+06
   ========= Performance Analysis =============
   Setup Time:                      0h 0m 0s 556ms 470us
   Simulation Time (Total):         0h 20m 39s 245ms
   Simulation Time (Active):        0h 17m 26s 749ms
        Queue Processing Time:      0h 17m 26s 738ms
             Scheduling Time:       0h 17m 2s 215ms
             Computation Time:      0h 0m 7s 61ms
   System Clock:                    0.1GHz
   Runtime:                         1036947 cycles
   Runtime:                         10369.5 us
   Stalls:                          0 cycles
   Executed Nodes:                  1036946 cycles

   ========= Kernel Validation Stats ==========
   Kernel validation enabled:       NO
   Configured latency per check:    0 us

   --- Access Breakdown ---
   Total memory accesses (validated): 0
   Cache hits (0 latency):          0
   Validation requests (full lat):  0
   Coalesced waits (partial lat):   0
   Validations denied:              0

   --- Latency Breakdown ---
   Validation request latency:      0 us
   Coalesced wait latency:          0 us
   TOTAL SECURITY OVERHEAD:         0 us
   Avg latency per validation:      0 us
   Avg latency per coalesced wait:  0 us
   Avg overhead per blocked access: 0 us

   --- Cache Statistics ---
   Processes with cached pages:     0
   Unique pages validated (total):  0
   Cache hit rate:                  0%

   ========= IOMMU Stats =====================
   IOMMU enabled:                   YES
   IOMMU SimObject:                 system.classifier.iommu

   --- Access Breakdown ---
   Total IOMMU checks:              5168459
   IOTLB hits:                      5168142
   IOTLB misses (page walks):       317
   IOTLB hit rate:                  99.9939%

   --- Latency Breakdown ---
   TOTAL IOMMU OVERHEAD:            10368 us
   Avg latency per access:          0.00200601 us

********************************************************************************
system.classifier.classifier_top.llvm_interface
Total Area: 1350.54
Total Power Static: 23.4959

Total Power Dynamic: 115.476
   ========= Performance Analysis =============
   Setup Time:                      0h 0m 0s 1ms 259us
   Simulation Time (Total):         0h 20m 44s 888ms
   Simulation Time (Active):        0h 0m 0s 310ms
        Queue Processing Time:      0h 0m 0s 218ms
             Scheduling Time:       0h 0m 0s 85ms
             Computation Time:      0h 0m 0s 25ms
   System Clock:                    0.1GHz
   Runtime:                         1374615 cycles
   Runtime:                         13746.1 us
   Stalls:                          0 cycles
   Executed Nodes:                  1374614 cycles

   ========= Kernel Validation Stats ==========
   Kernel validation enabled:       NO
   Configured latency per check:    0 us

   --- Access Breakdown ---
   Total memory accesses (validated): 0
   Cache hits (0 latency):          0
   Validation requests (full lat):  0
   Coalesced waits (partial lat):   0
   Validations denied:              0

   --- Latency Breakdown ---
   Validation request latency:      0 us
   Coalesced wait latency:          0 us
   TOTAL SECURITY OVERHEAD:         0 us
   Avg latency per validation:      0 us
   Avg latency per coalesced wait:  0 us
   Avg overhead per blocked access: 0 us

   --- Cache Statistics ---
   Processes with cached pages:     0
   Unique pages validated (total):  0
   Cache hit rate:                  0%

   ========= IOMMU Stats =====================
   IOMMU enabled:                   YES
   IOMMU SimObject:                 system.classifier.iommu

   --- Access Breakdown ---
   Total IOMMU checks:              5168463
   IOTLB hits:                      5168146
   IOTLB misses (page walks):       317
   IOTLB hit rate:                  99.9939%

   --- Latency Breakdown ---
   TOTAL IOMMU OVERHEAD:            10368 us
   Avg latency per access:          0.00200601 us

Exiting @ tick 101630158000 because m5_exit instruction encountered
