build/ARM/base/statistics.hh:277: warn: One of the stats is a legacy stat. Legacy stat is a stat that does not belong to any statistics::Group. Legacy stat is deprecated.
Global frequency set at 1000000000000 ticks per second
build/ARM/mem/mem_interface.cc:793: warn: DRAM device capacity (16384 Mbytes) does not match the address range assigned (4096 Mbytes)
build/ARM/sim/kernel_workload.cc:46: info: kernel located at: /gem5-SALAM/benchmarks/mobilenetv2/sw/main.elf
build/ARM/arch/arm/system.cc:95: warn: Highest ARM exception-level set to AArch64 but the workload is for AArch32. Assuming you wanted these to match.
build/ARM/base/vnc/vncserver.cc:163: warn: Sockets disabled, not accepting vnc client connections
build/ARM/dev/serial/terminal.cc:170: warn: Sockets disabled, not accepting terminal connections
build/ARM/mem/coherent_xbar.cc:140: warn: CoherentXBar system.body.coherency_bus has no snooping ports attached!
build/ARM/mem/coherent_xbar.cc:140: warn: CoherentXBar system.classifier.coherency_bus has no snooping ports attached!
build/ARM/base/remote_gdb.cc:377: warn: Sockets disabled, not accepting gdb connections
build/ARM/mem/coherent_xbar.cc:140: warn: CoherentXBar system.head.coherency_bus has no snooping ports attached!
build/ARM/mem/coherent_xbar.cc:140: warn: CoherentXBar system.tail.coherency_bus has no snooping ports attached!
build/ARM/dev/arm/energy_ctrl.cc:252: warn: Existing EnergyCtrl, but no enabled DVFSHandler found.
gem5 Simulator System.  http://gem5.org
gem5 is copyrighted software; use the --copyright option for details.

gem5 version 21.1.0.1
gem5 compiled May  6 2026 03:05:39
gem5 started May  6 2026 09:20:38
gem5 executing on 3b7fb6fd27b8, pid 3845672
command line: /gem5-SALAM/build/ARM/gem5.opt --listener-mode=off --outdir=/gem5-SALAM/BM_ARM_OUT/run_all/mobilenetv2_75/aia-kd /gem5-SALAM/configs/SALAM/fs_mobilenetv2_75.py --mem-size=4GB --mem-type=DDR4_2400_8x8 --machine-type=VExpress_GEM5_V1 --dtb-file=none --bare-metal --cpu-type=DerivO3CPU --caches --l2cache --kernel=/gem5-SALAM/benchmarks/mobilenetv2/sw/main.elf --disk-image=/gem5-SALAM/benchmarks/common/fake.iso --accpath=/gem5-SALAM/benchmarks/mobilenetv2 --accbench=mobilenetv2_75 --enable-kernel-validation --kernel-validation-latency 8367000

[HWAccConfig] Kernel validation ENABLED: latency=8367000, int=172, pid=17
head_top Profile Loaded
[HWAccConfig] Kernel validation ENABLED: latency=8367000, int=172, pid=17
head_NormalConv Profile Loaded
[HWAccConfig] Kernel validation ENABLED: latency=8367000, int=172, pid=17
head_DWConv Profile Loaded
[HWAccConfig] Kernel validation ENABLED: latency=8367000, int=172, pid=17
head_PWConv Profile Loaded
[HWAccConfig] Kernel validation ENABLED: latency=8367000, int=172, pid=17
body_top Profile Loaded
[HWAccConfig] Kernel validation ENABLED: latency=8367000, int=172, pid=17
body_Residual Profile Loaded
[HWAccConfig] Kernel validation ENABLED: latency=8367000, int=172, pid=17
body_PWConv0 Profile Loaded
[HWAccConfig] Kernel validation ENABLED: latency=8367000, int=172, pid=17
body_DWConv Profile Loaded
[HWAccConfig] Kernel validation ENABLED: latency=8367000, int=172, pid=17
body_PWConv1 Profile Loaded
[HWAccConfig] Kernel validation ENABLED: latency=8367000, int=172, pid=17
tail_top Profile Loaded
[HWAccConfig] Kernel validation ENABLED: latency=8367000, int=172, pid=17
tail_PWConv Profile Loaded
[HWAccConfig] Kernel validation ENABLED: latency=8367000, int=172, pid=17
tail_Reshape Profile Loaded
[HWAccConfig] Kernel validation ENABLED: latency=8367000, int=172, pid=17
tail_AvgPool Profile Loaded
[HWAccConfig] Kernel validation ENABLED: latency=8367000, int=172, pid=17
classifier_top Profile Loaded
[HWAccConfig] Kernel validation ENABLED: latency=8367000, int=172, pid=17
classifier_Linear Profile Loaded
**** REAL SIMULATION ****
warn: iobus.slave is deprecated. `slave` is now called `cpu_side_ports`
warn: bridge.master is deprecated. `master` is now called `mem_side_port`
warn: membus.master is deprecated. `master` is now called `mem_side_ports`
warn: bridge.slave is deprecated. `slave` is now called `cpu_side_port`
warn: membus.slave is deprecated. `slave` is now called `cpu_side_ports`
warn: tol2bus.master is deprecated. `master` is now called `mem_side_ports`
warn: membus.slave is deprecated. `slave` is now called `cpu_side_ports`
warn: tol2bus.slave is deprecated. `slave` is now called `cpu_side_ports`
warn: tol2bus.slave is deprecated. `slave` is now called `cpu_side_ports`
warn: tol2bus.slave is deprecated. `slave` is now called `cpu_side_ports`
warn: tol2bus.slave is deprecated. `slave` is now called `cpu_side_ports`
warn: membus.slave is deprecated. `slave` is now called `cpu_side_ports`
warn: coherency_bus.master is deprecated. `master` is now called `mem_side_ports`
warn: membus.slave is deprecated. `slave` is now called `cpu_side_ports`
warn: coherency_bus.master is deprecated. `master` is now called `mem_side_ports`
warn: membus.slave is deprecated. `slave` is now called `cpu_side_ports`
warn: coherency_bus.master is deprecated. `master` is now called `mem_side_ports`
warn: membus.slave is deprecated. `slave` is now called `cpu_side_ports`
warn: coherency_bus.master is deprecated. `master` is now called `mem_side_ports`
warn: No dot file generated. Please install pydot to generate the dot file and pdf.
build/ARM/sim/simulate.cc:107: info: Entering event queue @ 0.  Starting simulation...
********************************************************************************
system.head.head_top.llvm_interface
Total Area: 3799.78
Total Power Static: 78.8501

Total Power Dynamic: 387.522
   ========= Performance Analysis =============
   Setup Time:                      0h 0m 0s 3ms 990us
   Simulation Time (Total):         0h 25m 15s 764ms
   Simulation Time (Active):        0h 0m 0s 912ms
        Queue Processing Time:      0h 0m 0s 878ms
             Scheduling Time:       0h 0m 0s 383ms
             Computation Time:      0h 0m 0s 154ms
   System Clock:                    0.1GHz
   Runtime:                         315403 cycles
   Runtime:                         3154.03 us
   Stalls:                          0 cycles
   Executed Nodes:                  315402 cycles

   ========= Kernel Validation Stats ==========
   Kernel validation enabled:       YES
   Configured latency per check:    8.367 us

   --- Access Breakdown ---
   Total memory accesses (validated): 45
   Cache hits (0 latency):          0
   Validation requests (full lat):  44
     of which DMA-ctrl writes:      42
   Coalesced waits (partial lat):   1
   Validations denied:              0

   --- Latency Breakdown ---
   Validation request latency:      552.222 us
   Coalesced wait latency:          8.367 us
   TOTAL SECURITY OVERHEAD:         560.589 us
   Avg latency per validation:      12.5505 us
   Avg latency per coalesced wait:  8.367 us
   Avg overhead per blocked access: 12.4575 us

   --- Cache Statistics ---
   Processes with cached pages:     1
   Unique pages validated (total):  2
   Cache hit rate:                  0%

********************************************************************************
system.head.head_pwconv.llvm_interface
Total Area: 11678.9
Total Power Static: 2554.71

Total Power Dynamic: 61491.8
   ========= Performance Analysis =============
   Setup Time:                      0h 0m 0s 0ms 829us
   Simulation Time (Total):         0h 28m 32s 426ms
   Simulation Time (Active):        0h 0m 50s 454ms
        Queue Processing Time:      0h 0m 50s 432ms
             Scheduling Time:       0h 0m 19s 334ms
             Computation Time:      0h 0m 0s 409ms
   System Clock:                    0.1GHz
   Runtime:                         293118 cycles
   Runtime:                         2931.18 us
   Stalls:                          0 cycles
   Executed Nodes:                  293117 cycles

   ========= Kernel Validation Stats ==========
   Kernel validation enabled:       YES
   Configured latency per check:    8.367 us

   --- Access Breakdown ---
   Total memory accesses (validated): 221184
   Cache hits (0 latency):          221184
   Validation requests (full lat):  0
     of which DMA-ctrl writes:      0
   Coalesced waits (partial lat):   0
   Validations denied:              0

   --- Latency Breakdown ---
   Validation request latency:      0 us
   Coalesced wait latency:          0 us
   TOTAL SECURITY OVERHEAD:         0 us
   Avg latency per validation:      0 us
   Avg latency per coalesced wait:  0 us
   Avg overhead per blocked access: 0 us

   --- Cache Statistics ---
   Processes with cached pages:     1
   Unique pages validated (total):  2
   Cache hit rate:                  100%

********************************************************************************
system.head.head_dwconv.llvm_interface
Total Area: 116081
Total Power Static: 72931.3

Total Power Dynamic: 869084
   ========= Performance Analysis =============
   Setup Time:                      0h 0m 0s 4ms 504us
   Simulation Time (Total):         0h 28m 33s 821ms
   Simulation Time (Active):        0h 4m 19s 0ms
        Queue Processing Time:      0h 4m 19s 15ms
             Scheduling Time:       0h 3m 41s 531ms
             Computation Time:      0h 0m 4s 69ms
   System Clock:                    0.1GHz
   Runtime:                         293970 cycles
   Runtime:                         2939.7 us
   Stalls:                          0 cycles
   Executed Nodes:                  293969 cycles

   ========= Kernel Validation Stats ==========
   Kernel validation enabled:       YES
   Configured latency per check:    8.367 us

   --- Access Breakdown ---
   Total memory accesses (validated): 1752096
   Cache hits (0 latency):          1752095
   Validation requests (full lat):  0
     of which DMA-ctrl writes:      0
   Coalesced waits (partial lat):   1
   Validations denied:              0

   --- Latency Breakdown ---
   Validation request latency:      0 us
   Coalesced wait latency:          4.82 us
   TOTAL SECURITY OVERHEAD:         4.82 us
   Avg latency per validation:      0 us
   Avg latency per coalesced wait:  4.82 us
   Avg overhead per blocked access: 4.82 us

   --- Cache Statistics ---
   Processes with cached pages:     1
   Unique pages validated (total):  2
   Cache hit rate:                  99.9999%

********************************************************************************
system.head.head_normalconv.llvm_interface
Total Area: 200127
Total Power Static: 259429

Total Power Dynamic: 6.41728e+06
   ========= Performance Analysis =============
   Setup Time:                      0h 0m 0s 11ms 325us
   Simulation Time (Total):         0h 28m 40s 102ms
   Simulation Time (Active):        0h 22m 37s 424ms
        Queue Processing Time:      0h 22m 37s 556ms
             Scheduling Time:       0h 20m 21s 735ms
             Computation Time:      0h 0m 16s 632ms
   System Clock:                    0.1GHz
   Runtime:                         296305 cycles
   Runtime:                         2963.05 us
   Stalls:                          0 cycles
   Executed Nodes:                  296304 cycles

   ========= Kernel Validation Stats ==========
   Kernel validation enabled:       YES
   Configured latency per check:    8.367 us

   --- Access Breakdown ---
   Total memory accesses (validated): 9474750
   Cache hits (0 latency):          9474749
   Validation requests (full lat):  0
     of which DMA-ctrl writes:      0
   Coalesced waits (partial lat):   1
   Validations denied:              0

   --- Latency Breakdown ---
   Validation request latency:      0 us
   Coalesced wait latency:          8.363 us
   TOTAL SECURITY OVERHEAD:         8.363 us
   Avg latency per validation:      0 us
   Avg latency per coalesced wait:  8.363 us
   Avg overhead per blocked access: 8.363 us

   --- Cache Statistics ---
   Processes with cached pages:     1
   Unique pages validated (total):  2
   Cache hit rate:                  100%

********************************************************************************
system.body.body_residual.llvm_interface
Total Area: 538.329
Total Power Static: 87.7635

Total Power Dynamic: 263.175
   ========= Performance Analysis =============
   Setup Time:                      0h 0m 0s 0ms 521us
   Simulation Time (Total):         0h 35m 56s 647ms
   Simulation Time (Active):        0h 0m 0s 340ms
        Queue Processing Time:      0h 0m 0s 304ms
             Scheduling Time:       0h 0m 0s 155ms
             Computation Time:      0h 0m 0s 15ms
   System Clock:                    0.1GHz
   Runtime:                         432275 cycles
   Runtime:                         4322.75 us
   Stalls:                          0 cycles
   Executed Nodes:                  432274 cycles

   ========= Kernel Validation Stats ==========
   Kernel validation enabled:       YES
   Configured latency per check:    8.367 us

   --- Access Breakdown ---
   Total memory accesses (validated): 36864
   Cache hits (0 latency):          36864
   Validation requests (full lat):  0
     of which DMA-ctrl writes:      0
   Coalesced waits (partial lat):   0
   Validations denied:              0

   --- Latency Breakdown ---
   Validation request latency:      0 us
   Coalesced wait latency:          0 us
   TOTAL SECURITY OVERHEAD:         0 us
   Avg latency per validation:      0 us
   Avg latency per coalesced wait:  0 us
   Avg overhead per blocked access: 0 us

   --- Cache Statistics ---
   Processes with cached pages:     1
   Unique pages validated (total):  11
   Cache hit rate:                  100%

********************************************************************************
system.body.body_pwconv0.llvm_interface
Total Area: 12037.8
Total Power Static: 15393.1

Total Power Dynamic: 366196
   ========= Performance Analysis =============
   Setup Time:                      0h 0m 0s 0ms 792us
   Simulation Time (Total):         0h 36m 8s 811ms
   Simulation Time (Active):        0h 4m 31s 646ms
        Queue Processing Time:      0h 4m 31s 477ms
             Scheduling Time:       0h 3m 7s 845ms
             Computation Time:      0h 0m 2s 755ms
   System Clock:                    0.1GHz
   Runtime:                         434090 cycles
   Runtime:                         4340.9 us
   Stalls:                          0 cycles
   Executed Nodes:                  434089 cycles

   ========= Kernel Validation Stats ==========
   Kernel validation enabled:       YES
   Configured latency per check:    8.367 us

   --- Access Breakdown ---
   Total memory accesses (validated): 1032192
   Cache hits (0 latency):          1032185
   Validation requests (full lat):  2
     of which DMA-ctrl writes:      0
   Coalesced waits (partial lat):   5
   Validations denied:              0

   --- Latency Breakdown ---
   Validation request latency:      25.101 us
   Coalesced wait latency:          83.67 us
   TOTAL SECURITY OVERHEAD:         108.771 us
   Avg latency per validation:      12.5505 us
   Avg latency per coalesced wait:  16.734 us
   Avg overhead per blocked access: 15.5387 us

   --- Cache Statistics ---
   Processes with cached pages:     1
   Unique pages validated (total):  11
   Cache hit rate:                  99.9993%

********************************************************************************
system.body.body_dwconv.llvm_interface
Total Area: 129609
Total Power Static: 229952

Total Power Dynamic: 2.63548e+06
   ========= Performance Analysis =============
   Setup Time:                      0h 0m 0s 9ms 234us
   Simulation Time (Total):         0h 36m 33s 290ms
   Simulation Time (Active):        0h 21m 29s 100ms
        Queue Processing Time:      0h 21m 29s 348ms
             Scheduling Time:       0h 20m 5s 823ms
             Computation Time:      0h 0m 13s 302ms
   System Clock:                    0.1GHz
   Runtime:                         438637 cycles
   Runtime:                         4386.37 us
   Stalls:                          0 cycles
   Executed Nodes:                  438636 cycles

   ========= Kernel Validation Stats ==========
   Kernel validation enabled:       YES
   Configured latency per check:    8.367 us

   --- Access Breakdown ---
   Total memory accesses (validated): 5090400
   Cache hits (0 latency):          5090390
   Validation requests (full lat):  4
     of which DMA-ctrl writes:      0
   Coalesced waits (partial lat):   6
   Validations denied:              0

   --- Latency Breakdown ---
   Validation request latency:      41.835 us
   Coalesced wait latency:          75.303 us
   TOTAL SECURITY OVERHEAD:         117.138 us
   Avg latency per validation:      10.4588 us
   Avg latency per coalesced wait:  12.5505 us
   Avg overhead per blocked access: 11.7138 us

   --- Cache Statistics ---
   Processes with cached pages:     1
   Unique pages validated (total):  11
   Cache hit rate:                  99.9998%

********************************************************************************
system.body.body_pwconv1.llvm_interface
Total Area: 749685
Total Power Static: 185773

Total Power Dynamic: 1.83603e+06
   ========= Performance Analysis =============
   Setup Time:                      0h 0m 0s 143ms 868us
   Simulation Time (Total):         0h 36m 33s 510ms
   Simulation Time (Active):        0h 9m 34s 519ms
        Queue Processing Time:      0h 9m 34s 461ms
             Scheduling Time:       0h 8m 3s 386ms
             Computation Time:      0h 0m 10s 555ms
   System Clock:                    0.1GHz
   Runtime:                         447634 cycles
   Runtime:                         4476.34 us
   Stalls:                          0 cycles
   Executed Nodes:                  447633 cycles

   ========= Kernel Validation Stats ==========
   Kernel validation enabled:       YES
   Configured latency per check:    8.367 us

   --- Access Breakdown ---
   Total memory accesses (validated): 2469888
   Cache hits (0 latency):          2469769
   Validation requests (full lat):  2
     of which DMA-ctrl writes:      0
   Coalesced waits (partial lat):   117
   Validations denied:              0

   --- Latency Breakdown ---
   Validation request latency:      33.248 us
   Coalesced wait latency:          1078.02 us
   TOTAL SECURITY OVERHEAD:         1111.27 us
   Avg latency per validation:      16.624 us
   Avg latency per coalesced wait:  9.21387 us
   Avg overhead per blocked access: 9.33841 us

   --- Cache Statistics ---
   Processes with cached pages:     1
   Unique pages validated (total):  11
   Cache hit rate:                  99.9952%

********************************************************************************
system.body.body_top.llvm_interface
Total Area: 3749.41
Total Power Static: 0.977515

Total Power Dynamic: 4.84235
   ========= Performance Analysis =============
   Setup Time:                      0h 0m 0s 10ms 398us
   Simulation Time (Total):         0h 38m 57s 282ms
   Simulation Time (Active):        0h 0m 0s 340ms
        Queue Processing Time:      0h 0m 0s 282ms
             Scheduling Time:       0h 0m 0s 104ms
             Computation Time:      0h 0m 0s 26ms
   System Clock:                    0.1GHz
   Runtime:                         561546 cycles
   Runtime:                         5615.46 us
   Stalls:                          0 cycles
   Executed Nodes:                  561545 cycles

   ========= Kernel Validation Stats ==========
   Kernel validation enabled:       YES
   Configured latency per check:    8.367 us

   --- Access Breakdown ---
   Total memory accesses (validated): 40038
   Cache hits (0 latency):          39973
   Validation requests (full lat):  45
     of which DMA-ctrl writes:      42
   Coalesced waits (partial lat):   20
   Validations denied:              0

   --- Latency Breakdown ---
   Validation request latency:      627.525 us
   Coalesced wait latency:          326.313 us
   TOTAL SECURITY OVERHEAD:         953.838 us
   Avg latency per validation:      13.945 us
   Avg latency per coalesced wait:  16.3156 us
   Avg overhead per blocked access: 14.6744 us

   --- Cache Statistics ---
   Processes with cached pages:     1
   Unique pages validated (total):  11
   Cache hit rate:                  99.8377%

********************************************************************************
system.body.body_residual.llvm_interface
Total Area: 1076.66
Total Power Static: 21.9391

Total Power Dynamic: 65.7937
   ========= Performance Analysis =============
   Setup Time:                      0h 0m 0s 0ms 382us
   Simulation Time (Total):         0h 15m 13s 284ms
   Simulation Time (Active):        0h 0m 0s 126ms
        Queue Processing Time:      0h 0m 0s 101ms
             Scheduling Time:       0h 0m 0s 47ms
             Computation Time:      0h 0m 0s 3ms
   System Clock:                    0.1GHz
   Runtime:                         361483 cycles
   Runtime:                         3614.83 us
   Stalls:                          0 cycles
   Executed Nodes:                  361482 cycles

   ========= Kernel Validation Stats ==========
   Kernel validation enabled:       YES
   Configured latency per check:    8.367 us

   --- Access Breakdown ---
   Total memory accesses (validated): 46080
   Cache hits (0 latency):          46080
   Validation requests (full lat):  0
     of which DMA-ctrl writes:      0
   Coalesced waits (partial lat):   0
   Validations denied:              0

   --- Latency Breakdown ---
   Validation request latency:      0 us
   Coalesced wait latency:          0 us
   TOTAL SECURITY OVERHEAD:         0 us
   Avg latency per validation:      0 us
   Avg latency per coalesced wait:  0 us
   Avg overhead per blocked access: 0 us

   --- Cache Statistics ---
   Processes with cached pages:     1
   Unique pages validated (total):  11
   Cache hit rate:                  100%

********************************************************************************
system.body.body_pwconv0.llvm_interface
Total Area: 24075.6
Total Power Static: 3848.3

Total Power Dynamic: 91549.2
   ========= Performance Analysis =============
   Setup Time:                      0h 0m 0s 0ms 754us
   Simulation Time (Total):         0h 15m 37s 659ms
   Simulation Time (Active):        0h 1m 3s 900ms
        Queue Processing Time:      0h 1m 3s 881ms
             Scheduling Time:       0h 0m 42s 400ms
             Computation Time:      0h 0m 0s 646ms
   System Clock:                    0.1GHz
   Runtime:                         363301 cycles
   Runtime:                         3633.01 us
   Stalls:                          0 cycles
   Executed Nodes:                  363300 cycles

   ========= Kernel Validation Stats ==========
   Kernel validation enabled:       YES
   Configured latency per check:    8.367 us

   --- Access Breakdown ---
   Total memory accesses (validated): 1290240
   Cache hits (0 latency):          1290233
   Validation requests (full lat):  2
     of which DMA-ctrl writes:      0
   Coalesced waits (partial lat):   5
   Validations denied:              0

   --- Latency Breakdown ---
   Validation request latency:      25.101 us
   Coalesced wait latency:          83.67 us
   TOTAL SECURITY OVERHEAD:         108.771 us
   Avg latency per validation:      12.5505 us
   Avg latency per coalesced wait:  16.734 us
   Avg overhead per blocked access: 15.5387 us

   --- Cache Statistics ---
   Processes with cached pages:     1
   Unique pages validated (total):  11
   Cache hit rate:                  99.9995%

********************************************************************************
system.body.body_dwconv.llvm_interface
Total Area: 259219
Total Power Static: 56863.8

Total Power Dynamic: 649870
   ========= Performance Analysis =============
   Setup Time:                      0h 0m 0s 9ms 806us
   Simulation Time (Total):         0h 16m 12s 432ms
   Simulation Time (Active):        0h 5m 27s 457ms
        Queue Processing Time:      0h 5m 27s 442ms
             Scheduling Time:       0h 5m 1s 870ms
             Computation Time:      0h 0m 3s 372ms
   System Clock:                    0.1GHz
   Runtime:                         379383 cycles
   Runtime:                         3793.83 us
   Stalls:                          0 cycles
   Executed Nodes:                  379382 cycles

   ========= Kernel Validation Stats ==========
   Kernel validation enabled:       YES
   Configured latency per check:    8.367 us

   --- Access Breakdown ---
   Total memory accesses (validated): 6391872
   Cache hits (0 latency):          6391862
   Validation requests (full lat):  4
     of which DMA-ctrl writes:      0
   Coalesced waits (partial lat):   6
   Validations denied:              0

   --- Latency Breakdown ---
   Validation request latency:      41.835 us
   Coalesced wait latency:          75.303 us
   TOTAL SECURITY OVERHEAD:         117.138 us
   Avg latency per validation:      10.4588 us
   Avg latency per coalesced wait:  12.5505 us
   Avg overhead per blocked access: 11.7138 us

   --- Cache Statistics ---
   Processes with cached pages:     1
   Unique pages validated (total):  11
   Cache hit rate:                  99.9998%

********************************************************************************
system.body.body_pwconv1.llvm_interface
Total Area: 1.49937e+06
Total Power Static: 185773

Total Power Dynamic: 1.83603e+06
   ========= Performance Analysis =============
   Setup Time:                      0h 0m 0s 139ms 445us
   Simulation Time (Total):         0h 16m 13s 87ms
   Simulation Time (Active):        0h 9m 9s 154ms
        Queue Processing Time:      0h 9m 9s 212ms
             Scheduling Time:       0h 8m 0s 935ms
             Computation Time:      0h 0m 10s 353ms
   System Clock:                    0.1GHz
   Runtime:                         393309 cycles
   Runtime:                         3933.09 us
   Stalls:                          0 cycles
   Executed Nodes:                  393308 cycles

   ========= Kernel Validation Stats ==========
   Kernel validation enabled:       YES
   Configured latency per check:    8.367 us

   --- Access Breakdown ---
   Total memory accesses (validated): 4939776
   Cache hits (0 latency):          4939657
   Validation requests (full lat):  2
     of which DMA-ctrl writes:      0
   Coalesced waits (partial lat):   117
   Validations denied:              0

   --- Latency Breakdown ---
   Validation request latency:      33.248 us
   Coalesced wait latency:          1078.02 us
   TOTAL SECURITY OVERHEAD:         1111.27 us
   Avg latency per validation:      16.624 us
   Avg latency per coalesced wait:  9.21387 us
   Avg overhead per blocked access: 9.33841 us

   --- Cache Statistics ---
   Processes with cached pages:     1
   Unique pages validated (total):  11
   Cache hit rate:                  99.9976%

********************************************************************************
system.body.body_top.llvm_interface
Total Area: 7498.83
Total Power Static: 0.978737

Total Power Dynamic: 4.84836
   ========= Performance Analysis =============
   Setup Time:                      0h 0m 0s 7ms 341us
   Simulation Time (Total):         0h 16m 14s 477ms
   Simulation Time (Active):        0h 0m 0s 210ms
        Queue Processing Time:      0h 0m 0s 178ms
             Scheduling Time:       0h 0m 0s 71ms
             Computation Time:      0h 0m 0s 17ms
   System Clock:                    0.1GHz
   Runtime:                         464566 cycles
   Runtime:                         4645.66 us
   Stalls:                          0 cycles
   Executed Nodes:                  464565 cycles

   ========= Kernel Validation Stats ==========
   Kernel validation enabled:       YES
   Configured latency per check:    8.367 us

   --- Access Breakdown ---
   Total memory accesses (validated): 75225
   Cache hits (0 latency):          75118
   Validation requests (full lat):  87
     of which DMA-ctrl writes:      84
   Coalesced waits (partial lat):   20
   Validations denied:              0

   --- Latency Breakdown ---
   Validation request latency:      1154.65 us
   Coalesced wait latency:          326.313 us
   TOTAL SECURITY OVERHEAD:         1480.96 us
   Avg latency per validation:      13.2718 us
   Avg latency per coalesced wait:  16.3156 us
   Avg overhead per blocked access: 13.8407 us

   --- Cache Statistics ---
   Processes with cached pages:     1
   Unique pages validated (total):  11
   Cache hit rate:                  99.8578%

********************************************************************************
system.body.body_residual.llvm_interface
Total Area: 1614.99
Total Power Static: 32.9098

Total Power Dynamic: 131.587
   ========= Performance Analysis =============
   Setup Time:                      0h 0m 0s 0ms 397us
   Simulation Time (Total):         0h 9m 48s 668ms
   Simulation Time (Active):        0h 0m 0s 113ms
        Queue Processing Time:      0h 0m 0s 104ms
             Scheduling Time:       0h 0m 0s 61ms
             Computation Time:      0h 0m 0s 6ms
   System Clock:                    0.1GHz
   Runtime:                         102399 cycles
   Runtime:                         1023.99 us
   Stalls:                          0 cycles
   Executed Nodes:                  102398 cycles

   ========= Kernel Validation Stats ==========
   Kernel validation enabled:       YES
   Configured latency per check:    8.367 us

   --- Access Breakdown ---
   Total memory accesses (validated): 59904
   Cache hits (0 latency):          59904
   Validation requests (full lat):  0
     of which DMA-ctrl writes:      0
   Coalesced waits (partial lat):   0
   Validations denied:              0

   --- Latency Breakdown ---
   Validation request latency:      0 us
   Coalesced wait latency:          0 us
   TOTAL SECURITY OVERHEAD:         0 us
   Avg latency per validation:      0 us
   Avg latency per coalesced wait:  0 us
   Avg overhead per blocked access: 0 us

   --- Cache Statistics ---
   Processes with cached pages:     1
   Unique pages validated (total):  12
   Cache hit rate:                  100%

********************************************************************************
system.body.body_pwconv0.llvm_interface
Total Area: 36113.4
Total Power Static: 3848.3

Total Power Dynamic: 91549.2
   ========= Performance Analysis =============
   Setup Time:                      0h 0m 0s 0ms 757us
   Simulation Time (Total):         0h 10m 11s 985ms
   Simulation Time (Active):        0h 1m 0s 714ms
        Queue Processing Time:      0h 1m 0s 696ms
             Scheduling Time:       0h 0m 41s 940ms
             Computation Time:      0h 0m 0s 654ms
   System Clock:                    0.1GHz
   Runtime:                         104217 cycles
   Runtime:                         1042.17 us
   Stalls:                          0 cycles
   Executed Nodes:                  104216 cycles

   ========= Kernel Validation Stats ==========
   Kernel validation enabled:       YES
   Configured latency per check:    8.367 us

   --- Access Breakdown ---
   Total memory accesses (validated): 1548288
   Cache hits (0 latency):          1548281
   Validation requests (full lat):  2
     of which DMA-ctrl writes:      0
   Coalesced waits (partial lat):   5
   Validations denied:              0

   --- Latency Breakdown ---
   Validation request latency:      25.101 us
   Coalesced wait latency:          83.67 us
   TOTAL SECURITY OVERHEAD:         108.771 us
   Avg latency per validation:      12.5505 us
   Avg latency per coalesced wait:  16.734 us
   Avg overhead per blocked access: 15.5387 us

   --- Cache Statistics ---
   Processes with cached pages:     1
   Unique pages validated (total):  12
   Cache hit rate:                  99.9995%

********************************************************************************
system.body.body_dwconv.llvm_interface
Total Area: 388828
Total Power Static: 56814.8

Total Power Dynamic: 649870
   ========= Performance Analysis =============
   Setup Time:                      0h 0m 0s 9ms 848us
   Simulation Time (Total):         0h 10m 23s 542ms
   Simulation Time (Active):        0h 5m 19s 727ms
        Queue Processing Time:      0h 5m 19s 707ms
             Scheduling Time:       0h 4m 57s 467ms
             Computation Time:      0h 0m 3s 387ms
   System Clock:                    0.1GHz
   Runtime:                         106475 cycles
   Runtime:                         1064.75 us
   Stalls:                          0 cycles
   Executed Nodes:                  106474 cycles

   ========= Kernel Validation Stats ==========
   Kernel validation enabled:       YES
   Configured latency per check:    8.367 us

   --- Access Breakdown ---
   Total memory accesses (validated): 7651872
   Cache hits (0 latency):          7651862
   Validation requests (full lat):  4
     of which DMA-ctrl writes:      0
   Coalesced waits (partial lat):   6
   Validations denied:              0

   --- Latency Breakdown ---
   Validation request latency:      41.835 us
   Coalesced wait latency:          75.303 us
   TOTAL SECURITY OVERHEAD:         117.138 us
   Avg latency per validation:      10.4588 us
   Avg latency per coalesced wait:  12.5505 us
   Avg overhead per blocked access: 11.7138 us

   --- Cache Statistics ---
   Processes with cached pages:     1
   Unique pages validated (total):  12
   Cache hit rate:                  99.9999%

********************************************************************************
system.body.body_pwconv1.llvm_interface
Total Area: 2.24905e+06
Total Power Static: 92541.7

Total Power Dynamic: 914996
   ========= Performance Analysis =============
   Setup Time:                      0h 0m 0s 136ms 937us
   Simulation Time (Total):         0h 10m 23s 503ms
   Simulation Time (Active):        0h 3m 43s 959ms
        Queue Processing Time:      0h 3m 43s 947ms
             Scheduling Time:       0h 3m 19s 187ms
             Computation Time:      0h 0m 5s 361ms
   System Clock:                    0.1GHz
   Runtime:                         110857 cycles
   Runtime:                         1108.57 us
   Stalls:                          0 cycles
   Executed Nodes:                  110856 cycles

   ========= Kernel Validation Stats ==========
   Kernel validation enabled:       YES
   Configured latency per check:    8.367 us

   --- Access Breakdown ---
   Total memory accesses (validated): 6119424
   Cache hits (0 latency):          6119257
   Validation requests (full lat):  3
     of which DMA-ctrl writes:      0
   Coalesced waits (partial lat):   164
   Validations denied:              0

   --- Latency Breakdown ---
   Validation request latency:      41.615 us
   Coalesced wait latency:          1471.27 us
   TOTAL SECURITY OVERHEAD:         1512.89 us
   Avg latency per validation:      13.8717 us
   Avg latency per coalesced wait:  8.97117 us
   Avg overhead per blocked access: 9.0592 us

   --- Cache Statistics ---
   Processes with cached pages:     1
   Unique pages validated (total):  12
   Cache hit rate:                  99.9973%

********************************************************************************
system.body.body_top.llvm_interface
Total Area: 11248.2
Total Power Static: 0.97507

Total Power Dynamic: 4.83034
   ========= Performance Analysis =============
   Setup Time:                      0h 0m 0s 7ms 391us
   Simulation Time (Total):         0h 10m 24s 971ms
   Simulation Time (Active):        0h 0m 0s 83ms
        Queue Processing Time:      0h 0m 0s 68ms
             Scheduling Time:       0h 0m 0s 25ms
             Computation Time:      0h 0m 0s 7ms
   System Clock:                    0.1GHz
   Runtime:                         182047 cycles
   Runtime:                         1820.47 us
   Stalls:                          0 cycles
   Executed Nodes:                  182046 cycles

   ========= Kernel Validation Stats ==========
   Kernel validation enabled:       YES
   Configured latency per check:    8.367 us

   --- Access Breakdown ---
   Total memory accesses (validated): 85193
   Cache hits (0 latency):          85044
   Validation requests (full lat):  129
     of which DMA-ctrl writes:      126
   Coalesced waits (partial lat):   20
   Validations denied:              0

   --- Latency Breakdown ---
   Validation request latency:      1681.77 us
   Coalesced wait latency:          326.313 us
   TOTAL SECURITY OVERHEAD:         2008.08 us
   Avg latency per validation:      13.037 us
   Avg latency per coalesced wait:  16.3156 us
   Avg overhead per blocked access: 13.477 us

   --- Cache Statistics ---
   Processes with cached pages:     1
   Unique pages validated (total):  12
   Cache hit rate:                  99.8251%

********************************************************************************
system.body.body_residual.llvm_interface
Total Area: 2153.32
Total Power Static: 10.9684

Total Power Dynamic: 32.8969
   ========= Performance Analysis =============
   Setup Time:                      0h 0m 0s 0ms 381us
   Simulation Time (Total):         0h 6m 1s 944ms
   Simulation Time (Active):        0h 0m 0s 48ms
        Queue Processing Time:      0h 0m 0s 41ms
             Scheduling Time:       0h 0m 0s 22ms
             Computation Time:      0h 0m 0s 1ms
   System Clock:                    0.1GHz
   Runtime:                         84277 cycles
   Runtime:                         842.77 us
   Stalls:                          0 cycles
   Executed Nodes:                  84276 cycles

   ========= Kernel Validation Stats ==========
   Kernel validation enabled:       YES
   Configured latency per check:    8.367 us

   --- Access Breakdown ---
   Total memory accesses (validated): 64512
   Cache hits (0 latency):          64512
   Validation requests (full lat):  0
     of which DMA-ctrl writes:      0
   Coalesced waits (partial lat):   0
   Validations denied:              0

   --- Latency Breakdown ---
   Validation request latency:      0 us
   Coalesced wait latency:          0 us
   TOTAL SECURITY OVERHEAD:         0 us
   Avg latency per validation:      0 us
   Avg latency per coalesced wait:  0 us
   Avg overhead per blocked access: 0 us

   --- Cache Statistics ---
   Processes with cached pages:     1
   Unique pages validated (total):  12
   Cache hit rate:                  100%

********************************************************************************
system.body.body_pwconv0.llvm_interface
Total Area: 48151.2
Total Power Static: 1866.67

Total Power Dynamic: 45269.9
   ========= Performance Analysis =============
   Setup Time:                      0h 0m 0s 0ms 771us
   Simulation Time (Total):         0h 6m 28s 411ms
   Simulation Time (Active):        0h 0m 24s 308ms
        Queue Processing Time:      0h 0m 24s 298ms
             Scheduling Time:       0h 0m 14s 432ms
             Computation Time:      0h 0m 0s 302ms
   System Clock:                    0.1GHz
   Runtime:                         85815 cycles
   Runtime:                         858.15 us
   Stalls:                          0 cycles
   Executed Nodes:                  85814 cycles

   ========= Kernel Validation Stats ==========
   Kernel validation enabled:       YES
   Configured latency per check:    8.367 us

   --- Access Breakdown ---
   Total memory accesses (validated): 1669248
   Cache hits (0 latency):          1669241
   Validation requests (full lat):  2
     of which DMA-ctrl writes:      0
   Coalesced waits (partial lat):   5
   Validations denied:              0

   --- Latency Breakdown ---
   Validation request latency:      25.101 us
   Coalesced wait latency:          83.67 us
   TOTAL SECURITY OVERHEAD:         108.771 us
   Avg latency per validation:      12.5505 us
   Avg latency per coalesced wait:  16.734 us
   Avg overhead per blocked access: 15.5387 us

   --- Cache Statistics ---
   Processes with cached pages:     1
   Unique pages validated (total):  12
   Cache hit rate:                  99.9996%

********************************************************************************
system.body.body_dwconv.llvm_interface
Total Area: 518438
Total Power Static: 27794.7

Total Power Dynamic: 316697
   ========= Performance Analysis =============
   Setup Time:                      0h 0m 0s 9ms 401us
   Simulation Time (Total):         0h 7m 2s 247ms
   Simulation Time (Active):        0h 2m 41s 525ms
        Queue Processing Time:      0h 2m 41s 513ms
             Scheduling Time:       0h 2m 29s 422ms
             Computation Time:      0h 0m 1s 642ms
   System Clock:                    0.1GHz
   Runtime:                         94387 cycles
   Runtime:                         943.87 us
   Stalls:                          0 cycles
   Executed Nodes:                  94386 cycles

   ========= Kernel Validation Stats ==========
   Kernel validation enabled:       YES
   Configured latency per check:    8.367 us

   --- Access Breakdown ---
   Total memory accesses (validated): 8290656
   Cache hits (0 latency):          8290646
   Validation requests (full lat):  4
     of which DMA-ctrl writes:      0
   Coalesced waits (partial lat):   6
   Validations denied:              0

   --- Latency Breakdown ---
   Validation request latency:      41.835 us
   Coalesced wait latency:          75.303 us
   TOTAL SECURITY OVERHEAD:         117.138 us
   Avg latency per validation:      10.4588 us
   Avg latency per coalesced wait:  12.5505 us
   Avg overhead per blocked access: 11.7138 us

   --- Cache Statistics ---
   Processes with cached pages:     1
   Unique pages validated (total):  12
   Cache hit rate:                  99.9999%

********************************************************************************
system.body.body_pwconv1.llvm_interface
Total Area: 2.99874e+06
Total Power Static: 92541.7

Total Power Dynamic: 914996
   ========= Performance Analysis =============
   Setup Time:                      0h 0m 0s 138ms 513us
   Simulation Time (Total):         0h 7m 2s 271ms
   Simulation Time (Active):        0h 3m 41s 651ms
        Queue Processing Time:      0h 3m 41s 642ms
             Scheduling Time:       0h 3m 17s 487ms
             Computation Time:      0h 0m 5s 289ms
   System Clock:                    0.1GHz
   Runtime:                         100219 cycles
   Runtime:                         1002.19 us
   Stalls:                          0 cycles
   Executed Nodes:                  100218 cycles

   ========= Kernel Validation Stats ==========
   Kernel validation enabled:       YES
   Configured latency per check:    8.367 us

   --- Access Breakdown ---
   Total memory accesses (validated): 7305984
   Cache hits (0 latency):          7305817
   Validation requests (full lat):  3
     of which DMA-ctrl writes:      0
   Coalesced waits (partial lat):   164
   Validations denied:              0

   --- Latency Breakdown ---
   Validation request latency:      41.615 us
   Coalesced wait latency:          1471.27 us
   TOTAL SECURITY OVERHEAD:         1512.89 us
   Avg latency per validation:      13.8717 us
   Avg latency per coalesced wait:  8.97117 us
   Avg overhead per blocked access: 9.0592 us

   --- Cache Statistics ---
   Processes with cached pages:     1
   Unique pages validated (total):  12
   Cache hit rate:                  99.9977%

********************************************************************************
system.body.body_top.llvm_interface
Total Area: 14997.7
Total Power Static: 0.978126

Total Power Dynamic: 4.84536
   ========= Performance Analysis =============
   Setup Time:                      0h 0m 0s 7ms 343us
   Simulation Time (Total):         0h 7m 3s 625ms
   Simulation Time (Active):        0h 0m 0s 67ms
        Queue Processing Time:      0h 0m 0s 53ms
             Scheduling Time:       0h 0m 0s 20ms
             Computation Time:      0h 0m 0s 5ms
   System Clock:                    0.1GHz
   Runtime:                         171473 cycles
   Runtime:                         1714.73 us
   Stalls:                          0 cycles
   Executed Nodes:                  171472 cycles

   ========= Kernel Validation Stats ==========
   Kernel validation enabled:       YES
   Configured latency per check:    8.367 us

   --- Access Breakdown ---
   Total memory accesses (validated): 94212
   Cache hits (0 latency):          94021
   Validation requests (full lat):  171
     of which DMA-ctrl writes:      168
   Coalesced waits (partial lat):   20
   Validations denied:              0

   --- Latency Breakdown ---
   Validation request latency:      2208.89 us
   Coalesced wait latency:          326.313 us
   TOTAL SECURITY OVERHEAD:         2535.2 us
   Avg latency per validation:      12.9175 us
   Avg latency per coalesced wait:  16.3156 us
   Avg overhead per blocked access: 13.2733 us

   --- Cache Statistics ---
   Processes with cached pages:     1
   Unique pages validated (total):  12
   Cache hit rate:                  99.7973%

********************************************************************************
system.body.body_residual.llvm_interface
Total Area: 2691.64
Total Power Static: 16.4537

Total Power Dynamic: 65.7937
   ========= Performance Analysis =============
   Setup Time:                      0h 0m 0s 0ms 376us
   Simulation Time (Total):         0h 6m 7s 224ms
   Simulation Time (Active):        0h 0m 0s 61ms
        Queue Processing Time:      0h 0m 0s 55ms
             Scheduling Time:       0h 0m 0s 31ms
             Computation Time:      0h 0m 0s 3ms
   System Clock:                    0.1GHz
   Runtime:                         84277 cycles
   Runtime:                         842.77 us
   Stalls:                          0 cycles
   Executed Nodes:                  84276 cycles

   ========= Kernel Validation Stats ==========
   Kernel validation enabled:       YES
   Configured latency per check:    8.367 us

   --- Access Breakdown ---
   Total memory accesses (validated): 71424
   Cache hits (0 latency):          71424
   Validation requests (full lat):  0
     of which DMA-ctrl writes:      0
   Coalesced waits (partial lat):   0
   Validations denied:              0

   --- Latency Breakdown ---
   Validation request latency:      0 us
   Coalesced wait latency:          0 us
   TOTAL SECURITY OVERHEAD:         0 us
   Avg latency per validation:      0 us
   Avg latency per coalesced wait:  0 us
   Avg overhead per blocked access: 0 us

   --- Cache Statistics ---
   Processes with cached pages:     1
   Unique pages validated (total):  12
   Cache hit rate:                  100%

********************************************************************************
system.body.body_pwconv0.llvm_interface
Total Area: 60189
Total Power Static: 1866.67

Total Power Dynamic: 45269.9
   ========= Performance Analysis =============
   Setup Time:                      0h 0m 0s 0ms 761us
   Simulation Time (Total):         0h 6m 33s 546ms
   Simulation Time (Active):        0h 0m 25s 92ms
        Queue Processing Time:      0h 0m 25s 82ms
             Scheduling Time:       0h 0m 15s 179ms
             Computation Time:      0h 0m 0s 308ms
   System Clock:                    0.1GHz
   Runtime:                         85815 cycles
   Runtime:                         858.15 us
   Stalls:                          0 cycles
   Executed Nodes:                  85814 cycles

   ========= Kernel Validation Stats ==========
   Kernel validation enabled:       YES
   Configured latency per check:    8.367 us

   --- Access Breakdown ---
   Total memory accesses (validated): 1790208
   Cache hits (0 latency):          1790201
   Validation requests (full lat):  2
     of which DMA-ctrl writes:      0
   Coalesced waits (partial lat):   5
   Validations denied:              0

   --- Latency Breakdown ---
   Validation request latency:      25.101 us
   Coalesced wait latency:          83.67 us
   TOTAL SECURITY OVERHEAD:         108.771 us
   Avg latency per validation:      12.5505 us
   Avg latency per coalesced wait:  16.734 us
   Avg overhead per blocked access: 15.5387 us

   --- Cache Statistics ---
   Processes with cached pages:     1
   Unique pages validated (total):  12
   Cache hit rate:                  99.9996%

********************************************************************************
system.body.body_dwconv.llvm_interface
Total Area: 648047
Total Power Static: 27794.7

Total Power Dynamic: 316697
   ========= Performance Analysis =============
   Setup Time:                      0h 0m 0s 9ms 67us
   Simulation Time (Total):         0h 7m 7s 642ms
   Simulation Time (Active):        0h 2m 42s 738ms
        Queue Processing Time:      0h 2m 42s 726ms
             Scheduling Time:       0h 2m 30s 519ms
             Computation Time:      0h 0m 1s 660ms
   System Clock:                    0.1GHz
   Runtime:                         94387 cycles
   Runtime:                         943.87 us
   Stalls:                          0 cycles
   Executed Nodes:                  94386 cycles

   ========= Kernel Validation Stats ==========
   Kernel validation enabled:       YES
   Configured latency per check:    8.367 us

   --- Access Breakdown ---
   Total memory accesses (validated): 8929440
   Cache hits (0 latency):          8929430
   Validation requests (full lat):  4
     of which DMA-ctrl writes:      0
   Coalesced waits (partial lat):   6
   Validations denied:              0

   --- Latency Breakdown ---
   Validation request latency:      41.835 us
   Coalesced wait latency:          75.303 us
   TOTAL SECURITY OVERHEAD:         117.138 us
   Avg latency per validation:      10.4588 us
   Avg latency per coalesced wait:  12.5505 us
   Avg overhead per blocked access: 11.7138 us

   --- Cache Statistics ---
   Processes with cached pages:     1
   Unique pages validated (total):  12
   Cache hit rate:                  99.9999%

********************************************************************************
system.body.body_pwconv1.llvm_interface
Total Area: 3.74842e+06
Total Power Static: 92541.7

Total Power Dynamic: 914996
   ========= Performance Analysis =============
   Setup Time:                      0h 0m 0s 132ms 349us
   Simulation Time (Total):         0h 7m 7s 673ms
   Simulation Time (Active):        0h 3m 44s 789ms
        Queue Processing Time:      0h 3m 44s 779ms
             Scheduling Time:       0h 3m 20s 399ms
             Computation Time:      0h 0m 5s 348ms
   System Clock:                    0.1GHz
   Runtime:                         100219 cycles
   Runtime:                         1002.19 us
   Stalls:                          0 cycles
   Executed Nodes:                  100218 cycles

   ========= Kernel Validation Stats ==========
   Kernel validation enabled:       YES
   Configured latency per check:    8.367 us

   --- Access Breakdown ---
   Total memory accesses (validated): 8492544
   Cache hits (0 latency):          8492377
   Validation requests (full lat):  3
     of which DMA-ctrl writes:      0
   Coalesced waits (partial lat):   164
   Validations denied:              0

   --- Latency Breakdown ---
   Validation request latency:      41.615 us
   Coalesced wait latency:          1471.27 us
   TOTAL SECURITY OVERHEAD:         1512.89 us
   Avg latency per validation:      13.8717 us
   Avg latency per coalesced wait:  8.97117 us
   Avg overhead per blocked access: 9.0592 us

   --- Cache Statistics ---
   Processes with cached pages:     1
   Unique pages validated (total):  12
   Cache hit rate:                  99.998%

********************************************************************************
system.body.body_top.llvm_interface
Total Area: 18747.1
Total Power Static: 0.977515

Total Power Dynamic: 4.84235
   ========= Performance Analysis =============
   Setup Time:                      0h 0m 0s 7ms 272us
   Simulation Time (Total):         0h 7m 9s 85ms
   Simulation Time (Active):        0h 0m 0s 68ms
        Queue Processing Time:      0h 0m 0s 54ms
             Scheduling Time:       0h 0m 0s 20ms
             Computation Time:      0h 0m 0s 5ms
   System Clock:                    0.1GHz
   Runtime:                         171463 cycles
   Runtime:                         1714.63 us
   Stalls:                          0 cycles
   Executed Nodes:                  171462 cycles

   ========= Kernel Validation Stats ==========
   Kernel validation enabled:       YES
   Configured latency per check:    8.367 us

   --- Access Breakdown ---
   Total memory accesses (validated): 103231
   Cache hits (0 latency):          102998
   Validation requests (full lat):  213
     of which DMA-ctrl writes:      210
   Coalesced waits (partial lat):   20
   Validations denied:              0

   --- Latency Breakdown ---
   Validation request latency:      2736.01 us
   Coalesced wait latency:          326.313 us
   TOTAL SECURITY OVERHEAD:         3062.32 us
   Avg latency per validation:      12.8451 us
   Avg latency per coalesced wait:  16.3156 us
   Avg overhead per blocked access: 13.143 us

   --- Cache Statistics ---
   Processes with cached pages:     1
   Unique pages validated (total):  12
   Cache hit rate:                  99.7743%

********************************************************************************
system.body.body_residual.llvm_interface
Total Area: 3229.97
Total Power Static: 16.4537

Total Power Dynamic: 65.7937
   ========= Performance Analysis =============
   Setup Time:                      0h 0m 0s 0ms 385us
   Simulation Time (Total):         0h 3m 51s 22ms
   Simulation Time (Active):        0h 0m 0s 51ms
        Queue Processing Time:      0h 0m 0s 48ms
             Scheduling Time:       0h 0m 0s 29ms
             Computation Time:      0h 0m 0s 3ms
   System Clock:                    0.1GHz
   Runtime:                         28133 cycles
   Runtime:                         281.33 us
   Stalls:                          0 cycles
   Executed Nodes:                  28132 cycles

   ========= Kernel Validation Stats ==========
   Kernel validation enabled:       YES
   Configured latency per check:    8.367 us

   --- Access Breakdown ---
   Total memory accesses (validated): 78336
   Cache hits (0 latency):          78336
   Validation requests (full lat):  0
     of which DMA-ctrl writes:      0
   Coalesced waits (partial lat):   0
   Validations denied:              0

   --- Latency Breakdown ---
   Validation request latency:      0 us
   Coalesced wait latency:          0 us
   TOTAL SECURITY OVERHEAD:         0 us
   Avg latency per validation:      0 us
   Avg latency per coalesced wait:  0 us
   Avg overhead per blocked access: 0 us

   --- Cache Statistics ---
   Processes with cached pages:     1
   Unique pages validated (total):  12
   Cache hit rate:                  100%

********************************************************************************
system.body.body_pwconv0.llvm_interface
Total Area: 72226.8
Total Power Static: 1866.67

Total Power Dynamic: 45269.9
   ========= Performance Analysis =============
   Setup Time:                      0h 0m 0s 0ms 759us
   Simulation Time (Total):         0h 4m 10s 265ms
   Simulation Time (Active):        0h 0m 22s 943ms
        Queue Processing Time:      0h 0m 22s 934ms
             Scheduling Time:       0h 0m 14s 344ms
             Computation Time:      0h 0m 0s 303ms
   System Clock:                    0.1GHz
   Runtime:                         29671 cycles
   Runtime:                         296.71 us
   Stalls:                          0 cycles
   Executed Nodes:                  29670 cycles

   ========= Kernel Validation Stats ==========
   Kernel validation enabled:       YES
   Configured latency per check:    8.367 us

   --- Access Breakdown ---
   Total memory accesses (validated): 1911168
   Cache hits (0 latency):          1911161
   Validation requests (full lat):  2
     of which DMA-ctrl writes:      0
   Coalesced waits (partial lat):   5
   Validations denied:              0

   --- Latency Breakdown ---
   Validation request latency:      25.101 us
   Coalesced wait latency:          83.67 us
   TOTAL SECURITY OVERHEAD:         108.771 us
   Avg latency per validation:      12.5505 us
   Avg latency per coalesced wait:  16.734 us
   Avg overhead per blocked access: 15.5387 us

   --- Cache Statistics ---
   Processes with cached pages:     1
   Unique pages validated (total):  12
   Cache hit rate:                  99.9996%

********************************************************************************
system.body.body_dwconv.llvm_interface
Total Area: 777657
Total Power Static: 27770.1

Total Power Dynamic: 316697
   ========= Performance Analysis =============
   Setup Time:                      0h 0m 0s 8ms 335us
   Simulation Time (Total):         0h 4m 24s 776ms
   Simulation Time (Active):        0h 2m 37s 500ms
        Queue Processing Time:      0h 2m 37s 490ms
             Scheduling Time:       0h 2m 26s 779ms
             Computation Time:      0h 0m 1s 649ms
   System Clock:                    0.1GHz
   Runtime:                         32483 cycles
   Runtime:                         324.83 us
   Stalls:                          0 cycles
   Executed Nodes:                  32482 cycles

   ========= Kernel Validation Stats ==========
   Kernel validation enabled:       YES
   Configured latency per check:    8.367 us

   --- Access Breakdown ---
   Total memory accesses (validated): 9547488
   Cache hits (0 latency):          9547478
   Validation requests (full lat):  4
     of which DMA-ctrl writes:      0
   Coalesced waits (partial lat):   6
   Validations denied:              0

   --- Latency Breakdown ---
   Validation request latency:      41.835 us
   Coalesced wait latency:          75.303 us
   TOTAL SECURITY OVERHEAD:         117.138 us
   Avg latency per validation:      10.4588 us
   Avg latency per coalesced wait:  12.5505 us
   Avg overhead per blocked access: 11.7138 us

   --- Cache Statistics ---
   Processes with cached pages:     1
   Unique pages validated (total):  12
   Cache hit rate:                  99.9999%

********************************************************************************
system.body.body_pwconv1.llvm_interface
Total Area: 4.49811e+06
Total Power Static: 34660

Total Power Dynamic: 342746
   ========= Performance Analysis =============
   Setup Time:                      0h 0m 0s 134ms 288us
   Simulation Time (Total):         0h 4m 24s 639ms
   Simulation Time (Active):        0h 1m 16s 354ms
        Queue Processing Time:      0h 1m 16s 348ms
             Scheduling Time:       0h 1m 8s 144ms
             Computation Time:      0h 0m 1s 964ms
   System Clock:                    0.1GHz
   Runtime:                         32723 cycles
   Runtime:                         327.23 us
   Stalls:                          0 cycles
   Executed Nodes:                  32722 cycles

   ========= Kernel Validation Stats ==========
   Kernel validation enabled:       YES
   Configured latency per check:    8.367 us

   --- Access Breakdown ---
   Total memory accesses (validated): 8929728
   Cache hits (0 latency):          8929561
   Validation requests (full lat):  3
     of which DMA-ctrl writes:      0
   Coalesced waits (partial lat):   164
   Validations denied:              0

   --- Latency Breakdown ---
   Validation request latency:      41.615 us
   Coalesced wait latency:          1471.27 us
   TOTAL SECURITY OVERHEAD:         1512.89 us
   Avg latency per validation:      13.8717 us
   Avg latency per coalesced wait:  8.97117 us
   Avg overhead per blocked access: 9.0592 us

   --- Cache Statistics ---
   Processes with cached pages:     1
   Unique pages validated (total):  12
   Cache hit rate:                  99.9981%

********************************************************************************
system.body.body_top.llvm_interface
Total Area: 22496.5
Total Power Static: 0.978737

Total Power Dynamic: 4.84836
   ========= Performance Analysis =============
   Setup Time:                      0h 0m 0s 7ms 260us
   Simulation Time (Total):         0h 4m 26s 40ms
   Simulation Time (Active):        0h 0m 0s 38ms
        Queue Processing Time:      0h 0m 0s 30ms
             Scheduling Time:       0h 0m 0s 11ms
             Computation Time:      0h 0m 0s 3ms
   System Clock:                    0.1GHz
   Runtime:                         103983 cycles
   Runtime:                         1039.83 us
   Stalls:                          0 cycles
   Executed Nodes:                  103982 cycles

   ========= Kernel Validation Stats ==========
   Kernel validation enabled:       YES
   Configured latency per check:    8.367 us

   --- Access Breakdown ---
   Total memory accesses (validated): 106223
   Cache hits (0 latency):          105948
   Validation requests (full lat):  255
     of which DMA-ctrl writes:      252
   Coalesced waits (partial lat):   20
   Validations denied:              0

   --- Latency Breakdown ---
   Validation request latency:      3263.13 us
   Coalesced wait latency:          326.313 us
   TOTAL SECURITY OVERHEAD:         3589.44 us
   Avg latency per validation:      12.7966 us
   Avg latency per coalesced wait:  16.3156 us
   Avg overhead per blocked access: 13.0525 us

   --- Cache Statistics ---
   Processes with cached pages:     1
   Unique pages validated (total):  12
   Cache hit rate:                  99.7411%

********************************************************************************
system.body.body_residual.llvm_interface
Total Area: 3768.3
Total Power Static: 4.11165

Total Power Dynamic: 12.3363
   ========= Performance Analysis =============
   Setup Time:                      0h 0m 0s 0ms 388us
   Simulation Time (Total):         0h 1m 39s 740ms
   Simulation Time (Active):        0h 0m 0s 14ms
        Queue Processing Time:      0h 0m 0s 13ms
             Scheduling Time:       0h 0m 0s 7ms
             Computation Time:      0h 0m 0s 0ms
   System Clock:                    0.1GHz
   Runtime:                         16805 cycles
   Runtime:                         168.05 us
   Stalls:                          0 cycles
   Executed Nodes:                  16804 cycles

   ========= Kernel Validation Stats ==========
   Kernel validation enabled:       YES
   Configured latency per check:    8.367 us

   --- Access Breakdown ---
   Total memory accesses (validated): 80064
   Cache hits (0 latency):          80064
   Validation requests (full lat):  0
     of which DMA-ctrl writes:      0
   Coalesced waits (partial lat):   0
   Validations denied:              0

   --- Latency Breakdown ---
   Validation request latency:      0 us
   Coalesced wait latency:          0 us
   TOTAL SECURITY OVERHEAD:         0 us
   Avg latency per validation:      0 us
   Avg latency per coalesced wait:  0 us
   Avg overhead per blocked access: 0 us

   --- Cache Statistics ---
   Processes with cached pages:     1
   Unique pages validated (total):  12
   Cache hit rate:                  100%

********************************************************************************
system.body.body_pwconv0.llvm_interface
Total Area: 84264.5
Total Power Static: 692.817

Total Power Dynamic: 16913.1
   ========= Performance Analysis =============
   Setup Time:                      0h 0m 0s 0ms 770us
   Simulation Time (Total):         0h 2m 2s 667ms
   Simulation Time (Active):        0h 0m 7s 179ms
        Queue Processing Time:      0h 0m 7s 176ms
             Scheduling Time:       0h 0m 4s 104ms
             Computation Time:      0h 0m 0s 104ms
   System Clock:                    0.1GHz
   Runtime:                         20507 cycles
   Runtime:                         205.07 us
   Stalls:                          0 cycles
   Executed Nodes:                  20506 cycles

   ========= Kernel Validation Stats ==========
   Kernel validation enabled:       YES
   Configured latency per check:    8.367 us

   --- Access Breakdown ---
   Total memory accesses (validated): 1955520
   Cache hits (0 latency):          1955513
   Validation requests (full lat):  2
     of which DMA-ctrl writes:      0
   Coalesced waits (partial lat):   5
   Validations denied:              0

   --- Latency Breakdown ---
   Validation request latency:      25.101 us
   Coalesced wait latency:          83.67 us
   TOTAL SECURITY OVERHEAD:         108.771 us
   Avg latency per validation:      12.5505 us
   Avg latency per coalesced wait:  16.734 us
   Avg overhead per blocked access: 15.5387 us

   --- Cache Statistics ---
   Processes with cached pages:     1
   Unique pages validated (total):  12
   Cache hit rate:                  99.9996%

********************************************************************************
system.body.body_dwconv.llvm_interface
Total Area: 907266
Total Power Static: 10000

Total Power Dynamic: 113736
   ========= Performance Analysis =============
   Setup Time:                      0h 0m 0s 8ms 498us
   Simulation Time (Total):         0h 2m 28s 303ms
   Simulation Time (Active):        0h 0m 59s 314ms
        Queue Processing Time:      0h 0m 59s 310ms
             Scheduling Time:       0h 0m 54s 907ms
             Computation Time:      0h 0m 0s 591ms
   System Clock:                    0.1GHz
   Runtime:                         25239 cycles
   Runtime:                         252.39 us
   Stalls:                          0 cycles
   Executed Nodes:                  25238 cycles

   ========= Kernel Validation Stats ==========
   Kernel validation enabled:       YES
   Configured latency per check:    8.367 us

   --- Access Breakdown ---
   Total memory accesses (validated): 9779040
   Cache hits (0 latency):          9779030
   Validation requests (full lat):  4
     of which DMA-ctrl writes:      0
   Coalesced waits (partial lat):   6
   Validations denied:              0

   --- Latency Breakdown ---
   Validation request latency:      41.835 us
   Coalesced wait latency:          75.303 us
   TOTAL SECURITY OVERHEAD:         117.138 us
   Avg latency per validation:      10.4588 us
   Avg latency per coalesced wait:  12.5505 us
   Avg overhead per blocked access: 11.7138 us

   --- Cache Statistics ---
   Processes with cached pages:     1
   Unique pages validated (total):  12
   Cache hit rate:                  99.9999%

********************************************************************************
system.body.body_pwconv1.llvm_interface
Total Area: 5.24779e+06
Total Power Static: 34660

Total Power Dynamic: 342746
   ========= Performance Analysis =============
   Setup Time:                      0h 0m 0s 134ms 367us
   Simulation Time (Total):         0h 2m 28s 198ms
   Simulation Time (Active):        0h 1m 16s 574ms
        Queue Processing Time:      0h 1m 16s 570ms
             Scheduling Time:       0h 1m 8s 644ms
             Computation Time:      0h 0m 1s 947ms
   System Clock:                    0.1GHz
   Runtime:                         27517 cycles
   Runtime:                         275.17 us
   Stalls:                          0 cycles
   Executed Nodes:                  27516 cycles

   ========= Kernel Validation Stats ==========
   Kernel validation enabled:       YES
   Configured latency per check:    8.367 us

   --- Access Breakdown ---
   Total memory accesses (validated): 9368640
   Cache hits (0 latency):          9368473
   Validation requests (full lat):  3
     of which DMA-ctrl writes:      0
   Coalesced waits (partial lat):   164
   Validations denied:              0

   --- Latency Breakdown ---
   Validation request latency:      41.615 us
   Coalesced wait latency:          1471.27 us
   TOTAL SECURITY OVERHEAD:         1512.89 us
   Avg latency per validation:      13.8717 us
   Avg latency per coalesced wait:  8.97117 us
   Avg overhead per blocked access: 9.0592 us

   --- Cache Statistics ---
   Processes with cached pages:     1
   Unique pages validated (total):  12
   Cache hit rate:                  99.9982%

********************************************************************************
system.body.body_top.llvm_interface
Total Area: 26245.9
Total Power Static: 0.976904

Total Power Dynamic: 4.83935
   ========= Performance Analysis =============
   Setup Time:                      0h 0m 0s 7ms 329us
   Simulation Time (Total):         0h 2m 29s 530ms
   Simulation Time (Active):        0h 0m 0s 28ms
        Queue Processing Time:      0h 0m 0s 20ms
             Scheduling Time:       0h 0m 0s 8ms
             Computation Time:      0h 0m 0s 1ms
   System Clock:                    0.1GHz
   Runtime:                         98740 cycles
   Runtime:                         987.4 us
   Stalls:                          0 cycles
   Executed Nodes:                  98739 cycles

   ========= Kernel Validation Stats ==========
   Kernel validation enabled:       YES
   Configured latency per check:    8.367 us

   --- Access Breakdown ---
   Total memory accesses (validated): 108750
   Cache hits (0 latency):          108433
   Validation requests (full lat):  297
     of which DMA-ctrl writes:      294
   Coalesced waits (partial lat):   20
   Validations denied:              0

   --- Latency Breakdown ---
   Validation request latency:      3790.25 us
   Coalesced wait latency:          326.313 us
   TOTAL SECURITY OVERHEAD:         4116.56 us
   Avg latency per validation:      12.7618 us
   Avg latency per coalesced wait:  16.3156 us
   Avg overhead per blocked access: 12.986 us

   --- Cache Statistics ---
   Processes with cached pages:     1
   Unique pages validated (total):  12
   Cache hit rate:                  99.7085%

********************************************************************************
system.body.body_residual.llvm_interface
Total Area: 4306.63
Total Power Static: 6.16866

Total Power Dynamic: 24.6726
   ========= Performance Analysis =============
   Setup Time:                      0h 0m 0s 0ms 395us
   Simulation Time (Total):         0h 1m 39s 475ms
   Simulation Time (Active):        0h 0m 0s 18ms
        Queue Processing Time:      0h 0m 0s 16ms
             Scheduling Time:       0h 0m 0s 9ms
             Computation Time:      0h 0m 0s 1ms
   System Clock:                    0.1GHz
   Runtime:                         16805 cycles
   Runtime:                         168.05 us
   Stalls:                          0 cycles
   Executed Nodes:                  16804 cycles

   ========= Kernel Validation Stats ==========
   Kernel validation enabled:       YES
   Configured latency per check:    8.367 us

   --- Access Breakdown ---
   Total memory accesses (validated): 82656
   Cache hits (0 latency):          82656
   Validation requests (full lat):  0
     of which DMA-ctrl writes:      0
   Coalesced waits (partial lat):   0
   Validations denied:              0

   --- Latency Breakdown ---
   Validation request latency:      0 us
   Coalesced wait latency:          0 us
   TOTAL SECURITY OVERHEAD:         0 us
   Avg latency per validation:      0 us
   Avg latency per coalesced wait:  0 us
   Avg overhead per blocked access: 0 us

   --- Cache Statistics ---
   Processes with cached pages:     1
   Unique pages validated (total):  12
   Cache hit rate:                  100%

********************************************************************************
system.body.body_pwconv0.llvm_interface
Total Area: 96302.3
Total Power Static: 692.817

Total Power Dynamic: 16913.1
   ========= Performance Analysis =============
   Setup Time:                      0h 0m 0s 0ms 750us
   Simulation Time (Total):         0h 2m 2s 400ms
   Simulation Time (Active):        0h 0m 7s 209ms
        Queue Processing Time:      0h 0m 7s 206ms
             Scheduling Time:       0h 0m 4s 151ms
             Computation Time:      0h 0m 0s 106ms
   System Clock:                    0.1GHz
   Runtime:                         20507 cycles
   Runtime:                         205.07 us
   Stalls:                          0 cycles
   Executed Nodes:                  20506 cycles

   ========= Kernel Validation Stats ==========
   Kernel validation enabled:       YES
   Configured latency per check:    8.367 us

   --- Access Breakdown ---
   Total memory accesses (validated): 1999872
   Cache hits (0 latency):          1999865
   Validation requests (full lat):  2
     of which DMA-ctrl writes:      0
   Coalesced waits (partial lat):   5
   Validations denied:              0

   --- Latency Breakdown ---
   Validation request latency:      25.101 us
   Coalesced wait latency:          83.67 us
   TOTAL SECURITY OVERHEAD:         108.771 us
   Avg latency per validation:      12.5505 us
   Avg latency per coalesced wait:  16.734 us
   Avg overhead per blocked access: 15.5387 us

   --- Cache Statistics ---
   Processes with cached pages:     1
   Unique pages validated (total):  12
   Cache hit rate:                  99.9996%

********************************************************************************
system.body.body_dwconv.llvm_interface
Total Area: 1.03688e+06
Total Power Static: 10000

Total Power Dynamic: 113736
   ========= Performance Analysis =============
   Setup Time:                      0h 0m 0s 8ms 362us
   Simulation Time (Total):         0h 2m 28s 132ms
   Simulation Time (Active):        0h 0m 59s 270ms
        Queue Processing Time:      0h 0m 59s 266ms
             Scheduling Time:       0h 0m 54s 846ms
             Computation Time:      0h 0m 0s 597ms
   System Clock:                    0.1GHz
   Runtime:                         25239 cycles
   Runtime:                         252.39 us
   Stalls:                          0 cycles
   Executed Nodes:                  25238 cycles

   ========= Kernel Validation Stats ==========
   Kernel validation enabled:       YES
   Configured latency per check:    8.367 us

   --- Access Breakdown ---
   Total memory accesses (validated): 10010592
   Cache hits (0 latency):          10010582
   Validation requests (full lat):  4
     of which DMA-ctrl writes:      0
   Coalesced waits (partial lat):   6
   Validations denied:              0

   --- Latency Breakdown ---
   Validation request latency:      41.835 us
   Coalesced wait latency:          75.303 us
   TOTAL SECURITY OVERHEAD:         117.138 us
   Avg latency per validation:      10.4588 us
   Avg latency per coalesced wait:  12.5505 us
   Avg overhead per blocked access: 11.7138 us

   --- Cache Statistics ---
   Processes with cached pages:     1
   Unique pages validated (total):  12
   Cache hit rate:                  99.9999%

********************************************************************************
system.body.body_pwconv1.llvm_interface
Total Area: 5.99748e+06
Total Power Static: 34660

Total Power Dynamic: 342746
   ========= Performance Analysis =============
   Setup Time:                      0h 0m 0s 134ms 376us
   Simulation Time (Total):         0h 2m 28s 27ms
   Simulation Time (Active):        0h 1m 16s 397ms
        Queue Processing Time:      0h 1m 16s 393ms
             Scheduling Time:       0h 1m 8s 463ms
             Computation Time:      0h 0m 1s 944ms
   System Clock:                    0.1GHz
   Runtime:                         27517 cycles
   Runtime:                         275.17 us
   Stalls:                          0 cycles
   Executed Nodes:                  27516 cycles

   ========= Kernel Validation Stats ==========
   Kernel validation enabled:       YES
   Configured latency per check:    8.367 us

   --- Access Breakdown ---
   Total memory accesses (validated): 9807552
   Cache hits (0 latency):          9807385
   Validation requests (full lat):  3
     of which DMA-ctrl writes:      0
   Coalesced waits (partial lat):   164
   Validations denied:              0

   --- Latency Breakdown ---
   Validation request latency:      41.615 us
   Coalesced wait latency:          1471.27 us
   TOTAL SECURITY OVERHEAD:         1512.89 us
   Avg latency per validation:      13.8717 us
   Avg latency per coalesced wait:  8.97117 us
   Avg overhead per blocked access: 9.0592 us

   --- Cache Statistics ---
   Processes with cached pages:     1
   Unique pages validated (total):  12
   Cache hit rate:                  99.9983%

********************************************************************************
system.body.body_top.llvm_interface
Total Area: 29995.3
Total Power Static: 0.978737

Total Power Dynamic: 4.84836
   ========= Performance Analysis =============
   Setup Time:                      0h 0m 0s 7ms 294us
   Simulation Time (Total):         0h 2m 29s 360ms
   Simulation Time (Active):        0h 0m 0s 27ms
        Queue Processing Time:      0h 0m 0s 20ms
             Scheduling Time:       0h 0m 0s 7ms
             Computation Time:      0h 0m 0s 1ms
   System Clock:                    0.1GHz
   Runtime:                         98775 cycles
   Runtime:                         987.75 us
   Stalls:                          0 cycles
   Executed Nodes:                  98774 cycles

   ========= Kernel Validation Stats ==========
   Kernel validation enabled:       YES
   Configured latency per check:    8.367 us

   --- Access Breakdown ---
   Total memory accesses (validated): 111277
   Cache hits (0 latency):          110918
   Validation requests (full lat):  339
     of which DMA-ctrl writes:      336
   Coalesced waits (partial lat):   20
   Validations denied:              0

   --- Latency Breakdown ---
   Validation request latency:      4317.37 us
   Coalesced wait latency:          326.313 us
   TOTAL SECURITY OVERHEAD:         4643.68 us
   Avg latency per validation:      12.7356 us
   Avg latency per coalesced wait:  16.3156 us
   Avg overhead per blocked access: 12.9351 us

   --- Cache Statistics ---
   Processes with cached pages:     1
   Unique pages validated (total):  12
   Cache hit rate:                  99.6774%

********************************************************************************
system.body.body_residual.llvm_interface
Total Area: 4844.96
Total Power Static: 6.16866

Total Power Dynamic: 24.6726
   ========= Performance Analysis =============
   Setup Time:                      0h 0m 0s 0ms 388us
   Simulation Time (Total):         0h 1m 40s 476ms
   Simulation Time (Active):        0h 0m 0s 18ms
        Queue Processing Time:      0h 0m 0s 17ms
             Scheduling Time:       0h 0m 0s 9ms
             Computation Time:      0h 0m 0s 1ms
   System Clock:                    0.1GHz
   Runtime:                         16805 cycles
   Runtime:                         168.05 us
   Stalls:                          0 cycles
   Executed Nodes:                  16804 cycles

   ========= Kernel Validation Stats ==========
   Kernel validation enabled:       YES
   Configured latency per check:    8.367 us

   --- Access Breakdown ---
   Total memory accesses (validated): 85248
   Cache hits (0 latency):          85248
   Validation requests (full lat):  0
     of which DMA-ctrl writes:      0
   Coalesced waits (partial lat):   0
   Validations denied:              0

   --- Latency Breakdown ---
   Validation request latency:      0 us
   Coalesced wait latency:          0 us
   TOTAL SECURITY OVERHEAD:         0 us
   Avg latency per validation:      0 us
   Avg latency per coalesced wait:  0 us
   Avg overhead per blocked access: 0 us

   --- Cache Statistics ---
   Processes with cached pages:     1
   Unique pages validated (total):  12
   Cache hit rate:                  100%

********************************************************************************
system.body.body_pwconv0.llvm_interface
Total Area: 108340
Total Power Static: 692.817

Total Power Dynamic: 16913.1
   ========= Performance Analysis =============
   Setup Time:                      0h 0m 0s 0ms 760us
   Simulation Time (Total):         0h 2m 3s 567ms
   Simulation Time (Active):        0h 0m 7s 319ms
        Queue Processing Time:      0h 0m 7s 315ms
             Scheduling Time:       0h 0m 4s 185ms
             Computation Time:      0h 0m 0s 107ms
   System Clock:                    0.1GHz
   Runtime:                         20507 cycles
   Runtime:                         205.07 us
   Stalls:                          0 cycles
   Executed Nodes:                  20506 cycles

   ========= Kernel Validation Stats ==========
   Kernel validation enabled:       YES
   Configured latency per check:    8.367 us

   --- Access Breakdown ---
   Total memory accesses (validated): 2044224
   Cache hits (0 latency):          2044217
   Validation requests (full lat):  2
     of which DMA-ctrl writes:      0
   Coalesced waits (partial lat):   5
   Validations denied:              0

   --- Latency Breakdown ---
   Validation request latency:      25.101 us
   Coalesced wait latency:          83.67 us
   TOTAL SECURITY OVERHEAD:         108.771 us
   Avg latency per validation:      12.5505 us
   Avg latency per coalesced wait:  16.734 us
   Avg overhead per blocked access: 15.5387 us

   --- Cache Statistics ---
   Processes with cached pages:     1
   Unique pages validated (total):  12
   Cache hit rate:                  99.9997%

********************************************************************************
system.body.body_dwconv.llvm_interface
Total Area: 1.16649e+06
Total Power Static: 10000

Total Power Dynamic: 113736
   ========= Performance Analysis =============
   Setup Time:                      0h 0m 0s 8ms 612us
   Simulation Time (Total):         0h 2m 29s 112ms
   Simulation Time (Active):        0h 0m 59s 570ms
        Queue Processing Time:      0h 0m 59s 565ms
             Scheduling Time:       0h 0m 55s 120ms
             Computation Time:      0h 0m 0s 597ms
   System Clock:                    0.1GHz
   Runtime:                         25239 cycles
   Runtime:                         252.39 us
   Stalls:                          0 cycles
   Executed Nodes:                  25238 cycles

   ========= Kernel Validation Stats ==========
   Kernel validation enabled:       YES
   Configured latency per check:    8.367 us

   --- Access Breakdown ---
   Total memory accesses (validated): 10242144
   Cache hits (0 latency):          10242134
   Validation requests (full lat):  4
     of which DMA-ctrl writes:      0
   Coalesced waits (partial lat):   6
   Validations denied:              0

   --- Latency Breakdown ---
   Validation request latency:      41.835 us
   Coalesced wait latency:          75.303 us
   TOTAL SECURITY OVERHEAD:         117.138 us
   Avg latency per validation:      10.4588 us
   Avg latency per coalesced wait:  12.5505 us
   Avg overhead per blocked access: 11.7138 us

   --- Cache Statistics ---
   Processes with cached pages:     1
   Unique pages validated (total):  12
   Cache hit rate:                  99.9999%

********************************************************************************
system.body.body_pwconv1.llvm_interface
Total Area: 6.74716e+06
Total Power Static: 34660

Total Power Dynamic: 342746
   ========= Performance Analysis =============
   Setup Time:                      0h 0m 0s 135ms 382us
   Simulation Time (Total):         0h 2m 29s 6ms
   Simulation Time (Active):        0h 1m 16s 952ms
        Queue Processing Time:      0h 1m 16s 949ms
             Scheduling Time:       0h 1m 8s 992ms
             Computation Time:      0h 0m 1s 947ms
   System Clock:                    0.1GHz
   Runtime:                         27517 cycles
   Runtime:                         275.17 us
   Stalls:                          0 cycles
   Executed Nodes:                  27516 cycles

   ========= Kernel Validation Stats ==========
   Kernel validation enabled:       YES
   Configured latency per check:    8.367 us

   --- Access Breakdown ---
   Total memory accesses (validated): 10246464
   Cache hits (0 latency):          10246297
   Validation requests (full lat):  3
     of which DMA-ctrl writes:      0
   Coalesced waits (partial lat):   164
   Validations denied:              0

   --- Latency Breakdown ---
   Validation request latency:      41.615 us
   Coalesced wait latency:          1471.27 us
   TOTAL SECURITY OVERHEAD:         1512.89 us
   Avg latency per validation:      13.8717 us
   Avg latency per coalesced wait:  8.97117 us
   Avg overhead per blocked access: 9.0592 us

   --- Cache Statistics ---
   Processes with cached pages:     1
   Unique pages validated (total):  12
   Cache hit rate:                  99.9984%

********************************************************************************
system.body.body_top.llvm_interface
Total Area: 33744.7
Total Power Static: 0.976904

Total Power Dynamic: 4.83935
   ========= Performance Analysis =============
   Setup Time:                      0h 0m 0s 7ms 169us
   Simulation Time (Total):         0h 2m 30s 333ms
   Simulation Time (Active):        0h 0m 0s 28ms
        Queue Processing Time:      0h 0m 0s 20ms
             Scheduling Time:       0h 0m 0s 7ms
             Computation Time:      0h 0m 0s 1ms
   System Clock:                    0.1GHz
   Runtime:                         98741 cycles
   Runtime:                         987.41 us
   Stalls:                          0 cycles
   Executed Nodes:                  98740 cycles

   ========= Kernel Validation Stats ==========
   Kernel validation enabled:       YES
   Configured latency per check:    8.367 us

   --- Access Breakdown ---
   Total memory accesses (validated): 113804
   Cache hits (0 latency):          113403
   Validation requests (full lat):  381
     of which DMA-ctrl writes:      378
   Coalesced waits (partial lat):   20
   Validations denied:              0

   --- Latency Breakdown ---
   Validation request latency:      4844.49 us
   Coalesced wait latency:          326.313 us
   TOTAL SECURITY OVERHEAD:         5170.81 us
   Avg latency per validation:      12.7152 us
   Avg latency per coalesced wait:  16.3156 us
   Avg overhead per blocked access: 12.8948 us

   --- Cache Statistics ---
   Processes with cached pages:     1
   Unique pages validated (total):  12
   Cache hit rate:                  99.6476%

********************************************************************************
system.body.body_residual.llvm_interface
Total Area: 5383.29
Total Power Static: 6.16866

Total Power Dynamic: 24.6726
   ========= Performance Analysis =============
   Setup Time:                      0h 0m 0s 0ms 400us
   Simulation Time (Total):         0h 1m 56s 32ms
   Simulation Time (Active):        0h 0m 0s 18ms
        Queue Processing Time:      0h 0m 0s 17ms
             Scheduling Time:       0h 0m 0s 9ms
             Computation Time:      0h 0m 0s 1ms
   System Clock:                    0.1GHz
   Runtime:                         17641 cycles
   Runtime:                         176.41 us
   Stalls:                          0 cycles
   Executed Nodes:                  17640 cycles

   ========= Kernel Validation Stats ==========
   Kernel validation enabled:       YES
   Configured latency per check:    8.367 us

   --- Access Breakdown ---
   Total memory accesses (validated): 87840
   Cache hits (0 latency):          87840
   Validation requests (full lat):  0
     of which DMA-ctrl writes:      0
   Coalesced waits (partial lat):   0
   Validations denied:              0

   --- Latency Breakdown ---
   Validation request latency:      0 us
   Coalesced wait latency:          0 us
   TOTAL SECURITY OVERHEAD:         0 us
   Avg latency per validation:      0 us
   Avg latency per coalesced wait:  0 us
   Avg overhead per blocked access: 0 us

   --- Cache Statistics ---
   Processes with cached pages:     1
   Unique pages validated (total):  13
   Cache hit rate:                  100%

********************************************************************************
system.body.body_pwconv0.llvm_interface
Total Area: 120378
Total Power Static: 692.817

Total Power Dynamic: 16913.1
   ========= Performance Analysis =============
   Setup Time:                      0h 0m 0s 0ms 772us
   Simulation Time (Total):         0h 2m 23s 261ms
   Simulation Time (Active):        0h 0m 7s 527ms
        Queue Processing Time:      0h 0m 7s 524ms
             Scheduling Time:       0h 0m 4s 185ms
             Computation Time:      0h 0m 0s 108ms
   System Clock:                    0.1GHz
   Runtime:                         21343 cycles
   Runtime:                         213.43 us
   Stalls:                          0 cycles
   Executed Nodes:                  21342 cycles

   ========= Kernel Validation Stats ==========
   Kernel validation enabled:       YES
   Configured latency per check:    8.367 us

   --- Access Breakdown ---
   Total memory accesses (validated): 2088576
   Cache hits (0 latency):          2088569
   Validation requests (full lat):  2
     of which DMA-ctrl writes:      0
   Coalesced waits (partial lat):   5
   Validations denied:              0

   --- Latency Breakdown ---
   Validation request latency:      25.101 us
   Coalesced wait latency:          83.67 us
   TOTAL SECURITY OVERHEAD:         108.771 us
   Avg latency per validation:      12.5505 us
   Avg latency per coalesced wait:  16.734 us
   Avg overhead per blocked access: 15.5387 us

   --- Cache Statistics ---
   Processes with cached pages:     1
   Unique pages validated (total):  13
   Cache hit rate:                  99.9997%

********************************************************************************
system.body.body_dwconv.llvm_interface
Total Area: 1.29609e+06
Total Power Static: 10000

Total Power Dynamic: 113736
   ========= Performance Analysis =============
   Setup Time:                      0h 0m 0s 8ms 531us
   Simulation Time (Total):         0h 2m 52s 931ms
   Simulation Time (Active):        0h 1m 0s 349ms
        Queue Processing Time:      0h 1m 0s 344ms
             Scheduling Time:       0h 0m 55s 195ms
             Computation Time:      0h 0m 0s 618ms
   System Clock:                    0.1GHz
   Runtime:                         26075 cycles
   Runtime:                         260.75 us
   Stalls:                          0 cycles
   Executed Nodes:                  26074 cycles

   ========= Kernel Validation Stats ==========
   Kernel validation enabled:       YES
   Configured latency per check:    8.367 us

   --- Access Breakdown ---
   Total memory accesses (validated): 10473696
   Cache hits (0 latency):          10473686
   Validation requests (full lat):  4
     of which DMA-ctrl writes:      0
   Coalesced waits (partial lat):   6
   Validations denied:              0

   --- Latency Breakdown ---
   Validation request latency:      41.835 us
   Coalesced wait latency:          75.303 us
   TOTAL SECURITY OVERHEAD:         117.138 us
   Avg latency per validation:      10.4588 us
   Avg latency per coalesced wait:  12.5505 us
   Avg overhead per blocked access: 11.7138 us

   --- Cache Statistics ---
   Processes with cached pages:     1
   Unique pages validated (total):  13
   Cache hit rate:                  99.9999%

********************************************************************************
system.body.body_pwconv1.llvm_interface
Total Area: 7.49685e+06
Total Power Static: 46184.6

Total Power Dynamic: 456743
   ========= Performance Analysis =============
   Setup Time:                      0h 0m 0s 133ms 114us
   Simulation Time (Total):         0h 2m 52s 827ms
   Simulation Time (Active):        0h 1m 38s 706ms
        Queue Processing Time:      0h 1m 38s 702ms
             Scheduling Time:       0h 1m 28s 265ms
             Computation Time:      0h 0m 2s 598ms
   System Clock:                    0.1GHz
   Runtime:                         28354 cycles
   Runtime:                         283.54 us
   Stalls:                          0 cycles
   Executed Nodes:                  28353 cycles

   ========= Kernel Validation Stats ==========
   Kernel validation enabled:       YES
   Configured latency per check:    8.367 us

   --- Access Breakdown ---
   Total memory accesses (validated): 10825920
   Cache hits (0 latency):          10825633
   Validation requests (full lat):  4
     of which DMA-ctrl writes:      0
   Coalesced waits (partial lat):   283
   Validations denied:              0

   --- Latency Breakdown ---
   Validation request latency:      49.982 us
   Coalesced wait latency:          2466.94 us
   TOTAL SECURITY OVERHEAD:         2516.93 us
   Avg latency per validation:      12.4955 us
   Avg latency per coalesced wait:  8.71712 us
   Avg overhead per blocked access: 8.76978 us

   --- Cache Statistics ---
   Processes with cached pages:     1
   Unique pages validated (total):  13
   Cache hit rate:                  99.9973%

********************************************************************************
system.body.body_top.llvm_interface
Total Area: 37494.1
Total Power Static: 0.976904

Total Power Dynamic: 4.83935
   ========= Performance Analysis =============
   Setup Time:                      0h 0m 0s 7ms 320us
   Simulation Time (Total):         0h 2m 54s 153ms
   Simulation Time (Active):        0h 0m 0s 29ms
        Queue Processing Time:      0h 0m 0s 21ms
             Scheduling Time:       0h 0m 0s 7ms
             Computation Time:      0h 0m 0s 1ms
   System Clock:                    0.1GHz
   Runtime:                         99581 cycles
   Runtime:                         995.81 us
   Stalls:                          0 cycles
   Executed Nodes:                  99580 cycles

   ========= Kernel Validation Stats ==========
   Kernel validation enabled:       YES
   Configured latency per check:    8.367 us

   --- Access Breakdown ---
   Total memory accesses (validated): 116406
   Cache hits (0 latency):          115963
   Validation requests (full lat):  423
     of which DMA-ctrl writes:      420
   Coalesced waits (partial lat):   20
   Validations denied:              0

   --- Latency Breakdown ---
   Validation request latency:      5371.61 us
   Coalesced wait latency:          326.313 us
   TOTAL SECURITY OVERHEAD:         5697.93 us
   Avg latency per validation:      12.6989 us
   Avg latency per coalesced wait:  16.3156 us
   Avg overhead per blocked access: 12.8621 us

   --- Cache Statistics ---
   Processes with cached pages:     1
   Unique pages validated (total):  13
   Cache hit rate:                  99.6194%

********************************************************************************
system.body.body_residual.llvm_interface
Total Area: 5921.62
Total Power Static: 5.48299

Total Power Dynamic: 16.4484
   ========= Performance Analysis =============
   Setup Time:                      0h 0m 0s 0ms 392us
   Simulation Time (Total):         0h 2m 12s 321ms
   Simulation Time (Active):        0h 0m 0s 18ms
        Queue Processing Time:      0h 0m 0s 16ms
             Scheduling Time:       0h 0m 0s 9ms
             Computation Time:      0h 0m 0s 0ms
   System Clock:                    0.1GHz
   Runtime:                         18707 cycles
   Runtime:                         187.07 us
   Stalls:                          0 cycles
   Executed Nodes:                  18706 cycles

   ========= Kernel Validation Stats ==========
   Kernel validation enabled:       YES
   Configured latency per check:    8.367 us

   --- Access Breakdown ---
   Total memory accesses (validated): 90144
   Cache hits (0 latency):          90144
   Validation requests (full lat):  0
     of which DMA-ctrl writes:      0
   Coalesced waits (partial lat):   0
   Validations denied:              0

   --- Latency Breakdown ---
   Validation request latency:      0 us
   Coalesced wait latency:          0 us
   TOTAL SECURITY OVERHEAD:         0 us
   Avg latency per validation:      0 us
   Avg latency per coalesced wait:  0 us
   Avg overhead per blocked access: 0 us

   --- Cache Statistics ---
   Processes with cached pages:     1
   Unique pages validated (total):  13
   Cache hit rate:                  100%

********************************************************************************
system.body.body_pwconv0.llvm_interface
Total Area: 132416
Total Power Static: 918.962

Total Power Dynamic: 22508.7
   ========= Performance Analysis =============
   Setup Time:                      0h 0m 0s 0ms 760us
   Simulation Time (Total):         0h 2m 41s 370ms
   Simulation Time (Active):        0h 0m 9s 544ms
        Queue Processing Time:      0h 0m 9s 540ms
             Scheduling Time:       0h 0m 5s 276ms
             Computation Time:      0h 0m 0s 138ms
   System Clock:                    0.1GHz
   Runtime:                         22089 cycles
   Runtime:                         220.89 us
   Stalls:                          0 cycles
   Executed Nodes:                  22088 cycles

   ========= Kernel Validation Stats ==========
   Kernel validation enabled:       YES
   Configured latency per check:    8.367 us

   --- Access Breakdown ---
   Total memory accesses (validated): 2147040
   Cache hits (0 latency):          2147033
   Validation requests (full lat):  2
     of which DMA-ctrl writes:      0
   Coalesced waits (partial lat):   5
   Validations denied:              0

   --- Latency Breakdown ---
   Validation request latency:      25.101 us
   Coalesced wait latency:          83.67 us
   TOTAL SECURITY OVERHEAD:         108.771 us
   Avg latency per validation:      12.5505 us
   Avg latency per coalesced wait:  16.734 us
   Avg overhead per blocked access: 15.5387 us

   --- Cache Statistics ---
   Processes with cached pages:     1
   Unique pages validated (total):  13
   Cache hit rate:                  99.9997%

********************************************************************************
system.body.body_dwconv.llvm_interface
Total Area: 1.4257e+06
Total Power Static: 13333.2

Total Power Dynamic: 151645
   ========= Performance Analysis =============
   Setup Time:                      0h 0m 0s 8ms 553us
   Simulation Time (Total):         0h 3m 15s 144ms
   Simulation Time (Active):        0h 1m 19s 357ms
        Queue Processing Time:      0h 1m 19s 351ms
             Scheduling Time:       0h 1m 13s 447ms
             Computation Time:      0h 0m 0s 793ms
   System Clock:                    0.1GHz
   Runtime:                         27011 cycles
   Runtime:                         270.11 us
   Stalls:                          0 cycles
   Executed Nodes:                  27010 cycles

   ========= Kernel Validation Stats ==========
   Kernel validation enabled:       YES
   Configured latency per check:    8.367 us

   --- Access Breakdown ---
   Total memory accesses (validated): 10782432
   Cache hits (0 latency):          10782422
   Validation requests (full lat):  4
     of which DMA-ctrl writes:      0
   Coalesced waits (partial lat):   6
   Validations denied:              0

   --- Latency Breakdown ---
   Validation request latency:      41.835 us
   Coalesced wait latency:          75.303 us
   TOTAL SECURITY OVERHEAD:         117.138 us
   Avg latency per validation:      10.4588 us
   Avg latency per coalesced wait:  12.5505 us
   Avg overhead per blocked access: 11.7138 us

   --- Cache Statistics ---
   Processes with cached pages:     1
   Unique pages validated (total):  13
   Cache hit rate:                  99.9999%

********************************************************************************
system.body.body_pwconv1.llvm_interface
Total Area: 8.24653e+06
Total Power Static: 46184.6

Total Power Dynamic: 456743
   ========= Performance Analysis =============
   Setup Time:                      0h 0m 0s 129ms 546us
   Simulation Time (Total):         0h 3m 15s 30ms
   Simulation Time (Active):        0h 1m 39s 260ms
        Queue Processing Time:      0h 1m 39s 256ms
             Scheduling Time:       0h 1m 28s 694ms
             Computation Time:      0h 0m 2s 599ms
   System Clock:                    0.1GHz
   Runtime:                         28617 cycles
   Runtime:                         286.17 us
   Stalls:                          0 cycles
   Executed Nodes:                  28616 cycles

   ========= Kernel Validation Stats ==========
   Kernel validation enabled:       YES
   Configured latency per check:    8.367 us

   --- Access Breakdown ---
   Total memory accesses (validated): 11407104
   Cache hits (0 latency):          11406817
   Validation requests (full lat):  4
     of which DMA-ctrl writes:      0
   Coalesced waits (partial lat):   283
   Validations denied:              0

   --- Latency Breakdown ---
   Validation request latency:      49.982 us
   Coalesced wait latency:          2466.94 us
   TOTAL SECURITY OVERHEAD:         2516.93 us
   Avg latency per validation:      12.4955 us
   Avg latency per coalesced wait:  8.71712 us
   Avg overhead per blocked access: 8.76978 us

   --- Cache Statistics ---
   Processes with cached pages:     1
   Unique pages validated (total):  13
   Cache hit rate:                  99.9975%

********************************************************************************
system.body.body_top.llvm_interface
Total Area: 41243.6
Total Power Static: 0.973237

Total Power Dynamic: 4.82133
   ========= Performance Analysis =============
   Setup Time:                      0h 0m 0s 7ms 187us
   Simulation Time (Total):         0h 3m 16s 329ms
   Simulation Time (Active):        0h 0m 0s 29ms
        Queue Processing Time:      0h 0m 0s 22ms
             Scheduling Time:       0h 0m 0s 7ms
             Computation Time:      0h 0m 0s 2ms
   System Clock:                    0.1GHz
   Runtime:                         99771 cycles
   Runtime:                         997.71 us
   Stalls:                          0 cycles
   Executed Nodes:                  99770 cycles

   ========= Kernel Validation Stats ==========
   Kernel validation enabled:       YES
   Configured latency per check:    8.367 us

   --- Access Breakdown ---
   Total memory accesses (validated): 119031
   Cache hits (0 latency):          118546
   Validation requests (full lat):  465
     of which DMA-ctrl writes:      462
   Coalesced waits (partial lat):   20
   Validations denied:              0

   --- Latency Breakdown ---
   Validation request latency:      5898.73 us
   Coalesced wait latency:          326.313 us
   TOTAL SECURITY OVERHEAD:         6225.05 us
   Avg latency per validation:      12.6855 us
   Avg latency per coalesced wait:  16.3156 us
   Avg overhead per blocked access: 12.8352 us

   --- Cache Statistics ---
   Processes with cached pages:     1
   Unique pages validated (total):  13
   Cache hit rate:                  99.5925%

********************************************************************************
system.body.body_residual.llvm_interface
Total Area: 6459.95
Total Power Static: 8.22567

Total Power Dynamic: 32.8969
   ========= Performance Analysis =============
   Setup Time:                      0h 0m 0s 0ms 379us
   Simulation Time (Total):         0h 2m 14s 17ms
   Simulation Time (Active):        0h 0m 0s 23ms
        Queue Processing Time:      0h 0m 0s 22ms
             Scheduling Time:       0h 0m 0s 12ms
             Computation Time:      0h 0m 0s 1ms
   System Clock:                    0.1GHz
   Runtime:                         18707 cycles
   Runtime:                         187.07 us
   Stalls:                          0 cycles
   Executed Nodes:                  18706 cycles

   ========= Kernel Validation Stats ==========
   Kernel validation enabled:       YES
   Configured latency per check:    8.367 us

   --- Access Breakdown ---
   Total memory accesses (validated): 93600
   Cache hits (0 latency):          93600
   Validation requests (full lat):  0
     of which DMA-ctrl writes:      0
   Coalesced waits (partial lat):   0
   Validations denied:              0

   --- Latency Breakdown ---
   Validation request latency:      0 us
   Coalesced wait latency:          0 us
   TOTAL SECURITY OVERHEAD:         0 us
   Avg latency per validation:      0 us
   Avg latency per coalesced wait:  0 us
   Avg overhead per blocked access: 0 us

   --- Cache Statistics ---
   Processes with cached pages:     1
   Unique pages validated (total):  13
   Cache hit rate:                  100%

********************************************************************************
system.body.body_pwconv0.llvm_interface
Total Area: 144454
Total Power Static: 918.962

Total Power Dynamic: 22508.7
   ========= Performance Analysis =============
   Setup Time:                      0h 0m 0s 0ms 753us
   Simulation Time (Total):         0h 2m 43s 276ms
   Simulation Time (Active):        0h 0m 9s 822ms
        Queue Processing Time:      0h 0m 9s 817ms
             Scheduling Time:       0h 0m 5s 462ms
             Computation Time:      0h 0m 0s 141ms
   System Clock:                    0.1GHz
   Runtime:                         22089 cycles
   Runtime:                         220.89 us
   Stalls:                          0 cycles
   Executed Nodes:                  22088 cycles

   ========= Kernel Validation Stats ==========
   Kernel validation enabled:       YES
   Configured latency per check:    8.367 us

   --- Access Breakdown ---
   Total memory accesses (validated): 2205504
   Cache hits (0 latency):          2205497
   Validation requests (full lat):  2
     of which DMA-ctrl writes:      0
   Coalesced waits (partial lat):   5
   Validations denied:              0

   --- Latency Breakdown ---
   Validation request latency:      25.101 us
   Coalesced wait latency:          83.67 us
   TOTAL SECURITY OVERHEAD:         108.771 us
   Avg latency per validation:      12.5505 us
   Avg latency per coalesced wait:  16.734 us
   Avg overhead per blocked access: 15.5387 us

   --- Cache Statistics ---
   Processes with cached pages:     1
   Unique pages validated (total):  13
   Cache hit rate:                  99.9997%

********************************************************************************
system.body.body_dwconv.llvm_interface
Total Area: 1.55531e+06
Total Power Static: 13333.2

Total Power Dynamic: 151645
   ========= Performance Analysis =============
   Setup Time:                      0h 0m 0s 8ms 620us
   Simulation Time (Total):         0h 3m 16s 743ms
   Simulation Time (Active):        0h 1m 19s 695ms
        Queue Processing Time:      0h 1m 19s 689ms
             Scheduling Time:       0h 1m 13s 705ms
             Computation Time:      0h 0m 0s 802ms
   System Clock:                    0.1GHz
   Runtime:                         27011 cycles
   Runtime:                         270.11 us
   Stalls:                          0 cycles
   Executed Nodes:                  27010 cycles

   ========= Kernel Validation Stats ==========
   Kernel validation enabled:       YES
   Configured latency per check:    8.367 us

   --- Access Breakdown ---
   Total memory accesses (validated): 11091168
   Cache hits (0 latency):          11091158
   Validation requests (full lat):  4
     of which DMA-ctrl writes:      0
   Coalesced waits (partial lat):   6
   Validations denied:              0

   --- Latency Breakdown ---
   Validation request latency:      41.835 us
   Coalesced wait latency:          75.303 us
   TOTAL SECURITY OVERHEAD:         117.138 us
   Avg latency per validation:      10.4588 us
   Avg latency per coalesced wait:  12.5505 us
   Avg overhead per blocked access: 11.7138 us

   --- Cache Statistics ---
   Processes with cached pages:     1
   Unique pages validated (total):  13
   Cache hit rate:                  99.9999%

********************************************************************************
system.body.body_pwconv1.llvm_interface
Total Area: 8.99621e+06
Total Power Static: 46184.6

Total Power Dynamic: 456743
   ========= Performance Analysis =============
   Setup Time:                      0h 0m 0s 133ms 439us
   Simulation Time (Total):         0h 3m 16s 624ms
   Simulation Time (Active):        0h 1m 40s 161ms
        Queue Processing Time:      0h 1m 40s 157ms
             Scheduling Time:       0h 1m 29s 436ms
             Computation Time:      0h 0m 2s 627ms
   System Clock:                    0.1GHz
   Runtime:                         28617 cycles
   Runtime:                         286.17 us
   Stalls:                          0 cycles
   Executed Nodes:                  28616 cycles

   ========= Kernel Validation Stats ==========
   Kernel validation enabled:       YES
   Configured latency per check:    8.367 us

   --- Access Breakdown ---
   Total memory accesses (validated): 11988288
   Cache hits (0 latency):          11988001
   Validation requests (full lat):  4
     of which DMA-ctrl writes:      0
   Coalesced waits (partial lat):   283
   Validations denied:              0

   --- Latency Breakdown ---
   Validation request latency:      49.982 us
   Coalesced wait latency:          2466.94 us
   TOTAL SECURITY OVERHEAD:         2516.93 us
   Avg latency per validation:      12.4955 us
   Avg latency per coalesced wait:  8.71712 us
   Avg overhead per blocked access: 8.76978 us

   --- Cache Statistics ---
   Processes with cached pages:     1
   Unique pages validated (total):  13
   Cache hit rate:                  99.9976%

********************************************************************************
system.body.body_top.llvm_interface
Total Area: 44993
Total Power Static: 0.976904

Total Power Dynamic: 4.83935
   ========= Performance Analysis =============
   Setup Time:                      0h 0m 0s 7ms 251us
   Simulation Time (Total):         0h 3m 18s 3ms
   Simulation Time (Active):        0h 0m 0s 30ms
        Queue Processing Time:      0h 0m 0s 22ms
             Scheduling Time:       0h 0m 0s 7ms
             Computation Time:      0h 0m 0s 2ms
   System Clock:                    0.1GHz
   Runtime:                         99839 cycles
   Runtime:                         998.39 us
   Stalls:                          0 cycles
   Executed Nodes:                  99838 cycles

   ========= Kernel Validation Stats ==========
   Kernel validation enabled:       YES
   Configured latency per check:    8.367 us

   --- Access Breakdown ---
   Total memory accesses (validated): 121656
   Cache hits (0 latency):          121129
   Validation requests (full lat):  507
     of which DMA-ctrl writes:      504
   Coalesced waits (partial lat):   20
   Validations denied:              0

   --- Latency Breakdown ---
   Validation request latency:      6425.86 us
   Coalesced wait latency:          326.313 us
   TOTAL SECURITY OVERHEAD:         6752.17 us
   Avg latency per validation:      12.6743 us
   Avg latency per coalesced wait:  16.3156 us
   Avg overhead per blocked access: 12.8125 us

   --- Cache Statistics ---
   Processes with cached pages:     1
   Unique pages validated (total):  13
   Cache hit rate:                  99.5668%

********************************************************************************
system.body.body_residual.llvm_interface
Total Area: 6998.28
Total Power Static: 8.22567

Total Power Dynamic: 32.8969
   ========= Performance Analysis =============
   Setup Time:                      0h 0m 0s 0ms 389us
   Simulation Time (Total):         0h 1m 32s 509ms
   Simulation Time (Active):        0h 0m 0s 22ms
        Queue Processing Time:      0h 0m 0s 20ms
             Scheduling Time:       0h 0m 0s 12ms
             Computation Time:      0h 0m 0s 1ms
   System Clock:                    0.1GHz
   Runtime:                         15227 cycles
   Runtime:                         152.27 us
   Stalls:                          0 cycles
   Executed Nodes:                  15226 cycles

   ========= Kernel Validation Stats ==========
   Kernel validation enabled:       YES
   Configured latency per check:    8.367 us

   --- Access Breakdown ---
   Total memory accesses (validated): 97056
   Cache hits (0 latency):          97056
   Validation requests (full lat):  0
     of which DMA-ctrl writes:      0
   Coalesced waits (partial lat):   0
   Validations denied:              0

   --- Latency Breakdown ---
   Validation request latency:      0 us
   Coalesced wait latency:          0 us
   TOTAL SECURITY OVERHEAD:         0 us
   Avg latency per validation:      0 us
   Avg latency per coalesced wait:  0 us
   Avg overhead per blocked access: 0 us

   --- Cache Statistics ---
   Processes with cached pages:     1
   Unique pages validated (total):  15
   Cache hit rate:                  100%

********************************************************************************
system.body.body_pwconv0.llvm_interface
Total Area: 156491
Total Power Static: 918.962

Total Power Dynamic: 22508.7
   ========= Performance Analysis =============
   Setup Time:                      0h 0m 0s 0ms 752us
   Simulation Time (Total):         0h 1m 58s 341ms
   Simulation Time (Active):        0h 0m 9s 138ms
        Queue Processing Time:      0h 0m 9s 134ms
             Scheduling Time:       0h 0m 5s 250ms
             Computation Time:      0h 0m 0s 141ms
   System Clock:                    0.1GHz
   Runtime:                         16897 cycles
   Runtime:                         168.97 us
   Stalls:                          0 cycles
   Executed Nodes:                  16896 cycles

   ========= Kernel Validation Stats ==========
   Kernel validation enabled:       YES
   Configured latency per check:    8.367 us

   --- Access Breakdown ---
   Total memory accesses (validated): 2263968
   Cache hits (0 latency):          2263961
   Validation requests (full lat):  2
     of which DMA-ctrl writes:      0
   Coalesced waits (partial lat):   5
   Validations denied:              0

   --- Latency Breakdown ---
   Validation request latency:      25.101 us
   Coalesced wait latency:          83.67 us
   TOTAL SECURITY OVERHEAD:         108.771 us
   Avg latency per validation:      12.5505 us
   Avg latency per coalesced wait:  16.734 us
   Avg overhead per blocked access: 15.5387 us

   --- Cache Statistics ---
   Processes with cached pages:     1
   Unique pages validated (total):  15
   Cache hit rate:                  99.9997%

********************************************************************************
system.body.body_pwconv1.llvm_interface
Total Area: 9.7459e+06
Total Power Static: 20189.6

Total Power Dynamic: 199684
   ========= Performance Analysis =============
   Setup Time:                      0h 0m 0s 131ms 649us
   Simulation Time (Total):         0h 2m 4s 3ms
   Simulation Time (Active):        0h 0m 42s 606ms
        Queue Processing Time:      0h 0m 42s 603ms
             Scheduling Time:       0h 0m 38s 179ms
             Computation Time:      0h 0m 1s 140ms
   System Clock:                    0.1GHz
   Runtime:                         17945 cycles
   Runtime:                         179.45 us
   Stalls:                          0 cycles
   Executed Nodes:                  17944 cycles

   ========= Kernel Validation Stats ==========
   Kernel validation enabled:       YES
   Configured latency per check:    8.367 us

   --- Access Breakdown ---
   Total memory accesses (validated): 12238992
   Cache hits (0 latency):          12238513
   Validation requests (full lat):  6
     of which DMA-ctrl writes:      0
   Coalesced waits (partial lat):   473
   Validations denied:              0

   --- Latency Breakdown ---
   Validation request latency:      66.716 us
   Coalesced wait latency:          4056.67 us
   TOTAL SECURITY OVERHEAD:         4123.39 us
   Avg latency per validation:      11.1193 us
   Avg latency per coalesced wait:  8.57648 us
   Avg overhead per blocked access: 8.60833 us

   --- Cache Statistics ---
   Processes with cached pages:     1
   Unique pages validated (total):  15
   Cache hit rate:                  99.9961%

********************************************************************************
system.body.body_dwconv.llvm_interface
Total Area: 1.68492e+06
Total Power Static: 13321

Total Power Dynamic: 151645
   ========= Performance Analysis =============
   Setup Time:                      0h 0m 0s 8ms 593us
   Simulation Time (Total):         0h 2m 13s 739ms
   Simulation Time (Active):        0h 1m 17s 735ms
        Queue Processing Time:      0h 1m 17s 730ms
             Scheduling Time:       0h 1m 12s 413ms
             Computation Time:      0h 0m 0s 806ms
   System Clock:                    0.1GHz
   Runtime:                         20045 cycles
   Runtime:                         200.45 us
   Stalls:                          0 cycles
   Executed Nodes:                  20044 cycles

   ========= Kernel Validation Stats ==========
   Kernel validation enabled:       YES
   Configured latency per check:    8.367 us

   --- Access Breakdown ---
   Total memory accesses (validated): 11389536
   Cache hits (0 latency):          11389526
   Validation requests (full lat):  4
     of which DMA-ctrl writes:      0
   Coalesced waits (partial lat):   6
   Validations denied:              0

   --- Latency Breakdown ---
   Validation request latency:      41.835 us
   Coalesced wait latency:          75.303 us
   TOTAL SECURITY OVERHEAD:         117.138 us
   Avg latency per validation:      10.4588 us
   Avg latency per coalesced wait:  12.5505 us
   Avg overhead per blocked access: 11.7138 us

   --- Cache Statistics ---
   Processes with cached pages:     1
   Unique pages validated (total):  15
   Cache hit rate:                  99.9999%

********************************************************************************
system.body.body_top.llvm_interface
Total Area: 48742.4
Total Power Static: 0.975681

Total Power Dynamic: 4.83334
   ========= Performance Analysis =============
   Setup Time:                      0h 0m 0s 7ms 178us
   Simulation Time (Total):         0h 2m 14s 951ms
   Simulation Time (Active):        0h 0m 0s 26ms
        Queue Processing Time:      0h 0m 0s 19ms
             Scheduling Time:       0h 0m 0s 7ms
             Computation Time:      0h 0m 0s 1ms
   System Clock:                    0.1GHz
   Runtime:                         91249 cycles
   Runtime:                         912.49 us
   Stalls:                          0 cycles
   Executed Nodes:                  91248 cycles

   ========= Kernel Validation Stats ==========
   Kernel validation enabled:       YES
   Configured latency per check:    8.367 us

   --- Access Breakdown ---
   Total memory accesses (validated): 123516
   Cache hits (0 latency):          122947
   Validation requests (full lat):  549
     of which DMA-ctrl writes:      546
   Coalesced waits (partial lat):   20
   Validations denied:              0

   --- Latency Breakdown ---
   Validation request latency:      6952.98 us
   Coalesced wait latency:          326.313 us
   TOTAL SECURITY OVERHEAD:         7279.29 us
   Avg latency per validation:      12.6648 us
   Avg latency per coalesced wait:  16.3156 us
   Avg overhead per blocked access: 12.7931 us

   --- Cache Statistics ---
   Processes with cached pages:     1
   Unique pages validated (total):  15
   Cache hit rate:                  99.5393%

********************************************************************************
system.body.body_residual.llvm_interface
Total Area: 7536.61
Total Power Static: 2.39747

Total Power Dynamic: 7.19619
   ========= Performance Analysis =============
   Setup Time:                      0h 0m 0s 0ms 405us
   Simulation Time (Total):         0h 0m 23s 378ms
   Simulation Time (Active):        0h 0m 0s 5ms
        Queue Processing Time:      0h 0m 0s 5ms
             Scheduling Time:       0h 0m 0s 2ms
             Computation Time:      0h 0m 0s 0ms
   System Clock:                    0.1GHz
   Runtime:                         7031 cycles
   Runtime:                         70.31 us
   Stalls:                          0 cycles
   Executed Nodes:                  7030 cycles

   ========= Kernel Validation Stats ==========
   Kernel validation enabled:       YES
   Configured latency per check:    8.367 us

   --- Access Breakdown ---
   Total memory accesses (validated): 98064
   Cache hits (0 latency):          98064
   Validation requests (full lat):  0
     of which DMA-ctrl writes:      0
   Coalesced waits (partial lat):   0
   Validations denied:              0

   --- Latency Breakdown ---
   Validation request latency:      0 us
   Coalesced wait latency:          0 us
   TOTAL SECURITY OVERHEAD:         0 us
   Avg latency per validation:      0 us
   Avg latency per coalesced wait:  0 us
   Avg overhead per blocked access: 0 us

   --- Cache Statistics ---
   Processes with cached pages:     1
   Unique pages validated (total):  15
   Cache hit rate:                  100%

********************************************************************************
system.body.body_pwconv0.llvm_interface
Total Area: 168529
Total Power Static: 399.351

Total Power Dynamic: 9823.92
   ========= Performance Analysis =============
   Setup Time:                      0h 0m 0s 0ms 750us
   Simulation Time (Total):         0h 0m 48s 401ms
   Simulation Time (Active):        0h 0m 2s 974ms
        Queue Processing Time:      0h 0m 2s 972ms
             Scheduling Time:       0h 0m 1s 758ms
             Computation Time:      0h 0m 0s 54ms
   System Clock:                    0.1GHz
   Runtime:                         9049 cycles
   Runtime:                         90.49 us
   Stalls:                          0 cycles
   Executed Nodes:                  9048 cycles

   ========= Kernel Validation Stats ==========
   Kernel validation enabled:       YES
   Configured latency per check:    8.367 us

   --- Access Breakdown ---
   Total memory accesses (validated): 2289168
   Cache hits (0 latency):          2289161
   Validation requests (full lat):  2
     of which DMA-ctrl writes:      0
   Coalesced waits (partial lat):   5
   Validations denied:              0

   --- Latency Breakdown ---
   Validation request latency:      25.101 us
   Coalesced wait latency:          83.67 us
   TOTAL SECURITY OVERHEAD:         108.771 us
   Avg latency per validation:      12.5505 us
   Avg latency per coalesced wait:  16.734 us
   Avg overhead per blocked access: 15.5387 us

   --- Cache Statistics ---
   Processes with cached pages:     1
   Unique pages validated (total):  15
   Cache hit rate:                  99.9997%

********************************************************************************
system.body.body_pwconv1.llvm_interface
Total Area: 1.04956e+07
Total Power Static: 20189.6

Total Power Dynamic: 199684
   ========= Performance Analysis =============
   Setup Time:                      0h 0m 0s 130ms 235us
   Simulation Time (Total):         0h 1m 19s 525ms
   Simulation Time (Active):        0h 0m 39s 680ms
        Queue Processing Time:      0h 0m 39s 677ms
             Scheduling Time:       0h 0m 35s 422ms
             Computation Time:      0h 0m 1s 85ms
   System Clock:                    0.1GHz
   Runtime:                         12793 cycles
   Runtime:                         127.93 us
   Stalls:                          0 cycles
   Executed Nodes:                  12792 cycles

   ========= Kernel Validation Stats ==========
   Kernel validation enabled:       YES
   Configured latency per check:    8.367 us

   --- Access Breakdown ---
   Total memory accesses (validated): 12490992
   Cache hits (0 latency):          12490513
   Validation requests (full lat):  6
     of which DMA-ctrl writes:      0
   Coalesced waits (partial lat):   473
   Validations denied:              0

   --- Latency Breakdown ---
   Validation request latency:      66.716 us
   Coalesced wait latency:          4056.67 us
   TOTAL SECURITY OVERHEAD:         4123.39 us
   Avg latency per validation:      11.1193 us
   Avg latency per coalesced wait:  8.57648 us
   Avg overhead per blocked access: 8.60833 us

   --- Cache Statistics ---
   Processes with cached pages:     1
   Unique pages validated (total):  15
   Cache hit rate:                  99.9962%

********************************************************************************
system.body.body_dwconv.llvm_interface
Total Area: 1.81453e+06
Total Power Static: 5467.5

Total Power Dynamic: 63163.1
   ========= Performance Analysis =============
   Setup Time:                      0h 0m 0s 8ms 819us
   Simulation Time (Total):         0h 1m 19s 829ms
   Simulation Time (Active):        0h 0m 34s 209ms
        Queue Processing Time:      0h 0m 34s 205ms
             Scheduling Time:       0h 0m 31s 386ms
             Computation Time:      0h 0m 0s 325ms
   System Clock:                    0.1GHz
   Runtime:                         13237 cycles
   Runtime:                         132.37 us
   Stalls:                          0 cycles
   Executed Nodes:                  13236 cycles

   ========= Kernel Validation Stats ==========
   Kernel validation enabled:       YES
   Configured latency per check:    8.367 us

   --- Access Breakdown ---
   Total memory accesses (validated): 11517552
   Cache hits (0 latency):          11517542
   Validation requests (full lat):  4
     of which DMA-ctrl writes:      0
   Coalesced waits (partial lat):   6
   Validations denied:              0

   --- Latency Breakdown ---
   Validation request latency:      41.835 us
   Coalesced wait latency:          75.303 us
   TOTAL SECURITY OVERHEAD:         117.138 us
   Avg latency per validation:      10.4588 us
   Avg latency per coalesced wait:  12.5505 us
   Avg overhead per blocked access: 11.7138 us

   --- Cache Statistics ---
   Processes with cached pages:     1
   Unique pages validated (total):  15
   Cache hit rate:                  99.9999%

********************************************************************************
system.body.body_top.llvm_interface
Total Area: 52491.8
Total Power Static: 0.97507

Total Power Dynamic: 4.83034
   ========= Performance Analysis =============
   Setup Time:                      0h 0m 0s 17ms 209us
   Simulation Time (Total):         0h 1m 20s 953ms
   Simulation Time (Active):        0h 0m 0s 20ms
        Queue Processing Time:      0h 0m 0s 14ms
             Scheduling Time:       0h 0m 0s 5ms
             Computation Time:      0h 0m 0s 1ms
   System Clock:                    0.1GHz
   Runtime:                         84427 cycles
   Runtime:                         844.27 us
   Stalls:                          0 cycles
   Executed Nodes:                  84426 cycles

   ========= Kernel Validation Stats ==========
   Kernel validation enabled:       YES
   Configured latency per check:    8.367 us

   --- Access Breakdown ---
   Total memory accesses (validated): 124768
   Cache hits (0 latency):          124157
   Validation requests (full lat):  591
     of which DMA-ctrl writes:      588
   Coalesced waits (partial lat):   20
   Validations denied:              0

   --- Latency Breakdown ---
   Validation request latency:      7480.1 us
   Coalesced wait latency:          326.313 us
   TOTAL SECURITY OVERHEAD:         7806.41 us
   Avg latency per validation:      12.6567 us
   Avg latency per coalesced wait:  16.3156 us
   Avg overhead per blocked access: 12.7765 us

   --- Cache Statistics ---
   Processes with cached pages:     1
   Unique pages validated (total):  15
   Cache hit rate:                  99.5103%

********************************************************************************
system.body.body_residual.llvm_interface
Total Area: 8074.94
Total Power Static: 3.59739

Total Power Dynamic: 14.3924
   ========= Performance Analysis =============
   Setup Time:                      0h 0m 0s 0ms 391us
   Simulation Time (Total):         0h 0m 23s 220ms
   Simulation Time (Active):        0h 0m 0s 7ms
        Queue Processing Time:      0h 0m 0s 6ms
             Scheduling Time:       0h 0m 0s 3ms
             Computation Time:      0h 0m 0s 0ms
   System Clock:                    0.1GHz
   Runtime:                         7031 cycles
   Runtime:                         70.31 us
   Stalls:                          0 cycles
   Executed Nodes:                  7030 cycles

   ========= Kernel Validation Stats ==========
   Kernel validation enabled:       YES
   Configured latency per check:    8.367 us

   --- Access Breakdown ---
   Total memory accesses (validated): 99576
   Cache hits (0 latency):          99576
   Validation requests (full lat):  0
     of which DMA-ctrl writes:      0
   Coalesced waits (partial lat):   0
   Validations denied:              0

   --- Latency Breakdown ---
   Validation request latency:      0 us
   Coalesced wait latency:          0 us
   TOTAL SECURITY OVERHEAD:         0 us
   Avg latency per validation:      0 us
   Avg latency per coalesced wait:  0 us
   Avg overhead per blocked access: 0 us

   --- Cache Statistics ---
   Processes with cached pages:     1
   Unique pages validated (total):  15
   Cache hit rate:                  100%

********************************************************************************
system.body.body_pwconv0.llvm_interface
Total Area: 180567
Total Power Static: 399.351

Total Power Dynamic: 9823.92
   ========= Performance Analysis =============
   Setup Time:                      0h 0m 0s 0ms 767us
   Simulation Time (Total):         0h 0m 48s 760ms
   Simulation Time (Active):        0h 0m 2s 945ms
        Queue Processing Time:      0h 0m 2s 943ms
             Scheduling Time:       0h 0m 1s 708ms
             Computation Time:      0h 0m 0s 54ms
   System Clock:                    0.1GHz
   Runtime:                         9049 cycles
   Runtime:                         90.49 us
   Stalls:                          0 cycles
   Executed Nodes:                  9048 cycles

   ========= Kernel Validation Stats ==========
   Kernel validation enabled:       YES
   Configured latency per check:    8.367 us

   --- Access Breakdown ---
   Total memory accesses (validated): 2314368
   Cache hits (0 latency):          2314361
   Validation requests (full lat):  2
     of which DMA-ctrl writes:      0
   Coalesced waits (partial lat):   5
   Validations denied:              0

   --- Latency Breakdown ---
   Validation request latency:      25.101 us
   Coalesced wait latency:          83.67 us
   TOTAL SECURITY OVERHEAD:         108.771 us
   Avg latency per validation:      12.5505 us
   Avg latency per coalesced wait:  16.734 us
   Avg overhead per blocked access: 15.5387 us

   --- Cache Statistics ---
   Processes with cached pages:     1
   Unique pages validated (total):  15
   Cache hit rate:                  99.9997%

********************************************************************************
system.body.body_pwconv1.llvm_interface
Total Area: 1.12453e+07
Total Power Static: 20189.6

Total Power Dynamic: 199684
   ========= Performance Analysis =============
   Setup Time:                      0h 0m 0s 132ms 588us
   Simulation Time (Total):         0h 1m 20s 615ms
   Simulation Time (Active):        0h 0m 40s 471ms
        Queue Processing Time:      0h 0m 40s 468ms
             Scheduling Time:       0h 0m 36s 130ms
             Computation Time:      0h 0m 1s 105ms
   System Clock:                    0.1GHz
   Runtime:                         12793 cycles
   Runtime:                         127.93 us
   Stalls:                          0 cycles
   Executed Nodes:                  12792 cycles

   ========= Kernel Validation Stats ==========
   Kernel validation enabled:       YES
   Configured latency per check:    8.367 us

   --- Access Breakdown ---
   Total memory accesses (validated): 12742992
   Cache hits (0 latency):          12742513
   Validation requests (full lat):  6
     of which DMA-ctrl writes:      0
   Coalesced waits (partial lat):   473
   Validations denied:              0

   --- Latency Breakdown ---
   Validation request latency:      66.716 us
   Coalesced wait latency:          4056.67 us
   TOTAL SECURITY OVERHEAD:         4123.39 us
   Avg latency per validation:      11.1193 us
   Avg latency per coalesced wait:  8.57648 us
   Avg overhead per blocked access: 8.60833 us

   --- Cache Statistics ---
   Processes with cached pages:     1
   Unique pages validated (total):  15
   Cache hit rate:                  99.9962%

********************************************************************************
system.body.body_dwconv.llvm_interface
Total Area: 1.94414e+06
Total Power Static: 5467.5

Total Power Dynamic: 63163.1
   ========= Performance Analysis =============
   Setup Time:                      0h 0m 0s 8ms 737us
   Simulation Time (Total):         0h 1m 20s 926ms
   Simulation Time (Active):        0h 0m 34s 493ms
        Queue Processing Time:      0h 0m 34s 490ms
             Scheduling Time:       0h 0m 31s 594ms
             Computation Time:      0h 0m 0s 328ms
   System Clock:                    0.1GHz
   Runtime:                         13237 cycles
   Runtime:                         132.37 us
   Stalls:                          0 cycles
   Executed Nodes:                  13236 cycles

   ========= Kernel Validation Stats ==========
   Kernel validation enabled:       YES
   Configured latency per check:    8.367 us

   --- Access Breakdown ---
   Total memory accesses (validated): 11645568
   Cache hits (0 latency):          11645558
   Validation requests (full lat):  4
     of which DMA-ctrl writes:      0
   Coalesced waits (partial lat):   6
   Validations denied:              0

   --- Latency Breakdown ---
   Validation request latency:      41.835 us
   Coalesced wait latency:          75.303 us
   TOTAL SECURITY OVERHEAD:         117.138 us
   Avg latency per validation:      10.4588 us
   Avg latency per coalesced wait:  12.5505 us
   Avg overhead per blocked access: 11.7138 us

   --- Cache Statistics ---
   Processes with cached pages:     1
   Unique pages validated (total):  15
   Cache hit rate:                  99.9999%

********************************************************************************
system.body.body_top.llvm_interface
Total Area: 56241.2
Total Power Static: 0.978737

Total Power Dynamic: 4.84836
   ========= Performance Analysis =============
   Setup Time:                      0h 0m 0s 17ms 63us
   Simulation Time (Total):         0h 1m 22s 58ms
   Simulation Time (Active):        0h 0m 0s 20ms
        Queue Processing Time:      0h 0m 0s 15ms
             Scheduling Time:       0h 0m 0s 5ms
             Computation Time:      0h 0m 0s 1ms
   System Clock:                    0.1GHz
   Runtime:                         84495 cycles
   Runtime:                         844.95 us
   Stalls:                          0 cycles
   Executed Nodes:                  84494 cycles

   ========= Kernel Validation Stats ==========
   Kernel validation enabled:       YES
   Configured latency per check:    8.367 us

   --- Access Breakdown ---
   Total memory accesses (validated): 126020
   Cache hits (0 latency):          125367
   Validation requests (full lat):  633
     of which DMA-ctrl writes:      630
   Coalesced waits (partial lat):   20
   Validations denied:              0

   --- Latency Breakdown ---
   Validation request latency:      8007.22 us
   Coalesced wait latency:          326.313 us
   TOTAL SECURITY OVERHEAD:         8333.53 us
   Avg latency per validation:      12.6496 us
   Avg latency per coalesced wait:  16.3156 us
   Avg overhead per blocked access: 12.7619 us

   --- Cache Statistics ---
   Processes with cached pages:     1
   Unique pages validated (total):  15
   Cache hit rate:                  99.4818%

********************************************************************************
system.tail.tail_pwconv.llvm_interface
Total Area: 11678.9
Total Power Static: 1439.58

Total Power Dynamic: 37038.2
   ========= Performance Analysis =============
   Setup Time:                      0h 0m 0s 0ms 714us
   Simulation Time (Total):         0h 0m 15s 38ms
   Simulation Time (Active):        0h 0m 6s 390ms
        Queue Processing Time:      0h 0m 6s 385ms
             Scheduling Time:       0h 0m 2s 610ms
             Computation Time:      0h 0m 0s 177ms
   System Clock:                    0.1GHz
   Runtime:                         33677 cycles
   Runtime:                         336.77 us
   Stalls:                          0 cycles
   Executed Nodes:                  33676 cycles

   ========= Kernel Validation Stats ==========
   Kernel validation enabled:       YES
   Configured latency per check:    8.367 us

   --- Access Breakdown ---
   Total memory accesses (validated): 94176
   Cache hits (0 latency):          94168
   Validation requests (full lat):  2
     of which DMA-ctrl writes:      0
   Coalesced waits (partial lat):   6
   Validations denied:              0

   --- Latency Breakdown ---
   Validation request latency:      75.295 us
   Coalesced wait latency:          167.316 us
   TOTAL SECURITY OVERHEAD:         242.611 us
   Avg latency per validation:      37.6475 us
   Avg latency per coalesced wait:  27.886 us
   Avg overhead per blocked access: 30.3264 us

   --- Cache Statistics ---
   Processes with cached pages:     1
   Unique pages validated (total):  7
   Cache hit rate:                  99.9915%

********************************************************************************
system.tail.tail_reshape.llvm_interface
Total Area: 10278.6
Total Power Static: 692.426

Total Power Dynamic: 17462.9
   ========= Performance Analysis =============
   Setup Time:                      0h 0m 0s 0ms 392us
   Simulation Time (Total):         0h 0m 15s 31ms
   Simulation Time (Active):        0h 0m 6s 650ms
        Queue Processing Time:      0h 0m 6s 645ms
             Scheduling Time:       0h 0m 3s 792ms
             Computation Time:      0h 0m 0s 27ms
   System Clock:                    0.1GHz
   Runtime:                         32960 cycles
   Runtime:                         329.6 us
   Stalls:                          0 cycles
   Executed Nodes:                  32959 cycles

   ========= Kernel Validation Stats ==========
   Kernel validation enabled:       YES
   Configured latency per check:    8.367 us

   --- Access Breakdown ---
   Total memory accesses (validated): 23040
   Cache hits (0 latency):          23037
   Validation requests (full lat):  2
     of which DMA-ctrl writes:      0
   Coalesced waits (partial lat):   1
   Validations denied:              0

   --- Latency Breakdown ---
   Validation request latency:      16.734 us
   Coalesced wait latency:          8.26 us
   TOTAL SECURITY OVERHEAD:         24.994 us
   Avg latency per validation:      8.367 us
   Avg latency per coalesced wait:  8.26 us
   Avg overhead per blocked access: 8.33133 us

   --- Cache Statistics ---
   Processes with cached pages:     1
   Unique pages validated (total):  7
   Cache hit rate:                  99.987%

********************************************************************************
system.tail.tail_avgpool.llvm_interface
Total Area: 5554.55
Total Power Static: 178.864

Total Power Dynamic: 2910.95
   ========= Performance Analysis =============
   Setup Time:                      0h 0m 0s 0ms 377us
   Simulation Time (Total):         0h 0m 19s 838ms
   Simulation Time (Active):        0h 0m 5s 750ms
        Queue Processing Time:      0h 0m 5s 744ms
             Scheduling Time:       0h 0m 3s 676ms
             Computation Time:      0h 0m 0s 37ms
   System Clock:                    0.1GHz
   Runtime:                         51744 cycles
   Runtime:                         517.44 us
   Stalls:                          0 cycles
   Executed Nodes:                  51743 cycles

   ========= Kernel Validation Stats ==========
   Kernel validation enabled:       YES
   Configured latency per check:    8.367 us

   --- Access Breakdown ---
   Total memory accesses (validated): 12800
   Cache hits (0 latency):          12800
   Validation requests (full lat):  0
     of which DMA-ctrl writes:      0
   Coalesced waits (partial lat):   0
   Validations denied:              0

   --- Latency Breakdown ---
   Validation request latency:      0 us
   Coalesced wait latency:          0 us
   TOTAL SECURITY OVERHEAD:         0 us
   Avg latency per validation:      0 us
   Avg latency per coalesced wait:  0 us
   Avg overhead per blocked access: 0 us

   --- Cache Statistics ---
   Processes with cached pages:     1
   Unique pages validated (total):  7
   Cache hit rate:                  100%

********************************************************************************
system.tail.tail_top.llvm_interface
Total Area: 1300.17
Total Power Static: 32.2624

Total Power Dynamic: 158.556
   ========= Performance Analysis =============
   Setup Time:                      0h 0m 0s 10ms 192us
   Simulation Time (Total):         0h 0m 20s 672ms
   Simulation Time (Active):        0h 0m 0s 168ms
        Queue Processing Time:      0h 0m 0s 160ms
             Scheduling Time:       0h 0m 0s 82ms
             Computation Time:      0h 0m 0s 22ms
   System Clock:                    0.1GHz
   Runtime:                         111829 cycles
   Runtime:                         1118.29 us
   Stalls:                          0 cycles
   Executed Nodes:                  111828 cycles

   ========= Kernel Validation Stats ==========
   Kernel validation enabled:       YES
   Configured latency per check:    8.367 us

   --- Access Breakdown ---
   Total memory accesses (validated): 17
   Cache hits (0 latency):          0
   Validation requests (full lat):  17
     of which DMA-ctrl writes:      14
   Coalesced waits (partial lat):   0
   Validations denied:              0

   --- Latency Breakdown ---
   Validation request latency:      225.909 us
   Coalesced wait latency:          0 us
   TOTAL SECURITY OVERHEAD:         225.909 us
   Avg latency per validation:      13.2888 us
   Avg latency per coalesced wait:  0 us
   Avg overhead per blocked access: 13.2888 us

   --- Cache Statistics ---
   Processes with cached pages:     1
   Unique pages validated (total):  7
   Cache hit rate:                  0%

********************************************************************************
system.classifier.classifier_linear.llvm_interface
Total Area: 1.83064e+06
Total Power Static: 149974

Total Power Dynamic: 2.0398e+06
   ========= Performance Analysis =============
   Setup Time:                      0h 0m 0s 528ms 953us
   Simulation Time (Total):         0h 20m 24s 37ms
   Simulation Time (Active):        0h 17m 23s 375ms
        Queue Processing Time:      0h 17m 23s 359ms
             Scheduling Time:       0h 16m 56s 79ms
             Computation Time:      0h 0m 7s 275ms
   System Clock:                    0.1GHz
   Runtime:                         274250 cycles
   Runtime:                         2742.5 us
   Stalls:                          0 cycles
   Executed Nodes:                  274249 cycles

   ========= Kernel Validation Stats ==========
   Kernel validation enabled:       YES
   Configured latency per check:    8.367 us

   --- Access Breakdown ---
   Total memory accesses (validated): 5130000
   Cache hits (0 latency):          5069390
   Validation requests (full lat):  315
     of which DMA-ctrl writes:      0
   Coalesced waits (partial lat):   60295
   Validations denied:              0

   --- Latency Breakdown ---
   Validation request latency:      2660.68 us
   Coalesced wait latency:          504485 us
   TOTAL SECURITY OVERHEAD:         507145 us
   Avg latency per validation:      8.44662 us
   Avg latency per coalesced wait:  8.36694 us
   Avg overhead per blocked access: 8.36736 us

   --- Cache Statistics ---
   Processes with cached pages:     1
   Unique pages validated (total):  316
   Cache hit rate:                  98.8185%

********************************************************************************
system.classifier.classifier_top.llvm_interface
Total Area: 1350.54
Total Power Static: 101.964

Total Power Dynamic: 501.083
   ========= Performance Analysis =============
   Setup Time:                      0h 0m 0s 1ms 233us
   Simulation Time (Total):         0h 20m 29s 902ms
   Simulation Time (Active):        0h 0m 0s 522ms
        Queue Processing Time:      0h 0m 0s 480ms
             Scheduling Time:       0h 0m 0s 249ms
             Computation Time:      0h 0m 0s 61ms
   System Clock:                    0.1GHz
   Runtime:                         631960 cycles
   Runtime:                         6319.6 us
   Stalls:                          0 cycles
   Executed Nodes:                  631959 cycles

   ========= Kernel Validation Stats ==========
   Kernel validation enabled:       YES
   Configured latency per check:    8.367 us

   --- Access Breakdown ---
   Total memory accesses (validated): 17
   Cache hits (0 latency):          0
   Validation requests (full lat):  17
     of which DMA-ctrl writes:      16
   Coalesced waits (partial lat):   0
   Validations denied:              0

   --- Latency Breakdown ---
   Validation request latency:      209.175 us
   Coalesced wait latency:          0 us
   TOTAL SECURITY OVERHEAD:         209.175 us
   Avg latency per validation:      12.3044 us
   Avg latency per coalesced wait:  0 us
   Avg overhead per blocked access: 12.3044 us

   --- Cache Statistics ---
   Processes with cached pages:     1
   Unique pages validated (total):  316
   Cache hit rate:                  0%

Exiting @ tick 37593358000 because m5_exit instruction encountered
