build/ARM/base/statistics.hh:277: warn: One of the stats is a legacy stat. Legacy stat is a stat that does not belong to any statistics::Group. Legacy stat is deprecated.
Global frequency set at 1000000000000 ticks per second
build/ARM/mem/mem_interface.cc:793: warn: DRAM device capacity (16384 Mbytes) does not match the address range assigned (4096 Mbytes)
build/ARM/sim/kernel_workload.cc:46: info: kernel located at: /gem5-SALAM/benchmarks/mobilenetv2/sw/main.elf
build/ARM/arch/arm/system.cc:95: warn: Highest ARM exception-level set to AArch64 but the workload is for AArch32. Assuming you wanted these to match.
build/ARM/base/vnc/vncserver.cc:163: warn: Sockets disabled, not accepting vnc client connections
build/ARM/dev/serial/terminal.cc:170: warn: Sockets disabled, not accepting terminal connections
build/ARM/mem/coherent_xbar.cc:140: warn: CoherentXBar system.body.coherency_bus has no snooping ports attached!
build/ARM/mem/coherent_xbar.cc:140: warn: CoherentXBar system.classifier.coherency_bus has no snooping ports attached!
build/ARM/base/remote_gdb.cc:377: warn: Sockets disabled, not accepting gdb connections
build/ARM/mem/coherent_xbar.cc:140: warn: CoherentXBar system.head.coherency_bus has no snooping ports attached!
build/ARM/mem/coherent_xbar.cc:140: warn: CoherentXBar system.tail.coherency_bus has no snooping ports attached!
build/ARM/dev/arm/energy_ctrl.cc:252: warn: Existing EnergyCtrl, but no enabled DVFSHandler found.
gem5 Simulator System.  http://gem5.org
gem5 is copyrighted software; use the --copyright option for details.

gem5 version 21.1.0.1
gem5 compiled May  2 2026 19:55:51
gem5 started May  3 2026 00:10:55
gem5 executing on 3b7fb6fd27b8, pid 1113920
command line: /gem5-SALAM/build/ARM/gem5.opt --listener-mode=off --outdir=/gem5-SALAM/BM_ARM_OUT/run_all/mobilenetv2/iommu_e64_m1000ns /gem5-SALAM/configs/SALAM/fs_mobilenetv2.py --mem-size=4GB --mem-type=DDR4_2400_8x8 --machine-type=VExpress_GEM5_V1 --dtb-file=none --bare-metal --cpu-type=DerivO3CPU --caches --l2cache --kernel=/gem5-SALAM/benchmarks/mobilenetv2/sw/main.elf --disk-image=/gem5-SALAM/benchmarks/common/fake.iso --accpath=/gem5-SALAM/benchmarks/mobilenetv2 --accbench=mobilenetv2 --enable-iommu --iotlb-entries 64 --iotlb-hit-latency 2000 --iotlb-miss-latency 1000000

[HWAccConfig] IOMMU ENABLED: entries=64, hit_lat=2000, miss_lat=1000000
head_top Profile Loaded
[HWAccConfig] IOMMU ENABLED: entries=64, hit_lat=2000, miss_lat=1000000
head_NormalConv Profile Loaded
[HWAccConfig] IOMMU ENABLED: entries=64, hit_lat=2000, miss_lat=1000000
head_DWConv Profile Loaded
[HWAccConfig] IOMMU ENABLED: entries=64, hit_lat=2000, miss_lat=1000000
head_PWConv Profile Loaded
[HWAccConfig] IOMMU ENABLED: entries=64, hit_lat=2000, miss_lat=1000000
body_top Profile Loaded
[HWAccConfig] IOMMU ENABLED: entries=64, hit_lat=2000, miss_lat=1000000
body_Residual Profile Loaded
[HWAccConfig] IOMMU ENABLED: entries=64, hit_lat=2000, miss_lat=1000000
body_PWConv0 Profile Loaded
[HWAccConfig] IOMMU ENABLED: entries=64, hit_lat=2000, miss_lat=1000000
body_DWConv Profile Loaded
[HWAccConfig] IOMMU ENABLED: entries=64, hit_lat=2000, miss_lat=1000000
body_PWConv1 Profile Loaded
[HWAccConfig] IOMMU ENABLED: entries=64, hit_lat=2000, miss_lat=1000000
tail_top Profile Loaded
[HWAccConfig] IOMMU ENABLED: entries=64, hit_lat=2000, miss_lat=1000000
tail_PWConv Profile Loaded
[HWAccConfig] IOMMU ENABLED: entries=64, hit_lat=2000, miss_lat=1000000
tail_Reshape Profile Loaded
[HWAccConfig] IOMMU ENABLED: entries=64, hit_lat=2000, miss_lat=1000000
tail_AvgPool Profile Loaded
[HWAccConfig] IOMMU ENABLED: entries=64, hit_lat=2000, miss_lat=1000000
classifier_top Profile Loaded
[HWAccConfig] IOMMU ENABLED: entries=64, hit_lat=2000, miss_lat=1000000
classifier_Linear Profile Loaded
**** REAL SIMULATION ****
warn: iobus.slave is deprecated. `slave` is now called `cpu_side_ports`
warn: bridge.master is deprecated. `master` is now called `mem_side_port`
warn: membus.master is deprecated. `master` is now called `mem_side_ports`
warn: bridge.slave is deprecated. `slave` is now called `cpu_side_port`
warn: membus.slave is deprecated. `slave` is now called `cpu_side_ports`
warn: tol2bus.master is deprecated. `master` is now called `mem_side_ports`
warn: membus.slave is deprecated. `slave` is now called `cpu_side_ports`
warn: tol2bus.slave is deprecated. `slave` is now called `cpu_side_ports`
warn: tol2bus.slave is deprecated. `slave` is now called `cpu_side_ports`
warn: tol2bus.slave is deprecated. `slave` is now called `cpu_side_ports`
warn: tol2bus.slave is deprecated. `slave` is now called `cpu_side_ports`
warn: membus.slave is deprecated. `slave` is now called `cpu_side_ports`
warn: coherency_bus.master is deprecated. `master` is now called `mem_side_ports`
warn: membus.slave is deprecated. `slave` is now called `cpu_side_ports`
warn: coherency_bus.master is deprecated. `master` is now called `mem_side_ports`
warn: membus.slave is deprecated. `slave` is now called `cpu_side_ports`
warn: coherency_bus.master is deprecated. `master` is now called `mem_side_ports`
warn: membus.slave is deprecated. `slave` is now called `cpu_side_ports`
warn: coherency_bus.master is deprecated. `master` is now called `mem_side_ports`
warn: No dot file generated. Please install pydot to generate the dot file and pdf.
build/ARM/sim/simulate.cc:107: info: Entering event queue @ 0.  Starting simulation...
********************************************************************************
system.head.head_top.llvm_interface
Total Area: 3799.78
Total Power Static: 158.974

Total Power Dynamic: 781.262
   ========= Performance Analysis =============
   Setup Time:                      0h 0m 0s 22ms 298us
   Simulation Time (Total):         0h 28m 47s 341ms
   Simulation Time (Active):        0h 0m 2s 28ms
        Queue Processing Time:      0h 0m 1s 799ms
             Scheduling Time:       0h 0m 0s 804ms
             Computation Time:      0h 0m 0s 335ms
   System Clock:                    0.1GHz
   Runtime:                         2197570 cycles
   Runtime:                         21975.7 us
   Stalls:                          0 cycles
   Executed Nodes:                  2197569 cycles

   ========= Kernel Validation Stats ==========
   Kernel validation enabled:       NO
   Configured latency per check:    0 us

   --- Access Breakdown ---
   Total memory accesses (validated): 0
   Cache hits (0 latency):          0
   Validation requests (full lat):  0
   Coalesced waits (partial lat):   0
   Validations denied:              0

   --- Latency Breakdown ---
   Validation request latency:      0 us
   Coalesced wait latency:          0 us
   TOTAL SECURITY OVERHEAD:         0 us
   Avg latency per validation:      0 us
   Avg latency per coalesced wait:  0 us
   Avg overhead per blocked access: 0 us

   --- Cache Statistics ---
   Processes with cached pages:     0
   Unique pages validated (total):  0
   Cache hit rate:                  0%

   ========= IOMMU Stats =====================
   IOMMU enabled:                   YES
   IOMMU SimObject:                 system.head.iommu

   --- Access Breakdown ---
   Total IOMMU checks:              10362355
   IOTLB hits:                      10362353
   IOTLB misses (page walks):       2
   IOTLB hit rate:                  100%

   --- Latency Breakdown ---
   TOTAL IOMMU OVERHEAD:            20726.7 us
   Avg latency per access:          0.00200019 us

********************************************************************************
system.head.head_pwconv.llvm_interface
Total Area: 11678.9
Total Power Static: 2554.71

Total Power Dynamic: 61491.8
   ========= Performance Analysis =============
   Setup Time:                      0h 0m 0s 4ms 136us
   Simulation Time (Total):         0h 38m 46s 545ms
   Simulation Time (Active):        0h 1m 2s 208ms
        Queue Processing Time:      0h 1m 2s 155ms
             Scheduling Time:       0h 0m 21s 843ms
             Computation Time:      0h 0m 0s 492ms
   System Clock:                    0.1GHz
   Runtime:                         2481076 cycles
   Runtime:                         24810.8 us
   Stalls:                          0 cycles
   Executed Nodes:                  2481075 cycles

   ========= Kernel Validation Stats ==========
   Kernel validation enabled:       NO
   Configured latency per check:    0 us

   --- Access Breakdown ---
   Total memory accesses (validated): 0
   Cache hits (0 latency):          0
   Validation requests (full lat):  0
   Coalesced waits (partial lat):   0
   Validations denied:              0

   --- Latency Breakdown ---
   Validation request latency:      0 us
   Coalesced wait latency:          0 us
   TOTAL SECURITY OVERHEAD:         0 us
   Avg latency per validation:      0 us
   Avg latency per coalesced wait:  0 us
   Avg overhead per blocked access: 0 us

   --- Cache Statistics ---
   Processes with cached pages:     0
   Unique pages validated (total):  0
   Cache hit rate:                  0%

   ========= IOMMU Stats =====================
   IOMMU enabled:                   YES
   IOMMU SimObject:                 system.head.iommu

   --- Access Breakdown ---
   Total IOMMU checks:              11683601
   IOTLB hits:                      11683599
   IOTLB misses (page walks):       2
   IOTLB hit rate:                  100%

   --- Latency Breakdown ---
   TOTAL IOMMU OVERHEAD:            23369.2 us
   Avg latency per access:          0.00200017 us

********************************************************************************
system.head.head_dwconv.llvm_interface
Total Area: 116081
Total Power Static: 72931.3

Total Power Dynamic: 869084
   ========= Performance Analysis =============
   Setup Time:                      0h 0m 0s 17ms 15us
   Simulation Time (Total):         0h 38m 46s 978ms
   Simulation Time (Active):        0h 4m 46s 722ms
        Queue Processing Time:      0h 4m 46s 694ms
             Scheduling Time:       0h 3m 57s 227ms
             Computation Time:      0h 0m 4s 490ms
   System Clock:                    0.1GHz
   Runtime:                         2481118 cycles
   Runtime:                         24811.2 us
   Stalls:                          0 cycles
   Executed Nodes:                  2481117 cycles

   ========= Kernel Validation Stats ==========
   Kernel validation enabled:       NO
   Configured latency per check:    0 us

   --- Access Breakdown ---
   Total memory accesses (validated): 0
   Cache hits (0 latency):          0
   Validation requests (full lat):  0
   Coalesced waits (partial lat):   0
   Validations denied:              0

   --- Latency Breakdown ---
   Validation request latency:      0 us
   Coalesced wait latency:          0 us
   TOTAL SECURITY OVERHEAD:         0 us
   Avg latency per validation:      0 us
   Avg latency per coalesced wait:  0 us
   Avg overhead per blocked access: 0 us

   --- Cache Statistics ---
   Processes with cached pages:     0
   Unique pages validated (total):  0
   Cache hit rate:                  0%

   ========= IOMMU Stats =====================
   IOMMU enabled:                   YES
   IOMMU SimObject:                 system.head.iommu

   --- Access Breakdown ---
   Total IOMMU checks:              11683733
   IOTLB hits:                      11683731
   IOTLB misses (page walks):       2
   IOTLB hit rate:                  100%

   --- Latency Breakdown ---
   TOTAL IOMMU OVERHEAD:            23369.5 us
   Avg latency per access:          0.00200017 us

********************************************************************************
system.head.head_normalconv.llvm_interface
Total Area: 200127
Total Power Static: 259429

Total Power Dynamic: 6.41728e+06
   ========= Performance Analysis =============
   Setup Time:                      0h 0m 0s 40ms 203us
   Simulation Time (Total):         0h 39m 0s 434ms
   Simulation Time (Active):        0h 25m 19s 534ms
        Queue Processing Time:      0h 25m 19s 424ms
             Scheduling Time:       0h 22m 13s 845ms
             Computation Time:      0h 0m 19s 60ms
   System Clock:                    0.1GHz
   Runtime:                         2486704 cycles
   Runtime:                         24867 us
   Stalls:                          0 cycles
   Executed Nodes:                  2486703 cycles

   ========= Kernel Validation Stats ==========
   Kernel validation enabled:       NO
   Configured latency per check:    0 us

   --- Access Breakdown ---
   Total memory accesses (validated): 0
   Cache hits (0 latency):          0
   Validation requests (full lat):  0
   Coalesced waits (partial lat):   0
   Validations denied:              0

   --- Latency Breakdown ---
   Validation request latency:      0 us
   Coalesced wait latency:          0 us
   TOTAL SECURITY OVERHEAD:         0 us
   Avg latency per validation:      0 us
   Avg latency per coalesced wait:  0 us
   Avg overhead per blocked access: 0 us

   --- Cache Statistics ---
   Processes with cached pages:     0
   Unique pages validated (total):  0
   Cache hit rate:                  0%

   ========= IOMMU Stats =====================
   IOMMU enabled:                   YES
   IOMMU SimObject:                 system.head.iommu

   --- Access Breakdown ---
   Total IOMMU checks:              11708184
   IOTLB hits:                      11708182
   IOTLB misses (page walks):       2
   IOTLB hit rate:                  100%

   --- Latency Breakdown ---
   TOTAL IOMMU OVERHEAD:            23418.4 us
   Avg latency per access:          0.00200017 us

********************************************************************************
system.body.body_residual.llvm_interface
Total Area: 538.329
Total Power Static: 87.7635

Total Power Dynamic: 263.175
   ========= Performance Analysis =============
   Setup Time:                      0h 0m 0s 0ms 480us
   Simulation Time (Total):         0h 41m 56s 760ms
   Simulation Time (Active):        0h 0m 0s 516ms
        Queue Processing Time:      0h 0m 0s 379ms
             Scheduling Time:       0h 0m 0s 171ms
             Computation Time:      0h 0m 0s 15ms
   System Clock:                    0.1GHz
   Runtime:                         1814060 cycles
   Runtime:                         18140.6 us
   Stalls:                          0 cycles
   Executed Nodes:                  1814059 cycles

   ========= Kernel Validation Stats ==========
   Kernel validation enabled:       NO
   Configured latency per check:    0 us

   --- Access Breakdown ---
   Total memory accesses (validated): 0
   Cache hits (0 latency):          0
   Validation requests (full lat):  0
   Coalesced waits (partial lat):   0
   Validations denied:              0

   --- Latency Breakdown ---
   Validation request latency:      0 us
   Coalesced wait latency:          0 us
   TOTAL SECURITY OVERHEAD:         0 us
   Avg latency per validation:      0 us
   Avg latency per coalesced wait:  0 us
   Avg overhead per blocked access: 0 us

   --- Cache Statistics ---
   Processes with cached pages:     0
   Unique pages validated (total):  0
   Cache hit rate:                  0%

   ========= IOMMU Stats =====================
   IOMMU enabled:                   YES
   IOMMU SimObject:                 system.body.iommu

   --- Access Breakdown ---
   Total IOMMU checks:              8594664
   IOTLB hits:                      8594651
   IOTLB misses (page walks):       13
   IOTLB hit rate:                  99.9998%

   --- Latency Breakdown ---
   TOTAL IOMMU OVERHEAD:            17202.3 us
   Avg latency per access:          0.00200151 us

********************************************************************************
system.body.body_pwconv0.llvm_interface
Total Area: 12037.8
Total Power Static: 15393.1

Total Power Dynamic: 366196
   ========= Performance Analysis =============
   Setup Time:                      0h 0m 0s 0ms 968us
   Simulation Time (Total):         0h 42m 8s 950ms
   Simulation Time (Active):        0h 4m 55s 313ms
        Queue Processing Time:      0h 4m 55s 108ms
             Scheduling Time:       0h 3m 19s 173ms
             Computation Time:      0h 0m 2s 844ms
   System Clock:                    0.1GHz
   Runtime:                         1824185 cycles
   Runtime:                         18241.9 us
   Stalls:                          0 cycles
   Executed Nodes:                  1824184 cycles

   ========= Kernel Validation Stats ==========
   Kernel validation enabled:       NO
   Configured latency per check:    0 us

   --- Access Breakdown ---
   Total memory accesses (validated): 0
   Cache hits (0 latency):          0
   Validation requests (full lat):  0
   Coalesced waits (partial lat):   0
   Validations denied:              0

   --- Latency Breakdown ---
   Validation request latency:      0 us
   Coalesced wait latency:          0 us
   TOTAL SECURITY OVERHEAD:         0 us
   Avg latency per validation:      0 us
   Avg latency per coalesced wait:  0 us
   Avg overhead per blocked access: 0 us

   --- Cache Statistics ---
   Processes with cached pages:     0
   Unique pages validated (total):  0
   Cache hit rate:                  0%

   ========= IOMMU Stats =====================
   IOMMU enabled:                   YES
   IOMMU SimObject:                 system.body.iommu

   --- Access Breakdown ---
   Total IOMMU checks:              8644426
   IOTLB hits:                      8644413
   IOTLB misses (page walks):       13
   IOTLB hit rate:                  99.9998%

   --- Latency Breakdown ---
   TOTAL IOMMU OVERHEAD:            17301.8 us
   Avg latency per access:          0.0020015 us

********************************************************************************
system.body.body_pwconv1.llvm_interface
Total Area: 749685
Total Power Static: 185773

Total Power Dynamic: 1.83603e+06
   ========= Performance Analysis =============
   Setup Time:                      0h 0m 0s 139ms 737us
   Simulation Time (Total):         0h 42m 33s 514ms
   Simulation Time (Active):        0h 9m 53s 692ms
        Queue Processing Time:      0h 9m 53s 630ms
             Scheduling Time:       0h 8m 19s 756ms
             Computation Time:      0h 0m 11s 12ms
   System Clock:                    0.1GHz
   Runtime:                         1846434 cycles
   Runtime:                         18464.3 us
   Stalls:                          0 cycles
   Executed Nodes:                  1846433 cycles

   ========= Kernel Validation Stats ==========
   Kernel validation enabled:       NO
   Configured latency per check:    0 us

   --- Access Breakdown ---
   Total memory accesses (validated): 0
   Cache hits (0 latency):          0
   Validation requests (full lat):  0
   Coalesced waits (partial lat):   0
   Validations denied:              0

   --- Latency Breakdown ---
   Validation request latency:      0 us
   Coalesced wait latency:          0 us
   TOTAL SECURITY OVERHEAD:         0 us
   Avg latency per validation:      0 us
   Avg latency per coalesced wait:  0 us
   Avg overhead per blocked access: 0 us

   --- Cache Statistics ---
   Processes with cached pages:     0
   Unique pages validated (total):  0
   Cache hit rate:                  0%

   ========= IOMMU Stats =====================
   IOMMU enabled:                   YES
   IOMMU SimObject:                 system.body.iommu

   --- Access Breakdown ---
   Total IOMMU checks:              8740651
   IOTLB hits:                      8740638
   IOTLB misses (page walks):       13
   IOTLB hit rate:                  99.9999%

   --- Latency Breakdown ---
   TOTAL IOMMU OVERHEAD:            17494.3 us
   Avg latency per access:          0.00200148 us

********************************************************************************
system.body.body_dwconv.llvm_interface
Total Area: 129609
Total Power Static: 229952

Total Power Dynamic: 2.63548e+06
   ========= Performance Analysis =============
   Setup Time:                      0h 0m 0s 8ms 975us
   Simulation Time (Total):         0h 42m 33s 698ms
   Simulation Time (Active):        0h 22m 23s 789ms
        Queue Processing Time:      0h 22m 24s 106ms
             Scheduling Time:       0h 20m 48s 531ms
             Computation Time:      0h 0m 13s 845ms
   System Clock:                    0.1GHz
   Runtime:                         1846865 cycles
   Runtime:                         18468.7 us
   Stalls:                          0 cycles
   Executed Nodes:                  1846864 cycles

   ========= Kernel Validation Stats ==========
   Kernel validation enabled:       NO
   Configured latency per check:    0 us

   --- Access Breakdown ---
   Total memory accesses (validated): 0
   Cache hits (0 latency):          0
   Validation requests (full lat):  0
   Coalesced waits (partial lat):   0
   Validations denied:              0

   --- Latency Breakdown ---
   Validation request latency:      0 us
   Coalesced wait latency:          0 us
   TOTAL SECURITY OVERHEAD:         0 us
   Avg latency per validation:      0 us
   Avg latency per coalesced wait:  0 us
   Avg overhead per blocked access: 0 us

   --- Cache Statistics ---
   Processes with cached pages:     0
   Unique pages validated (total):  0
   Cache hit rate:                  0%

   ========= IOMMU Stats =====================
   IOMMU enabled:                   YES
   IOMMU SimObject:                 system.body.iommu

   --- Access Breakdown ---
   Total IOMMU checks:              8742384
   IOTLB hits:                      8742371
   IOTLB misses (page walks):       13
   IOTLB hit rate:                  99.9999%

   --- Latency Breakdown ---
   TOTAL IOMMU OVERHEAD:            17497.7 us
   Avg latency per access:          0.00200148 us

********************************************************************************
system.body.body_top.llvm_interface
Total Area: 3749.41
Total Power Static: 0.957957

Total Power Dynamic: 4.74625
   ========= Performance Analysis =============
   Setup Time:                      0h 0m 0s 8ms 591us
   Simulation Time (Total):         0h 42m 47s 77ms
   Simulation Time (Active):        0h 0m 0s 938ms
        Queue Processing Time:      0h 0m 0s 775ms
             Scheduling Time:       0h 0m 0s 339ms
             Computation Time:      0h 0m 0s 88ms
   System Clock:                    0.1GHz
   Runtime:                         1865930 cycles
   Runtime:                         18659.3 us
   Stalls:                          0 cycles
   Executed Nodes:                  1865929 cycles

   ========= Kernel Validation Stats ==========
   Kernel validation enabled:       NO
   Configured latency per check:    0 us

   --- Access Breakdown ---
   Total memory accesses (validated): 0
   Cache hits (0 latency):          0
   Validation requests (full lat):  0
   Coalesced waits (partial lat):   0
   Validations denied:              0

   --- Latency Breakdown ---
   Validation request latency:      0 us
   Coalesced wait latency:          0 us
   TOTAL SECURITY OVERHEAD:         0 us
   Avg latency per validation:      0 us
   Avg latency per coalesced wait:  0 us
   Avg overhead per blocked access: 0 us

   --- Cache Statistics ---
   Processes with cached pages:     0
   Unique pages validated (total):  0
   Cache hit rate:                  0%

   ========= IOMMU Stats =====================
   IOMMU enabled:                   YES
   IOMMU SimObject:                 system.body.iommu

   --- Access Breakdown ---
   Total IOMMU checks:              8742387
   IOTLB hits:                      8742374
   IOTLB misses (page walks):       13
   IOTLB hit rate:                  99.9999%

   --- Latency Breakdown ---
   TOTAL IOMMU OVERHEAD:            17497.7 us
   Avg latency per access:          0.00200148 us

********************************************************************************
system.body.body_residual.llvm_interface
Total Area: 1076.66
Total Power Static: 21.9391

Total Power Dynamic: 65.7937
   ========= Performance Analysis =============
   Setup Time:                      0h 0m 0s 0ms 379us
   Simulation Time (Total):         0h 15m 42s 369ms
   Simulation Time (Active):        0h 0m 0s 190ms
        Queue Processing Time:      0h 0m 0s 120ms
             Scheduling Time:       0h 0m 0s 40ms
             Computation Time:      0h 0m 0s 3ms
   System Clock:                    0.1GHz
   Runtime:                         1035706 cycles
   Runtime:                         10357.1 us
   Stalls:                          0 cycles
   Executed Nodes:                  1035705 cycles

   ========= Kernel Validation Stats ==========
   Kernel validation enabled:       NO
   Configured latency per check:    0 us

   --- Access Breakdown ---
   Total memory accesses (validated): 0
   Cache hits (0 latency):          0
   Validation requests (full lat):  0
   Coalesced waits (partial lat):   0
   Validations denied:              0

   --- Latency Breakdown ---
   Validation request latency:      0 us
   Coalesced wait latency:          0 us
   TOTAL SECURITY OVERHEAD:         0 us
   Avg latency per validation:      0 us
   Avg latency per coalesced wait:  0 us
   Avg overhead per blocked access: 0 us

   --- Cache Statistics ---
   Processes with cached pages:     0
   Unique pages validated (total):  0
   Cache hit rate:                  0%

   ========= IOMMU Stats =====================
   IOMMU enabled:                   YES
   IOMMU SimObject:                 system.body.iommu

   --- Access Breakdown ---
   Total IOMMU checks:              12595931
   IOTLB hits:                      12595918
   IOTLB misses (page walks):       13
   IOTLB hit rate:                  99.9999%

   --- Latency Breakdown ---
   TOTAL IOMMU OVERHEAD:            25204.8 us
   Avg latency per access:          0.00200103 us

********************************************************************************
system.body.body_pwconv0.llvm_interface
Total Area: 24075.6
Total Power Static: 3848.3

Total Power Dynamic: 91549.2
   ========= Performance Analysis =============
   Setup Time:                      0h 0m 0s 0ms 761us
   Simulation Time (Total):         0h 16m 2s 621ms
   Simulation Time (Active):        0h 1m 5s 825ms
        Queue Processing Time:      0h 1m 5s 804ms
             Scheduling Time:       0h 0m 43s 958ms
             Computation Time:      0h 0m 0s 683ms
   System Clock:                    0.1GHz
   Runtime:                         1051886 cycles
   Runtime:                         10518.9 us
   Stalls:                          0 cycles
   Executed Nodes:                  1051885 cycles

   ========= Kernel Validation Stats ==========
   Kernel validation enabled:       NO
   Configured latency per check:    0 us

   --- Access Breakdown ---
   Total memory accesses (validated): 0
   Cache hits (0 latency):          0
   Validation requests (full lat):  0
   Coalesced waits (partial lat):   0
   Validations denied:              0

   --- Latency Breakdown ---
   Validation request latency:      0 us
   Coalesced wait latency:          0 us
   TOTAL SECURITY OVERHEAD:         0 us
   Avg latency per validation:      0 us
   Avg latency per coalesced wait:  0 us
   Avg overhead per blocked access: 0 us

   --- Cache Statistics ---
   Processes with cached pages:     0
   Unique pages validated (total):  0
   Cache hit rate:                  0%

   ========= IOMMU Stats =====================
   IOMMU enabled:                   YES
   IOMMU SimObject:                 system.body.iommu

   --- Access Breakdown ---
   Total IOMMU checks:              12676101
   IOTLB hits:                      12676088
   IOTLB misses (page walks):       13
   IOTLB hit rate:                  99.9999%

   --- Latency Breakdown ---
   TOTAL IOMMU OVERHEAD:            25365.2 us
   Avg latency per access:          0.00200102 us

********************************************************************************
system.body.body_dwconv.llvm_interface
Total Area: 259219
Total Power Static: 56863.8

Total Power Dynamic: 649870
   ========= Performance Analysis =============
   Setup Time:                      0h 0m 0s 9ms 301us
   Simulation Time (Total):         0h 16m 39s 535ms
   Simulation Time (Active):        0h 5m 30s 441ms
        Queue Processing Time:      0h 5m 30s 406ms
             Scheduling Time:       0h 5m 3s 916ms
             Computation Time:      0h 0m 3s 619ms
   System Clock:                    0.1GHz
   Runtime:                         1096124 cycles
   Runtime:                         10961.2 us
   Stalls:                          0 cycles
   Executed Nodes:                  1096123 cycles

   ========= Kernel Validation Stats ==========
   Kernel validation enabled:       NO
   Configured latency per check:    0 us

   --- Access Breakdown ---
   Total memory accesses (validated): 0
   Cache hits (0 latency):          0
   Validation requests (full lat):  0
   Coalesced waits (partial lat):   0
   Validations denied:              0

   --- Latency Breakdown ---
   Validation request latency:      0 us
   Coalesced wait latency:          0 us
   TOTAL SECURITY OVERHEAD:         0 us
   Avg latency per validation:      0 us
   Avg latency per coalesced wait:  0 us
   Avg overhead per blocked access: 0 us

   --- Cache Statistics ---
   Processes with cached pages:     0
   Unique pages validated (total):  0
   Cache hit rate:                  0%

   ========= IOMMU Stats =====================
   IOMMU enabled:                   YES
   IOMMU SimObject:                 system.body.iommu

   --- Access Breakdown ---
   Total IOMMU checks:              12831643
   IOTLB hits:                      12831630
   IOTLB misses (page walks):       13
   IOTLB hit rate:                  99.9999%

   --- Latency Breakdown ---
   TOTAL IOMMU OVERHEAD:            25676.3 us
   Avg latency per access:          0.00200101 us

********************************************************************************
system.body.body_pwconv1.llvm_interface
Total Area: 1.49937e+06
Total Power Static: 185773

Total Power Dynamic: 1.83603e+06
   ========= Performance Analysis =============
   Setup Time:                      0h 0m 0s 147ms 2us
   Simulation Time (Total):         0h 16m 40s 122ms
   Simulation Time (Active):        0h 9m 13s 838ms
        Queue Processing Time:      0h 9m 13s 827ms
             Scheduling Time:       0h 8m 4s 285ms
             Computation Time:      0h 0m 10s 692ms
   System Clock:                    0.1GHz
   Runtime:                         1103011 cycles
   Runtime:                         11030.1 us
   Stalls:                          0 cycles
   Executed Nodes:                  1103010 cycles

   ========= Kernel Validation Stats ==========
   Kernel validation enabled:       NO
   Configured latency per check:    0 us

   --- Access Breakdown ---
   Total memory accesses (validated): 0
   Cache hits (0 latency):          0
   Validation requests (full lat):  0
   Coalesced waits (partial lat):   0
   Validations denied:              0

   --- Latency Breakdown ---
   Validation request latency:      0 us
   Coalesced wait latency:          0 us
   TOTAL SECURITY OVERHEAD:         0 us
   Avg latency per validation:      0 us
   Avg latency per coalesced wait:  0 us
   Avg overhead per blocked access: 0 us

   --- Cache Statistics ---
   Processes with cached pages:     0
   Unique pages validated (total):  0
   Cache hit rate:                  0%

   ========= IOMMU Stats =====================
   IOMMU enabled:                   YES
   IOMMU SimObject:                 system.body.iommu

   --- Access Breakdown ---
   Total IOMMU checks:              12839146
   IOTLB hits:                      12839133
   IOTLB misses (page walks):       13
   IOTLB hit rate:                  99.9999%

   --- Latency Breakdown ---
   TOTAL IOMMU OVERHEAD:            25691.3 us
   Avg latency per access:          0.00200101 us

********************************************************************************
system.body.body_top.llvm_interface
Total Area: 7498.83
Total Power Static: 0.961624

Total Power Dynamic: 4.76427
   ========= Performance Analysis =============
   Setup Time:                      0h 0m 0s 7ms 408us
   Simulation Time (Total):         0h 16m 40s 761ms
   Simulation Time (Active):        0h 0m 0s 406ms
        Queue Processing Time:      0h 0m 0s 320ms
             Scheduling Time:       0h 0m 0s 134ms
             Computation Time:      0h 0m 0s 31ms
   System Clock:                    0.1GHz
   Runtime:                         1121557 cycles
   Runtime:                         11215.6 us
   Stalls:                          0 cycles
   Executed Nodes:                  1121556 cycles

   ========= Kernel Validation Stats ==========
   Kernel validation enabled:       NO
   Configured latency per check:    0 us

   --- Access Breakdown ---
   Total memory accesses (validated): 0
   Cache hits (0 latency):          0
   Validation requests (full lat):  0
   Coalesced waits (partial lat):   0
   Validations denied:              0

   --- Latency Breakdown ---
   Validation request latency:      0 us
   Coalesced wait latency:          0 us
   TOTAL SECURITY OVERHEAD:         0 us
   Avg latency per validation:      0 us
   Avg latency per coalesced wait:  0 us
   Avg overhead per blocked access: 0 us

   --- Cache Statistics ---
   Processes with cached pages:     0
   Unique pages validated (total):  0
   Cache hit rate:                  0%

   ========= IOMMU Stats =====================
   IOMMU enabled:                   YES
   IOMMU SimObject:                 system.body.iommu

   --- Access Breakdown ---
   Total IOMMU checks:              12839148
   IOTLB hits:                      12839135
   IOTLB misses (page walks):       13
   IOTLB hit rate:                  99.9999%

   --- Latency Breakdown ---
   TOTAL IOMMU OVERHEAD:            25691.3 us
   Avg latency per access:          0.00200101 us

********************************************************************************
system.body.body_residual.llvm_interface
Total Area: 1614.99
Total Power Static: 32.9098

Total Power Dynamic: 131.587
   ========= Performance Analysis =============
   Setup Time:                      0h 0m 0s 0ms 391us
   Simulation Time (Total):         0h 10m 4s 714ms
   Simulation Time (Active):        0h 0m 0s 149ms
        Queue Processing Time:      0h 0m 0s 111ms
             Scheduling Time:       0h 0m 0s 56ms
             Computation Time:      0h 0m 0s 6ms
   System Clock:                    0.1GHz
   Runtime:                         537535 cycles
   Runtime:                         5375.35 us
   Stalls:                          0 cycles
   Executed Nodes:                  537534 cycles

   ========= Kernel Validation Stats ==========
   Kernel validation enabled:       NO
   Configured latency per check:    0 us

   --- Access Breakdown ---
   Total memory accesses (validated): 0
   Cache hits (0 latency):          0
   Validation requests (full lat):  0
   Coalesced waits (partial lat):   0
   Validations denied:              0

   --- Latency Breakdown ---
   Validation request latency:      0 us
   Coalesced wait latency:          0 us
   TOTAL SECURITY OVERHEAD:         0 us
   Avg latency per validation:      0 us
   Avg latency per coalesced wait:  0 us
   Avg overhead per blocked access: 0 us

   --- Cache Statistics ---
   Processes with cached pages:     0
   Unique pages validated (total):  0
   Cache hit rate:                  0%

   ========= IOMMU Stats =====================
   IOMMU enabled:                   YES
   IOMMU SimObject:                 system.body.iommu

   --- Access Breakdown ---
   Total IOMMU checks:              15427042
   IOTLB hits:                      15427028
   IOTLB misses (page walks):       14
   IOTLB hit rate:                  99.9999%

   --- Latency Breakdown ---
   TOTAL IOMMU OVERHEAD:            30868.1 us
   Avg latency per access:          0.00200091 us

********************************************************************************
system.body.body_pwconv0.llvm_interface
Total Area: 36113.4
Total Power Static: 3848.3

Total Power Dynamic: 91549.2
   ========= Performance Analysis =============
   Setup Time:                      0h 0m 0s 0ms 786us
   Simulation Time (Total):         0h 10m 27s 164ms
   Simulation Time (Active):        0h 1m 2s 351ms
        Queue Processing Time:      0h 1m 2s 328ms
             Scheduling Time:       0h 0m 42s 592ms
             Computation Time:      0h 0m 0s 668ms
   System Clock:                    0.1GHz
   Runtime:                         557813 cycles
   Runtime:                         5578.13 us
   Stalls:                          0 cycles
   Executed Nodes:                  557812 cycles

   ========= Kernel Validation Stats ==========
   Kernel validation enabled:       NO
   Configured latency per check:    0 us

   --- Access Breakdown ---
   Total memory accesses (validated): 0
   Cache hits (0 latency):          0
   Validation requests (full lat):  0
   Coalesced waits (partial lat):   0
   Validations denied:              0

   --- Latency Breakdown ---
   Validation request latency:      0 us
   Coalesced wait latency:          0 us
   TOTAL SECURITY OVERHEAD:         0 us
   Avg latency per validation:      0 us
   Avg latency per coalesced wait:  0 us
   Avg overhead per blocked access: 0 us

   --- Cache Statistics ---
   Processes with cached pages:     0
   Unique pages validated (total):  0
   Cache hit rate:                  0%

   ========= IOMMU Stats =====================
   IOMMU enabled:                   YES
   IOMMU SimObject:                 system.body.iommu

   --- Access Breakdown ---
   Total IOMMU checks:              15527899
   IOTLB hits:                      15527885
   IOTLB misses (page walks):       14
   IOTLB hit rate:                  99.9999%

   --- Latency Breakdown ---
   TOTAL IOMMU OVERHEAD:            31069.8 us
   Avg latency per access:          0.0020009 us

********************************************************************************
system.body.body_pwconv1.llvm_interface
Total Area: 2.24905e+06
Total Power Static: 92541.7

Total Power Dynamic: 914996
   ========= Performance Analysis =============
   Setup Time:                      0h 0m 0s 143ms 343us
   Simulation Time (Total):         0h 10m 39s 847ms
   Simulation Time (Active):        0h 3m 44s 575ms
        Queue Processing Time:      0h 3m 44s 550ms
             Scheduling Time:       0h 3m 19s 727ms
             Computation Time:      0h 0m 5s 532ms
   System Clock:                    0.1GHz
   Runtime:                         569477 cycles
   Runtime:                         5694.77 us
   Stalls:                          0 cycles
   Executed Nodes:                  569476 cycles

   ========= Kernel Validation Stats ==========
   Kernel validation enabled:       NO
   Configured latency per check:    0 us

   --- Access Breakdown ---
   Total memory accesses (validated): 0
   Cache hits (0 latency):          0
   Validation requests (full lat):  0
   Coalesced waits (partial lat):   0
   Validations denied:              0

   --- Latency Breakdown ---
   Validation request latency:      0 us
   Coalesced wait latency:          0 us
   TOTAL SECURITY OVERHEAD:         0 us
   Avg latency per validation:      0 us
   Avg latency per coalesced wait:  0 us
   Avg overhead per blocked access: 0 us

   --- Cache Statistics ---
   Processes with cached pages:     0
   Unique pages validated (total):  0
   Cache hit rate:                  0%

   ========= IOMMU Stats =====================
   IOMMU enabled:                   YES
   IOMMU SimObject:                 system.body.iommu

   --- Access Breakdown ---
   Total IOMMU checks:              15578215
   IOTLB hits:                      15578201
   IOTLB misses (page walks):       14
   IOTLB hit rate:                  99.9999%

   --- Latency Breakdown ---
   TOTAL IOMMU OVERHEAD:            31170.4 us
   Avg latency per access:          0.0020009 us

********************************************************************************
system.body.body_dwconv.llvm_interface
Total Area: 388828
Total Power Static: 56814.8

Total Power Dynamic: 649870
   ========= Performance Analysis =============
   Setup Time:                      0h 0m 0s 9ms 277us
   Simulation Time (Total):         0h 10m 40s 40ms
   Simulation Time (Active):        0h 5m 21s 599ms
        Queue Processing Time:      0h 5m 21s 567ms
             Scheduling Time:       0h 4m 58s 238ms
             Computation Time:      0h 0m 3s 560ms
   System Clock:                    0.1GHz
   Runtime:                         569900 cycles
   Runtime:                         5699 us
   Stalls:                          0 cycles
   Executed Nodes:                  569899 cycles

   ========= Kernel Validation Stats ==========
   Kernel validation enabled:       NO
   Configured latency per check:    0 us

   --- Access Breakdown ---
   Total memory accesses (validated): 0
   Cache hits (0 latency):          0
   Validation requests (full lat):  0
   Coalesced waits (partial lat):   0
   Validations denied:              0

   --- Latency Breakdown ---
   Validation request latency:      0 us
   Coalesced wait latency:          0 us
   TOTAL SECURITY OVERHEAD:         0 us
   Avg latency per validation:      0 us
   Avg latency per coalesced wait:  0 us
   Avg overhead per blocked access: 0 us

   --- Cache Statistics ---
   Processes with cached pages:     0
   Unique pages validated (total):  0
   Cache hit rate:                  0%

   ========= IOMMU Stats =====================
   IOMMU enabled:                   YES
   IOMMU SimObject:                 system.body.iommu

   --- Access Breakdown ---
   Total IOMMU checks:              15579914
   IOTLB hits:                      15579900
   IOTLB misses (page walks):       14
   IOTLB hit rate:                  99.9999%

   --- Latency Breakdown ---
   TOTAL IOMMU OVERHEAD:            31173.8 us
   Avg latency per access:          0.0020009 us

********************************************************************************
system.body.body_top.llvm_interface
Total Area: 11248.2
Total Power Static: 0.959791

Total Power Dynamic: 4.75526
   ========= Performance Analysis =============
   Setup Time:                      0h 0m 0s 7ms 417us
   Simulation Time (Total):         0h 10m 40s 543ms
   Simulation Time (Active):        0h 0m 0s 224ms
        Queue Processing Time:      0h 0m 0s 176ms
             Scheduling Time:       0h 0m 0s 76ms
             Computation Time:      0h 0m 0s 20ms
   System Clock:                    0.1GHz
   Runtime:                         588414 cycles
   Runtime:                         5884.14 us
   Stalls:                          0 cycles
   Executed Nodes:                  588413 cycles

   ========= Kernel Validation Stats ==========
   Kernel validation enabled:       NO
   Configured latency per check:    0 us

   --- Access Breakdown ---
   Total memory accesses (validated): 0
   Cache hits (0 latency):          0
   Validation requests (full lat):  0
   Coalesced waits (partial lat):   0
   Validations denied:              0

   --- Latency Breakdown ---
   Validation request latency:      0 us
   Coalesced wait latency:          0 us
   TOTAL SECURITY OVERHEAD:         0 us
   Avg latency per validation:      0 us
   Avg latency per coalesced wait:  0 us
   Avg overhead per blocked access: 0 us

   --- Cache Statistics ---
   Processes with cached pages:     0
   Unique pages validated (total):  0
   Cache hit rate:                  0%

   ========= IOMMU Stats =====================
   IOMMU enabled:                   YES
   IOMMU SimObject:                 system.body.iommu

   --- Access Breakdown ---
   Total IOMMU checks:              15579917
   IOTLB hits:                      15579903
   IOTLB misses (page walks):       14
   IOTLB hit rate:                  99.9999%

   --- Latency Breakdown ---
   TOTAL IOMMU OVERHEAD:            31173.8 us
   Avg latency per access:          0.0020009 us

********************************************************************************
system.body.body_residual.llvm_interface
Total Area: 2153.32
Total Power Static: 10.9684

Total Power Dynamic: 32.8969
   ========= Performance Analysis =============
   Setup Time:                      0h 0m 0s 0ms 395us
   Simulation Time (Total):         0h 6m 13s 665ms
   Simulation Time (Active):        0h 0m 0s 74ms
        Queue Processing Time:      0h 0m 0s 48ms
             Scheduling Time:       0h 0m 0s 17ms
             Computation Time:      0h 0m 0s 1ms
   System Clock:                    0.1GHz
   Runtime:                         390434 cycles
   Runtime:                         3904.34 us
   Stalls:                          0 cycles
   Executed Nodes:                  390433 cycles

   ========= Kernel Validation Stats ==========
   Kernel validation enabled:       NO
   Configured latency per check:    0 us

   --- Access Breakdown ---
   Total memory accesses (validated): 0
   Cache hits (0 latency):          0
   Validation requests (full lat):  0
   Coalesced waits (partial lat):   0
   Validations denied:              0

   --- Latency Breakdown ---
   Validation request latency:      0 us
   Coalesced wait latency:          0 us
   TOTAL SECURITY OVERHEAD:         0 us
   Avg latency per validation:      0 us
   Avg latency per coalesced wait:  0 us
   Avg overhead per blocked access: 0 us

   --- Cache Statistics ---
   Processes with cached pages:     0
   Unique pages validated (total):  0
   Cache hit rate:                  0%

   ========= IOMMU Stats =====================
   IOMMU enabled:                   YES
   IOMMU SimObject:                 system.body.iommu

   --- Access Breakdown ---
   Total IOMMU checks:              17270633
   IOTLB hits:                      17270619
   IOTLB misses (page walks):       14
   IOTLB hit rate:                  99.9999%

   --- Latency Breakdown ---
   TOTAL IOMMU OVERHEAD:            34555.2 us
   Avg latency per access:          0.00200081 us

********************************************************************************
system.body.body_pwconv0.llvm_interface
Total Area: 48151.2
Total Power Static: 1866.67

Total Power Dynamic: 45269.9
   ========= Performance Analysis =============
   Setup Time:                      0h 0m 0s 0ms 779us
   Simulation Time (Total):         0h 6m 40s 173ms
   Simulation Time (Active):        0h 0m 25s 305ms
        Queue Processing Time:      0h 0m 25s 292ms
             Scheduling Time:       0h 0m 15s 7ms
             Computation Time:      0h 0m 0s 316ms
   System Clock:                    0.1GHz
   Runtime:                         414588 cycles
   Runtime:                         4145.88 us
   Stalls:                          0 cycles
   Executed Nodes:                  414587 cycles

   ========= Kernel Validation Stats ==========
   Kernel validation enabled:       NO
   Configured latency per check:    0 us

   --- Access Breakdown ---
   Total memory accesses (validated): 0
   Cache hits (0 latency):          0
   Validation requests (full lat):  0
   Coalesced waits (partial lat):   0
   Validations denied:              0

   --- Latency Breakdown ---
   Validation request latency:      0 us
   Coalesced wait latency:          0 us
   TOTAL SECURITY OVERHEAD:         0 us
   Avg latency per validation:      0 us
   Avg latency per coalesced wait:  0 us
   Avg overhead per blocked access: 0 us

   --- Cache Statistics ---
   Processes with cached pages:     0
   Unique pages validated (total):  0
   Cache hit rate:                  0%

   ========= IOMMU Stats =====================
   IOMMU enabled:                   YES
   IOMMU SimObject:                 system.body.iommu

   --- Access Breakdown ---
   Total IOMMU checks:              17391122
   IOTLB hits:                      17391108
   IOTLB misses (page walks):       14
   IOTLB hit rate:                  99.9999%

   --- Latency Breakdown ---
   TOTAL IOMMU OVERHEAD:            34796.2 us
   Avg latency per access:          0.0020008 us

********************************************************************************
system.body.body_dwconv.llvm_interface
Total Area: 518438
Total Power Static: 27794.7

Total Power Dynamic: 316697
   ========= Performance Analysis =============
   Setup Time:                      0h 0m 0s 9ms 125us
   Simulation Time (Total):         0h 7m 14s 487ms
   Simulation Time (Active):        0h 2m 42s 976ms
        Queue Processing Time:      0h 2m 42s 959ms
             Scheduling Time:       0h 2m 30s 143ms
             Computation Time:      0h 0m 1s 743ms
   System Clock:                    0.1GHz
   Runtime:                         452510 cycles
   Runtime:                         4525.1 us
   Stalls:                          0 cycles
   Executed Nodes:                  452509 cycles

   ========= Kernel Validation Stats ==========
   Kernel validation enabled:       NO
   Configured latency per check:    0 us

   --- Access Breakdown ---
   Total memory accesses (validated): 0
   Cache hits (0 latency):          0
   Validation requests (full lat):  0
   Coalesced waits (partial lat):   0
   Validations denied:              0

   --- Latency Breakdown ---
   Validation request latency:      0 us
   Coalesced wait latency:          0 us
   TOTAL SECURITY OVERHEAD:         0 us
   Avg latency per validation:      0 us
   Avg latency per coalesced wait:  0 us
   Avg overhead per blocked access: 0 us

   --- Cache Statistics ---
   Processes with cached pages:     0
   Unique pages validated (total):  0
   Cache hit rate:                  0%

   ========= IOMMU Stats =====================
   IOMMU enabled:                   YES
   IOMMU SimObject:                 system.body.iommu

   --- Access Breakdown ---
   Total IOMMU checks:              17549284
   IOTLB hits:                      17549270
   IOTLB misses (page walks):       14
   IOTLB hit rate:                  99.9999%

   --- Latency Breakdown ---
   TOTAL IOMMU OVERHEAD:            35112.5 us
   Avg latency per access:          0.0020008 us

********************************************************************************
system.body.body_pwconv1.llvm_interface
Total Area: 2.99874e+06
Total Power Static: 92541.7

Total Power Dynamic: 914996
   ========= Performance Analysis =============
   Setup Time:                      0h 0m 0s 140ms 154us
   Simulation Time (Total):         0h 7m 14s 471ms
   Simulation Time (Active):        0h 3m 43s 86ms
        Queue Processing Time:      0h 3m 43s 69ms
             Scheduling Time:       0h 3m 18s 542ms
             Computation Time:      0h 0m 5s 465ms
   System Clock:                    0.1GHz
   Runtime:                         455344 cycles
   Runtime:                         4553.44 us
   Stalls:                          0 cycles
   Executed Nodes:                  455343 cycles

   ========= Kernel Validation Stats ==========
   Kernel validation enabled:       NO
   Configured latency per check:    0 us

   --- Access Breakdown ---
   Total memory accesses (validated): 0
   Cache hits (0 latency):          0
   Validation requests (full lat):  0
   Coalesced waits (partial lat):   0
   Validations denied:              0

   --- Latency Breakdown ---
   Validation request latency:      0 us
   Coalesced wait latency:          0 us
   TOTAL SECURITY OVERHEAD:         0 us
   Avg latency per validation:      0 us
   Avg latency per coalesced wait:  0 us
   Avg overhead per blocked access: 0 us

   --- Cache Statistics ---
   Processes with cached pages:     0
   Unique pages validated (total):  0
   Cache hit rate:                  0%

   ========= IOMMU Stats =====================
   IOMMU enabled:                   YES
   IOMMU SimObject:                 system.body.iommu

   --- Access Breakdown ---
   Total IOMMU checks:              17552379
   IOTLB hits:                      17552365
   IOTLB misses (page walks):       14
   IOTLB hit rate:                  99.9999%

   --- Latency Breakdown ---
   TOTAL IOMMU OVERHEAD:            35118.7 us
   Avg latency per access:          0.0020008 us

********************************************************************************
system.body.body_top.llvm_interface
Total Area: 14997.7
Total Power Static: 0.956735

Total Power Dynamic: 4.74024
   ========= Performance Analysis =============
   Setup Time:                      0h 0m 0s 12ms 354us
   Simulation Time (Total):         0h 7m 15s 70ms
   Simulation Time (Active):        0h 0m 0s 157ms
        Queue Processing Time:      0h 0m 0s 119ms
             Scheduling Time:       0h 0m 0s 50ms
             Computation Time:      0h 0m 0s 12ms
   System Clock:                    0.1GHz
   Runtime:                         473791 cycles
   Runtime:                         4737.91 us
   Stalls:                          0 cycles
   Executed Nodes:                  473790 cycles

   ========= Kernel Validation Stats ==========
   Kernel validation enabled:       NO
   Configured latency per check:    0 us

   --- Access Breakdown ---
   Total memory accesses (validated): 0
   Cache hits (0 latency):          0
   Validation requests (full lat):  0
   Coalesced waits (partial lat):   0
   Validations denied:              0

   --- Latency Breakdown ---
   Validation request latency:      0 us
   Coalesced wait latency:          0 us
   TOTAL SECURITY OVERHEAD:         0 us
   Avg latency per validation:      0 us
   Avg latency per coalesced wait:  0 us
   Avg overhead per blocked access: 0 us

   --- Cache Statistics ---
   Processes with cached pages:     0
   Unique pages validated (total):  0
   Cache hit rate:                  0%

   ========= IOMMU Stats =====================
   IOMMU enabled:                   YES
   IOMMU SimObject:                 system.body.iommu

   --- Access Breakdown ---
   Total IOMMU checks:              17552380
   IOTLB hits:                      17552366
   IOTLB misses (page walks):       14
   IOTLB hit rate:                  99.9999%

   --- Latency Breakdown ---
   TOTAL IOMMU OVERHEAD:            35118.7 us
   Avg latency per access:          0.0020008 us

********************************************************************************
system.body.body_residual.llvm_interface
Total Area: 2691.64
Total Power Static: 16.4537

Total Power Dynamic: 65.7937
   ========= Performance Analysis =============
   Setup Time:                      0h 0m 0s 0ms 394us
   Simulation Time (Total):         0h 6m 15s 660ms
   Simulation Time (Active):        0h 0m 0s 83ms
        Queue Processing Time:      0h 0m 0s 57ms
             Scheduling Time:       0h 0m 0s 24ms
             Computation Time:      0h 0m 0s 3ms
   System Clock:                    0.1GHz
   Runtime:                         390277 cycles
   Runtime:                         3902.77 us
   Stalls:                          0 cycles
   Executed Nodes:                  390276 cycles

   ========= Kernel Validation Stats ==========
   Kernel validation enabled:       NO
   Configured latency per check:    0 us

   --- Access Breakdown ---
   Total memory accesses (validated): 0
   Cache hits (0 latency):          0
   Validation requests (full lat):  0
   Coalesced waits (partial lat):   0
   Validations denied:              0

   --- Latency Breakdown ---
   Validation request latency:      0 us
   Coalesced wait latency:          0 us
   TOTAL SECURITY OVERHEAD:         0 us
   Avg latency per validation:      0 us
   Avg latency per coalesced wait:  0 us
   Avg overhead per blocked access: 0 us

   --- Cache Statistics ---
   Processes with cached pages:     0
   Unique pages validated (total):  0
   Cache hit rate:                  0%

   ========= IOMMU Stats =====================
   IOMMU enabled:                   YES
   IOMMU SimObject:                 system.body.iommu

   --- Access Breakdown ---
   Total IOMMU checks:              19245450
   IOTLB hits:                      19245436
   IOTLB misses (page walks):       14
   IOTLB hit rate:                  99.9999%

   --- Latency Breakdown ---
   TOTAL IOMMU OVERHEAD:            38504.9 us
   Avg latency per access:          0.00200073 us

********************************************************************************
system.body.body_pwconv0.llvm_interface
Total Area: 60189
Total Power Static: 1866.67

Total Power Dynamic: 45269.9
   ========= Performance Analysis =============
   Setup Time:                      0h 0m 0s 0ms 776us
   Simulation Time (Total):         0h 6m 42s 502ms
   Simulation Time (Active):        0h 0m 25s 620ms
        Queue Processing Time:      0h 0m 25s 607ms
             Scheduling Time:       0h 0m 15s 353ms
             Computation Time:      0h 0m 0s 323ms
   System Clock:                    0.1GHz
   Runtime:                         414384 cycles
   Runtime:                         4143.84 us
   Stalls:                          0 cycles
   Executed Nodes:                  414383 cycles

   ========= Kernel Validation Stats ==========
   Kernel validation enabled:       NO
   Configured latency per check:    0 us

   --- Access Breakdown ---
   Total memory accesses (validated): 0
   Cache hits (0 latency):          0
   Validation requests (full lat):  0
   Coalesced waits (partial lat):   0
   Validations denied:              0

   --- Latency Breakdown ---
   Validation request latency:      0 us
   Coalesced wait latency:          0 us
   TOTAL SECURITY OVERHEAD:         0 us
   Avg latency per validation:      0 us
   Avg latency per coalesced wait:  0 us
   Avg overhead per blocked access: 0 us

   --- Cache Statistics ---
   Processes with cached pages:     0
   Unique pages validated (total):  0
   Cache hit rate:                  0%

   ========= IOMMU Stats =====================
   IOMMU enabled:                   YES
   IOMMU SimObject:                 system.body.iommu

   --- Access Breakdown ---
   Total IOMMU checks:              19365936
   IOTLB hits:                      19365922
   IOTLB misses (page walks):       14
   IOTLB hit rate:                  99.9999%

   --- Latency Breakdown ---
   TOTAL IOMMU OVERHEAD:            38745.8 us
   Avg latency per access:          0.00200072 us

********************************************************************************
system.body.body_dwconv.llvm_interface
Total Area: 648047
Total Power Static: 27794.7

Total Power Dynamic: 316697
   ========= Performance Analysis =============
   Setup Time:                      0h 0m 0s 9ms 131us
   Simulation Time (Total):         0h 7m 16s 893ms
   Simulation Time (Active):        0h 2m 43s 605ms
        Queue Processing Time:      0h 2m 43s 589ms
             Scheduling Time:       0h 2m 30s 694ms
             Computation Time:      0h 0m 1s 769ms
   System Clock:                    0.1GHz
   Runtime:                         452306 cycles
   Runtime:                         4523.06 us
   Stalls:                          0 cycles
   Executed Nodes:                  452305 cycles

   ========= Kernel Validation Stats ==========
   Kernel validation enabled:       NO
   Configured latency per check:    0 us

   --- Access Breakdown ---
   Total memory accesses (validated): 0
   Cache hits (0 latency):          0
   Validation requests (full lat):  0
   Coalesced waits (partial lat):   0
   Validations denied:              0

   --- Latency Breakdown ---
   Validation request latency:      0 us
   Coalesced wait latency:          0 us
   TOTAL SECURITY OVERHEAD:         0 us
   Avg latency per validation:      0 us
   Avg latency per coalesced wait:  0 us
   Avg overhead per blocked access: 0 us

   --- Cache Statistics ---
   Processes with cached pages:     0
   Unique pages validated (total):  0
   Cache hit rate:                  0%

   ========= IOMMU Stats =====================
   IOMMU enabled:                   YES
   IOMMU SimObject:                 system.body.iommu

   --- Access Breakdown ---
   Total IOMMU checks:              19524098
   IOTLB hits:                      19524084
   IOTLB misses (page walks):       14
   IOTLB hit rate:                  99.9999%

   --- Latency Breakdown ---
   TOTAL IOMMU OVERHEAD:            39062.2 us
   Avg latency per access:          0.00200072 us

********************************************************************************
system.body.body_pwconv1.llvm_interface
Total Area: 3.74842e+06
Total Power Static: 92541.7

Total Power Dynamic: 914996
   ========= Performance Analysis =============
   Setup Time:                      0h 0m 0s 146ms 268us
   Simulation Time (Total):         0h 7m 16s 871ms
   Simulation Time (Active):        0h 3m 44s 190ms
        Queue Processing Time:      0h 3m 44s 173ms
             Scheduling Time:       0h 3m 19s 501ms
             Computation Time:      0h 0m 5s 504ms
   System Clock:                    0.1GHz
   Runtime:                         455140 cycles
   Runtime:                         4551.4 us
   Stalls:                          0 cycles
   Executed Nodes:                  455139 cycles

   ========= Kernel Validation Stats ==========
   Kernel validation enabled:       NO
   Configured latency per check:    0 us

   --- Access Breakdown ---
   Total memory accesses (validated): 0
   Cache hits (0 latency):          0
   Validation requests (full lat):  0
   Coalesced waits (partial lat):   0
   Validations denied:              0

   --- Latency Breakdown ---
   Validation request latency:      0 us
   Coalesced wait latency:          0 us
   TOTAL SECURITY OVERHEAD:         0 us
   Avg latency per validation:      0 us
   Avg latency per coalesced wait:  0 us
   Avg overhead per blocked access: 0 us

   --- Cache Statistics ---
   Processes with cached pages:     0
   Unique pages validated (total):  0
   Cache hit rate:                  0%

   ========= IOMMU Stats =====================
   IOMMU enabled:                   YES
   IOMMU SimObject:                 system.body.iommu

   --- Access Breakdown ---
   Total IOMMU checks:              19527193
   IOTLB hits:                      19527179
   IOTLB misses (page walks):       14
   IOTLB hit rate:                  99.9999%

   --- Latency Breakdown ---
   TOTAL IOMMU OVERHEAD:            39068.4 us
   Avg latency per access:          0.00200072 us

********************************************************************************
system.body.body_top.llvm_interface
Total Area: 18747.1
Total Power Static: 0.964069

Total Power Dynamic: 4.77628
   ========= Performance Analysis =============
   Setup Time:                      0h 0m 0s 7ms 395us
   Simulation Time (Total):         0h 7m 17s 496ms
   Simulation Time (Active):        0h 0m 0s 165ms
        Queue Processing Time:      0h 0m 0s 128ms
             Scheduling Time:       0h 0m 0s 50ms
             Computation Time:      0h 0m 0s 12ms
   System Clock:                    0.1GHz
   Runtime:                         473725 cycles
   Runtime:                         4737.25 us
   Stalls:                          0 cycles
   Executed Nodes:                  473724 cycles

   ========= Kernel Validation Stats ==========
   Kernel validation enabled:       NO
   Configured latency per check:    0 us

   --- Access Breakdown ---
   Total memory accesses (validated): 0
   Cache hits (0 latency):          0
   Validation requests (full lat):  0
   Coalesced waits (partial lat):   0
   Validations denied:              0

   --- Latency Breakdown ---
   Validation request latency:      0 us
   Coalesced wait latency:          0 us
   TOTAL SECURITY OVERHEAD:         0 us
   Avg latency per validation:      0 us
   Avg latency per coalesced wait:  0 us
   Avg overhead per blocked access: 0 us

   --- Cache Statistics ---
   Processes with cached pages:     0
   Unique pages validated (total):  0
   Cache hit rate:                  0%

   ========= IOMMU Stats =====================
   IOMMU enabled:                   YES
   IOMMU SimObject:                 system.body.iommu

   --- Access Breakdown ---
   Total IOMMU checks:              19527194
   IOTLB hits:                      19527180
   IOTLB misses (page walks):       14
   IOTLB hit rate:                  99.9999%

   --- Latency Breakdown ---
   TOTAL IOMMU OVERHEAD:            39068.4 us
   Avg latency per access:          0.00200072 us

********************************************************************************
system.body.body_residual.llvm_interface
Total Area: 3229.97
Total Power Static: 16.4537

Total Power Dynamic: 65.7937
   ========= Performance Analysis =============
   Setup Time:                      0h 0m 0s 0ms 394us
   Simulation Time (Total):         0h 3m 57s 910ms
   Simulation Time (Active):        0h 0m 0s 59ms
        Queue Processing Time:      0h 0m 0s 44ms
             Scheduling Time:       0h 0m 0s 21ms
             Computation Time:      0h 0m 0s 2ms
   System Clock:                    0.1GHz
   Runtime:                         214224 cycles
   Runtime:                         2142.24 us
   Stalls:                          0 cycles
   Executed Nodes:                  214223 cycles

   ========= Kernel Validation Stats ==========
   Kernel validation enabled:       NO
   Configured latency per check:    0 us

   --- Access Breakdown ---
   Total memory accesses (validated): 0
   Cache hits (0 latency):          0
   Validation requests (full lat):  0
   Coalesced waits (partial lat):   0
   Validations denied:              0

   --- Latency Breakdown ---
   Validation request latency:      0 us
   Coalesced wait latency:          0 us
   TOTAL SECURITY OVERHEAD:         0 us
   Avg latency per validation:      0 us
   Avg latency per coalesced wait:  0 us
   Avg overhead per blocked access: 0 us

   --- Cache Statistics ---
   Processes with cached pages:     0
   Unique pages validated (total):  0
   Cache hit rate:                  0%

   ========= IOMMU Stats =====================
   IOMMU enabled:                   YES
   IOMMU SimObject:                 system.body.iommu

   --- Access Breakdown ---
   Total IOMMU checks:              20575085
   IOTLB hits:                      20575070
   IOTLB misses (page walks):       15
   IOTLB hit rate:                  99.9999%

   --- Latency Breakdown ---
   TOTAL IOMMU OVERHEAD:            41165.1 us
   Avg latency per access:          0.00200073 us

********************************************************************************
system.body.body_pwconv0.llvm_interface
Total Area: 72226.8
Total Power Static: 1866.67

Total Power Dynamic: 45269.9
   ========= Performance Analysis =============
   Setup Time:                      0h 0m 0s 0ms 763us
   Simulation Time (Total):         0h 4m 17s 711ms
   Simulation Time (Active):        0h 0m 23s 706ms
        Queue Processing Time:      0h 0m 23s 694ms
             Scheduling Time:       0h 0m 14s 667ms
             Computation Time:      0h 0m 0s 313ms
   System Clock:                    0.1GHz
   Runtime:                         232959 cycles
   Runtime:                         2329.59 us
   Stalls:                          0 cycles
   Executed Nodes:                  232958 cycles

   ========= Kernel Validation Stats ==========
   Kernel validation enabled:       NO
   Configured latency per check:    0 us

   --- Access Breakdown ---
   Total memory accesses (validated): 0
   Cache hits (0 latency):          0
   Validation requests (full lat):  0
   Coalesced waits (partial lat):   0
   Validations denied:              0

   --- Latency Breakdown ---
   Validation request latency:      0 us
   Coalesced wait latency:          0 us
   TOTAL SECURITY OVERHEAD:         0 us
   Avg latency per validation:      0 us
   Avg latency per coalesced wait:  0 us
   Avg overhead per blocked access: 0 us

   --- Cache Statistics ---
   Processes with cached pages:     0
   Unique pages validated (total):  0
   Cache hit rate:                  0%

   ========= IOMMU Stats =====================
   IOMMU enabled:                   YES
   IOMMU SimObject:                 system.body.iommu

   --- Access Breakdown ---
   Total IOMMU checks:              20667175
   IOTLB hits:                      20667160
   IOTLB misses (page walks):       15
   IOTLB hit rate:                  99.9999%

   --- Latency Breakdown ---
   TOTAL IOMMU OVERHEAD:            41349.3 us
   Avg latency per access:          0.00200072 us

********************************************************************************
system.body.body_pwconv1.llvm_interface
Total Area: 4.49811e+06
Total Power Static: 34660

Total Power Dynamic: 342746
   ========= Performance Analysis =============
   Setup Time:                      0h 0m 0s 154ms 296us
   Simulation Time (Total):         0h 4m 24s 821ms
   Simulation Time (Active):        0h 1m 16s 696ms
        Queue Processing Time:      0h 1m 16s 689ms
             Scheduling Time:       0h 1m 8s 502ms
             Computation Time:      0h 0m 2s 16ms
   System Clock:                    0.1GHz
   Runtime:                         239255 cycles
   Runtime:                         2392.55 us
   Stalls:                          0 cycles
   Executed Nodes:                  239254 cycles

   ========= Kernel Validation Stats ==========
   Kernel validation enabled:       NO
   Configured latency per check:    0 us

   --- Access Breakdown ---
   Total memory accesses (validated): 0
   Cache hits (0 latency):          0
   Validation requests (full lat):  0
   Coalesced waits (partial lat):   0
   Validations denied:              0

   --- Latency Breakdown ---
   Validation request latency:      0 us
   Coalesced wait latency:          0 us
   TOTAL SECURITY OVERHEAD:         0 us
   Avg latency per validation:      0 us
   Avg latency per coalesced wait:  0 us
   Avg overhead per blocked access: 0 us

   --- Cache Statistics ---
   Processes with cached pages:     0
   Unique pages validated (total):  0
   Cache hit rate:                  0%

   ========= IOMMU Stats =====================
   IOMMU enabled:                   YES
   IOMMU SimObject:                 system.body.iommu

   --- Access Breakdown ---
   Total IOMMU checks:              20694696
   IOTLB hits:                      20694681
   IOTLB misses (page walks):       15
   IOTLB hit rate:                  99.9999%

   --- Latency Breakdown ---
   TOTAL IOMMU OVERHEAD:            41404.4 us
   Avg latency per access:          0.00200072 us

********************************************************************************
system.body.body_dwconv.llvm_interface
Total Area: 777657
Total Power Static: 27770.1

Total Power Dynamic: 316697
   ========= Performance Analysis =============
   Setup Time:                      0h 0m 0s 9ms 130us
   Simulation Time (Total):         0h 4m 32s 442ms
   Simulation Time (Active):        0h 2m 39s 74ms
        Queue Processing Time:      0h 2m 39s 59ms
             Scheduling Time:       0h 2m 27s 835ms
             Computation Time:      0h 0m 1s 726ms
   System Clock:                    0.1GHz
   Runtime:                         246145 cycles
   Runtime:                         2461.45 us
   Stalls:                          0 cycles
   Executed Nodes:                  246144 cycles

   ========= Kernel Validation Stats ==========
   Kernel validation enabled:       NO
   Configured latency per check:    0 us

   --- Access Breakdown ---
   Total memory accesses (validated): 0
   Cache hits (0 latency):          0
   Validation requests (full lat):  0
   Coalesced waits (partial lat):   0
   Validations denied:              0

   --- Latency Breakdown ---
   Validation request latency:      0 us
   Coalesced wait latency:          0 us
   TOTAL SECURITY OVERHEAD:         0 us
   Avg latency per validation:      0 us
   Avg latency per coalesced wait:  0 us
   Avg overhead per blocked access: 0 us

   --- Cache Statistics ---
   Processes with cached pages:     0
   Unique pages validated (total):  0
   Cache hit rate:                  0%

   ========= IOMMU Stats =====================
   IOMMU enabled:                   YES
   IOMMU SimObject:                 system.body.iommu

   --- Access Breakdown ---
   Total IOMMU checks:              20724325
   IOTLB hits:                      20724310
   IOTLB misses (page walks):       15
   IOTLB hit rate:                  99.9999%

   --- Latency Breakdown ---
   TOTAL IOMMU OVERHEAD:            41463.6 us
   Avg latency per access:          0.00200072 us

********************************************************************************
system.body.body_top.llvm_interface
Total Area: 22496.5
Total Power Static: 0.961013

Total Power Dynamic: 4.76126
   ========= Performance Analysis =============
   Setup Time:                      0h 0m 0s 7ms 384us
   Simulation Time (Total):         0h 4m 32s 897ms
   Simulation Time (Active):        0h 0m 0s 100ms
        Queue Processing Time:      0h 0m 0s 79ms
             Scheduling Time:       0h 0m 0s 33ms
             Computation Time:      0h 0m 0s 9ms
   System Clock:                    0.1GHz
   Runtime:                         264678 cycles
   Runtime:                         2646.78 us
   Stalls:                          0 cycles
   Executed Nodes:                  264677 cycles

   ========= Kernel Validation Stats ==========
   Kernel validation enabled:       NO
   Configured latency per check:    0 us

   --- Access Breakdown ---
   Total memory accesses (validated): 0
   Cache hits (0 latency):          0
   Validation requests (full lat):  0
   Coalesced waits (partial lat):   0
   Validations denied:              0

   --- Latency Breakdown ---
   Validation request latency:      0 us
   Coalesced wait latency:          0 us
   TOTAL SECURITY OVERHEAD:         0 us
   Avg latency per validation:      0 us
   Avg latency per coalesced wait:  0 us
   Avg overhead per blocked access: 0 us

   --- Cache Statistics ---
   Processes with cached pages:     0
   Unique pages validated (total):  0
   Cache hit rate:                  0%

   ========= IOMMU Stats =====================
   IOMMU enabled:                   YES
   IOMMU SimObject:                 system.body.iommu

   --- Access Breakdown ---
   Total IOMMU checks:              20724328
   IOTLB hits:                      20724313
   IOTLB misses (page walks):       15
   IOTLB hit rate:                  99.9999%

   --- Latency Breakdown ---
   TOTAL IOMMU OVERHEAD:            41463.6 us
   Avg latency per access:          0.00200072 us

********************************************************************************
system.body.body_residual.llvm_interface
Total Area: 3768.3
Total Power Static: 4.11165

Total Power Dynamic: 12.3363
   ========= Performance Analysis =============
   Setup Time:                      0h 0m 0s 0ms 388us
   Simulation Time (Total):         0h 1m 42s 476ms
   Simulation Time (Active):        0h 0m 0s 21ms
        Queue Processing Time:      0h 0m 0s 14ms
             Scheduling Time:       0h 0m 0s 6ms
             Computation Time:      0h 0m 0s 0ms
   System Clock:                    0.1GHz
   Runtime:                         102569 cycles
   Runtime:                         1025.69 us
   Stalls:                          0 cycles
   Executed Nodes:                  102568 cycles

   ========= Kernel Validation Stats ==========
   Kernel validation enabled:       NO
   Configured latency per check:    0 us

   --- Access Breakdown ---
   Total memory accesses (validated): 0
   Cache hits (0 latency):          0
   Validation requests (full lat):  0
   Coalesced waits (partial lat):   0
   Validations denied:              0

   --- Latency Breakdown ---
   Validation request latency:      0 us
   Coalesced wait latency:          0 us
   TOTAL SECURITY OVERHEAD:         0 us
   Avg latency per validation:      0 us
   Avg latency per coalesced wait:  0 us
   Avg overhead per blocked access: 0 us

   --- Cache Statistics ---
   Processes with cached pages:     0
   Unique pages validated (total):  0
   Cache hit rate:                  0%

   ========= IOMMU Stats =====================
   IOMMU enabled:                   YES
   IOMMU SimObject:                 system.body.iommu

   --- Access Breakdown ---
   Total IOMMU checks:              21210657
   IOTLB hits:                      21210642
   IOTLB misses (page walks):       15
   IOTLB hit rate:                  99.9999%

   --- Latency Breakdown ---
   TOTAL IOMMU OVERHEAD:            42436.3 us
   Avg latency per access:          0.00200071 us

********************************************************************************
system.body.body_pwconv0.llvm_interface
Total Area: 84264.5
Total Power Static: 692.817

Total Power Dynamic: 16913.1
   ========= Performance Analysis =============
   Setup Time:                      0h 0m 0s 0ms 750us
   Simulation Time (Total):         0h 2m 6s 630ms
   Simulation Time (Active):        0h 0m 7s 648ms
        Queue Processing Time:      0h 0m 7s 642ms
             Scheduling Time:       0h 0m 4s 421ms
             Computation Time:      0h 0m 0s 109ms
   System Clock:                    0.1GHz
   Runtime:                         126273 cycles
   Runtime:                         1262.73 us
   Stalls:                          0 cycles
   Executed Nodes:                  126272 cycles

   ========= Kernel Validation Stats ==========
   Kernel validation enabled:       NO
   Configured latency per check:    0 us

   --- Access Breakdown ---
   Total memory accesses (validated): 0
   Cache hits (0 latency):          0
   Validation requests (full lat):  0
   Coalesced waits (partial lat):   0
   Validations denied:              0

   --- Latency Breakdown ---
   Validation request latency:      0 us
   Coalesced wait latency:          0 us
   TOTAL SECURITY OVERHEAD:         0 us
   Avg latency per validation:      0 us
   Avg latency per coalesced wait:  0 us
   Avg overhead per blocked access: 0 us

   --- Cache Statistics ---
   Processes with cached pages:     0
   Unique pages validated (total):  0
   Cache hit rate:                  0%

   ========= IOMMU Stats =====================
   IOMMU enabled:                   YES
   IOMMU SimObject:                 system.body.iommu

   --- Access Breakdown ---
   Total IOMMU checks:              21324624
   IOTLB hits:                      21324609
   IOTLB misses (page walks):       15
   IOTLB hit rate:                  99.9999%

   --- Latency Breakdown ---
   TOTAL IOMMU OVERHEAD:            42664.2 us
   Avg latency per access:          0.0020007 us

********************************************************************************
system.body.body_dwconv.llvm_interface
Total Area: 907266
Total Power Static: 10000

Total Power Dynamic: 113736
   ========= Performance Analysis =============
   Setup Time:                      0h 0m 0s 9ms 98us
   Simulation Time (Total):         0h 2m 32s 349ms
   Simulation Time (Active):        0h 1m 0s 78ms
        Queue Processing Time:      0h 1m 0s 72ms
             Scheduling Time:       0h 0m 55s 388ms
             Computation Time:      0h 0m 0s 638ms
   System Clock:                    0.1GHz
   Runtime:                         152731 cycles
   Runtime:                         1527.31 us
   Stalls:                          0 cycles
   Executed Nodes:                  152730 cycles

   ========= Kernel Validation Stats ==========
   Kernel validation enabled:       NO
   Configured latency per check:    0 us

   --- Access Breakdown ---
   Total memory accesses (validated): 0
   Cache hits (0 latency):          0
   Validation requests (full lat):  0
   Coalesced waits (partial lat):   0
   Validations denied:              0

   --- Latency Breakdown ---
   Validation request latency:      0 us
   Coalesced wait latency:          0 us
   TOTAL SECURITY OVERHEAD:         0 us
   Avg latency per validation:      0 us
   Avg latency per coalesced wait:  0 us
   Avg overhead per blocked access: 0 us

   --- Cache Statistics ---
   Processes with cached pages:     0
   Unique pages validated (total):  0
   Cache hit rate:                  0%

   ========= IOMMU Stats =====================
   IOMMU enabled:                   YES
   IOMMU SimObject:                 system.body.iommu

   --- Access Breakdown ---
   Total IOMMU checks:              21447386
   IOTLB hits:                      21447371
   IOTLB misses (page walks):       15
   IOTLB hit rate:                  99.9999%

   --- Latency Breakdown ---
   TOTAL IOMMU OVERHEAD:            42909.7 us
   Avg latency per access:          0.0020007 us

********************************************************************************
system.body.body_pwconv1.llvm_interface
Total Area: 5.24779e+06
Total Power Static: 34660

Total Power Dynamic: 342746
   ========= Performance Analysis =============
   Setup Time:                      0h 0m 0s 141ms 281us
   Simulation Time (Total):         0h 2m 32s 223ms
   Simulation Time (Active):        0h 1m 16s 510ms
        Queue Processing Time:      0h 1m 16s 505ms
             Scheduling Time:       0h 1m 8s 484ms
             Computation Time:      0h 0m 2s 13ms
   System Clock:                    0.1GHz
   Runtime:                         153772 cycles
   Runtime:                         1537.72 us
   Stalls:                          0 cycles
   Executed Nodes:                  153771 cycles

   ========= Kernel Validation Stats ==========
   Kernel validation enabled:       NO
   Configured latency per check:    0 us

   --- Access Breakdown ---
   Total memory accesses (validated): 0
   Cache hits (0 latency):          0
   Validation requests (full lat):  0
   Coalesced waits (partial lat):   0
   Validations denied:              0

   --- Latency Breakdown ---
   Validation request latency:      0 us
   Coalesced wait latency:          0 us
   TOTAL SECURITY OVERHEAD:         0 us
   Avg latency per validation:      0 us
   Avg latency per coalesced wait:  0 us
   Avg overhead per blocked access: 0 us

   --- Cache Statistics ---
   Processes with cached pages:     0
   Unique pages validated (total):  0
   Cache hit rate:                  0%

   ========= IOMMU Stats =====================
   IOMMU enabled:                   YES
   IOMMU SimObject:                 system.body.iommu

   --- Access Breakdown ---
   Total IOMMU checks:              21448530
   IOTLB hits:                      21448515
   IOTLB misses (page walks):       15
   IOTLB hit rate:                  99.9999%

   --- Latency Breakdown ---
   TOTAL IOMMU OVERHEAD:            42912 us
   Avg latency per access:          0.0020007 us

********************************************************************************
system.body.body_top.llvm_interface
Total Area: 26245.9
Total Power Static: 0.95918

Total Power Dynamic: 4.75225
   ========= Performance Analysis =============
   Setup Time:                      0h 0m 0s 17ms 327us
   Simulation Time (Total):         0h 2m 32s 812ms
   Simulation Time (Active):        0h 0m 0s 54ms
        Queue Processing Time:      0h 0m 0s 42ms
             Scheduling Time:       0h 0m 0s 18ms
             Computation Time:      0h 0m 0s 4ms
   System Clock:                    0.1GHz
   Runtime:                         172271 cycles
   Runtime:                         1722.71 us
   Stalls:                          0 cycles
   Executed Nodes:                  172270 cycles

   ========= Kernel Validation Stats ==========
   Kernel validation enabled:       NO
   Configured latency per check:    0 us

   --- Access Breakdown ---
   Total memory accesses (validated): 0
   Cache hits (0 latency):          0
   Validation requests (full lat):  0
   Coalesced waits (partial lat):   0
   Validations denied:              0

   --- Latency Breakdown ---
   Validation request latency:      0 us
   Coalesced wait latency:          0 us
   TOTAL SECURITY OVERHEAD:         0 us
   Avg latency per validation:      0 us
   Avg latency per coalesced wait:  0 us
   Avg overhead per blocked access: 0 us

   --- Cache Statistics ---
   Processes with cached pages:     0
   Unique pages validated (total):  0
   Cache hit rate:                  0%

   ========= IOMMU Stats =====================
   IOMMU enabled:                   YES
   IOMMU SimObject:                 system.body.iommu

   --- Access Breakdown ---
   Total IOMMU checks:              21448532
   IOTLB hits:                      21448517
   IOTLB misses (page walks):       15
   IOTLB hit rate:                  99.9999%

   --- Latency Breakdown ---
   TOTAL IOMMU OVERHEAD:            42912 us
   Avg latency per access:          0.0020007 us

********************************************************************************
system.body.body_residual.llvm_interface
Total Area: 4306.63
Total Power Static: 6.16866

Total Power Dynamic: 24.6726
   ========= Performance Analysis =============
   Setup Time:                      0h 0m 0s 0ms 381us
   Simulation Time (Total):         0h 1m 44s 146ms
   Simulation Time (Active):        0h 0m 0s 26ms
        Queue Processing Time:      0h 0m 0s 18ms
             Scheduling Time:       0h 0m 0s 9ms
             Computation Time:      0h 0m 0s 1ms
   System Clock:                    0.1GHz
   Runtime:                         102636 cycles
   Runtime:                         1026.36 us
   Stalls:                          0 cycles
   Executed Nodes:                  102635 cycles

   ========= Kernel Validation Stats ==========
   Kernel validation enabled:       NO
   Configured latency per check:    0 us

   --- Access Breakdown ---
   Total memory accesses (validated): 0
   Cache hits (0 latency):          0
   Validation requests (full lat):  0
   Coalesced waits (partial lat):   0
   Validations denied:              0

   --- Latency Breakdown ---
   Validation request latency:      0 us
   Coalesced wait latency:          0 us
   TOTAL SECURITY OVERHEAD:         0 us
   Avg latency per validation:      0 us
   Avg latency per coalesced wait:  0 us
   Avg overhead per blocked access: 0 us

   --- Cache Statistics ---
   Processes with cached pages:     0
   Unique pages validated (total):  0
   Cache hit rate:                  0%

   ========= IOMMU Stats =====================
   IOMMU enabled:                   YES
   IOMMU SimObject:                 system.body.iommu

   --- Access Breakdown ---
   Total IOMMU checks:              21935743
   IOTLB hits:                      21935728
   IOTLB misses (page walks):       15
   IOTLB hit rate:                  99.9999%

   --- Latency Breakdown ---
   TOTAL IOMMU OVERHEAD:            43886.5 us
   Avg latency per access:          0.00200068 us

********************************************************************************
system.body.body_pwconv0.llvm_interface
Total Area: 96302.3
Total Power Static: 692.817

Total Power Dynamic: 16913.1
   ========= Performance Analysis =============
   Setup Time:                      0h 0m 0s 0ms 776us
   Simulation Time (Total):         0h 2m 8s 163ms
   Simulation Time (Active):        0h 0m 7s 836ms
        Queue Processing Time:      0h 0m 7s 829ms
             Scheduling Time:       0h 0m 4s 524ms
             Computation Time:      0h 0m 0s 112ms
   System Clock:                    0.1GHz
   Runtime:                         126331 cycles
   Runtime:                         1263.31 us
   Stalls:                          0 cycles
   Executed Nodes:                  126330 cycles

   ========= Kernel Validation Stats ==========
   Kernel validation enabled:       NO
   Configured latency per check:    0 us

   --- Access Breakdown ---
   Total memory accesses (validated): 0
   Cache hits (0 latency):          0
   Validation requests (full lat):  0
   Coalesced waits (partial lat):   0
   Validations denied:              0

   --- Latency Breakdown ---
   Validation request latency:      0 us
   Coalesced wait latency:          0 us
   TOTAL SECURITY OVERHEAD:         0 us
   Avg latency per validation:      0 us
   Avg latency per coalesced wait:  0 us
   Avg overhead per blocked access: 0 us

   --- Cache Statistics ---
   Processes with cached pages:     0
   Unique pages validated (total):  0
   Cache hit rate:                  0%

   ========= IOMMU Stats =====================
   IOMMU enabled:                   YES
   IOMMU SimObject:                 system.body.iommu

   --- Access Breakdown ---
   Total IOMMU checks:              22049710
   IOTLB hits:                      22049695
   IOTLB misses (page walks):       15
   IOTLB hit rate:                  99.9999%

   --- Latency Breakdown ---
   TOTAL IOMMU OVERHEAD:            44114.4 us
   Avg latency per access:          0.00200068 us

********************************************************************************
system.body.body_dwconv.llvm_interface
Total Area: 1.03688e+06
Total Power Static: 10000

Total Power Dynamic: 113736
   ========= Performance Analysis =============
   Setup Time:                      0h 0m 0s 9ms 13us
   Simulation Time (Total):         0h 2m 34s 170ms
   Simulation Time (Active):        0h 1m 0s 370ms
        Queue Processing Time:      0h 1m 0s 363ms
             Scheduling Time:       0h 0m 55s 675ms
             Computation Time:      0h 0m 0s 633ms
   System Clock:                    0.1GHz
   Runtime:                         152859 cycles
   Runtime:                         1528.59 us
   Stalls:                          0 cycles
   Executed Nodes:                  152858 cycles

   ========= Kernel Validation Stats ==========
   Kernel validation enabled:       NO
   Configured latency per check:    0 us

   --- Access Breakdown ---
   Total memory accesses (validated): 0
   Cache hits (0 latency):          0
   Validation requests (full lat):  0
   Coalesced waits (partial lat):   0
   Validations denied:              0

   --- Latency Breakdown ---
   Validation request latency:      0 us
   Coalesced wait latency:          0 us
   TOTAL SECURITY OVERHEAD:         0 us
   Avg latency per validation:      0 us
   Avg latency per coalesced wait:  0 us
   Avg overhead per blocked access: 0 us

   --- Cache Statistics ---
   Processes with cached pages:     0
   Unique pages validated (total):  0
   Cache hit rate:                  0%

   ========= IOMMU Stats =====================
   IOMMU enabled:                   YES
   IOMMU SimObject:                 system.body.iommu

   --- Access Breakdown ---
   Total IOMMU checks:              22172486
   IOTLB hits:                      22172471
   IOTLB misses (page walks):       15
   IOTLB hit rate:                  99.9999%

   --- Latency Breakdown ---
   TOTAL IOMMU OVERHEAD:            44359.9 us
   Avg latency per access:          0.00200068 us

********************************************************************************
system.body.body_pwconv1.llvm_interface
Total Area: 5.99748e+06
Total Power Static: 34660

Total Power Dynamic: 342746
   ========= Performance Analysis =============
   Setup Time:                      0h 0m 0s 138ms 657us
   Simulation Time (Total):         0h 2m 34s 48ms
   Simulation Time (Active):        0h 1m 17s 745ms
        Queue Processing Time:      0h 1m 17s 740ms
             Scheduling Time:       0h 1m 9s 610ms
             Computation Time:      0h 0m 2s 24ms
   System Clock:                    0.1GHz
   Runtime:                         153900 cycles
   Runtime:                         1539 us
   Stalls:                          0 cycles
   Executed Nodes:                  153899 cycles

   ========= Kernel Validation Stats ==========
   Kernel validation enabled:       NO
   Configured latency per check:    0 us

   --- Access Breakdown ---
   Total memory accesses (validated): 0
   Cache hits (0 latency):          0
   Validation requests (full lat):  0
   Coalesced waits (partial lat):   0
   Validations denied:              0

   --- Latency Breakdown ---
   Validation request latency:      0 us
   Coalesced wait latency:          0 us
   TOTAL SECURITY OVERHEAD:         0 us
   Avg latency per validation:      0 us
   Avg latency per coalesced wait:  0 us
   Avg overhead per blocked access: 0 us

   --- Cache Statistics ---
   Processes with cached pages:     0
   Unique pages validated (total):  0
   Cache hit rate:                  0%

   ========= IOMMU Stats =====================
   IOMMU enabled:                   YES
   IOMMU SimObject:                 system.body.iommu

   --- Access Breakdown ---
   Total IOMMU checks:              22173630
   IOTLB hits:                      22173615
   IOTLB misses (page walks):       15
   IOTLB hit rate:                  99.9999%

   --- Latency Breakdown ---
   TOTAL IOMMU OVERHEAD:            44362.2 us
   Avg latency per access:          0.00200068 us

********************************************************************************
system.body.body_top.llvm_interface
Total Area: 29995.3
Total Power Static: 0.958569

Total Power Dynamic: 4.74925
   ========= Performance Analysis =============
   Setup Time:                      0h 0m 0s 7ms 314us
   Simulation Time (Total):         0h 2m 34s 631ms
   Simulation Time (Active):        0h 0m 0s 55ms
        Queue Processing Time:      0h 0m 0s 42ms
             Scheduling Time:       0h 0m 0s 16ms
             Computation Time:      0h 0m 0s 4ms
   System Clock:                    0.1GHz
   Runtime:                         172389 cycles
   Runtime:                         1723.89 us
   Stalls:                          0 cycles
   Executed Nodes:                  172388 cycles

   ========= Kernel Validation Stats ==========
   Kernel validation enabled:       NO
   Configured latency per check:    0 us

   --- Access Breakdown ---
   Total memory accesses (validated): 0
   Cache hits (0 latency):          0
   Validation requests (full lat):  0
   Coalesced waits (partial lat):   0
   Validations denied:              0

   --- Latency Breakdown ---
   Validation request latency:      0 us
   Coalesced wait latency:          0 us
   TOTAL SECURITY OVERHEAD:         0 us
   Avg latency per validation:      0 us
   Avg latency per coalesced wait:  0 us
   Avg overhead per blocked access: 0 us

   --- Cache Statistics ---
   Processes with cached pages:     0
   Unique pages validated (total):  0
   Cache hit rate:                  0%

   ========= IOMMU Stats =====================
   IOMMU enabled:                   YES
   IOMMU SimObject:                 system.body.iommu

   --- Access Breakdown ---
   Total IOMMU checks:              22173632
   IOTLB hits:                      22173617
   IOTLB misses (page walks):       15
   IOTLB hit rate:                  99.9999%

   --- Latency Breakdown ---
   TOTAL IOMMU OVERHEAD:            44362.2 us
   Avg latency per access:          0.00200068 us

********************************************************************************
system.body.body_residual.llvm_interface
Total Area: 4844.96
Total Power Static: 6.16866

Total Power Dynamic: 24.6726
   ========= Performance Analysis =============
   Setup Time:                      0h 0m 0s 0ms 390us
   Simulation Time (Total):         0h 1m 43s 719ms
   Simulation Time (Active):        0h 0m 0s 25ms
        Queue Processing Time:      0h 0m 0s 18ms
             Scheduling Time:       0h 0m 0s 8ms
             Computation Time:      0h 0m 0s 1ms
   System Clock:                    0.1GHz
   Runtime:                         102636 cycles
   Runtime:                         1026.36 us
   Stalls:                          0 cycles
   Executed Nodes:                  102635 cycles

   ========= Kernel Validation Stats ==========
   Kernel validation enabled:       NO
   Configured latency per check:    0 us

   --- Access Breakdown ---
   Total memory accesses (validated): 0
   Cache hits (0 latency):          0
   Validation requests (full lat):  0
   Coalesced waits (partial lat):   0
   Validations denied:              0

   --- Latency Breakdown ---
   Validation request latency:      0 us
   Coalesced wait latency:          0 us
   TOTAL SECURITY OVERHEAD:         0 us
   Avg latency per validation:      0 us
   Avg latency per coalesced wait:  0 us
   Avg overhead per blocked access: 0 us

   --- Cache Statistics ---
   Processes with cached pages:     0
   Unique pages validated (total):  0
   Cache hit rate:                  0%

   ========= IOMMU Stats =====================
   IOMMU enabled:                   YES
   IOMMU SimObject:                 system.body.iommu

   --- Access Breakdown ---
   Total IOMMU checks:              22660845
   IOTLB hits:                      22660830
   IOTLB misses (page walks):       15
   IOTLB hit rate:                  99.9999%

   --- Latency Breakdown ---
   TOTAL IOMMU OVERHEAD:            45336.7 us
   Avg latency per access:          0.00200066 us

********************************************************************************
system.body.body_pwconv0.llvm_interface
Total Area: 108340
Total Power Static: 692.817

Total Power Dynamic: 16913.1
   ========= Performance Analysis =============
   Setup Time:                      0h 0m 0s 0ms 774us
   Simulation Time (Total):         0h 2m 7s 807ms
   Simulation Time (Active):        0h 0m 7s 752ms
        Queue Processing Time:      0h 0m 7s 746ms
             Scheduling Time:       0h 0m 4s 432ms
             Computation Time:      0h 0m 0s 113ms
   System Clock:                    0.1GHz
   Runtime:                         126331 cycles
   Runtime:                         1263.31 us
   Stalls:                          0 cycles
   Executed Nodes:                  126330 cycles

   ========= Kernel Validation Stats ==========
   Kernel validation enabled:       NO
   Configured latency per check:    0 us

   --- Access Breakdown ---
   Total memory accesses (validated): 0
   Cache hits (0 latency):          0
   Validation requests (full lat):  0
   Coalesced waits (partial lat):   0
   Validations denied:              0

   --- Latency Breakdown ---
   Validation request latency:      0 us
   Coalesced wait latency:          0 us
   TOTAL SECURITY OVERHEAD:         0 us
   Avg latency per validation:      0 us
   Avg latency per coalesced wait:  0 us
   Avg overhead per blocked access: 0 us

   --- Cache Statistics ---
   Processes with cached pages:     0
   Unique pages validated (total):  0
   Cache hit rate:                  0%

   ========= IOMMU Stats =====================
   IOMMU enabled:                   YES
   IOMMU SimObject:                 system.body.iommu

   --- Access Breakdown ---
   Total IOMMU checks:              22774812
   IOTLB hits:                      22774797
   IOTLB misses (page walks):       15
   IOTLB hit rate:                  99.9999%

   --- Latency Breakdown ---
   TOTAL IOMMU OVERHEAD:            45564.6 us
   Avg latency per access:          0.00200066 us

********************************************************************************
system.body.body_dwconv.llvm_interface
Total Area: 1.16649e+06
Total Power Static: 10000

Total Power Dynamic: 113736
   ========= Performance Analysis =============
   Setup Time:                      0h 0m 0s 9ms 289us
   Simulation Time (Total):         0h 2m 33s 957ms
   Simulation Time (Active):        0h 1m 0s 324ms
        Queue Processing Time:      0h 1m 0s 318ms
             Scheduling Time:       0h 0m 55s 623ms
             Computation Time:      0h 0m 0s 639ms
   System Clock:                    0.1GHz
   Runtime:                         152859 cycles
   Runtime:                         1528.59 us
   Stalls:                          0 cycles
   Executed Nodes:                  152858 cycles

   ========= Kernel Validation Stats ==========
   Kernel validation enabled:       NO
   Configured latency per check:    0 us

   --- Access Breakdown ---
   Total memory accesses (validated): 0
   Cache hits (0 latency):          0
   Validation requests (full lat):  0
   Coalesced waits (partial lat):   0
   Validations denied:              0

   --- Latency Breakdown ---
   Validation request latency:      0 us
   Coalesced wait latency:          0 us
   TOTAL SECURITY OVERHEAD:         0 us
   Avg latency per validation:      0 us
   Avg latency per coalesced wait:  0 us
   Avg overhead per blocked access: 0 us

   --- Cache Statistics ---
   Processes with cached pages:     0
   Unique pages validated (total):  0
   Cache hit rate:                  0%

   ========= IOMMU Stats =====================
   IOMMU enabled:                   YES
   IOMMU SimObject:                 system.body.iommu

   --- Access Breakdown ---
   Total IOMMU checks:              22897588
   IOTLB hits:                      22897573
   IOTLB misses (page walks):       15
   IOTLB hit rate:                  99.9999%

   --- Latency Breakdown ---
   TOTAL IOMMU OVERHEAD:            45810.1 us
   Avg latency per access:          0.00200065 us

********************************************************************************
system.body.body_pwconv1.llvm_interface
Total Area: 6.74716e+06
Total Power Static: 34660

Total Power Dynamic: 342746
   ========= Performance Analysis =============
   Setup Time:                      0h 0m 0s 143ms 377us
   Simulation Time (Total):         0h 2m 33s 830ms
   Simulation Time (Active):        0h 1m 17s 650ms
        Queue Processing Time:      0h 1m 17s 645ms
             Scheduling Time:       0h 1m 9s 535ms
             Computation Time:      0h 0m 2s 25ms
   System Clock:                    0.1GHz
   Runtime:                         153900 cycles
   Runtime:                         1539 us
   Stalls:                          0 cycles
   Executed Nodes:                  153899 cycles

   ========= Kernel Validation Stats ==========
   Kernel validation enabled:       NO
   Configured latency per check:    0 us

   --- Access Breakdown ---
   Total memory accesses (validated): 0
   Cache hits (0 latency):          0
   Validation requests (full lat):  0
   Coalesced waits (partial lat):   0
   Validations denied:              0

   --- Latency Breakdown ---
   Validation request latency:      0 us
   Coalesced wait latency:          0 us
   TOTAL SECURITY OVERHEAD:         0 us
   Avg latency per validation:      0 us
   Avg latency per coalesced wait:  0 us
   Avg overhead per blocked access: 0 us

   --- Cache Statistics ---
   Processes with cached pages:     0
   Unique pages validated (total):  0
   Cache hit rate:                  0%

   ========= IOMMU Stats =====================
   IOMMU enabled:                   YES
   IOMMU SimObject:                 system.body.iommu

   --- Access Breakdown ---
   Total IOMMU checks:              22898732
   IOTLB hits:                      22898717
   IOTLB misses (page walks):       15
   IOTLB hit rate:                  99.9999%

   --- Latency Breakdown ---
   TOTAL IOMMU OVERHEAD:            45812.4 us
   Avg latency per access:          0.00200065 us

********************************************************************************
system.body.body_top.llvm_interface
Total Area: 33744.7
Total Power Static: 0.959791

Total Power Dynamic: 4.75526
   ========= Performance Analysis =============
   Setup Time:                      0h 0m 0s 7ms 314us
   Simulation Time (Total):         0h 2m 34s 424ms
   Simulation Time (Active):        0h 0m 0s 55ms
        Queue Processing Time:      0h 0m 0s 41ms
             Scheduling Time:       0h 0m 0s 17ms
             Computation Time:      0h 0m 0s 4ms
   System Clock:                    0.1GHz
   Runtime:                         172411 cycles
   Runtime:                         1724.11 us
   Stalls:                          0 cycles
   Executed Nodes:                  172410 cycles

   ========= Kernel Validation Stats ==========
   Kernel validation enabled:       NO
   Configured latency per check:    0 us

   --- Access Breakdown ---
   Total memory accesses (validated): 0
   Cache hits (0 latency):          0
   Validation requests (full lat):  0
   Coalesced waits (partial lat):   0
   Validations denied:              0

   --- Latency Breakdown ---
   Validation request latency:      0 us
   Coalesced wait latency:          0 us
   TOTAL SECURITY OVERHEAD:         0 us
   Avg latency per validation:      0 us
   Avg latency per coalesced wait:  0 us
   Avg overhead per blocked access: 0 us

   --- Cache Statistics ---
   Processes with cached pages:     0
   Unique pages validated (total):  0
   Cache hit rate:                  0%

   ========= IOMMU Stats =====================
   IOMMU enabled:                   YES
   IOMMU SimObject:                 system.body.iommu

   --- Access Breakdown ---
   Total IOMMU checks:              22898734
   IOTLB hits:                      22898719
   IOTLB misses (page walks):       15
   IOTLB hit rate:                  99.9999%

   --- Latency Breakdown ---
   TOTAL IOMMU OVERHEAD:            45812.4 us
   Avg latency per access:          0.00200065 us

********************************************************************************
system.body.body_residual.llvm_interface
Total Area: 5383.29
Total Power Static: 6.16866

Total Power Dynamic: 24.6726
   ========= Performance Analysis =============
   Setup Time:                      0h 0m 0s 0ms 393us
   Simulation Time (Total):         0h 1m 58s 554ms
   Simulation Time (Active):        0h 0m 0s 26ms
        Queue Processing Time:      0h 0m 0s 18ms
             Scheduling Time:       0h 0m 0s 8ms
             Computation Time:      0h 0m 0s 1ms
   System Clock:                    0.1GHz
   Runtime:                         121228 cycles
   Runtime:                         1212.28 us
   Stalls:                          0 cycles
   Executed Nodes:                  121227 cycles

   ========= Kernel Validation Stats ==========
   Kernel validation enabled:       NO
   Configured latency per check:    0 us

   --- Access Breakdown ---
   Total memory accesses (validated): 0
   Cache hits (0 latency):          0
   Validation requests (full lat):  0
   Coalesced waits (partial lat):   0
   Validations denied:              0

   --- Latency Breakdown ---
   Validation request latency:      0 us
   Coalesced wait latency:          0 us
   TOTAL SECURITY OVERHEAD:         0 us
   Avg latency per validation:      0 us
   Avg latency per coalesced wait:  0 us
   Avg overhead per blocked access: 0 us

   --- Cache Statistics ---
   Processes with cached pages:     0
   Unique pages validated (total):  0
   Cache hit rate:                  0%

   ========= IOMMU Stats =====================
   IOMMU enabled:                   YES
   IOMMU SimObject:                 system.body.iommu

   --- Access Breakdown ---
   Total IOMMU checks:              23479647
   IOTLB hits:                      23479632
   IOTLB misses (page walks):       15
   IOTLB hit rate:                  99.9999%

   --- Latency Breakdown ---
   TOTAL IOMMU OVERHEAD:            46974.3 us
   Avg latency per access:          0.00200064 us

********************************************************************************
system.body.body_pwconv0.llvm_interface
Total Area: 120378
Total Power Static: 692.817

Total Power Dynamic: 16913.1
   ========= Performance Analysis =============
   Setup Time:                      0h 0m 0s 0ms 761us
   Simulation Time (Total):         0h 2m 26s 783ms
   Simulation Time (Active):        0h 0m 7s 622ms
        Queue Processing Time:      0h 0m 7s 614ms
             Scheduling Time:       0h 0m 4s 233ms
             Computation Time:      0h 0m 0s 111ms
   System Clock:                    0.1GHz
   Runtime:                         149599 cycles
   Runtime:                         1495.99 us
   Stalls:                          0 cycles
   Executed Nodes:                  149598 cycles

   ========= Kernel Validation Stats ==========
   Kernel validation enabled:       NO
   Configured latency per check:    0 us

   --- Access Breakdown ---
   Total memory accesses (validated): 0
   Cache hits (0 latency):          0
   Validation requests (full lat):  0
   Coalesced waits (partial lat):   0
   Validations denied:              0

   --- Latency Breakdown ---
   Validation request latency:      0 us
   Coalesced wait latency:          0 us
   TOTAL SECURITY OVERHEAD:         0 us
   Avg latency per validation:      0 us
   Avg latency per coalesced wait:  0 us
   Avg overhead per blocked access: 0 us

   --- Cache Statistics ---
   Processes with cached pages:     0
   Unique pages validated (total):  0
   Cache hit rate:                  0%

   ========= IOMMU Stats =====================
   IOMMU enabled:                   YES
   IOMMU SimObject:                 system.body.iommu

   --- Access Breakdown ---
   Total IOMMU checks:              23617031
   IOTLB hits:                      23617016
   IOTLB misses (page walks):       15
   IOTLB hit rate:                  99.9999%

   --- Latency Breakdown ---
   TOTAL IOMMU OVERHEAD:            47249 us
   Avg latency per access:          0.00200063 us

********************************************************************************
system.body.body_dwconv.llvm_interface
Total Area: 1.29609e+06
Total Power Static: 10000

Total Power Dynamic: 113736
   ========= Performance Analysis =============
   Setup Time:                      0h 0m 0s 9ms 175us
   Simulation Time (Total):         0h 2m 56s 445ms
   Simulation Time (Active):        0h 1m 0s 191ms
        Queue Processing Time:      0h 1m 0s 184ms
             Scheduling Time:       0h 0m 55s 161ms
             Computation Time:      0h 0m 0s 633ms
   System Clock:                    0.1GHz
   Runtime:                         180807 cycles
   Runtime:                         1808.07 us
   Stalls:                          0 cycles
   Executed Nodes:                  180806 cycles

   ========= Kernel Validation Stats ==========
   Kernel validation enabled:       NO
   Configured latency per check:    0 us

   --- Access Breakdown ---
   Total memory accesses (validated): 0
   Cache hits (0 latency):          0
   Validation requests (full lat):  0
   Coalesced waits (partial lat):   0
   Validations denied:              0

   --- Latency Breakdown ---
   Validation request latency:      0 us
   Coalesced wait latency:          0 us
   TOTAL SECURITY OVERHEAD:         0 us
   Avg latency per validation:      0 us
   Avg latency per coalesced wait:  0 us
   Avg overhead per blocked access: 0 us

   --- Cache Statistics ---
   Processes with cached pages:     0
   Unique pages validated (total):  0
   Cache hit rate:                  0%

   ========= IOMMU Stats =====================
   IOMMU enabled:                   YES
   IOMMU SimObject:                 system.body.iommu

   --- Access Breakdown ---
   Total IOMMU checks:              23763263
   IOTLB hits:                      23763248
   IOTLB misses (page walks):       15
   IOTLB hit rate:                  99.9999%

   --- Latency Breakdown ---
   TOTAL IOMMU OVERHEAD:            47541.5 us
   Avg latency per access:          0.00200063 us

********************************************************************************
system.body.body_pwconv1.llvm_interface
Total Area: 7.49685e+06
Total Power Static: 46184.6

Total Power Dynamic: 456743
   ========= Performance Analysis =============
   Setup Time:                      0h 0m 0s 141ms 828us
   Simulation Time (Total):         0h 2m 56s 331ms
   Simulation Time (Active):        0h 1m 38s 747ms
        Queue Processing Time:      0h 1m 38s 741ms
             Scheduling Time:       0h 1m 28s 363ms
             Computation Time:      0h 0m 2s 684ms
   System Clock:                    0.1GHz
   Runtime:                         182901 cycles
   Runtime:                         1829.01 us
   Stalls:                          0 cycles
   Executed Nodes:                  182900 cycles

   ========= Kernel Validation Stats ==========
   Kernel validation enabled:       NO
   Configured latency per check:    0 us

   --- Access Breakdown ---
   Total memory accesses (validated): 0
   Cache hits (0 latency):          0
   Validation requests (full lat):  0
   Coalesced waits (partial lat):   0
   Validations denied:              0

   --- Latency Breakdown ---
   Validation request latency:      0 us
   Coalesced wait latency:          0 us
   TOTAL SECURITY OVERHEAD:         0 us
   Avg latency per validation:      0 us
   Avg latency per coalesced wait:  0 us
   Avg overhead per blocked access: 0 us

   --- Cache Statistics ---
   Processes with cached pages:     0
   Unique pages validated (total):  0
   Cache hit rate:                  0%

   ========= IOMMU Stats =====================
   IOMMU enabled:                   YES
   IOMMU SimObject:                 system.body.iommu

   --- Access Breakdown ---
   Total IOMMU checks:              23764501
   IOTLB hits:                      23764486
   IOTLB misses (page walks):       15
   IOTLB hit rate:                  99.9999%

   --- Latency Breakdown ---
   TOTAL IOMMU OVERHEAD:            47544 us
   Avg latency per access:          0.00200063 us

********************************************************************************
system.body.body_top.llvm_interface
Total Area: 37494.1
Total Power Static: 0.961013

Total Power Dynamic: 4.76126
   ========= Performance Analysis =============
   Setup Time:                      0h 0m 0s 7ms 229us
   Simulation Time (Total):         0h 2m 56s 919ms
   Simulation Time (Active):        0h 0m 0s 59ms
        Queue Processing Time:      0h 0m 0s 43ms
             Scheduling Time:       0h 0m 0s 18ms
             Computation Time:      0h 0m 0s 4ms
   System Clock:                    0.1GHz
   Runtime:                         201435 cycles
   Runtime:                         2014.35 us
   Stalls:                          0 cycles
   Executed Nodes:                  201434 cycles

   ========= Kernel Validation Stats ==========
   Kernel validation enabled:       NO
   Configured latency per check:    0 us

   --- Access Breakdown ---
   Total memory accesses (validated): 0
   Cache hits (0 latency):          0
   Validation requests (full lat):  0
   Coalesced waits (partial lat):   0
   Validations denied:              0

   --- Latency Breakdown ---
   Validation request latency:      0 us
   Coalesced wait latency:          0 us
   TOTAL SECURITY OVERHEAD:         0 us
   Avg latency per validation:      0 us
   Avg latency per coalesced wait:  0 us
   Avg overhead per blocked access: 0 us

   --- Cache Statistics ---
   Processes with cached pages:     0
   Unique pages validated (total):  0
   Cache hit rate:                  0%

   ========= IOMMU Stats =====================
   IOMMU enabled:                   YES
   IOMMU SimObject:                 system.body.iommu

   --- Access Breakdown ---
   Total IOMMU checks:              23764503
   IOTLB hits:                      23764488
   IOTLB misses (page walks):       15
   IOTLB hit rate:                  99.9999%

   --- Latency Breakdown ---
   TOTAL IOMMU OVERHEAD:            47544 us
   Avg latency per access:          0.00200063 us

********************************************************************************
system.body.body_residual.llvm_interface
Total Area: 5921.62
Total Power Static: 5.48299

Total Power Dynamic: 16.4484
   ========= Performance Analysis =============
   Setup Time:                      0h 0m 0s 0ms 397us
   Simulation Time (Total):         0h 2m 17s 569ms
   Simulation Time (Active):        0h 0m 0s 29ms
        Queue Processing Time:      0h 0m 0s 20ms
             Scheduling Time:       0h 0m 0s 8ms
             Computation Time:      0h 0m 0s 0ms
   System Clock:                    0.1GHz
   Runtime:                         136683 cycles
   Runtime:                         1366.83 us
   Stalls:                          0 cycles
   Executed Nodes:                  136682 cycles

   ========= Kernel Validation Stats ==========
   Kernel validation enabled:       NO
   Configured latency per check:    0 us

   --- Access Breakdown ---
   Total memory accesses (validated): 0
   Cache hits (0 latency):          0
   Validation requests (full lat):  0
   Coalesced waits (partial lat):   0
   Validations denied:              0

   --- Latency Breakdown ---
   Validation request latency:      0 us
   Coalesced wait latency:          0 us
   TOTAL SECURITY OVERHEAD:         0 us
   Avg latency per validation:      0 us
   Avg latency per coalesced wait:  0 us
   Avg overhead per blocked access: 0 us

   --- Cache Statistics ---
   Processes with cached pages:     0
   Unique pages validated (total):  0
   Cache hit rate:                  0%

   ========= IOMMU Stats =====================
   IOMMU enabled:                   YES
   IOMMU SimObject:                 system.body.iommu

   --- Access Breakdown ---
   Total IOMMU checks:              24417653
   IOTLB hits:                      24417638
   IOTLB misses (page walks):       15
   IOTLB hit rate:                  99.9999%

   --- Latency Breakdown ---
   TOTAL IOMMU OVERHEAD:            48850.3 us
   Avg latency per access:          0.00200061 us

********************************************************************************
system.body.body_pwconv0.llvm_interface
Total Area: 132416
Total Power Static: 918.962

Total Power Dynamic: 22508.7
   ========= Performance Analysis =============
   Setup Time:                      0h 0m 0s 0ms 779us
   Simulation Time (Total):         0h 2m 47s 734ms
   Simulation Time (Active):        0h 0m 10s 255ms
        Queue Processing Time:      0h 0m 10s 247ms
             Scheduling Time:       0h 0m 5s 642ms
             Computation Time:      0h 0m 0s 151ms
   System Clock:                    0.1GHz
   Runtime:                         166317 cycles
   Runtime:                         1663.17 us
   Stalls:                          0 cycles
   Executed Nodes:                  166316 cycles

   ========= Kernel Validation Stats ==========
   Kernel validation enabled:       NO
   Configured latency per check:    0 us

   --- Access Breakdown ---
   Total memory accesses (validated): 0
   Cache hits (0 latency):          0
   Validation requests (full lat):  0
   Coalesced waits (partial lat):   0
   Validations denied:              0

   --- Latency Breakdown ---
   Validation request latency:      0 us
   Coalesced wait latency:          0 us
   TOTAL SECURITY OVERHEAD:         0 us
   Avg latency per validation:      0 us
   Avg latency per coalesced wait:  0 us
   Avg overhead per blocked access: 0 us

   --- Cache Statistics ---
   Processes with cached pages:     0
   Unique pages validated (total):  0
   Cache hit rate:                  0%

   ========= IOMMU Stats =====================
   IOMMU enabled:                   YES
   IOMMU SimObject:                 system.body.iommu

   --- Access Breakdown ---
   Total IOMMU checks:              24562516
   IOTLB hits:                      24562501
   IOTLB misses (page walks):       15
   IOTLB hit rate:                  99.9999%

   --- Latency Breakdown ---
   TOTAL IOMMU OVERHEAD:            49140 us
   Avg latency per access:          0.00200061 us

********************************************************************************
system.body.body_dwconv.llvm_interface
Total Area: 1.4257e+06
Total Power Static: 13333.2

Total Power Dynamic: 151645
   ========= Performance Analysis =============
   Setup Time:                      0h 0m 0s 9ms 442us
   Simulation Time (Total):         0h 3m 21s 459ms
   Simulation Time (Active):        0h 1m 20s 520ms
        Queue Processing Time:      0h 1m 20s 511ms
             Scheduling Time:       0h 1m 14s 203ms
             Computation Time:      0h 0m 0s 855ms
   System Clock:                    0.1GHz
   Runtime:                         201299 cycles
   Runtime:                         2012.99 us
   Stalls:                          0 cycles
   Executed Nodes:                  201298 cycles

   ========= Kernel Validation Stats ==========
   Kernel validation enabled:       NO
   Configured latency per check:    0 us

   --- Access Breakdown ---
   Total memory accesses (validated): 0
   Cache hits (0 latency):          0
   Validation requests (full lat):  0
   Coalesced waits (partial lat):   0
   Validations denied:              0

   --- Latency Breakdown ---
   Validation request latency:      0 us
   Coalesced wait latency:          0 us
   TOTAL SECURITY OVERHEAD:         0 us
   Avg latency per validation:      0 us
   Avg latency per coalesced wait:  0 us
   Avg overhead per blocked access: 0 us

   --- Cache Statistics ---
   Processes with cached pages:     0
   Unique pages validated (total):  0
   Cache hit rate:                  0%

   ========= IOMMU Stats =====================
   IOMMU enabled:                   YES
   IOMMU SimObject:                 system.body.iommu

   --- Access Breakdown ---
   Total IOMMU checks:              24723829
   IOTLB hits:                      24723814
   IOTLB misses (page walks):       15
   IOTLB hit rate:                  99.9999%

   --- Latency Breakdown ---
   TOTAL IOMMU OVERHEAD:            49462.6 us
   Avg latency per access:          0.00200061 us

********************************************************************************
system.body.body_pwconv1.llvm_interface
Total Area: 8.24653e+06
Total Power Static: 46184.6

Total Power Dynamic: 456743
   ========= Performance Analysis =============
   Setup Time:                      0h 0m 0s 134ms 755us
   Simulation Time (Total):         0h 3m 21s 331ms
   Simulation Time (Active):        0h 1m 39s 845ms
        Queue Processing Time:      0h 1m 39s 839ms
             Scheduling Time:       0h 1m 29s 125ms
             Computation Time:      0h 0m 2s 679ms
   System Clock:                    0.1GHz
   Runtime:                         201988 cycles
   Runtime:                         2019.88 us
   Stalls:                          0 cycles
   Executed Nodes:                  201987 cycles

   ========= Kernel Validation Stats ==========
   Kernel validation enabled:       NO
   Configured latency per check:    0 us

   --- Access Breakdown ---
   Total memory accesses (validated): 0
   Cache hits (0 latency):          0
   Validation requests (full lat):  0
   Coalesced waits (partial lat):   0
   Validations denied:              0

   --- Latency Breakdown ---
   Validation request latency:      0 us
   Coalesced wait latency:          0 us
   TOTAL SECURITY OVERHEAD:         0 us
   Avg latency per validation:      0 us
   Avg latency per coalesced wait:  0 us
   Avg overhead per blocked access: 0 us

   --- Cache Statistics ---
   Processes with cached pages:     0
   Unique pages validated (total):  0
   Cache hit rate:                  0%

   ========= IOMMU Stats =====================
   IOMMU enabled:                   YES
   IOMMU SimObject:                 system.body.iommu

   --- Access Breakdown ---
   Total IOMMU checks:              24724590
   IOTLB hits:                      24724575
   IOTLB misses (page walks):       15
   IOTLB hit rate:                  99.9999%

   --- Latency Breakdown ---
   TOTAL IOMMU OVERHEAD:            49464.1 us
   Avg latency per access:          0.00200061 us

********************************************************************************
system.body.body_top.llvm_interface
Total Area: 41243.6
Total Power Static: 0.961013

Total Power Dynamic: 4.76126
   ========= Performance Analysis =============
   Setup Time:                      0h 0m 0s 7ms 307us
   Simulation Time (Total):         0h 3m 21s 889ms
   Simulation Time (Active):        0h 0m 0s 69ms
        Queue Processing Time:      0h 0m 0s 52ms
             Scheduling Time:       0h 0m 0s 21ms
             Computation Time:      0h 0m 0s 5ms
   System Clock:                    0.1GHz
   Runtime:                         220520 cycles
   Runtime:                         2205.2 us
   Stalls:                          0 cycles
   Executed Nodes:                  220519 cycles

   ========= Kernel Validation Stats ==========
   Kernel validation enabled:       NO
   Configured latency per check:    0 us

   --- Access Breakdown ---
   Total memory accesses (validated): 0
   Cache hits (0 latency):          0
   Validation requests (full lat):  0
   Coalesced waits (partial lat):   0
   Validations denied:              0

   --- Latency Breakdown ---
   Validation request latency:      0 us
   Coalesced wait latency:          0 us
   TOTAL SECURITY OVERHEAD:         0 us
   Avg latency per validation:      0 us
   Avg latency per coalesced wait:  0 us
   Avg overhead per blocked access: 0 us

   --- Cache Statistics ---
   Processes with cached pages:     0
   Unique pages validated (total):  0
   Cache hit rate:                  0%

   ========= IOMMU Stats =====================
   IOMMU enabled:                   YES
   IOMMU SimObject:                 system.body.iommu

   --- Access Breakdown ---
   Total IOMMU checks:              24724592
   IOTLB hits:                      24724577
   IOTLB misses (page walks):       15
   IOTLB hit rate:                  99.9999%

   --- Latency Breakdown ---
   TOTAL IOMMU OVERHEAD:            49464.2 us
   Avg latency per access:          0.00200061 us

********************************************************************************
system.body.body_residual.llvm_interface
Total Area: 6459.95
Total Power Static: 8.22567

Total Power Dynamic: 32.8969
   ========= Performance Analysis =============
   Setup Time:                      0h 0m 0s 0ms 386us
   Simulation Time (Total):         0h 2m 18s 176ms
   Simulation Time (Active):        0h 0m 0s 33ms
        Queue Processing Time:      0h 0m 0s 23ms
             Scheduling Time:       0h 0m 0s 10ms
             Computation Time:      0h 0m 0s 1ms
   System Clock:                    0.1GHz
   Runtime:                         137027 cycles
   Runtime:                         1370.27 us
   Stalls:                          0 cycles
   Executed Nodes:                  137026 cycles

   ========= Kernel Validation Stats ==========
   Kernel validation enabled:       NO
   Configured latency per check:    0 us

   --- Access Breakdown ---
   Total memory accesses (validated): 0
   Cache hits (0 latency):          0
   Validation requests (full lat):  0
   Coalesced waits (partial lat):   0
   Validations denied:              0

   --- Latency Breakdown ---
   Validation request latency:      0 us
   Coalesced wait latency:          0 us
   TOTAL SECURITY OVERHEAD:         0 us
   Avg latency per validation:      0 us
   Avg latency per coalesced wait:  0 us
   Avg overhead per blocked access: 0 us

   --- Cache Statistics ---
   Processes with cached pages:     0
   Unique pages validated (total):  0
   Cache hit rate:                  0%

   ========= IOMMU Stats =====================
   IOMMU enabled:                   YES
   IOMMU SimObject:                 system.body.iommu

   --- Access Breakdown ---
   Total IOMMU checks:              25378915
   IOTLB hits:                      25378900
   IOTLB misses (page walks):       15
   IOTLB hit rate:                  99.9999%

   --- Latency Breakdown ---
   TOTAL IOMMU OVERHEAD:            50772.8 us
   Avg latency per access:          0.00200059 us

********************************************************************************
system.body.body_pwconv0.llvm_interface
Total Area: 144454
Total Power Static: 918.962

Total Power Dynamic: 22508.7
   ========= Performance Analysis =============
   Setup Time:                      0h 0m 0s 0ms 760us
   Simulation Time (Total):         0h 2m 48s 581ms
   Simulation Time (Active):        0h 0m 10s 421ms
        Queue Processing Time:      0h 0m 10s 414ms
             Scheduling Time:       0h 0m 5s 779ms
             Computation Time:      0h 0m 0s 151ms
   System Clock:                    0.1GHz
   Runtime:                         166661 cycles
   Runtime:                         1666.61 us
   Stalls:                          0 cycles
   Executed Nodes:                  166660 cycles

   ========= Kernel Validation Stats ==========
   Kernel validation enabled:       NO
   Configured latency per check:    0 us

   --- Access Breakdown ---
   Total memory accesses (validated): 0
   Cache hits (0 latency):          0
   Validation requests (full lat):  0
   Coalesced waits (partial lat):   0
   Validations denied:              0

   --- Latency Breakdown ---
   Validation request latency:      0 us
   Coalesced wait latency:          0 us
   TOTAL SECURITY OVERHEAD:         0 us
   Avg latency per validation:      0 us
   Avg latency per coalesced wait:  0 us
   Avg overhead per blocked access: 0 us

   --- Cache Statistics ---
   Processes with cached pages:     0
   Unique pages validated (total):  0
   Cache hit rate:                  0%

   ========= IOMMU Stats =====================
   IOMMU enabled:                   YES
   IOMMU SimObject:                 system.body.iommu

   --- Access Breakdown ---
   Total IOMMU checks:              25523778
   IOTLB hits:                      25523763
   IOTLB misses (page walks):       15
   IOTLB hit rate:                  99.9999%

   --- Latency Breakdown ---
   TOTAL IOMMU OVERHEAD:            51062.5 us
   Avg latency per access:          0.00200059 us

********************************************************************************
system.body.body_dwconv.llvm_interface
Total Area: 1.55531e+06
Total Power Static: 13333.2

Total Power Dynamic: 151645
   ========= Performance Analysis =============
   Setup Time:                      0h 0m 0s 9ms 165us
   Simulation Time (Total):         0h 3m 22s 626ms
   Simulation Time (Active):        0h 1m 20s 759ms
        Queue Processing Time:      0h 1m 20s 750ms
             Scheduling Time:       0h 1m 14s 435ms
             Computation Time:      0h 0m 0s 851ms
   System Clock:                    0.1GHz
   Runtime:                         201643 cycles
   Runtime:                         2016.43 us
   Stalls:                          0 cycles
   Executed Nodes:                  201642 cycles

   ========= Kernel Validation Stats ==========
   Kernel validation enabled:       NO
   Configured latency per check:    0 us

   --- Access Breakdown ---
   Total memory accesses (validated): 0
   Cache hits (0 latency):          0
   Validation requests (full lat):  0
   Coalesced waits (partial lat):   0
   Validations denied:              0

   --- Latency Breakdown ---
   Validation request latency:      0 us
   Coalesced wait latency:          0 us
   TOTAL SECURITY OVERHEAD:         0 us
   Avg latency per validation:      0 us
   Avg latency per coalesced wait:  0 us
   Avg overhead per blocked access: 0 us

   --- Cache Statistics ---
   Processes with cached pages:     0
   Unique pages validated (total):  0
   Cache hit rate:                  0%

   ========= IOMMU Stats =====================
   IOMMU enabled:                   YES
   IOMMU SimObject:                 system.body.iommu

   --- Access Breakdown ---
   Total IOMMU checks:              25685091
   IOTLB hits:                      25685076
   IOTLB misses (page walks):       15
   IOTLB hit rate:                  99.9999%

   --- Latency Breakdown ---
   TOTAL IOMMU OVERHEAD:            51385.2 us
   Avg latency per access:          0.00200058 us

********************************************************************************
system.body.body_pwconv1.llvm_interface
Total Area: 8.99621e+06
Total Power Static: 46184.6

Total Power Dynamic: 456743
   ========= Performance Analysis =============
   Setup Time:                      0h 0m 0s 136ms 54us
   Simulation Time (Total):         0h 3m 22s 495ms
   Simulation Time (Active):        0h 1m 40s 499ms
        Queue Processing Time:      0h 1m 40s 493ms
             Scheduling Time:       0h 1m 29s 722ms
             Computation Time:      0h 0m 2s 683ms
   System Clock:                    0.1GHz
   Runtime:                         202332 cycles
   Runtime:                         2023.32 us
   Stalls:                          0 cycles
   Executed Nodes:                  202331 cycles

   ========= Kernel Validation Stats ==========
   Kernel validation enabled:       NO
   Configured latency per check:    0 us

   --- Access Breakdown ---
   Total memory accesses (validated): 0
   Cache hits (0 latency):          0
   Validation requests (full lat):  0
   Coalesced waits (partial lat):   0
   Validations denied:              0

   --- Latency Breakdown ---
   Validation request latency:      0 us
   Coalesced wait latency:          0 us
   TOTAL SECURITY OVERHEAD:         0 us
   Avg latency per validation:      0 us
   Avg latency per coalesced wait:  0 us
   Avg overhead per blocked access: 0 us

   --- Cache Statistics ---
   Processes with cached pages:     0
   Unique pages validated (total):  0
   Cache hit rate:                  0%

   ========= IOMMU Stats =====================
   IOMMU enabled:                   YES
   IOMMU SimObject:                 system.body.iommu

   --- Access Breakdown ---
   Total IOMMU checks:              25685852
   IOTLB hits:                      25685837
   IOTLB misses (page walks):       15
   IOTLB hit rate:                  99.9999%

   --- Latency Breakdown ---
   TOTAL IOMMU OVERHEAD:            51386.7 us
   Avg latency per access:          0.00200058 us

********************************************************************************
system.body.body_top.llvm_interface
Total Area: 44993
Total Power Static: 0.960402

Total Power Dynamic: 4.75826
   ========= Performance Analysis =============
   Setup Time:                      0h 0m 0s 7ms 399us
   Simulation Time (Total):         0h 3m 23s 76ms
   Simulation Time (Active):        0h 0m 0s 70ms
        Queue Processing Time:      0h 0m 0s 53ms
             Scheduling Time:       0h 0m 0s 21ms
             Computation Time:      0h 0m 0s 5ms
   System Clock:                    0.1GHz
   Runtime:                         220854 cycles
   Runtime:                         2208.54 us
   Stalls:                          0 cycles
   Executed Nodes:                  220853 cycles

   ========= Kernel Validation Stats ==========
   Kernel validation enabled:       NO
   Configured latency per check:    0 us

   --- Access Breakdown ---
   Total memory accesses (validated): 0
   Cache hits (0 latency):          0
   Validation requests (full lat):  0
   Coalesced waits (partial lat):   0
   Validations denied:              0

   --- Latency Breakdown ---
   Validation request latency:      0 us
   Coalesced wait latency:          0 us
   TOTAL SECURITY OVERHEAD:         0 us
   Avg latency per validation:      0 us
   Avg latency per coalesced wait:  0 us
   Avg overhead per blocked access: 0 us

   --- Cache Statistics ---
   Processes with cached pages:     0
   Unique pages validated (total):  0
   Cache hit rate:                  0%

   ========= IOMMU Stats =====================
   IOMMU enabled:                   YES
   IOMMU SimObject:                 system.body.iommu

   --- Access Breakdown ---
   Total IOMMU checks:              25685854
   IOTLB hits:                      25685839
   IOTLB misses (page walks):       15
   IOTLB hit rate:                  99.9999%

   --- Latency Breakdown ---
   TOTAL IOMMU OVERHEAD:            51386.7 us
   Avg latency per access:          0.00200058 us

********************************************************************************
system.body.body_residual.llvm_interface
Total Area: 6998.28
Total Power Static: 8.22567

Total Power Dynamic: 32.8969
   ========= Performance Analysis =============
   Setup Time:                      0h 0m 0s 0ms 395us
   Simulation Time (Total):         0h 1m 34s 855ms
   Simulation Time (Active):        0h 0m 0s 25ms
        Queue Processing Time:      0h 0m 0s 19ms
             Scheduling Time:       0h 0m 0s 9ms
             Computation Time:      0h 0m 0s 1ms
   System Clock:                    0.1GHz
   Runtime:                         89988 cycles
   Runtime:                         899.88 us
   Stalls:                          0 cycles
   Executed Nodes:                  89987 cycles

   ========= Kernel Validation Stats ==========
   Kernel validation enabled:       NO
   Configured latency per check:    0 us

   --- Access Breakdown ---
   Total memory accesses (validated): 0
   Cache hits (0 latency):          0
   Validation requests (full lat):  0
   Coalesced waits (partial lat):   0
   Validations denied:              0

   --- Latency Breakdown ---
   Validation request latency:      0 us
   Coalesced wait latency:          0 us
   TOTAL SECURITY OVERHEAD:         0 us
   Avg latency per validation:      0 us
   Avg latency per coalesced wait:  0 us
   Avg overhead per blocked access: 0 us

   --- Cache Statistics ---
   Processes with cached pages:     0
   Unique pages validated (total):  0
   Cache hit rate:                  0%

   ========= IOMMU Stats =====================
   IOMMU enabled:                   YES
   IOMMU SimObject:                 system.body.iommu

   --- Access Breakdown ---
   Total IOMMU checks:              26112970
   IOTLB hits:                      26112953
   IOTLB misses (page walks):       17
   IOTLB hit rate:                  99.9999%

   --- Latency Breakdown ---
   TOTAL IOMMU OVERHEAD:            52242.9 us
   Avg latency per access:          0.00200065 us

********************************************************************************
system.body.body_pwconv0.llvm_interface
Total Area: 156491
Total Power Static: 918.962

Total Power Dynamic: 22508.7
   ========= Performance Analysis =============
   Setup Time:                      0h 0m 0s 0ms 779us
   Simulation Time (Total):         0h 2m 1s 882ms
   Simulation Time (Active):        0h 0m 9s 659ms
        Queue Processing Time:      0h 0m 9s 652ms
             Scheduling Time:       0h 0m 5s 600ms
             Computation Time:      0h 0m 0s 148ms
   System Clock:                    0.1GHz
   Runtime:                         116251 cycles
   Runtime:                         1162.51 us
   Stalls:                          0 cycles
   Executed Nodes:                  116250 cycles

   ========= Kernel Validation Stats ==========
   Kernel validation enabled:       NO
   Configured latency per check:    0 us

   --- Access Breakdown ---
   Total memory accesses (validated): 0
   Cache hits (0 latency):          0
   Validation requests (full lat):  0
   Coalesced waits (partial lat):   0
   Validations denied:              0

   --- Latency Breakdown ---
   Validation request latency:      0 us
   Coalesced wait latency:          0 us
   TOTAL SECURITY OVERHEAD:         0 us
   Avg latency per validation:      0 us
   Avg latency per coalesced wait:  0 us
   Avg overhead per blocked access: 0 us

   --- Cache Statistics ---
   Processes with cached pages:     0
   Unique pages validated (total):  0
   Cache hit rate:                  0%

   ========= IOMMU Stats =====================
   IOMMU enabled:                   YES
   IOMMU SimObject:                 system.body.iommu

   --- Access Breakdown ---
   Total IOMMU checks:              26243334
   IOTLB hits:                      26243317
   IOTLB misses (page walks):       17
   IOTLB hit rate:                  99.9999%

   --- Latency Breakdown ---
   TOTAL IOMMU OVERHEAD:            52503.6 us
   Avg latency per access:          0.00200065 us

********************************************************************************
system.body.body_pwconv1.llvm_interface
Total Area: 9.7459e+06
Total Power Static: 20189.6

Total Power Dynamic: 199684
   ========= Performance Analysis =============
   Setup Time:                      0h 0m 0s 135ms 461us
   Simulation Time (Total):         0h 2m 4s 911ms
   Simulation Time (Active):        0h 0m 42s 776ms
        Queue Processing Time:      0h 0m 42s 773ms
             Scheduling Time:       0h 0m 38s 359ms
             Computation Time:      0h 0m 1s 164ms
   System Clock:                    0.1GHz
   Runtime:                         119133 cycles
   Runtime:                         1191.33 us
   Stalls:                          0 cycles
   Executed Nodes:                  119132 cycles

   ========= Kernel Validation Stats ==========
   Kernel validation enabled:       NO
   Configured latency per check:    0 us

   --- Access Breakdown ---
   Total memory accesses (validated): 0
   Cache hits (0 latency):          0
   Validation requests (full lat):  0
   Coalesced waits (partial lat):   0
   Validations denied:              0

   --- Latency Breakdown ---
   Validation request latency:      0 us
   Coalesced wait latency:          0 us
   TOTAL SECURITY OVERHEAD:         0 us
   Avg latency per validation:      0 us
   Avg latency per coalesced wait:  0 us
   Avg overhead per blocked access: 0 us

   --- Cache Statistics ---
   Processes with cached pages:     0
   Unique pages validated (total):  0
   Cache hit rate:                  0%

   ========= IOMMU Stats =====================
   IOMMU enabled:                   YES
   IOMMU SimObject:                 system.body.iommu

   --- Access Breakdown ---
   Total IOMMU checks:              26255991
   IOTLB hits:                      26255974
   IOTLB misses (page walks):       17
   IOTLB hit rate:                  99.9999%

   --- Latency Breakdown ---
   TOTAL IOMMU OVERHEAD:            52528.9 us
   Avg latency per access:          0.00200065 us

********************************************************************************
system.body.body_dwconv.llvm_interface
Total Area: 1.68492e+06
Total Power Static: 13321

Total Power Dynamic: 151645
   ========= Performance Analysis =============
   Setup Time:                      0h 0m 0s 8ms 865us
   Simulation Time (Total):         0h 2m 17s 836ms
   Simulation Time (Active):        0h 1m 18s 778ms
        Queue Processing Time:      0h 1m 18s 770ms
             Scheduling Time:       0h 1m 13s 194ms
             Computation Time:      0h 0m 0s 845ms
   System Clock:                    0.1GHz
   Runtime:                         130689 cycles
   Runtime:                         1306.89 us
   Stalls:                          0 cycles
   Executed Nodes:                  130688 cycles

   ========= Kernel Validation Stats ==========
   Kernel validation enabled:       NO
   Configured latency per check:    0 us

   --- Access Breakdown ---
   Total memory accesses (validated): 0
   Cache hits (0 latency):          0
   Validation requests (full lat):  0
   Coalesced waits (partial lat):   0
   Validations denied:              0

   --- Latency Breakdown ---
   Validation request latency:      0 us
   Coalesced wait latency:          0 us
   TOTAL SECURITY OVERHEAD:         0 us
   Avg latency per validation:      0 us
   Avg latency per coalesced wait:  0 us
   Avg overhead per blocked access: 0 us

   --- Cache Statistics ---
   Processes with cached pages:     0
   Unique pages validated (total):  0
   Cache hit rate:                  0%

   ========= IOMMU Stats =====================
   IOMMU enabled:                   YES
   IOMMU SimObject:                 system.body.iommu

   --- Access Breakdown ---
   Total IOMMU checks:              26304607
   IOTLB hits:                      26304590
   IOTLB misses (page walks):       17
   IOTLB hit rate:                  99.9999%

   --- Latency Breakdown ---
   TOTAL IOMMU OVERHEAD:            52626.2 us
   Avg latency per access:          0.00200064 us

********************************************************************************
system.body.body_top.llvm_interface
Total Area: 48742.4
Total Power Static: 0.961013

Total Power Dynamic: 4.76126
   ========= Performance Analysis =============
   Setup Time:                      0h 0m 0s 7ms 307us
   Simulation Time (Total):         0h 2m 18s 254ms
   Simulation Time (Active):        0h 0m 0s 53ms
        Queue Processing Time:      0h 0m 0s 41ms
             Scheduling Time:       0h 0m 0s 17ms
             Computation Time:      0h 0m 0s 4ms
   System Clock:                    0.1GHz
   Runtime:                         149219 cycles
   Runtime:                         1492.19 us
   Stalls:                          0 cycles
   Executed Nodes:                  149218 cycles

   ========= Kernel Validation Stats ==========
   Kernel validation enabled:       NO
   Configured latency per check:    0 us

   --- Access Breakdown ---
   Total memory accesses (validated): 0
   Cache hits (0 latency):          0
   Validation requests (full lat):  0
   Coalesced waits (partial lat):   0
   Validations denied:              0

   --- Latency Breakdown ---
   Validation request latency:      0 us
   Coalesced wait latency:          0 us
   TOTAL SECURITY OVERHEAD:         0 us
   Avg latency per validation:      0 us
   Avg latency per coalesced wait:  0 us
   Avg overhead per blocked access: 0 us

   --- Cache Statistics ---
   Processes with cached pages:     0
   Unique pages validated (total):  0
   Cache hit rate:                  0%

   ========= IOMMU Stats =====================
   IOMMU enabled:                   YES
   IOMMU SimObject:                 system.body.iommu

   --- Access Breakdown ---
   Total IOMMU checks:              26304610
   IOTLB hits:                      26304593
   IOTLB misses (page walks):       17
   IOTLB hit rate:                  99.9999%

   --- Latency Breakdown ---
   TOTAL IOMMU OVERHEAD:            52626.2 us
   Avg latency per access:          0.00200064 us

********************************************************************************
system.body.body_residual.llvm_interface
Total Area: 7536.61
Total Power Static: 2.39747

Total Power Dynamic: 7.19619
   ========= Performance Analysis =============
   Setup Time:                      0h 0m 0s 0ms 398us
   Simulation Time (Total):         0h 0m 23s 568ms
   Simulation Time (Active):        0h 0m 0s 7ms
        Queue Processing Time:      0h 0m 0s 5ms
             Scheduling Time:       0h 0m 0s 2ms
             Computation Time:      0h 0m 0s 0ms
   System Clock:                    0.1GHz
   Runtime:                         29644 cycles
   Runtime:                         296.44 us
   Stalls:                          0 cycles
   Executed Nodes:                  29643 cycles

   ========= Kernel Validation Stats ==========
   Kernel validation enabled:       NO
   Configured latency per check:    0 us

   --- Access Breakdown ---
   Total memory accesses (validated): 0
   Cache hits (0 latency):          0
   Validation requests (full lat):  0
   Coalesced waits (partial lat):   0
   Validations denied:              0

   --- Latency Breakdown ---
   Validation request latency:      0 us
   Coalesced wait latency:          0 us
   TOTAL SECURITY OVERHEAD:         0 us
   Avg latency per validation:      0 us
   Avg latency per coalesced wait:  0 us
   Avg overhead per blocked access: 0 us

   --- Cache Statistics ---
   Processes with cached pages:     0
   Unique pages validated (total):  0
   Cache hit rate:                  0%

   ========= IOMMU Stats =====================
   IOMMU enabled:                   YES
   IOMMU SimObject:                 system.body.iommu

   --- Access Breakdown ---
   Total IOMMU checks:              26434866
   IOTLB hits:                      26434848
   IOTLB misses (page walks):       18
   IOTLB hit rate:                  99.9999%

   --- Latency Breakdown ---
   TOTAL IOMMU OVERHEAD:            52887.7 us
   Avg latency per access:          0.00200068 us

********************************************************************************
system.body.body_pwconv0.llvm_interface
Total Area: 168529
Total Power Static: 399.351

Total Power Dynamic: 9823.92
   ========= Performance Analysis =============
   Setup Time:                      0h 0m 0s 0ms 740us
   Simulation Time (Total):         0h 0m 49s 357ms
   Simulation Time (Active):        0h 0m 2s 912ms
        Queue Processing Time:      0h 0m 2s 907ms
             Scheduling Time:       0h 0m 1s 694ms
             Computation Time:      0h 0m 0s 52ms
   System Clock:                    0.1GHz
   Runtime:                         55754 cycles
   Runtime:                         557.54 us
   Stalls:                          0 cycles
   Executed Nodes:                  55753 cycles

   ========= Kernel Validation Stats ==========
   Kernel validation enabled:       NO
   Configured latency per check:    0 us

   --- Access Breakdown ---
   Total memory accesses (validated): 0
   Cache hits (0 latency):          0
   Validation requests (full lat):  0
   Coalesced waits (partial lat):   0
   Validations denied:              0

   --- Latency Breakdown ---
   Validation request latency:      0 us
   Coalesced wait latency:          0 us
   TOTAL SECURITY OVERHEAD:         0 us
   Avg latency per validation:      0 us
   Avg latency per coalesced wait:  0 us
   Avg overhead per blocked access: 0 us

   --- Cache Statistics ---
   Processes with cached pages:     0
   Unique pages validated (total):  0
   Cache hit rate:                  0%

   ========= IOMMU Stats =====================
   IOMMU enabled:                   YES
   IOMMU SimObject:                 system.body.iommu

   --- Access Breakdown ---
   Total IOMMU checks:              26562491
   IOTLB hits:                      26562473
   IOTLB misses (page walks):       18
   IOTLB hit rate:                  99.9999%

   --- Latency Breakdown ---
   TOTAL IOMMU OVERHEAD:            53142.9 us
   Avg latency per access:          0.00200068 us

********************************************************************************
system.body.body_pwconv1.llvm_interface
Total Area: 1.04956e+07
Total Power Static: 20189.6

Total Power Dynamic: 199684
   ========= Performance Analysis =============
   Setup Time:                      0h 0m 0s 132ms 538us
   Simulation Time (Total):         0h 1m 21s 435ms
   Simulation Time (Active):        0h 0m 39s 935ms
        Queue Processing Time:      0h 0m 39s 931ms
             Scheduling Time:       0h 0m 35s 696ms
             Computation Time:      0h 0m 1s 115ms
   System Clock:                    0.1GHz
   Runtime:                         87470 cycles
   Runtime:                         874.7 us
   Stalls:                          0 cycles
   Executed Nodes:                  87469 cycles

   ========= Kernel Validation Stats ==========
   Kernel validation enabled:       NO
   Configured latency per check:    0 us

   --- Access Breakdown ---
   Total memory accesses (validated): 0
   Cache hits (0 latency):          0
   Validation requests (full lat):  0
   Coalesced waits (partial lat):   0
   Validations denied:              0

   --- Latency Breakdown ---
   Validation request latency:      0 us
   Coalesced wait latency:          0 us
   TOTAL SECURITY OVERHEAD:         0 us
   Avg latency per validation:      0 us
   Avg latency per coalesced wait:  0 us
   Avg overhead per blocked access: 0 us

   --- Cache Statistics ---
   Processes with cached pages:     0
   Unique pages validated (total):  0
   Cache hit rate:                  0%

   ========= IOMMU Stats =====================
   IOMMU enabled:                   YES
   IOMMU SimObject:                 system.body.iommu

   --- Access Breakdown ---
   Total IOMMU checks:              26711609
   IOTLB hits:                      26711591
   IOTLB misses (page walks):       18
   IOTLB hit rate:                  99.9999%

   --- Latency Breakdown ---
   TOTAL IOMMU OVERHEAD:            53441.2 us
   Avg latency per access:          0.00200067 us

********************************************************************************
system.body.body_dwconv.llvm_interface
Total Area: 1.81453e+06
Total Power Static: 5467.5

Total Power Dynamic: 63163.1
   ========= Performance Analysis =============
   Setup Time:                      0h 0m 0s 8ms 735us
   Simulation Time (Total):         0h 1m 21s 756ms
   Simulation Time (Active):        0h 0m 34s 482ms
        Queue Processing Time:      0h 0m 34s 477ms
             Scheduling Time:       0h 0m 31s 561ms
             Computation Time:      0h 0m 0s 337ms
   System Clock:                    0.1GHz
   Runtime:                         88567 cycles
   Runtime:                         885.67 us
   Stalls:                          0 cycles
   Executed Nodes:                  88566 cycles

   ========= Kernel Validation Stats ==========
   Kernel validation enabled:       NO
   Configured latency per check:    0 us

   --- Access Breakdown ---
   Total memory accesses (validated): 0
   Cache hits (0 latency):          0
   Validation requests (full lat):  0
   Coalesced waits (partial lat):   0
   Validations denied:              0

   --- Latency Breakdown ---
   Validation request latency:      0 us
   Coalesced wait latency:          0 us
   TOTAL SECURITY OVERHEAD:         0 us
   Avg latency per validation:      0 us
   Avg latency per coalesced wait:  0 us
   Avg overhead per blocked access: 0 us

   --- Cache Statistics ---
   Processes with cached pages:     0
   Unique pages validated (total):  0
   Cache hit rate:                  0%

   ========= IOMMU Stats =====================
   IOMMU enabled:                   YES
   IOMMU SimObject:                 system.body.iommu

   --- Access Breakdown ---
   Total IOMMU checks:              26715788
   IOTLB hits:                      26715770
   IOTLB misses (page walks):       18
   IOTLB hit rate:                  99.9999%

   --- Latency Breakdown ---
   TOTAL IOMMU OVERHEAD:            53449.5 us
   Avg latency per access:          0.00200067 us

********************************************************************************
system.body.body_top.llvm_interface
Total Area: 52491.8
Total Power Static: 0.956735

Total Power Dynamic: 4.74024
   ========= Performance Analysis =============
   Setup Time:                      0h 0m 0s 18ms 514us
   Simulation Time (Total):         0h 1m 22s 136ms
   Simulation Time (Active):        0h 0m 0s 33ms
        Queue Processing Time:      0h 0m 0s 25ms
             Scheduling Time:       0h 0m 0s 11ms
             Computation Time:      0h 0m 0s 2ms
   System Clock:                    0.1GHz
   Runtime:                         107016 cycles
   Runtime:                         1070.16 us
   Stalls:                          0 cycles
   Executed Nodes:                  107015 cycles

   ========= Kernel Validation Stats ==========
   Kernel validation enabled:       NO
   Configured latency per check:    0 us

   --- Access Breakdown ---
   Total memory accesses (validated): 0
   Cache hits (0 latency):          0
   Validation requests (full lat):  0
   Coalesced waits (partial lat):   0
   Validations denied:              0

   --- Latency Breakdown ---
   Validation request latency:      0 us
   Coalesced wait latency:          0 us
   TOTAL SECURITY OVERHEAD:         0 us
   Avg latency per validation:      0 us
   Avg latency per coalesced wait:  0 us
   Avg overhead per blocked access: 0 us

   --- Cache Statistics ---
   Processes with cached pages:     0
   Unique pages validated (total):  0
   Cache hit rate:                  0%

   ========= IOMMU Stats =====================
   IOMMU enabled:                   YES
   IOMMU SimObject:                 system.body.iommu

   --- Access Breakdown ---
   Total IOMMU checks:              26715791
   IOTLB hits:                      26715773
   IOTLB misses (page walks):       18
   IOTLB hit rate:                  99.9999%

   --- Latency Breakdown ---
   TOTAL IOMMU OVERHEAD:            53449.5 us
   Avg latency per access:          0.00200067 us

********************************************************************************
system.body.body_residual.llvm_interface
Total Area: 8074.94
Total Power Static: 3.59739

Total Power Dynamic: 14.3924
   ========= Performance Analysis =============
   Setup Time:                      0h 0m 0s 0ms 394us
   Simulation Time (Total):         0h 0m 23s 865ms
   Simulation Time (Active):        0h 0m 0s 8ms
        Queue Processing Time:      0h 0m 0s 6ms
             Scheduling Time:       0h 0m 0s 2ms
             Computation Time:      0h 0m 0s 0ms
   System Clock:                    0.1GHz
   Runtime:                         30349 cycles
   Runtime:                         303.49 us
   Stalls:                          0 cycles
   Executed Nodes:                  30348 cycles

   ========= Kernel Validation Stats ==========
   Kernel validation enabled:       NO
   Configured latency per check:    0 us

   --- Access Breakdown ---
   Total memory accesses (validated): 0
   Cache hits (0 latency):          0
   Validation requests (full lat):  0
   Coalesced waits (partial lat):   0
   Validations denied:              0

   --- Latency Breakdown ---
   Validation request latency:      0 us
   Coalesced wait latency:          0 us
   TOTAL SECURITY OVERHEAD:         0 us
   Avg latency per validation:      0 us
   Avg latency per coalesced wait:  0 us
   Avg overhead per blocked access: 0 us

   --- Cache Statistics ---
   Processes with cached pages:     0
   Unique pages validated (total):  0
   Cache hit rate:                  0%

   ========= IOMMU Stats =====================
   IOMMU enabled:                   YES
   IOMMU SimObject:                 system.body.iommu

   --- Access Breakdown ---
   Total IOMMU checks:              26846634
   IOTLB hits:                      26846616
   IOTLB misses (page walks):       18
   IOTLB hit rate:                  99.9999%

   --- Latency Breakdown ---
   TOTAL IOMMU OVERHEAD:            53711.2 us
   Avg latency per access:          0.00200067 us

********************************************************************************
system.body.body_pwconv0.llvm_interface
Total Area: 180567
Total Power Static: 399.351

Total Power Dynamic: 9823.92
   ========= Performance Analysis =============
   Setup Time:                      0h 0m 0s 0ms 751us
   Simulation Time (Total):         0h 0m 49s 974ms
   Simulation Time (Active):        0h 0m 2s 955ms
        Queue Processing Time:      0h 0m 2s 950ms
             Scheduling Time:       0h 0m 1s 708ms
             Computation Time:      0h 0m 0s 52ms
   System Clock:                    0.1GHz
   Runtime:                         56454 cycles
   Runtime:                         564.54 us
   Stalls:                          0 cycles
   Executed Nodes:                  56453 cycles

   ========= Kernel Validation Stats ==========
   Kernel validation enabled:       NO
   Configured latency per check:    0 us

   --- Access Breakdown ---
   Total memory accesses (validated): 0
   Cache hits (0 latency):          0
   Validation requests (full lat):  0
   Coalesced waits (partial lat):   0
   Validations denied:              0

   --- Latency Breakdown ---
   Validation request latency:      0 us
   Coalesced wait latency:          0 us
   TOTAL SECURITY OVERHEAD:         0 us
   Avg latency per validation:      0 us
   Avg latency per coalesced wait:  0 us
   Avg overhead per blocked access: 0 us

   --- Cache Statistics ---
   Processes with cached pages:     0
   Unique pages validated (total):  0
   Cache hit rate:                  0%

   ========= IOMMU Stats =====================
   IOMMU enabled:                   YES
   IOMMU SimObject:                 system.body.iommu

   --- Access Breakdown ---
   Total IOMMU checks:              26974260
   IOTLB hits:                      26974242
   IOTLB misses (page walks):       18
   IOTLB hit rate:                  99.9999%

   --- Latency Breakdown ---
   TOTAL IOMMU OVERHEAD:            53966.5 us
   Avg latency per access:          0.00200067 us

********************************************************************************
system.body.body_pwconv1.llvm_interface
Total Area: 1.12453e+07
Total Power Static: 20189.6

Total Power Dynamic: 199684
   ========= Performance Analysis =============
   Setup Time:                      0h 0m 0s 133ms 989us
   Simulation Time (Total):         0h 1m 22s 559ms
   Simulation Time (Active):        0h 0m 40s 616ms
        Queue Processing Time:      0h 0m 40s 612ms
             Scheduling Time:       0h 0m 36s 294ms
             Computation Time:      0h 0m 1s 122ms
   System Clock:                    0.1GHz
   Runtime:                         88170 cycles
   Runtime:                         881.7 us
   Stalls:                          0 cycles
   Executed Nodes:                  88169 cycles

   ========= Kernel Validation Stats ==========
   Kernel validation enabled:       NO
   Configured latency per check:    0 us

   --- Access Breakdown ---
   Total memory accesses (validated): 0
   Cache hits (0 latency):          0
   Validation requests (full lat):  0
   Coalesced waits (partial lat):   0
   Validations denied:              0

   --- Latency Breakdown ---
   Validation request latency:      0 us
   Coalesced wait latency:          0 us
   TOTAL SECURITY OVERHEAD:         0 us
   Avg latency per validation:      0 us
   Avg latency per coalesced wait:  0 us
   Avg overhead per blocked access: 0 us

   --- Cache Statistics ---
   Processes with cached pages:     0
   Unique pages validated (total):  0
   Cache hit rate:                  0%

   ========= IOMMU Stats =====================
   IOMMU enabled:                   YES
   IOMMU SimObject:                 system.body.iommu

   --- Access Breakdown ---
   Total IOMMU checks:              27123378
   IOTLB hits:                      27123360
   IOTLB misses (page walks):       18
   IOTLB hit rate:                  99.9999%

   --- Latency Breakdown ---
   TOTAL IOMMU OVERHEAD:            54264.7 us
   Avg latency per access:          0.00200066 us

********************************************************************************
system.body.body_dwconv.llvm_interface
Total Area: 1.94414e+06
Total Power Static: 5467.5

Total Power Dynamic: 63163.1
   ========= Performance Analysis =============
   Setup Time:                      0h 0m 0s 9ms 36us
   Simulation Time (Total):         0h 1m 22s 879ms
   Simulation Time (Active):        0h 0m 34s 838ms
        Queue Processing Time:      0h 0m 34s 833ms
             Scheduling Time:       0h 0m 31s 833ms
             Computation Time:      0h 0m 0s 341ms
   System Clock:                    0.1GHz
   Runtime:                         89267 cycles
   Runtime:                         892.67 us
   Stalls:                          0 cycles
   Executed Nodes:                  89266 cycles

   ========= Kernel Validation Stats ==========
   Kernel validation enabled:       NO
   Configured latency per check:    0 us

   --- Access Breakdown ---
   Total memory accesses (validated): 0
   Cache hits (0 latency):          0
   Validation requests (full lat):  0
   Coalesced waits (partial lat):   0
   Validations denied:              0

   --- Latency Breakdown ---
   Validation request latency:      0 us
   Coalesced wait latency:          0 us
   TOTAL SECURITY OVERHEAD:         0 us
   Avg latency per validation:      0 us
   Avg latency per coalesced wait:  0 us
   Avg overhead per blocked access: 0 us

   --- Cache Statistics ---
   Processes with cached pages:     0
   Unique pages validated (total):  0
   Cache hit rate:                  0%

   ========= IOMMU Stats =====================
   IOMMU enabled:                   YES
   IOMMU SimObject:                 system.body.iommu

   --- Access Breakdown ---
   Total IOMMU checks:              27127557
   IOTLB hits:                      27127539
   IOTLB misses (page walks):       18
   IOTLB hit rate:                  99.9999%

   --- Latency Breakdown ---
   TOTAL IOMMU OVERHEAD:            54273.1 us
   Avg latency per access:          0.00200066 us

********************************************************************************
system.body.body_top.llvm_interface
Total Area: 56241.2
Total Power Static: 0.960402

Total Power Dynamic: 4.75826
   ========= Performance Analysis =============
   Setup Time:                      0h 0m 0s 18ms 637us
   Simulation Time (Total):         0h 1m 23s 263ms
   Simulation Time (Active):        0h 0m 0s 33ms
        Queue Processing Time:      0h 0m 0s 25ms
             Scheduling Time:       0h 0m 0s 11ms
             Computation Time:      0h 0m 0s 2ms
   System Clock:                    0.1GHz
   Runtime:                         107786 cycles
   Runtime:                         1077.86 us
   Stalls:                          0 cycles
   Executed Nodes:                  107785 cycles

   ========= Kernel Validation Stats ==========
   Kernel validation enabled:       NO
   Configured latency per check:    0 us

   --- Access Breakdown ---
   Total memory accesses (validated): 0
   Cache hits (0 latency):          0
   Validation requests (full lat):  0
   Coalesced waits (partial lat):   0
   Validations denied:              0

   --- Latency Breakdown ---
   Validation request latency:      0 us
   Coalesced wait latency:          0 us
   TOTAL SECURITY OVERHEAD:         0 us
   Avg latency per validation:      0 us
   Avg latency per coalesced wait:  0 us
   Avg overhead per blocked access: 0 us

   --- Cache Statistics ---
   Processes with cached pages:     0
   Unique pages validated (total):  0
   Cache hit rate:                  0%

   ========= IOMMU Stats =====================
   IOMMU enabled:                   YES
   IOMMU SimObject:                 system.body.iommu

   --- Access Breakdown ---
   Total IOMMU checks:              27127560
   IOTLB hits:                      27127542
   IOTLB misses (page walks):       18
   IOTLB hit rate:                  99.9999%

   --- Latency Breakdown ---
   TOTAL IOMMU OVERHEAD:            54273.1 us
   Avg latency per access:          0.00200066 us

********************************************************************************
system.tail.tail_pwconv.llvm_interface
Total Area: 11678.9
Total Power Static: 1439.58

Total Power Dynamic: 37038.2
   ========= Performance Analysis =============
   Setup Time:                      0h 0m 0s 0ms 701us
   Simulation Time (Total):         0h 0m 16s 294ms
   Simulation Time (Active):        0h 0m 6s 491ms
        Queue Processing Time:      0h 0m 6s 484ms
             Scheduling Time:       0h 0m 2s 634ms
             Computation Time:      0h 0m 0s 160ms
   System Clock:                    0.1GHz
   Runtime:                         46684 cycles
   Runtime:                         466.84 us
   Stalls:                          0 cycles
   Executed Nodes:                  46683 cycles

   ========= Kernel Validation Stats ==========
   Kernel validation enabled:       NO
   Configured latency per check:    0 us

   --- Access Breakdown ---
   Total memory accesses (validated): 0
   Cache hits (0 latency):          0
   Validation requests (full lat):  0
   Coalesced waits (partial lat):   0
   Validations denied:              0

   --- Latency Breakdown ---
   Validation request latency:      0 us
   Coalesced wait latency:          0 us
   TOTAL SECURITY OVERHEAD:         0 us
   Avg latency per validation:      0 us
   Avg latency per coalesced wait:  0 us
   Avg overhead per blocked access: 0 us

   --- Cache Statistics ---
   Processes with cached pages:     0
   Unique pages validated (total):  0
   Cache hit rate:                  0%

   ========= IOMMU Stats =====================
   IOMMU enabled:                   YES
   IOMMU SimObject:                 system.tail.iommu

   --- Access Breakdown ---
   Total IOMMU checks:              146616
   IOTLB hits:                      146609
   IOTLB misses (page walks):       7
   IOTLB hit rate:                  99.9952%

   --- Latency Breakdown ---
   TOTAL IOMMU OVERHEAD:            300.218 us
   Avg latency per access:          0.00204765 us

********************************************************************************
system.tail.tail_reshape.llvm_interface
Total Area: 10278.6
Total Power Static: 692.426

Total Power Dynamic: 17462.9
   ========= Performance Analysis =============
   Setup Time:                      0h 0m 0s 0ms 349us
   Simulation Time (Total):         0h 0m 16s 252ms
   Simulation Time (Active):        0h 0m 6s 852ms
        Queue Processing Time:      0h 0m 6s 846ms
             Scheduling Time:       0h 0m 3s 916ms
             Computation Time:      0h 0m 0s 26ms
   System Clock:                    0.1GHz
   Runtime:                         46383 cycles
   Runtime:                         463.83 us
   Stalls:                          0 cycles
   Executed Nodes:                  46382 cycles

   ========= Kernel Validation Stats ==========
   Kernel validation enabled:       NO
   Configured latency per check:    0 us

   --- Access Breakdown ---
   Total memory accesses (validated): 0
   Cache hits (0 latency):          0
   Validation requests (full lat):  0
   Coalesced waits (partial lat):   0
   Validations denied:              0

   --- Latency Breakdown ---
   Validation request latency:      0 us
   Coalesced wait latency:          0 us
   TOTAL SECURITY OVERHEAD:         0 us
   Avg latency per validation:      0 us
   Avg latency per coalesced wait:  0 us
   Avg overhead per blocked access: 0 us

   --- Cache Statistics ---
   Processes with cached pages:     0
   Unique pages validated (total):  0
   Cache hit rate:                  0%

   ========= IOMMU Stats =====================
   IOMMU enabled:                   YES
   IOMMU SimObject:                 system.tail.iommu

   --- Access Breakdown ---
   Total IOMMU checks:              146617
   IOTLB hits:                      146610
   IOTLB misses (page walks):       7
   IOTLB hit rate:                  99.9952%

   --- Latency Breakdown ---
   TOTAL IOMMU OVERHEAD:            300.22 us
   Avg latency per access:          0.00204765 us

********************************************************************************
system.tail.tail_avgpool.llvm_interface
Total Area: 5554.55
Total Power Static: 178.864

Total Power Dynamic: 2910.95
   ========= Performance Analysis =============
   Setup Time:                      0h 0m 0s 0ms 356us
   Simulation Time (Total):         0h 0m 20s 706ms
   Simulation Time (Active):        0h 0m 6s 210ms
        Queue Processing Time:      0h 0m 6s 204ms
             Scheduling Time:       0h 0m 3s 928ms
             Computation Time:      0h 0m 0s 37ms
   System Clock:                    0.1GHz
   Runtime:                         64194 cycles
   Runtime:                         641.94 us
   Stalls:                          0 cycles
   Executed Nodes:                  64193 cycles

   ========= Kernel Validation Stats ==========
   Kernel validation enabled:       NO
   Configured latency per check:    0 us

   --- Access Breakdown ---
   Total memory accesses (validated): 0
   Cache hits (0 latency):          0
   Validation requests (full lat):  0
   Coalesced waits (partial lat):   0
   Validations denied:              0

   --- Latency Breakdown ---
   Validation request latency:      0 us
   Coalesced wait latency:          0 us
   TOTAL SECURITY OVERHEAD:         0 us
   Avg latency per validation:      0 us
   Avg latency per coalesced wait:  0 us
   Avg overhead per blocked access: 0 us

   --- Cache Statistics ---
   Processes with cached pages:     0
   Unique pages validated (total):  0
   Cache hit rate:                  0%

   ========= IOMMU Stats =====================
   IOMMU enabled:                   YES
   IOMMU SimObject:                 system.tail.iommu

   --- Access Breakdown ---
   Total IOMMU checks:              165534
   IOTLB hits:                      165527
   IOTLB misses (page walks):       7
   IOTLB hit rate:                  99.9958%

   --- Latency Breakdown ---
   TOTAL IOMMU OVERHEAD:            338.054 us
   Avg latency per access:          0.0020422 us

********************************************************************************
system.tail.tail_top.llvm_interface
Total Area: 1300.17
Total Power Static: 21.6966

Total Power Dynamic: 106.634
   ========= Performance Analysis =============
   Setup Time:                      0h 0m 0s 11ms 733us
   Simulation Time (Total):         0h 0m 21s 366ms
   Simulation Time (Active):        0h 0m 0s 127ms
        Queue Processing Time:      0h 0m 0s 119ms
             Scheduling Time:       0h 0m 0s 60ms
             Computation Time:      0h 0m 0s 16ms
   System Clock:                    0.1GHz
   Runtime:                         104719 cycles
   Runtime:                         1047.19 us
   Stalls:                          0 cycles
   Executed Nodes:                  104718 cycles

   ========= Kernel Validation Stats ==========
   Kernel validation enabled:       NO
   Configured latency per check:    0 us

   --- Access Breakdown ---
   Total memory accesses (validated): 0
   Cache hits (0 latency):          0
   Validation requests (full lat):  0
   Coalesced waits (partial lat):   0
   Validations denied:              0

   --- Latency Breakdown ---
   Validation request latency:      0 us
   Coalesced wait latency:          0 us
   TOTAL SECURITY OVERHEAD:         0 us
   Avg latency per validation:      0 us
   Avg latency per coalesced wait:  0 us
   Avg overhead per blocked access: 0 us

   --- Cache Statistics ---
   Processes with cached pages:     0
   Unique pages validated (total):  0
   Cache hit rate:                  0%

   ========= IOMMU Stats =====================
   IOMMU enabled:                   YES
   IOMMU SimObject:                 system.tail.iommu

   --- Access Breakdown ---
   Total IOMMU checks:              165537
   IOTLB hits:                      165530
   IOTLB misses (page walks):       7
   IOTLB hit rate:                  99.9958%

   --- Latency Breakdown ---
   TOTAL IOMMU OVERHEAD:            338.06 us
   Avg latency per access:          0.0020422 us

********************************************************************************
system.classifier.classifier_linear.llvm_interface
Total Area: 1.83064e+06
Total Power Static: 149974

Total Power Dynamic: 2.0398e+06
   ========= Performance Analysis =============
   Setup Time:                      0h 0m 0s 547ms 104us
   Simulation Time (Total):         0h 20m 41s 137ms
   Simulation Time (Active):        0h 17m 27s 726ms
        Queue Processing Time:      0h 17m 27s 712ms
             Scheduling Time:       0h 17m 3s 863ms
             Computation Time:      0h 0m 6s 920ms
   System Clock:                    0.1GHz
   Runtime:                         1065224 cycles
   Runtime:                         10652.2 us
   Stalls:                          0 cycles
   Executed Nodes:                  1065223 cycles

   ========= Kernel Validation Stats ==========
   Kernel validation enabled:       NO
   Configured latency per check:    0 us

   --- Access Breakdown ---
   Total memory accesses (validated): 0
   Cache hits (0 latency):          0
   Validation requests (full lat):  0
   Coalesced waits (partial lat):   0
   Validations denied:              0

   --- Latency Breakdown ---
   Validation request latency:      0 us
   Coalesced wait latency:          0 us
   TOTAL SECURITY OVERHEAD:         0 us
   Avg latency per validation:      0 us
   Avg latency per coalesced wait:  0 us
   Avg overhead per blocked access: 0 us

   --- Cache Statistics ---
   Processes with cached pages:     0
   Unique pages validated (total):  0
   Cache hit rate:                  0%

   ========= IOMMU Stats =====================
   IOMMU enabled:                   YES
   IOMMU SimObject:                 system.classifier.iommu

   --- Access Breakdown ---
   Total IOMMU checks:              5168441
   IOTLB hits:                      5168126
   IOTLB misses (page walks):       315
   IOTLB hit rate:                  99.9939%

   --- Latency Breakdown ---
   TOTAL IOMMU OVERHEAD:            10651.3 us
   Avg latency per access:          0.00206082 us

********************************************************************************
system.classifier.classifier_top.llvm_interface
Total Area: 1350.54
Total Power Static: 23.4836

Total Power Dynamic: 115.416
   ========= Performance Analysis =============
   Setup Time:                      0h 0m 0s 1ms 204us
   Simulation Time (Total):         0h 20m 46s 781ms
   Simulation Time (Active):        0h 0m 0s 305ms
        Queue Processing Time:      0h 0m 0s 213ms
             Scheduling Time:       0h 0m 0s 82ms
             Computation Time:      0h 0m 0s 24ms
   System Clock:                    0.1GHz
   Runtime:                         1402937 cycles
   Runtime:                         14029.4 us
   Stalls:                          0 cycles
   Executed Nodes:                  1402936 cycles

   ========= Kernel Validation Stats ==========
   Kernel validation enabled:       NO
   Configured latency per check:    0 us

   --- Access Breakdown ---
   Total memory accesses (validated): 0
   Cache hits (0 latency):          0
   Validation requests (full lat):  0
   Coalesced waits (partial lat):   0
   Validations denied:              0

   --- Latency Breakdown ---
   Validation request latency:      0 us
   Coalesced wait latency:          0 us
   TOTAL SECURITY OVERHEAD:         0 us
   Avg latency per validation:      0 us
   Avg latency per coalesced wait:  0 us
   Avg overhead per blocked access: 0 us

   --- Cache Statistics ---
   Processes with cached pages:     0
   Unique pages validated (total):  0
   Cache hit rate:                  0%

   ========= IOMMU Stats =====================
   IOMMU enabled:                   YES
   IOMMU SimObject:                 system.classifier.iommu

   --- Access Breakdown ---
   Total IOMMU checks:              5168443
   IOTLB hits:                      5168128
   IOTLB misses (page walks):       315
   IOTLB hit rate:                  99.9939%

   --- Latency Breakdown ---
   TOTAL IOMMU OVERHEAD:            10651.3 us
   Avg latency per access:          0.00206082 us

Exiting @ tick 102070422000 because m5_exit instruction encountered
