build/ARM/base/statistics.hh:277: warn: One of the stats is a legacy stat. Legacy stat is a stat that does not belong to any statistics::Group. Legacy stat is deprecated.
Global frequency set at 1000000000000 ticks per second
build/ARM/mem/mem_interface.cc:793: warn: DRAM device capacity (16384 Mbytes) does not match the address range assigned (4096 Mbytes)
build/ARM/sim/kernel_workload.cc:46: info: kernel located at: /gem5-SALAM/benchmarks/mobilenetv2/sw/main.elf
build/ARM/arch/arm/system.cc:95: warn: Highest ARM exception-level set to AArch64 but the workload is for AArch32. Assuming you wanted these to match.
build/ARM/base/vnc/vncserver.cc:163: warn: Sockets disabled, not accepting vnc client connections
build/ARM/dev/serial/terminal.cc:170: warn: Sockets disabled, not accepting terminal connections
build/ARM/mem/coherent_xbar.cc:140: warn: CoherentXBar system.body.coherency_bus has no snooping ports attached!
build/ARM/mem/coherent_xbar.cc:140: warn: CoherentXBar system.classifier.coherency_bus has no snooping ports attached!
build/ARM/base/remote_gdb.cc:377: warn: Sockets disabled, not accepting gdb connections
build/ARM/mem/coherent_xbar.cc:140: warn: CoherentXBar system.head.coherency_bus has no snooping ports attached!
build/ARM/mem/coherent_xbar.cc:140: warn: CoherentXBar system.tail.coherency_bus has no snooping ports attached!
build/ARM/dev/arm/energy_ctrl.cc:252: warn: Existing EnergyCtrl, but no enabled DVFSHandler found.
gem5 Simulator System.  http://gem5.org
gem5 is copyrighted software; use the --copyright option for details.

gem5 version 21.1.0.1
gem5 compiled May  6 2026 03:05:39
gem5 started May  6 2026 03:06:31
gem5 executing on 3b7fb6fd27b8, pid 3651062
command line: /gem5-SALAM/build/ARM/gem5.opt --listener-mode=off --outdir=/gem5-SALAM/BM_ARM_OUT/run_all/mobilenetv2/iommu_e8_m500ns /gem5-SALAM/configs/SALAM/fs_mobilenetv2.py --mem-size=4GB --mem-type=DDR4_2400_8x8 --machine-type=VExpress_GEM5_V1 --dtb-file=none --bare-metal --cpu-type=DerivO3CPU --caches --l2cache --kernel=/gem5-SALAM/benchmarks/mobilenetv2/sw/main.elf --disk-image=/gem5-SALAM/benchmarks/common/fake.iso --accpath=/gem5-SALAM/benchmarks/mobilenetv2 --accbench=mobilenetv2 --enable-iommu --iotlb-entries 8 --iotlb-hit-latency 2000 --iotlb-miss-latency 500000

[HWAccConfig] IOMMU ENABLED: entries=8, hit_lat=2000, miss_lat=500000
head_top Profile Loaded
[HWAccConfig] IOMMU ENABLED: entries=8, hit_lat=2000, miss_lat=500000
head_NormalConv Profile Loaded
[HWAccConfig] IOMMU ENABLED: entries=8, hit_lat=2000, miss_lat=500000
head_DWConv Profile Loaded
[HWAccConfig] IOMMU ENABLED: entries=8, hit_lat=2000, miss_lat=500000
head_PWConv Profile Loaded
[HWAccConfig] IOMMU ENABLED: entries=8, hit_lat=2000, miss_lat=500000
body_top Profile Loaded
[HWAccConfig] IOMMU ENABLED: entries=8, hit_lat=2000, miss_lat=500000
body_Residual Profile Loaded
[HWAccConfig] IOMMU ENABLED: entries=8, hit_lat=2000, miss_lat=500000
body_PWConv0 Profile Loaded
[HWAccConfig] IOMMU ENABLED: entries=8, hit_lat=2000, miss_lat=500000
body_DWConv Profile Loaded
[HWAccConfig] IOMMU ENABLED: entries=8, hit_lat=2000, miss_lat=500000
body_PWConv1 Profile Loaded
[HWAccConfig] IOMMU ENABLED: entries=8, hit_lat=2000, miss_lat=500000
tail_top Profile Loaded
[HWAccConfig] IOMMU ENABLED: entries=8, hit_lat=2000, miss_lat=500000
tail_PWConv Profile Loaded
[HWAccConfig] IOMMU ENABLED: entries=8, hit_lat=2000, miss_lat=500000
tail_Reshape Profile Loaded
[HWAccConfig] IOMMU ENABLED: entries=8, hit_lat=2000, miss_lat=500000
tail_AvgPool Profile Loaded
[HWAccConfig] IOMMU ENABLED: entries=8, hit_lat=2000, miss_lat=500000
classifier_top Profile Loaded
[HWAccConfig] IOMMU ENABLED: entries=8, hit_lat=2000, miss_lat=500000
classifier_Linear Profile Loaded
**** REAL SIMULATION ****
warn: iobus.slave is deprecated. `slave` is now called `cpu_side_ports`
warn: bridge.master is deprecated. `master` is now called `mem_side_port`
warn: membus.master is deprecated. `master` is now called `mem_side_ports`
warn: bridge.slave is deprecated. `slave` is now called `cpu_side_port`
warn: membus.slave is deprecated. `slave` is now called `cpu_side_ports`
warn: tol2bus.master is deprecated. `master` is now called `mem_side_ports`
warn: membus.slave is deprecated. `slave` is now called `cpu_side_ports`
warn: tol2bus.slave is deprecated. `slave` is now called `cpu_side_ports`
warn: tol2bus.slave is deprecated. `slave` is now called `cpu_side_ports`
warn: tol2bus.slave is deprecated. `slave` is now called `cpu_side_ports`
warn: tol2bus.slave is deprecated. `slave` is now called `cpu_side_ports`
warn: membus.slave is deprecated. `slave` is now called `cpu_side_ports`
warn: coherency_bus.master is deprecated. `master` is now called `mem_side_ports`
warn: membus.slave is deprecated. `slave` is now called `cpu_side_ports`
warn: coherency_bus.master is deprecated. `master` is now called `mem_side_ports`
warn: membus.slave is deprecated. `slave` is now called `cpu_side_ports`
warn: coherency_bus.master is deprecated. `master` is now called `mem_side_ports`
warn: membus.slave is deprecated. `slave` is now called `cpu_side_ports`
warn: coherency_bus.master is deprecated. `master` is now called `mem_side_ports`
warn: No dot file generated. Please install pydot to generate the dot file and pdf.
build/ARM/sim/simulate.cc:107: info: Entering event queue @ 0.  Starting simulation...
********************************************************************************
system.head.head_top.llvm_interface
Total Area: 3799.78
Total Power Static: 158.885

Total Power Dynamic: 780.827
   ========= Performance Analysis =============
   Setup Time:                      0h 0m 0s 17ms 182us
   Simulation Time (Total):         0h 27m 56s 24ms
   Simulation Time (Active):        0h 0m 1s 889ms
        Queue Processing Time:      0h 0m 1s 656ms
             Scheduling Time:       0h 0m 0s 778ms
             Computation Time:      0h 0m 0s 279ms
   System Clock:                    0.1GHz
   Runtime:                         2197892 cycles
   Runtime:                         21978.9 us
   Stalls:                          0 cycles
   Executed Nodes:                  2197891 cycles

   ========= Kernel Validation Stats ==========
   Kernel validation enabled:       NO
   Configured latency per check:    0 us

   --- Access Breakdown ---
   Total memory accesses (validated): 0
   Cache hits (0 latency):          0
   Validation requests (full lat):  0
     of which DMA-ctrl writes:      0
   Coalesced waits (partial lat):   0
   Validations denied:              0

   --- Latency Breakdown ---
   Validation request latency:      0 us
   Coalesced wait latency:          0 us
   TOTAL SECURITY OVERHEAD:         0 us
   Avg latency per validation:      0 us
   Avg latency per coalesced wait:  0 us
   Avg overhead per blocked access: 0 us

   --- Cache Statistics ---
   Processes with cached pages:     0
   Unique pages validated (total):  0
   Cache hit rate:                  0%

   ========= IOMMU Stats =====================
   IOMMU enabled:                   YES
   IOMMU SimObject:                 system.head.iommu

   --- Access Breakdown ---
   Total IOMMU checks:              10362966
   IOTLB hits:                      10362948
   IOTLB misses (page walks):       18
   IOTLB hit rate:                  99.9998%

   --- Latency Breakdown ---
   TOTAL IOMMU OVERHEAD:            20734.9 us
   Avg latency per access:          0.00200087 us

********************************************************************************
system.head.head_pwconv.llvm_interface
Total Area: 11678.9
Total Power Static: 2554.71

Total Power Dynamic: 61491.8
   ========= Performance Analysis =============
   Setup Time:                      0h 0m 0s 4ms 318us
   Simulation Time (Total):         0h 32m 19s 753ms
   Simulation Time (Active):        0h 0m 56s 168ms
        Queue Processing Time:      0h 0m 56s 122ms
             Scheduling Time:       0h 0m 21s 931ms
             Computation Time:      0h 0m 0s 436ms
   System Clock:                    0.1GHz
   Runtime:                         2481178 cycles
   Runtime:                         24811.8 us
   Stalls:                          0 cycles
   Executed Nodes:                  2481177 cycles

   ========= Kernel Validation Stats ==========
   Kernel validation enabled:       NO
   Configured latency per check:    0 us

   --- Access Breakdown ---
   Total memory accesses (validated): 0
   Cache hits (0 latency):          0
   Validation requests (full lat):  0
     of which DMA-ctrl writes:      0
   Coalesced waits (partial lat):   0
   Validations denied:              0

   --- Latency Breakdown ---
   Validation request latency:      0 us
   Coalesced wait latency:          0 us
   TOTAL SECURITY OVERHEAD:         0 us
   Avg latency per validation:      0 us
   Avg latency per coalesced wait:  0 us
   Avg overhead per blocked access: 0 us

   --- Cache Statistics ---
   Processes with cached pages:     0
   Unique pages validated (total):  0
   Cache hit rate:                  0%

   ========= IOMMU Stats =====================
   IOMMU enabled:                   YES
   IOMMU SimObject:                 system.head.iommu

   --- Access Breakdown ---
   Total IOMMU checks:              11684416
   IOTLB hits:                      11684398
   IOTLB misses (page walks):       18
   IOTLB hit rate:                  99.9998%

   --- Latency Breakdown ---
   TOTAL IOMMU OVERHEAD:            23377.8 us
   Avg latency per access:          0.00200077 us

********************************************************************************
system.head.head_dwconv.llvm_interface
Total Area: 116081
Total Power Static: 72931.3

Total Power Dynamic: 869084
   ========= Performance Analysis =============
   Setup Time:                      0h 0m 0s 18ms 153us
   Simulation Time (Total):         0h 32m 19s 814ms
   Simulation Time (Active):        0h 4m 35s 4ms
        Queue Processing Time:      0h 4m 34s 998ms
             Scheduling Time:       0h 3m 53s 998ms
             Computation Time:      0h 0m 4s 201ms
   System Clock:                    0.1GHz
   Runtime:                         2481220 cycles
   Runtime:                         24812.2 us
   Stalls:                          0 cycles
   Executed Nodes:                  2481219 cycles

   ========= Kernel Validation Stats ==========
   Kernel validation enabled:       NO
   Configured latency per check:    0 us

   --- Access Breakdown ---
   Total memory accesses (validated): 0
   Cache hits (0 latency):          0
   Validation requests (full lat):  0
     of which DMA-ctrl writes:      0
   Coalesced waits (partial lat):   0
   Validations denied:              0

   --- Latency Breakdown ---
   Validation request latency:      0 us
   Coalesced wait latency:          0 us
   TOTAL SECURITY OVERHEAD:         0 us
   Avg latency per validation:      0 us
   Avg latency per coalesced wait:  0 us
   Avg overhead per blocked access: 0 us

   --- Cache Statistics ---
   Processes with cached pages:     0
   Unique pages validated (total):  0
   Cache hit rate:                  0%

   ========= IOMMU Stats =====================
   IOMMU enabled:                   YES
   IOMMU SimObject:                 system.head.iommu

   --- Access Breakdown ---
   Total IOMMU checks:              11684548
   IOTLB hits:                      11684530
   IOTLB misses (page walks):       18
   IOTLB hit rate:                  99.9998%

   --- Latency Breakdown ---
   TOTAL IOMMU OVERHEAD:            23378.1 us
   Avg latency per access:          0.00200077 us

********************************************************************************
system.head.head_normalconv.llvm_interface
Total Area: 200127
Total Power Static: 259429

Total Power Dynamic: 6.41728e+06
   ========= Performance Analysis =============
   Setup Time:                      0h 0m 0s 52ms 585us
   Simulation Time (Total):         0h 32m 25s 497ms
   Simulation Time (Active):        0h 24m 35s 612ms
        Queue Processing Time:      0h 24m 36s 18ms
             Scheduling Time:       0h 21m 56s 945ms
             Computation Time:      0h 0m 17s 666ms
   System Clock:                    0.1GHz
   Runtime:                         2486806 cycles
   Runtime:                         24868.1 us
   Stalls:                          0 cycles
   Executed Nodes:                  2486805 cycles

   ========= Kernel Validation Stats ==========
   Kernel validation enabled:       NO
   Configured latency per check:    0 us

   --- Access Breakdown ---
   Total memory accesses (validated): 0
   Cache hits (0 latency):          0
   Validation requests (full lat):  0
     of which DMA-ctrl writes:      0
   Coalesced waits (partial lat):   0
   Validations denied:              0

   --- Latency Breakdown ---
   Validation request latency:      0 us
   Coalesced wait latency:          0 us
   TOTAL SECURITY OVERHEAD:         0 us
   Avg latency per validation:      0 us
   Avg latency per coalesced wait:  0 us
   Avg overhead per blocked access: 0 us

   --- Cache Statistics ---
   Processes with cached pages:     0
   Unique pages validated (total):  0
   Cache hit rate:                  0%

   ========= IOMMU Stats =====================
   IOMMU enabled:                   YES
   IOMMU SimObject:                 system.head.iommu

   --- Access Breakdown ---
   Total IOMMU checks:              11708999
   IOTLB hits:                      11708981
   IOTLB misses (page walks):       18
   IOTLB hit rate:                  99.9998%

   --- Latency Breakdown ---
   TOTAL IOMMU OVERHEAD:            23427 us
   Avg latency per access:          0.00200077 us

********************************************************************************
system.body.body_residual.llvm_interface
Total Area: 538.329
Total Power Static: 87.7635

Total Power Dynamic: 263.175
   ========= Performance Analysis =============
   Setup Time:                      0h 0m 0s 0ms 628us
   Simulation Time (Total):         0h 53m 3s 254ms
   Simulation Time (Active):        0h 0m 2s 224ms
        Queue Processing Time:      0h 0m 1s 168ms
             Scheduling Time:       0h 0m 0s 172ms
             Computation Time:      0h 0m 0s 17ms
   System Clock:                    0.1GHz
   Runtime:                         40170438 cycles
   Runtime:                         401704 us
   Stalls:                          0 cycles
   Executed Nodes:                  40170437 cycles

   ========= Kernel Validation Stats ==========
   Kernel validation enabled:       NO
   Configured latency per check:    0 us

   --- Access Breakdown ---
   Total memory accesses (validated): 0
   Cache hits (0 latency):          0
   Validation requests (full lat):  0
     of which DMA-ctrl writes:      0
   Coalesced waits (partial lat):   0
   Validations denied:              0

   --- Latency Breakdown ---
   Validation request latency:      0 us
   Coalesced wait latency:          0 us
   TOTAL SECURITY OVERHEAD:         0 us
   Avg latency per validation:      0 us
   Avg latency per coalesced wait:  0 us
   Avg overhead per blocked access: 0 us

   --- Cache Statistics ---
   Processes with cached pages:     0
   Unique pages validated (total):  0
   Cache hit rate:                  0%

   ========= IOMMU Stats =====================
   IOMMU enabled:                   YES
   IOMMU SimObject:                 system.body.iommu

   --- Access Breakdown ---
   Total IOMMU checks:              8658172
   IOTLB hits:                      7887549
   IOTLB misses (page walks):       770623
   IOTLB hit rate:                  91.0995%

   --- Latency Breakdown ---
   TOTAL IOMMU OVERHEAD:            401087 us
   Avg latency per access:          0.0463246 us

********************************************************************************
system.body.body_pwconv0.llvm_interface
Total Area: 12037.8
Total Power Static: 15393.1

Total Power Dynamic: 366196
   ========= Performance Analysis =============
   Setup Time:                      0h 0m 0s 0ms 943us
   Simulation Time (Total):         0h 53m 20s 53ms
   Simulation Time (Active):        0h 5m 9s 398ms
        Queue Processing Time:      0h 5m 9s 224ms
             Scheduling Time:       0h 3m 21s 813ms
             Computation Time:      0h 0m 3s 14ms
   System Clock:                    0.1GHz
   Runtime:                         40416947 cycles
   Runtime:                         404169 us
   Stalls:                          0 cycles
   Executed Nodes:                  40416946 cycles

   ========= Kernel Validation Stats ==========
   Kernel validation enabled:       NO
   Configured latency per check:    0 us

   --- Access Breakdown ---
   Total memory accesses (validated): 0
   Cache hits (0 latency):          0
   Validation requests (full lat):  0
     of which DMA-ctrl writes:      0
   Coalesced waits (partial lat):   0
   Validations denied:              0

   --- Latency Breakdown ---
   Validation request latency:      0 us
   Coalesced wait latency:          0 us
   TOTAL SECURITY OVERHEAD:         0 us
   Avg latency per validation:      0 us
   Avg latency per coalesced wait:  0 us
   Avg overhead per blocked access: 0 us

   --- Cache Statistics ---
   Processes with cached pages:     0
   Unique pages validated (total):  0
   Cache hit rate:                  0%

   ========= IOMMU Stats =====================
   IOMMU enabled:                   YES
   IOMMU SimObject:                 system.body.iommu

   --- Access Breakdown ---
   Total IOMMU checks:              8708318
   IOTLB hits:                      7932951
   IOTLB misses (page walks):       775367
   IOTLB hit rate:                  91.0962%

   --- Latency Breakdown ---
   TOTAL IOMMU OVERHEAD:            403549 us
   Avg latency per access:          0.0463407 us

********************************************************************************
system.body.body_pwconv1.llvm_interface
Total Area: 749685
Total Power Static: 185773

Total Power Dynamic: 1.83603e+06
   ========= Performance Analysis =============
   Setup Time:                      0h 0m 0s 146ms 901us
   Simulation Time (Total):         0h 53m 45s 381ms
   Simulation Time (Active):        0h 9m 59s 503ms
        Queue Processing Time:      0h 9m 59s 429ms
             Scheduling Time:       0h 8m 17s 313ms
             Computation Time:      0h 0m 11s 17ms
   System Clock:                    0.1GHz
   Runtime:                         40439779 cycles
   Runtime:                         404398 us
   Stalls:                          0 cycles
   Executed Nodes:                  40439778 cycles

   ========= Kernel Validation Stats ==========
   Kernel validation enabled:       NO
   Configured latency per check:    0 us

   --- Access Breakdown ---
   Total memory accesses (validated): 0
   Cache hits (0 latency):          0
   Validation requests (full lat):  0
     of which DMA-ctrl writes:      0
   Coalesced waits (partial lat):   0
   Validations denied:              0

   --- Latency Breakdown ---
   Validation request latency:      0 us
   Coalesced wait latency:          0 us
   TOTAL SECURITY OVERHEAD:         0 us
   Avg latency per validation:      0 us
   Avg latency per coalesced wait:  0 us
   Avg overhead per blocked access: 0 us

   --- Cache Statistics ---
   Processes with cached pages:     0
   Unique pages validated (total):  0
   Cache hit rate:                  0%

   ========= IOMMU Stats =====================
   IOMMU enabled:                   YES
   IOMMU SimObject:                 system.body.iommu

   --- Access Breakdown ---
   Total IOMMU checks:              8804705
   IOTLB hits:                      8029329
   IOTLB misses (page walks):       775376
   IOTLB hit rate:                  91.1936%

   --- Latency Breakdown ---
   TOTAL IOMMU OVERHEAD:            403747 us
   Avg latency per access:          0.0458558 us

********************************************************************************
system.body.body_dwconv.llvm_interface
Total Area: 129609
Total Power Static: 229952

Total Power Dynamic: 2.63548e+06
   ========= Performance Analysis =============
   Setup Time:                      0h 0m 0s 8ms 150us
   Simulation Time (Total):         0h 53m 45s 596ms
   Simulation Time (Active):        0h 22m 29s 237ms
        Queue Processing Time:      0h 22m 29s 474ms
             Scheduling Time:       0h 20m 42s 143ms
             Computation Time:      0h 0m 14s 18ms
   System Clock:                    0.1GHz
   Runtime:                         40440205 cycles
   Runtime:                         404402 us
   Stalls:                          0 cycles
   Executed Nodes:                  40440204 cycles

   ========= Kernel Validation Stats ==========
   Kernel validation enabled:       NO
   Configured latency per check:    0 us

   --- Access Breakdown ---
   Total memory accesses (validated): 0
   Cache hits (0 latency):          0
   Validation requests (full lat):  0
     of which DMA-ctrl writes:      0
   Coalesced waits (partial lat):   0
   Validations denied:              0

   --- Latency Breakdown ---
   Validation request latency:      0 us
   Coalesced wait latency:          0 us
   TOTAL SECURITY OVERHEAD:         0 us
   Avg latency per validation:      0 us
   Avg latency per coalesced wait:  0 us
   Avg overhead per blocked access: 0 us

   --- Cache Statistics ---
   Processes with cached pages:     0
   Unique pages validated (total):  0
   Cache hit rate:                  0%

   ========= IOMMU Stats =====================
   IOMMU enabled:                   YES
   IOMMU SimObject:                 system.body.iommu

   --- Access Breakdown ---
   Total IOMMU checks:              8806203
   IOTLB hits:                      8030827
   IOTLB misses (page walks):       775376
   IOTLB hit rate:                  91.1951%

   --- Latency Breakdown ---
   TOTAL IOMMU OVERHEAD:            403750 us
   Avg latency per access:          0.0458483 us

********************************************************************************
system.body.body_top.llvm_interface
Total Area: 3749.41
Total Power Static: 0.958569

Total Power Dynamic: 4.74925
   ========= Performance Analysis =============
   Setup Time:                      0h 0m 0s 9ms 10us
   Simulation Time (Total):         0h 53m 59s 2ms
   Simulation Time (Active):        0h 0m 2s 806ms
        Queue Processing Time:      0h 0m 1s 641ms
             Scheduling Time:       0h 0m 0s 496ms
             Computation Time:      0h 0m 0s 130ms
   System Clock:                    0.1GHz
   Runtime:                         40459665 cycles
   Runtime:                         404597 us
   Stalls:                          0 cycles
   Executed Nodes:                  40459664 cycles

   ========= Kernel Validation Stats ==========
   Kernel validation enabled:       NO
   Configured latency per check:    0 us

   --- Access Breakdown ---
   Total memory accesses (validated): 0
   Cache hits (0 latency):          0
   Validation requests (full lat):  0
     of which DMA-ctrl writes:      0
   Coalesced waits (partial lat):   0
   Validations denied:              0

   --- Latency Breakdown ---
   Validation request latency:      0 us
   Coalesced wait latency:          0 us
   TOTAL SECURITY OVERHEAD:         0 us
   Avg latency per validation:      0 us
   Avg latency per coalesced wait:  0 us
   Avg overhead per blocked access: 0 us

   --- Cache Statistics ---
   Processes with cached pages:     0
   Unique pages validated (total):  0
   Cache hit rate:                  0%

   ========= IOMMU Stats =====================
   IOMMU enabled:                   YES
   IOMMU SimObject:                 system.body.iommu

   --- Access Breakdown ---
   Total IOMMU checks:              8806206
   IOTLB hits:                      8030830
   IOTLB misses (page walks):       775376
   IOTLB hit rate:                  91.1951%

   --- Latency Breakdown ---
   TOTAL IOMMU OVERHEAD:            403750 us
   Avg latency per access:          0.0458483 us

********************************************************************************
system.body.body_residual.llvm_interface
Total Area: 1076.66
Total Power Static: 21.9391

Total Power Dynamic: 65.7937
   ========= Performance Analysis =============
   Setup Time:                      0h 0m 0s 0ms 403us
   Simulation Time (Total):         0h 18m 52s 594ms
   Simulation Time (Active):        0h 0m 0s 942ms
        Queue Processing Time:      0h 0m 0s 400ms
             Scheduling Time:       0h 0m 0s 46ms
             Computation Time:      0h 0m 0s 4ms
   System Clock:                    0.1GHz
   Runtime:                         8987993 cycles
   Runtime:                         89879.9 us
   Stalls:                          0 cycles
   Executed Nodes:                  8987992 cycles

   ========= Kernel Validation Stats ==========
   Kernel validation enabled:       NO
   Configured latency per check:    0 us

   --- Access Breakdown ---
   Total memory accesses (validated): 0
   Cache hits (0 latency):          0
   Validation requests (full lat):  0
     of which DMA-ctrl writes:      0
   Coalesced waits (partial lat):   0
   Validations denied:              0

   --- Latency Breakdown ---
   Validation request latency:      0 us
   Coalesced wait latency:          0 us
   TOTAL SECURITY OVERHEAD:         0 us
   Avg latency per validation:      0 us
   Avg latency per coalesced wait:  0 us
   Avg overhead per blocked access: 0 us

   --- Cache Statistics ---
   Processes with cached pages:     0
   Unique pages validated (total):  0
   Cache hit rate:                  0%

   ========= IOMMU Stats =====================
   IOMMU enabled:                   YES
   IOMMU SimObject:                 system.body.iommu

   --- Access Breakdown ---
   Total IOMMU checks:              12690044
   IOTLB hits:                      11755025
   IOTLB misses (page walks):       935019
   IOTLB hit rate:                  92.6319%

   --- Latency Breakdown ---
   TOTAL IOMMU OVERHEAD:            491020 us
   Avg latency per access:          0.0386933 us

********************************************************************************
system.body.body_pwconv0.llvm_interface
Total Area: 24075.6
Total Power Static: 3848.3

Total Power Dynamic: 91549.2
   ========= Performance Analysis =============
   Setup Time:                      0h 0m 0s 0ms 755us
   Simulation Time (Total):         0h 19m 17s 216ms
   Simulation Time (Active):        0h 1m 14s 994ms
        Queue Processing Time:      0h 1m 14s 970ms
             Scheduling Time:       0h 0m 46s 685ms
             Computation Time:      0h 0m 0s 746ms
   System Clock:                    0.1GHz
   Runtime:                         9227324 cycles
   Runtime:                         92273.2 us
   Stalls:                          0 cycles
   Executed Nodes:                  9227323 cycles

   ========= Kernel Validation Stats ==========
   Kernel validation enabled:       NO
   Configured latency per check:    0 us

   --- Access Breakdown ---
   Total memory accesses (validated): 0
   Cache hits (0 latency):          0
   Validation requests (full lat):  0
     of which DMA-ctrl writes:      0
   Coalesced waits (partial lat):   0
   Validations denied:              0

   --- Latency Breakdown ---
   Validation request latency:      0 us
   Coalesced wait latency:          0 us
   TOTAL SECURITY OVERHEAD:         0 us
   Avg latency per validation:      0 us
   Avg latency per coalesced wait:  0 us
   Avg overhead per blocked access: 0 us

   --- Cache Statistics ---
   Processes with cached pages:     0
   Unique pages validated (total):  0
   Cache hit rate:                  0%

   ========= IOMMU Stats =====================
   IOMMU enabled:                   YES
   IOMMU SimObject:                 system.body.iommu

   --- Access Breakdown ---
   Total IOMMU checks:              12770321
   IOTLB hits:                      11830825
   IOTLB misses (page walks):       939496
   IOTLB hit rate:                  92.6431%

   --- Latency Breakdown ---
   TOTAL IOMMU OVERHEAD:            493410 us
   Avg latency per access:          0.0386372 us

********************************************************************************
system.body.body_dwconv.llvm_interface
Total Area: 259219
Total Power Static: 56863.8

Total Power Dynamic: 649870
   ========= Performance Analysis =============
   Setup Time:                      0h 0m 0s 9ms 33us
   Simulation Time (Total):         0h 19m 55s 549ms
   Simulation Time (Active):        0h 5m 40s 615ms
        Queue Processing Time:      0h 5m 40s 579ms
             Scheduling Time:       0h 5m 7s 885ms
             Computation Time:      0h 0m 3s 841ms
   System Clock:                    0.1GHz
   Runtime:                         9309409 cycles
   Runtime:                         93094.1 us
   Stalls:                          0 cycles
   Executed Nodes:                  9309408 cycles

   ========= Kernel Validation Stats ==========
   Kernel validation enabled:       NO
   Configured latency per check:    0 us

   --- Access Breakdown ---
   Total memory accesses (validated): 0
   Cache hits (0 latency):          0
   Validation requests (full lat):  0
     of which DMA-ctrl writes:      0
   Coalesced waits (partial lat):   0
   Validations denied:              0

   --- Latency Breakdown ---
   Validation request latency:      0 us
   Coalesced wait latency:          0 us
   TOTAL SECURITY OVERHEAD:         0 us
   Avg latency per validation:      0 us
   Avg latency per coalesced wait:  0 us
   Avg overhead per blocked access: 0 us

   --- Cache Statistics ---
   Processes with cached pages:     0
   Unique pages validated (total):  0
   Cache hit rate:                  0%

   ========= IOMMU Stats =====================
   IOMMU enabled:                   YES
   IOMMU SimObject:                 system.body.iommu

   --- Access Breakdown ---
   Total IOMMU checks:              12926461
   IOTLB hits:                      11986206
   IOTLB misses (page walks):       940255
   IOTLB hit rate:                  92.7261%

   --- Latency Breakdown ---
   TOTAL IOMMU OVERHEAD:            494100 us
   Avg latency per access:          0.0382239 us

********************************************************************************
system.body.body_pwconv1.llvm_interface
Total Area: 1.49937e+06
Total Power Static: 185773

Total Power Dynamic: 1.83603e+06
   ========= Performance Analysis =============
   Setup Time:                      0h 0m 0s 140ms 369us
   Simulation Time (Total):         0h 19m 56s 134ms
   Simulation Time (Active):        0h 9m 31s 744ms
        Queue Processing Time:      0h 9m 31s 767ms
             Scheduling Time:       0h 8m 13s 103ms
             Computation Time:      0h 0m 11s 141ms
   System Clock:                    0.1GHz
   Runtime:                         9316246 cycles
   Runtime:                         93162.5 us
   Stalls:                          0 cycles
   Executed Nodes:                  9316245 cycles

   ========= Kernel Validation Stats ==========
   Kernel validation enabled:       NO
   Configured latency per check:    0 us

   --- Access Breakdown ---
   Total memory accesses (validated): 0
   Cache hits (0 latency):          0
   Validation requests (full lat):  0
     of which DMA-ctrl writes:      0
   Coalesced waits (partial lat):   0
   Validations denied:              0

   --- Latency Breakdown ---
   Validation request latency:      0 us
   Coalesced wait latency:          0 us
   TOTAL SECURITY OVERHEAD:         0 us
   Avg latency per validation:      0 us
   Avg latency per coalesced wait:  0 us
   Avg overhead per blocked access: 0 us

   --- Cache Statistics ---
   Processes with cached pages:     0
   Unique pages validated (total):  0
   Cache hit rate:                  0%

   ========= IOMMU Stats =====================
   IOMMU enabled:                   YES
   IOMMU SimObject:                 system.body.iommu

   --- Access Breakdown ---
   Total IOMMU checks:              12933964
   IOTLB hits:                      11993709
   IOTLB misses (page walks):       940255
   IOTLB hit rate:                  92.7303%

   --- Latency Breakdown ---
   TOTAL IOMMU OVERHEAD:            494115 us
   Avg latency per access:          0.0382029 us

********************************************************************************
system.body.body_top.llvm_interface
Total Area: 7498.83
Total Power Static: 0.95918

Total Power Dynamic: 4.75225
   ========= Performance Analysis =============
   Setup Time:                      0h 0m 0s 7ms 521us
   Simulation Time (Total):         0h 19m 56s 774ms
   Simulation Time (Active):        0h 0m 1s 439ms
        Queue Processing Time:      0h 0m 0s 769ms
             Scheduling Time:       0h 0m 0s 197ms
             Computation Time:      0h 0m 0s 49ms
   System Clock:                    0.1GHz
   Runtime:                         9335676 cycles
   Runtime:                         93356.8 us
   Stalls:                          0 cycles
   Executed Nodes:                  9335675 cycles

   ========= Kernel Validation Stats ==========
   Kernel validation enabled:       NO
   Configured latency per check:    0 us

   --- Access Breakdown ---
   Total memory accesses (validated): 0
   Cache hits (0 latency):          0
   Validation requests (full lat):  0
     of which DMA-ctrl writes:      0
   Coalesced waits (partial lat):   0
   Validations denied:              0

   --- Latency Breakdown ---
   Validation request latency:      0 us
   Coalesced wait latency:          0 us
   TOTAL SECURITY OVERHEAD:         0 us
   Avg latency per validation:      0 us
   Avg latency per coalesced wait:  0 us
   Avg overhead per blocked access: 0 us

   --- Cache Statistics ---
   Processes with cached pages:     0
   Unique pages validated (total):  0
   Cache hit rate:                  0%

   ========= IOMMU Stats =====================
   IOMMU enabled:                   YES
   IOMMU SimObject:                 system.body.iommu

   --- Access Breakdown ---
   Total IOMMU checks:              12933966
   IOTLB hits:                      11993711
   IOTLB misses (page walks):       940255
   IOTLB hit rate:                  92.7303%

   --- Latency Breakdown ---
   TOTAL IOMMU OVERHEAD:            494115 us
   Avg latency per access:          0.0382029 us

********************************************************************************
system.body.body_residual.llvm_interface
Total Area: 1614.99
Total Power Static: 32.9098

Total Power Dynamic: 131.587
   ========= Performance Analysis =============
   Setup Time:                      0h 0m 0s 0ms 392us
   Simulation Time (Total):         0h 13m 18s 647ms
   Simulation Time (Active):        0h 0m 0s 927ms
        Queue Processing Time:      0h 0m 0s 404ms
             Scheduling Time:       0h 0m 0s 57ms
             Computation Time:      0h 0m 0s 8ms
   System Clock:                    0.1GHz
   Runtime:                         9125657 cycles
   Runtime:                         91256.6 us
   Stalls:                          0 cycles
   Executed Nodes:                  9125656 cycles

   ========= Kernel Validation Stats ==========
   Kernel validation enabled:       NO
   Configured latency per check:    0 us

   --- Access Breakdown ---
   Total memory accesses (validated): 0
   Cache hits (0 latency):          0
   Validation requests (full lat):  0
     of which DMA-ctrl writes:      0
   Coalesced waits (partial lat):   0
   Validations denied:              0

   --- Latency Breakdown ---
   Validation request latency:      0 us
   Coalesced wait latency:          0 us
   TOTAL SECURITY OVERHEAD:         0 us
   Avg latency per validation:      0 us
   Avg latency per coalesced wait:  0 us
   Avg overhead per blocked access: 0 us

   --- Cache Statistics ---
   Processes with cached pages:     0
   Unique pages validated (total):  0
   Cache hit rate:                  0%

   ========= IOMMU Stats =====================
   IOMMU enabled:                   YES
   IOMMU SimObject:                 system.body.iommu

   --- Access Breakdown ---
   Total IOMMU checks:              15546754
   IOTLB hits:                      14433986
   IOTLB misses (page walks):       1112768
   IOTLB hit rate:                  92.8424%

   --- Latency Breakdown ---
   TOTAL IOMMU OVERHEAD:            585252 us
   Avg latency per access:          0.0376446 us

********************************************************************************
system.body.body_pwconv0.llvm_interface
Total Area: 36113.4
Total Power Static: 3848.3

Total Power Dynamic: 91549.2
   ========= Performance Analysis =============
   Setup Time:                      0h 0m 0s 0ms 784us
   Simulation Time (Total):         0h 13m 46s 607ms
   Simulation Time (Active):        0h 1m 13s 710ms
        Queue Processing Time:      0h 1m 13s 688ms
             Scheduling Time:       0h 0m 46s 554ms
             Computation Time:      0h 0m 0s 754ms
   System Clock:                    0.1GHz
   Runtime:                         9384779 cycles
   Runtime:                         93847.8 us
   Stalls:                          0 cycles
   Executed Nodes:                  9384778 cycles

   ========= Kernel Validation Stats ==========
   Kernel validation enabled:       NO
   Configured latency per check:    0 us

   --- Access Breakdown ---
   Total memory accesses (validated): 0
   Cache hits (0 latency):          0
   Validation requests (full lat):  0
     of which DMA-ctrl writes:      0
   Coalesced waits (partial lat):   0
   Validations denied:              0

   --- Latency Breakdown ---
   Validation request latency:      0 us
   Coalesced wait latency:          0 us
   TOTAL SECURITY OVERHEAD:         0 us
   Avg latency per validation:      0 us
   Avg latency per coalesced wait:  0 us
   Avg overhead per blocked access: 0 us

   --- Cache Statistics ---
   Processes with cached pages:     0
   Unique pages validated (total):  0
   Cache hit rate:                  0%

   ========= IOMMU Stats =====================
   IOMMU enabled:                   YES
   IOMMU SimObject:                 system.body.iommu

   --- Access Breakdown ---
   Total IOMMU checks:              15647989
   IOTLB hits:                      14530430
   IOTLB misses (page walks):       1117559
   IOTLB hit rate:                  92.8581%

   --- Latency Breakdown ---
   TOTAL IOMMU OVERHEAD:            587840 us
   Avg latency per access:          0.0375665 us

********************************************************************************
system.body.body_pwconv1.llvm_interface
Total Area: 2.24905e+06
Total Power Static: 92541.7

Total Power Dynamic: 914996
   ========= Performance Analysis =============
   Setup Time:                      0h 0m 0s 136ms 137us
   Simulation Time (Total):         0h 13m 59s 528ms
   Simulation Time (Active):        0h 3m 54s 413ms
        Queue Processing Time:      0h 3m 54s 383ms
             Scheduling Time:       0h 3m 25s 28ms
             Computation Time:      0h 0m 5s 758ms
   System Clock:                    0.1GHz
   Runtime:                         9396301 cycles
   Runtime:                         93963 us
   Stalls:                          0 cycles
   Executed Nodes:                  9396300 cycles

   ========= Kernel Validation Stats ==========
   Kernel validation enabled:       NO
   Configured latency per check:    0 us

   --- Access Breakdown ---
   Total memory accesses (validated): 0
   Cache hits (0 latency):          0
   Validation requests (full lat):  0
     of which DMA-ctrl writes:      0
   Coalesced waits (partial lat):   0
   Validations denied:              0

   --- Latency Breakdown ---
   Validation request latency:      0 us
   Coalesced wait latency:          0 us
   TOTAL SECURITY OVERHEAD:         0 us
   Avg latency per validation:      0 us
   Avg latency per coalesced wait:  0 us
   Avg overhead per blocked access: 0 us

   --- Cache Statistics ---
   Processes with cached pages:     0
   Unique pages validated (total):  0
   Cache hit rate:                  0%

   ========= IOMMU Stats =====================
   IOMMU enabled:                   YES
   IOMMU SimObject:                 system.body.iommu

   --- Access Breakdown ---
   Total IOMMU checks:              15698305
   IOTLB hits:                      14580746
   IOTLB misses (page walks):       1117559
   IOTLB hit rate:                  92.881%

   --- Latency Breakdown ---
   TOTAL IOMMU OVERHEAD:            587941 us
   Avg latency per access:          0.0374525 us

********************************************************************************
system.body.body_dwconv.llvm_interface
Total Area: 388828
Total Power Static: 56814.8

Total Power Dynamic: 649870
   ========= Performance Analysis =============
   Setup Time:                      0h 0m 0s 9ms 362us
   Simulation Time (Total):         0h 13m 59s 717ms
   Simulation Time (Active):        0h 5m 33s 558ms
        Queue Processing Time:      0h 5m 33s 520ms
             Scheduling Time:       0h 5m 3s 604ms
             Computation Time:      0h 0m 3s 825ms
   System Clock:                    0.1GHz
   Runtime:                         9396774 cycles
   Runtime:                         93967.7 us
   Stalls:                          0 cycles
   Executed Nodes:                  9396773 cycles

   ========= Kernel Validation Stats ==========
   Kernel validation enabled:       NO
   Configured latency per check:    0 us

   --- Access Breakdown ---
   Total memory accesses (validated): 0
   Cache hits (0 latency):          0
   Validation requests (full lat):  0
     of which DMA-ctrl writes:      0
   Coalesced waits (partial lat):   0
   Validations denied:              0

   --- Latency Breakdown ---
   Validation request latency:      0 us
   Coalesced wait latency:          0 us
   TOTAL SECURITY OVERHEAD:         0 us
   Avg latency per validation:      0 us
   Avg latency per coalesced wait:  0 us
   Avg overhead per blocked access: 0 us

   --- Cache Statistics ---
   Processes with cached pages:     0
   Unique pages validated (total):  0
   Cache hit rate:                  0%

   ========= IOMMU Stats =====================
   IOMMU enabled:                   YES
   IOMMU SimObject:                 system.body.iommu

   --- Access Breakdown ---
   Total IOMMU checks:              15700004
   IOTLB hits:                      14582445
   IOTLB misses (page walks):       1117559
   IOTLB hit rate:                  92.8818%

   --- Latency Breakdown ---
   TOTAL IOMMU OVERHEAD:            587944 us
   Avg latency per access:          0.0374487 us

********************************************************************************
system.body.body_top.llvm_interface
Total Area: 11248.2
Total Power Static: 0.957957

Total Power Dynamic: 4.74625
   ========= Performance Analysis =============
   Setup Time:                      0h 0m 0s 7ms 467us
   Simulation Time (Total):         0h 14m 0s 232ms
   Simulation Time (Active):        0h 0m 1s 267ms
        Queue Processing Time:      0h 0m 0s 576ms
             Scheduling Time:       0h 0m 0s 122ms
             Computation Time:      0h 0m 0s 33ms
   System Clock:                    0.1GHz
   Runtime:                         9416178 cycles
   Runtime:                         94161.8 us
   Stalls:                          0 cycles
   Executed Nodes:                  9416177 cycles

   ========= Kernel Validation Stats ==========
   Kernel validation enabled:       NO
   Configured latency per check:    0 us

   --- Access Breakdown ---
   Total memory accesses (validated): 0
   Cache hits (0 latency):          0
   Validation requests (full lat):  0
     of which DMA-ctrl writes:      0
   Coalesced waits (partial lat):   0
   Validations denied:              0

   --- Latency Breakdown ---
   Validation request latency:      0 us
   Coalesced wait latency:          0 us
   TOTAL SECURITY OVERHEAD:         0 us
   Avg latency per validation:      0 us
   Avg latency per coalesced wait:  0 us
   Avg overhead per blocked access: 0 us

   --- Cache Statistics ---
   Processes with cached pages:     0
   Unique pages validated (total):  0
   Cache hit rate:                  0%

   ========= IOMMU Stats =====================
   IOMMU enabled:                   YES
   IOMMU SimObject:                 system.body.iommu

   --- Access Breakdown ---
   Total IOMMU checks:              15700007
   IOTLB hits:                      14582448
   IOTLB misses (page walks):       1117559
   IOTLB hit rate:                  92.8818%

   --- Latency Breakdown ---
   TOTAL IOMMU OVERHEAD:            587944 us
   Avg latency per access:          0.0374487 us

********************************************************************************
system.body.body_residual.llvm_interface
Total Area: 2153.32
Total Power Static: 10.9684

Total Power Dynamic: 32.8969
   ========= Performance Analysis =============
   Setup Time:                      0h 0m 0s 0ms 435us
   Simulation Time (Total):         0h 7m 49s 890ms
   Simulation Time (Active):        0h 0m 0s 469ms
        Queue Processing Time:      0h 0m 0s 200ms
             Scheduling Time:       0h 0m 0s 20ms
             Computation Time:      0h 0m 0s 2ms
   System Clock:                    0.1GHz
   Runtime:                         4459922 cycles
   Runtime:                         44599.2 us
   Stalls:                          0 cycles
   Executed Nodes:                  4459921 cycles

   ========= Kernel Validation Stats ==========
   Kernel validation enabled:       NO
   Configured latency per check:    0 us

   --- Access Breakdown ---
   Total memory accesses (validated): 0
   Cache hits (0 latency):          0
   Validation requests (full lat):  0
     of which DMA-ctrl writes:      0
   Coalesced waits (partial lat):   0
   Validations denied:              0

   --- Latency Breakdown ---
   Validation request latency:      0 us
   Coalesced wait latency:          0 us
   TOTAL SECURITY OVERHEAD:         0 us
   Avg latency per validation:      0 us
   Avg latency per coalesced wait:  0 us
   Avg overhead per blocked access: 0 us

   --- Cache Statistics ---
   Processes with cached pages:     0
   Unique pages validated (total):  0
   Cache hit rate:                  0%

   ========= IOMMU Stats =====================
   IOMMU enabled:                   YES
   IOMMU SimObject:                 system.body.iommu

   --- Access Breakdown ---
   Total IOMMU checks:              17411088
   IOTLB hits:                      16211231
   IOTLB misses (page walks):       1199857
   IOTLB hit rate:                  93.1087%

   --- Latency Breakdown ---
   TOTAL IOMMU OVERHEAD:            632351 us
   Avg latency per access:          0.0363189 us

********************************************************************************
system.body.body_pwconv0.llvm_interface
Total Area: 48151.2
Total Power Static: 1866.67

Total Power Dynamic: 45269.9
   ========= Performance Analysis =============
   Setup Time:                      0h 0m 0s 0ms 772us
   Simulation Time (Total):         0h 8m 23s 382ms
   Simulation Time (Active):        0h 0m 30s 395ms
        Queue Processing Time:      0h 0m 30s 373ms
             Scheduling Time:       0h 0m 17s 124ms
             Computation Time:      0h 0m 0s 354ms
   System Clock:                    0.1GHz
   Runtime:                         4767939 cycles
   Runtime:                         47679.4 us
   Stalls:                          0 cycles
   Executed Nodes:                  4767938 cycles

   ========= Kernel Validation Stats ==========
   Kernel validation enabled:       NO
   Configured latency per check:    0 us

   --- Access Breakdown ---
   Total memory accesses (validated): 0
   Cache hits (0 latency):          0
   Validation requests (full lat):  0
     of which DMA-ctrl writes:      0
   Coalesced waits (partial lat):   0
   Validations denied:              0

   --- Latency Breakdown ---
   Validation request latency:      0 us
   Coalesced wait latency:          0 us
   TOTAL SECURITY OVERHEAD:         0 us
   Avg latency per validation:      0 us
   Avg latency per coalesced wait:  0 us
   Avg overhead per blocked access: 0 us

   --- Cache Statistics ---
   Processes with cached pages:     0
   Unique pages validated (total):  0
   Cache hit rate:                  0%

   ========= IOMMU Stats =====================
   IOMMU enabled:                   YES
   IOMMU SimObject:                 system.body.iommu

   --- Access Breakdown ---
   Total IOMMU checks:              17533092
   IOTLB hits:                      16327546
   IOTLB misses (page walks):       1205546
   IOTLB hit rate:                  93.1242%

   --- Latency Breakdown ---
   TOTAL IOMMU OVERHEAD:            635428 us
   Avg latency per access:          0.0362416 us

********************************************************************************
system.body.body_dwconv.llvm_interface
Total Area: 518438
Total Power Static: 27794.7

Total Power Dynamic: 316697
   ========= Performance Analysis =============
   Setup Time:                      0h 0m 0s 8ms 615us
   Simulation Time (Total):         0h 8m 59s 927ms
   Simulation Time (Active):        0h 2m 48s 992ms
        Queue Processing Time:      0h 2m 48s 964ms
             Scheduling Time:       0h 2m 33s 227ms
             Computation Time:      0h 0m 1s 883ms
   System Clock:                    0.1GHz
   Runtime:                         4872387 cycles
   Runtime:                         48723.9 us
   Stalls:                          0 cycles
   Executed Nodes:                  4872386 cycles

   ========= Kernel Validation Stats ==========
   Kernel validation enabled:       NO
   Configured latency per check:    0 us

   --- Access Breakdown ---
   Total memory accesses (validated): 0
   Cache hits (0 latency):          0
   Validation requests (full lat):  0
     of which DMA-ctrl writes:      0
   Coalesced waits (partial lat):   0
   Validations denied:              0

   --- Latency Breakdown ---
   Validation request latency:      0 us
   Coalesced wait latency:          0 us
   TOTAL SECURITY OVERHEAD:         0 us
   Avg latency per validation:      0 us
   Avg latency per coalesced wait:  0 us
   Avg overhead per blocked access: 0 us

   --- Cache Statistics ---
   Processes with cached pages:     0
   Unique pages validated (total):  0
   Cache hit rate:                  0%

   ========= IOMMU Stats =====================
   IOMMU enabled:                   YES
   IOMMU SimObject:                 system.body.iommu

   --- Access Breakdown ---
   Total IOMMU checks:              17691327
   IOTLB hits:                      16484443
   IOTLB misses (page walks):       1206884
   IOTLB hit rate:                  93.1781%

   --- Latency Breakdown ---
   TOTAL IOMMU OVERHEAD:            636411 us
   Avg latency per access:          0.035973 us

********************************************************************************
system.body.body_pwconv1.llvm_interface
Total Area: 2.99874e+06
Total Power Static: 92541.7

Total Power Dynamic: 914996
   ========= Performance Analysis =============
   Setup Time:                      0h 0m 0s 137ms 668us
   Simulation Time (Total):         0h 8m 59s 911ms
   Simulation Time (Active):        0h 3m 52s 223ms
        Queue Processing Time:      0h 3m 52s 202ms
             Scheduling Time:       0h 3m 24s 432ms
             Computation Time:      0h 0m 5s 710ms
   System Clock:                    0.1GHz
   Runtime:                         4875172 cycles
   Runtime:                         48751.7 us
   Stalls:                          0 cycles
   Executed Nodes:                  4875171 cycles

   ========= Kernel Validation Stats ==========
   Kernel validation enabled:       NO
   Configured latency per check:    0 us

   --- Access Breakdown ---
   Total memory accesses (validated): 0
   Cache hits (0 latency):          0
   Validation requests (full lat):  0
     of which DMA-ctrl writes:      0
   Coalesced waits (partial lat):   0
   Validations denied:              0

   --- Latency Breakdown ---
   Validation request latency:      0 us
   Coalesced wait latency:          0 us
   TOTAL SECURITY OVERHEAD:         0 us
   Avg latency per validation:      0 us
   Avg latency per coalesced wait:  0 us
   Avg overhead per blocked access: 0 us

   --- Cache Statistics ---
   Processes with cached pages:     0
   Unique pages validated (total):  0
   Cache hit rate:                  0%

   ========= IOMMU Stats =====================
   IOMMU enabled:                   YES
   IOMMU SimObject:                 system.body.iommu

   --- Access Breakdown ---
   Total IOMMU checks:              17694423
   IOTLB hits:                      16487539
   IOTLB misses (page walks):       1206884
   IOTLB hit rate:                  93.1793%

   --- Latency Breakdown ---
   TOTAL IOMMU OVERHEAD:            636417 us
   Avg latency per access:          0.0359671 us

********************************************************************************
system.body.body_top.llvm_interface
Total Area: 14997.7
Total Power Static: 0.963458

Total Power Dynamic: 4.77328
   ========= Performance Analysis =============
   Setup Time:                      0h 0m 0s 8ms 206us
   Simulation Time (Total):         0h 9m 0s 521ms
   Simulation Time (Active):        0h 0m 0s 663ms
        Queue Processing Time:      0h 0m 0s 329ms
             Scheduling Time:       0h 0m 0s 80ms
             Computation Time:      0h 0m 0s 22ms
   System Clock:                    0.1GHz
   Runtime:                         4894625 cycles
   Runtime:                         48946.2 us
   Stalls:                          0 cycles
   Executed Nodes:                  4894624 cycles

   ========= Kernel Validation Stats ==========
   Kernel validation enabled:       NO
   Configured latency per check:    0 us

   --- Access Breakdown ---
   Total memory accesses (validated): 0
   Cache hits (0 latency):          0
   Validation requests (full lat):  0
     of which DMA-ctrl writes:      0
   Coalesced waits (partial lat):   0
   Validations denied:              0

   --- Latency Breakdown ---
   Validation request latency:      0 us
   Coalesced wait latency:          0 us
   TOTAL SECURITY OVERHEAD:         0 us
   Avg latency per validation:      0 us
   Avg latency per coalesced wait:  0 us
   Avg overhead per blocked access: 0 us

   --- Cache Statistics ---
   Processes with cached pages:     0
   Unique pages validated (total):  0
   Cache hit rate:                  0%

   ========= IOMMU Stats =====================
   IOMMU enabled:                   YES
   IOMMU SimObject:                 system.body.iommu

   --- Access Breakdown ---
   Total IOMMU checks:              17694425
   IOTLB hits:                      16487541
   IOTLB misses (page walks):       1206884
   IOTLB hit rate:                  93.1793%

   --- Latency Breakdown ---
   TOTAL IOMMU OVERHEAD:            636417 us
   Avg latency per access:          0.0359671 us

********************************************************************************
system.body.body_residual.llvm_interface
Total Area: 2691.64
Total Power Static: 16.4537

Total Power Dynamic: 65.7937
   ========= Performance Analysis =============
   Setup Time:                      0h 0m 0s 0ms 441us
   Simulation Time (Total):         0h 7m 56s 243ms
   Simulation Time (Active):        0h 0m 0s 481ms
        Queue Processing Time:      0h 0m 0s 210ms
             Scheduling Time:       0h 0m 0s 26ms
             Computation Time:      0h 0m 0s 4ms
   System Clock:                    0.1GHz
   Runtime:                         4475210 cycles
   Runtime:                         44752.1 us
   Stalls:                          0 cycles
   Executed Nodes:                  4475209 cycles

   ========= Kernel Validation Stats ==========
   Kernel validation enabled:       NO
   Configured latency per check:    0 us

   --- Access Breakdown ---
   Total memory accesses (validated): 0
   Cache hits (0 latency):          0
   Validation requests (full lat):  0
     of which DMA-ctrl writes:      0
   Coalesced waits (partial lat):   0
   Validations denied:              0

   --- Latency Breakdown ---
   Validation request latency:      0 us
   Coalesced wait latency:          0 us
   TOTAL SECURITY OVERHEAD:         0 us
   Avg latency per validation:      0 us
   Avg latency per coalesced wait:  0 us
   Avg overhead per blocked access: 0 us

   --- Cache Statistics ---
   Processes with cached pages:     0
   Unique pages validated (total):  0
   Cache hit rate:                  0%

   ========= IOMMU Stats =====================
   IOMMU enabled:                   YES
   IOMMU SimObject:                 system.body.iommu

   --- Access Breakdown ---
   Total IOMMU checks:              19409066
   IOTLB hits:                      18119859
   IOTLB misses (page walks):       1289207
   IOTLB hit rate:                  93.3577%

   --- Latency Breakdown ---
   TOTAL IOMMU OVERHEAD:            680843 us
   Avg latency per access:          0.0350786 us

********************************************************************************
system.body.body_pwconv0.llvm_interface
Total Area: 60189
Total Power Static: 1866.67

Total Power Dynamic: 45269.9
   ========= Performance Analysis =============
   Setup Time:                      0h 0m 0s 0ms 793us
   Simulation Time (Total):         0h 8m 29s 494ms
   Simulation Time (Active):        0h 0m 31s 201ms
        Queue Processing Time:      0h 0m 31s 179ms
             Scheduling Time:       0h 0m 17s 760ms
             Computation Time:      0h 0m 0s 359ms
   System Clock:                    0.1GHz
   Runtime:                         4783028 cycles
   Runtime:                         47830.3 us
   Stalls:                          0 cycles
   Executed Nodes:                  4783027 cycles

   ========= Kernel Validation Stats ==========
   Kernel validation enabled:       NO
   Configured latency per check:    0 us

   --- Access Breakdown ---
   Total memory accesses (validated): 0
   Cache hits (0 latency):          0
   Validation requests (full lat):  0
     of which DMA-ctrl writes:      0
   Coalesced waits (partial lat):   0
   Validations denied:              0

   --- Latency Breakdown ---
   Validation request latency:      0 us
   Coalesced wait latency:          0 us
   TOTAL SECURITY OVERHEAD:         0 us
   Avg latency per validation:      0 us
   Avg latency per coalesced wait:  0 us
   Avg overhead per blocked access: 0 us

   --- Cache Statistics ---
   Processes with cached pages:     0
   Unique pages validated (total):  0
   Cache hit rate:                  0%

   ========= IOMMU Stats =====================
   IOMMU enabled:                   YES
   IOMMU SimObject:                 system.body.iommu

   --- Access Breakdown ---
   Total IOMMU checks:              19531068
   IOTLB hits:                      18236176
   IOTLB misses (page walks):       1294892
   IOTLB hit rate:                  93.3701%

   --- Latency Breakdown ---
   TOTAL IOMMU OVERHEAD:            683918 us
   Avg latency per access:          0.0350169 us

********************************************************************************
system.body.body_dwconv.llvm_interface
Total Area: 648047
Total Power Static: 27794.7

Total Power Dynamic: 316697
   ========= Performance Analysis =============
   Setup Time:                      0h 0m 0s 9ms 420us
   Simulation Time (Total):         0h 9m 5s 866ms
   Simulation Time (Active):        0h 2m 49s 836ms
        Queue Processing Time:      0h 2m 49s 806ms
             Scheduling Time:       0h 2m 33s 924ms
             Computation Time:      0h 0m 1s 898ms
   System Clock:                    0.1GHz
   Runtime:                         4887475 cycles
   Runtime:                         48874.8 us
   Stalls:                          0 cycles
   Executed Nodes:                  4887474 cycles

   ========= Kernel Validation Stats ==========
   Kernel validation enabled:       NO
   Configured latency per check:    0 us

   --- Access Breakdown ---
   Total memory accesses (validated): 0
   Cache hits (0 latency):          0
   Validation requests (full lat):  0
     of which DMA-ctrl writes:      0
   Coalesced waits (partial lat):   0
   Validations denied:              0

   --- Latency Breakdown ---
   Validation request latency:      0 us
   Coalesced wait latency:          0 us
   TOTAL SECURITY OVERHEAD:         0 us
   Avg latency per validation:      0 us
   Avg latency per coalesced wait:  0 us
   Avg overhead per blocked access: 0 us

   --- Cache Statistics ---
   Processes with cached pages:     0
   Unique pages validated (total):  0
   Cache hit rate:                  0%

   ========= IOMMU Stats =====================
   IOMMU enabled:                   YES
   IOMMU SimObject:                 system.body.iommu

   --- Access Breakdown ---
   Total IOMMU checks:              19689303
   IOTLB hits:                      18393073
   IOTLB misses (page walks):       1296230
   IOTLB hit rate:                  93.4166%

   --- Latency Breakdown ---
   TOTAL IOMMU OVERHEAD:            684901 us
   Avg latency per access:          0.0347854 us

********************************************************************************
system.body.body_pwconv1.llvm_interface
Total Area: 3.74842e+06
Total Power Static: 92541.7

Total Power Dynamic: 914996
   ========= Performance Analysis =============
   Setup Time:                      0h 0m 0s 146ms 810us
   Simulation Time (Total):         0h 9m 5s 839ms
   Simulation Time (Active):        0h 3m 53s 895ms
        Queue Processing Time:      0h 3m 53s 872ms
             Scheduling Time:       0h 3m 25s 837ms
             Computation Time:      0h 0m 5s 750ms
   System Clock:                    0.1GHz
   Runtime:                         4890260 cycles
   Runtime:                         48902.6 us
   Stalls:                          0 cycles
   Executed Nodes:                  4890259 cycles

   ========= Kernel Validation Stats ==========
   Kernel validation enabled:       NO
   Configured latency per check:    0 us

   --- Access Breakdown ---
   Total memory accesses (validated): 0
   Cache hits (0 latency):          0
   Validation requests (full lat):  0
     of which DMA-ctrl writes:      0
   Coalesced waits (partial lat):   0
   Validations denied:              0

   --- Latency Breakdown ---
   Validation request latency:      0 us
   Coalesced wait latency:          0 us
   TOTAL SECURITY OVERHEAD:         0 us
   Avg latency per validation:      0 us
   Avg latency per coalesced wait:  0 us
   Avg overhead per blocked access: 0 us

   --- Cache Statistics ---
   Processes with cached pages:     0
   Unique pages validated (total):  0
   Cache hit rate:                  0%

   ========= IOMMU Stats =====================
   IOMMU enabled:                   YES
   IOMMU SimObject:                 system.body.iommu

   --- Access Breakdown ---
   Total IOMMU checks:              19692399
   IOTLB hits:                      18396169
   IOTLB misses (page walks):       1296230
   IOTLB hit rate:                  93.4176%

   --- Latency Breakdown ---
   TOTAL IOMMU OVERHEAD:            684907 us
   Avg latency per access:          0.0347803 us

********************************************************************************
system.body.body_top.llvm_interface
Total Area: 18747.1
Total Power Static: 0.957346

Total Power Dynamic: 4.74324
   ========= Performance Analysis =============
   Setup Time:                      0h 0m 0s 7ms 321us
   Simulation Time (Total):         0h 9m 6s 479ms
   Simulation Time (Active):        0h 0m 0s 677ms
        Queue Processing Time:      0h 0m 0s 338ms
             Scheduling Time:       0h 0m 0s 83ms
             Computation Time:      0h 0m 0s 22ms
   System Clock:                    0.1GHz
   Runtime:                         4909693 cycles
   Runtime:                         49096.9 us
   Stalls:                          0 cycles
   Executed Nodes:                  4909692 cycles

   ========= Kernel Validation Stats ==========
   Kernel validation enabled:       NO
   Configured latency per check:    0 us

   --- Access Breakdown ---
   Total memory accesses (validated): 0
   Cache hits (0 latency):          0
   Validation requests (full lat):  0
     of which DMA-ctrl writes:      0
   Coalesced waits (partial lat):   0
   Validations denied:              0

   --- Latency Breakdown ---
   Validation request latency:      0 us
   Coalesced wait latency:          0 us
   TOTAL SECURITY OVERHEAD:         0 us
   Avg latency per validation:      0 us
   Avg latency per coalesced wait:  0 us
   Avg overhead per blocked access: 0 us

   --- Cache Statistics ---
   Processes with cached pages:     0
   Unique pages validated (total):  0
   Cache hit rate:                  0%

   ========= IOMMU Stats =====================
   IOMMU enabled:                   YES
   IOMMU SimObject:                 system.body.iommu

   --- Access Breakdown ---
   Total IOMMU checks:              19692401
   IOTLB hits:                      18396171
   IOTLB misses (page walks):       1296230
   IOTLB hit rate:                  93.4176%

   --- Latency Breakdown ---
   TOTAL IOMMU OVERHEAD:            684907 us
   Avg latency per access:          0.0347803 us

********************************************************************************
system.body.body_residual.llvm_interface
Total Area: 3229.97
Total Power Static: 16.4537

Total Power Dynamic: 65.7937
   ========= Performance Analysis =============
   Setup Time:                      0h 0m 0s 0ms 391us
   Simulation Time (Total):         0h 5m 16s 987ms
   Simulation Time (Active):        0h 0m 0s 412ms
        Queue Processing Time:      0h 0m 0s 174ms
             Scheduling Time:       0h 0m 0s 24ms
             Computation Time:      0h 0m 0s 3ms
   System Clock:                    0.1GHz
   Runtime:                         3873933 cycles
   Runtime:                         38739.3 us
   Stalls:                          0 cycles
   Executed Nodes:                  3873932 cycles

   ========= Kernel Validation Stats ==========
   Kernel validation enabled:       NO
   Configured latency per check:    0 us

   --- Access Breakdown ---
   Total memory accesses (validated): 0
   Cache hits (0 latency):          0
   Validation requests (full lat):  0
     of which DMA-ctrl writes:      0
   Coalesced waits (partial lat):   0
   Validations denied:              0

   --- Latency Breakdown ---
   Validation request latency:      0 us
   Coalesced wait latency:          0 us
   TOTAL SECURITY OVERHEAD:         0 us
   Avg latency per validation:      0 us
   Avg latency per coalesced wait:  0 us
   Avg overhead per blocked access: 0 us

   --- Cache Statistics ---
   Processes with cached pages:     0
   Unique pages validated (total):  0
   Cache hit rate:                  0%

   ========= IOMMU Stats =====================
   IOMMU enabled:                   YES
   IOMMU SimObject:                 system.body.iommu

   --- Access Breakdown ---
   Total IOMMU checks:              20762162
   IOTLB hits:                      19392395
   IOTLB misses (page walks):       1369767
   IOTLB hit rate:                  93.4026%

   --- Latency Breakdown ---
   TOTAL IOMMU OVERHEAD:            723668 us
   Avg latency per access:          0.0348552 us

********************************************************************************
system.body.body_pwconv0.llvm_interface
Total Area: 72226.8
Total Power Static: 1866.67

Total Power Dynamic: 45269.9
   ========= Performance Analysis =============
   Setup Time:                      0h 0m 0s 0ms 765us
   Simulation Time (Total):         0h 5m 42s 198ms
   Simulation Time (Active):        0h 0m 27s 941ms
        Queue Processing Time:      0h 0m 27s 919ms
             Scheduling Time:       0h 0m 15s 787ms
             Computation Time:      0h 0m 0s 342ms
   System Clock:                    0.1GHz
   Runtime:                         4144415 cycles
   Runtime:                         41444.2 us
   Stalls:                          0 cycles
   Executed Nodes:                  4144414 cycles

   ========= Kernel Validation Stats ==========
   Kernel validation enabled:       NO
   Configured latency per check:    0 us

   --- Access Breakdown ---
   Total memory accesses (validated): 0
   Cache hits (0 latency):          0
   Validation requests (full lat):  0
     of which DMA-ctrl writes:      0
   Coalesced waits (partial lat):   0
   Validations denied:              0

   --- Latency Breakdown ---
   Validation request latency:      0 us
   Coalesced wait latency:          0 us
   TOTAL SECURITY OVERHEAD:         0 us
   Avg latency per validation:      0 us
   Avg latency per coalesced wait:  0 us
   Avg overhead per blocked access: 0 us

   --- Cache Statistics ---
   Processes with cached pages:     0
   Unique pages validated (total):  0
   Cache hit rate:                  0%

   ========= IOMMU Stats =====================
   IOMMU enabled:                   YES
   IOMMU SimObject:                 system.body.iommu

   --- Access Breakdown ---
   Total IOMMU checks:              20854614
   IOTLB hits:                      19479791
   IOTLB misses (page walks):       1374823
   IOTLB hit rate:                  93.4076%

   --- Latency Breakdown ---
   TOTAL IOMMU OVERHEAD:            726371 us
   Avg latency per access:          0.0348302 us

********************************************************************************
system.body.body_pwconv1.llvm_interface
Total Area: 4.49811e+06
Total Power Static: 34660

Total Power Dynamic: 342746
   ========= Performance Analysis =============
   Setup Time:                      0h 0m 0s 144ms 632us
   Simulation Time (Total):         0h 5m 49s 282ms
   Simulation Time (Active):        0h 1m 19s 315ms
        Queue Processing Time:      0h 1m 19s 305ms
             Scheduling Time:       0h 1m 10s 186ms
             Computation Time:      0h 0m 2s 76ms
   System Clock:                    0.1GHz
   Runtime:                         4150616 cycles
   Runtime:                         41506.2 us
   Stalls:                          0 cycles
   Executed Nodes:                  4150615 cycles

   ========= Kernel Validation Stats ==========
   Kernel validation enabled:       NO
   Configured latency per check:    0 us

   --- Access Breakdown ---
   Total memory accesses (validated): 0
   Cache hits (0 latency):          0
   Validation requests (full lat):  0
     of which DMA-ctrl writes:      0
   Coalesced waits (partial lat):   0
   Validations denied:              0

   --- Latency Breakdown ---
   Validation request latency:      0 us
   Coalesced wait latency:          0 us
   TOTAL SECURITY OVERHEAD:         0 us
   Avg latency per validation:      0 us
   Avg latency per coalesced wait:  0 us
   Avg overhead per blocked access: 0 us

   --- Cache Statistics ---
   Processes with cached pages:     0
   Unique pages validated (total):  0
   Cache hit rate:                  0%

   ========= IOMMU Stats =====================
   IOMMU enabled:                   YES
   IOMMU SimObject:                 system.body.iommu

   --- Access Breakdown ---
   Total IOMMU checks:              20882134
   IOTLB hits:                      19507310
   IOTLB misses (page walks):       1374824
   IOTLB hit rate:                  93.4163%

   --- Latency Breakdown ---
   TOTAL IOMMU OVERHEAD:            726427 us
   Avg latency per access:          0.034787 us

********************************************************************************
system.body.body_dwconv.llvm_interface
Total Area: 777657
Total Power Static: 27770.1

Total Power Dynamic: 316697
   ========= Performance Analysis =============
   Setup Time:                      0h 0m 0s 9ms 244us
   Simulation Time (Total):         0h 5m 56s 875ms
   Simulation Time (Active):        0h 2m 43s 396ms
        Queue Processing Time:      0h 2m 43s 368ms
             Scheduling Time:       0h 2m 29s 393ms
             Computation Time:      0h 0m 1s 823ms
   System Clock:                    0.1GHz
   Runtime:                         4157556 cycles
   Runtime:                         41575.6 us
   Stalls:                          0 cycles
   Executed Nodes:                  4157555 cycles

   ========= Kernel Validation Stats ==========
   Kernel validation enabled:       NO
   Configured latency per check:    0 us

   --- Access Breakdown ---
   Total memory accesses (validated): 0
   Cache hits (0 latency):          0
   Validation requests (full lat):  0
     of which DMA-ctrl writes:      0
   Coalesced waits (partial lat):   0
   Validations denied:              0

   --- Latency Breakdown ---
   Validation request latency:      0 us
   Coalesced wait latency:          0 us
   TOTAL SECURITY OVERHEAD:         0 us
   Avg latency per validation:      0 us
   Avg latency per coalesced wait:  0 us
   Avg overhead per blocked access: 0 us

   --- Cache Statistics ---
   Processes with cached pages:     0
   Unique pages validated (total):  0
   Cache hit rate:                  0%

   ========= IOMMU Stats =====================
   IOMMU enabled:                   YES
   IOMMU SimObject:                 system.body.iommu

   --- Access Breakdown ---
   Total IOMMU checks:              20911763
   IOTLB hits:                      19536939
   IOTLB misses (page walks):       1374824
   IOTLB hit rate:                  93.4256%

   --- Latency Breakdown ---
   TOTAL IOMMU OVERHEAD:            726486 us
   Avg latency per access:          0.0347405 us

********************************************************************************
system.body.body_top.llvm_interface
Total Area: 22496.5
Total Power Static: 0.957346

Total Power Dynamic: 4.74324
   ========= Performance Analysis =============
   Setup Time:                      0h 0m 0s 7ms 361us
   Simulation Time (Total):         0h 5m 57s 340ms
   Simulation Time (Active):        0h 0m 0s 544ms
        Queue Processing Time:      0h 0m 0s 262ms
             Scheduling Time:       0h 0m 0s 57ms
             Computation Time:      0h 0m 0s 16ms
   System Clock:                    0.1GHz
   Runtime:                         4176948 cycles
   Runtime:                         41769.5 us
   Stalls:                          0 cycles
   Executed Nodes:                  4176947 cycles

   ========= Kernel Validation Stats ==========
   Kernel validation enabled:       NO
   Configured latency per check:    0 us

   --- Access Breakdown ---
   Total memory accesses (validated): 0
   Cache hits (0 latency):          0
   Validation requests (full lat):  0
     of which DMA-ctrl writes:      0
   Coalesced waits (partial lat):   0
   Validations denied:              0

   --- Latency Breakdown ---
   Validation request latency:      0 us
   Coalesced wait latency:          0 us
   TOTAL SECURITY OVERHEAD:         0 us
   Avg latency per validation:      0 us
   Avg latency per coalesced wait:  0 us
   Avg overhead per blocked access: 0 us

   --- Cache Statistics ---
   Processes with cached pages:     0
   Unique pages validated (total):  0
   Cache hit rate:                  0%

   ========= IOMMU Stats =====================
   IOMMU enabled:                   YES
   IOMMU SimObject:                 system.body.iommu

   --- Access Breakdown ---
   Total IOMMU checks:              20911766
   IOTLB hits:                      19536942
   IOTLB misses (page walks):       1374824
   IOTLB hit rate:                  93.4256%

   --- Latency Breakdown ---
   TOTAL IOMMU OVERHEAD:            726486 us
   Avg latency per access:          0.0347405 us

********************************************************************************
system.body.body_residual.llvm_interface
Total Area: 3768.3
Total Power Static: 4.11165

Total Power Dynamic: 12.3363
   ========= Performance Analysis =============
   Setup Time:                      0h 0m 0s 0ms 389us
   Simulation Time (Total):         0h 2m 6s 738ms
   Simulation Time (Active):        0h 0m 0s 133ms
        Queue Processing Time:      0h 0m 0s 57ms
             Scheduling Time:       0h 0m 0s 6ms
             Computation Time:      0h 0m 0s 0ms
   System Clock:                    0.1GHz
   Runtime:                         1297709 cycles
   Runtime:                         12977.1 us
   Stalls:                          0 cycles
   Executed Nodes:                  1297708 cycles

   ========= Kernel Validation Stats ==========
   Kernel validation enabled:       NO
   Configured latency per check:    0 us

   --- Access Breakdown ---
   Total memory accesses (validated): 0
   Cache hits (0 latency):          0
   Validation requests (full lat):  0
     of which DMA-ctrl writes:      0
   Coalesced waits (partial lat):   0
   Validations denied:              0

   --- Latency Breakdown ---
   Validation request latency:      0 us
   Coalesced wait latency:          0 us
   TOTAL SECURITY OVERHEAD:         0 us
   Avg latency per validation:      0 us
   Avg latency per coalesced wait:  0 us
   Avg overhead per blocked access: 0 us

   --- Cache Statistics ---
   Processes with cached pages:     0
   Unique pages validated (total):  0
   Cache hit rate:                  0%

   ========= IOMMU Stats =====================
   IOMMU enabled:                   YES
   IOMMU SimObject:                 system.body.iommu

   --- Access Breakdown ---
   Total IOMMU checks:              21416007
   IOTLB hits:                      20017157
   IOTLB misses (page walks):       1398850
   IOTLB hit rate:                  93.4682%

   --- Latency Breakdown ---
   TOTAL IOMMU OVERHEAD:            739459 us
   Avg latency per access:          0.0345283 us

********************************************************************************
system.body.body_pwconv0.llvm_interface
Total Area: 84264.5
Total Power Static: 692.817

Total Power Dynamic: 16913.1
   ========= Performance Analysis =============
   Setup Time:                      0h 0m 0s 0ms 754us
   Simulation Time (Total):         0h 2m 36s 915ms
   Simulation Time (Active):        0h 0m 8s 432ms
        Queue Processing Time:      0h 0m 8s 397ms
             Scheduling Time:       0h 0m 4s 588ms
             Computation Time:      0h 0m 0s 117ms
   System Clock:                    0.1GHz
   Runtime:                         1598263 cycles
   Runtime:                         15982.6 us
   Stalls:                          0 cycles
   Executed Nodes:                  1598262 cycles

   ========= Kernel Validation Stats ==========
   Kernel validation enabled:       NO
   Configured latency per check:    0 us

   --- Access Breakdown ---
   Total memory accesses (validated): 0
   Cache hits (0 latency):          0
   Validation requests (full lat):  0
     of which DMA-ctrl writes:      0
   Coalesced waits (partial lat):   0
   Validations denied:              0

   --- Latency Breakdown ---
   Validation request latency:      0 us
   Coalesced wait latency:          0 us
   TOTAL SECURITY OVERHEAD:         0 us
   Avg latency per validation:      0 us
   Avg latency per coalesced wait:  0 us
   Avg overhead per blocked access: 0 us

   --- Cache Statistics ---
   Processes with cached pages:     0
   Unique pages validated (total):  0
   Cache hit rate:                  0%

   ========= IOMMU Stats =====================
   IOMMU enabled:                   YES
   IOMMU SimObject:                 system.body.iommu

   --- Access Breakdown ---
   Total IOMMU checks:              21530797
   IOTLB hits:                      20126393
   IOTLB misses (page walks):       1404404
   IOTLB hit rate:                  93.4772%

   --- Latency Breakdown ---
   TOTAL IOMMU OVERHEAD:            742455 us
   Avg latency per access:          0.0344834 us

********************************************************************************
system.body.body_dwconv.llvm_interface
Total Area: 907266
Total Power Static: 10000

Total Power Dynamic: 113736
   ========= Performance Analysis =============
   Setup Time:                      0h 0m 0s 8ms 175us
   Simulation Time (Total):         0h 3m 3s 763ms
   Simulation Time (Active):        0h 1m 1s 34ms
        Queue Processing Time:      0h 1m 1s 21ms
             Scheduling Time:       0h 0m 55s 719ms
             Computation Time:      0h 0m 0s 647ms
   System Clock:                    0.1GHz
   Runtime:                         1679137 cycles
   Runtime:                         16791.4 us
   Stalls:                          0 cycles
   Executed Nodes:                  1679136 cycles

   ========= Kernel Validation Stats ==========
   Kernel validation enabled:       NO
   Configured latency per check:    0 us

   --- Access Breakdown ---
   Total memory accesses (validated): 0
   Cache hits (0 latency):          0
   Validation requests (full lat):  0
     of which DMA-ctrl writes:      0
   Coalesced waits (partial lat):   0
   Validations denied:              0

   --- Latency Breakdown ---
   Validation request latency:      0 us
   Coalesced wait latency:          0 us
   TOTAL SECURITY OVERHEAD:         0 us
   Avg latency per validation:      0 us
   Avg latency per coalesced wait:  0 us
   Avg overhead per blocked access: 0 us

   --- Cache Statistics ---
   Processes with cached pages:     0
   Unique pages validated (total):  0
   Cache hit rate:                  0%

   ========= IOMMU Stats =====================
   IOMMU enabled:                   YES
   IOMMU SimObject:                 system.body.iommu

   --- Access Breakdown ---
   Total IOMMU checks:              21653632
   IOTLB hits:                      20248135
   IOTLB misses (page walks):       1405497
   IOTLB hit rate:                  93.5092%

   --- Latency Breakdown ---
   TOTAL IOMMU OVERHEAD:            743245 us
   Avg latency per access:          0.0343243 us

********************************************************************************
system.body.body_pwconv1.llvm_interface
Total Area: 5.24779e+06
Total Power Static: 34660

Total Power Dynamic: 342746
   ========= Performance Analysis =============
   Setup Time:                      0h 0m 0s 141ms 303us
   Simulation Time (Total):         0h 3m 3s 635ms
   Simulation Time (Active):        0h 1m 17s 810ms
        Queue Processing Time:      0h 1m 17s 803ms
             Scheduling Time:       0h 1m 9s 364ms
             Computation Time:      0h 0m 2s 6ms
   System Clock:                    0.1GHz
   Runtime:                         1680128 cycles
   Runtime:                         16801.3 us
   Stalls:                          0 cycles
   Executed Nodes:                  1680127 cycles

   ========= Kernel Validation Stats ==========
   Kernel validation enabled:       NO
   Configured latency per check:    0 us

   --- Access Breakdown ---
   Total memory accesses (validated): 0
   Cache hits (0 latency):          0
   Validation requests (full lat):  0
     of which DMA-ctrl writes:      0
   Coalesced waits (partial lat):   0
   Validations denied:              0

   --- Latency Breakdown ---
   Validation request latency:      0 us
   Coalesced wait latency:          0 us
   TOTAL SECURITY OVERHEAD:         0 us
   Avg latency per validation:      0 us
   Avg latency per coalesced wait:  0 us
   Avg overhead per blocked access: 0 us

   --- Cache Statistics ---
   Processes with cached pages:     0
   Unique pages validated (total):  0
   Cache hit rate:                  0%

   ========= IOMMU Stats =====================
   IOMMU enabled:                   YES
   IOMMU SimObject:                 system.body.iommu

   --- Access Breakdown ---
   Total IOMMU checks:              21654776
   IOTLB hits:                      20249279
   IOTLB misses (page walks):       1405497
   IOTLB hit rate:                  93.5095%

   --- Latency Breakdown ---
   TOTAL IOMMU OVERHEAD:            743247 us
   Avg latency per access:          0.0343225 us

********************************************************************************
system.body.body_top.llvm_interface
Total Area: 26245.9
Total Power Static: 0.961013

Total Power Dynamic: 4.76126
   ========= Performance Analysis =============
   Setup Time:                      0h 0m 0s 17ms 443us
   Simulation Time (Total):         0h 3m 4s 231ms
   Simulation Time (Active):        0h 0m 0s 227ms
        Queue Processing Time:      0h 0m 0s 113ms
             Scheduling Time:       0h 0m 0s 27ms
             Computation Time:      0h 0m 0s 7ms
   System Clock:                    0.1GHz
   Runtime:                         1699536 cycles
   Runtime:                         16995.4 us
   Stalls:                          0 cycles
   Executed Nodes:                  1699535 cycles

   ========= Kernel Validation Stats ==========
   Kernel validation enabled:       NO
   Configured latency per check:    0 us

   --- Access Breakdown ---
   Total memory accesses (validated): 0
   Cache hits (0 latency):          0
   Validation requests (full lat):  0
     of which DMA-ctrl writes:      0
   Coalesced waits (partial lat):   0
   Validations denied:              0

   --- Latency Breakdown ---
   Validation request latency:      0 us
   Coalesced wait latency:          0 us
   TOTAL SECURITY OVERHEAD:         0 us
   Avg latency per validation:      0 us
   Avg latency per coalesced wait:  0 us
   Avg overhead per blocked access: 0 us

   --- Cache Statistics ---
   Processes with cached pages:     0
   Unique pages validated (total):  0
   Cache hit rate:                  0%

   ========= IOMMU Stats =====================
   IOMMU enabled:                   YES
   IOMMU SimObject:                 system.body.iommu

   --- Access Breakdown ---
   Total IOMMU checks:              21654778
   IOTLB hits:                      20249281
   IOTLB misses (page walks):       1405497
   IOTLB hit rate:                  93.5095%

   --- Latency Breakdown ---
   TOTAL IOMMU OVERHEAD:            743247 us
   Avg latency per access:          0.0343225 us

********************************************************************************
system.body.body_residual.llvm_interface
Total Area: 4306.63
Total Power Static: 6.16866

Total Power Dynamic: 24.6726
   ========= Performance Analysis =============
   Setup Time:                      0h 0m 0s 0ms 392us
   Simulation Time (Total):         0h 2m 4s 635ms
   Simulation Time (Active):        0h 0m 0s 138ms
        Queue Processing Time:      0h 0m 0s 60ms
             Scheduling Time:       0h 0m 0s 7ms
             Computation Time:      0h 0m 0s 1ms
   System Clock:                    0.1GHz
   Runtime:                         1313256 cycles
   Runtime:                         13132.6 us
   Stalls:                          0 cycles
   Executed Nodes:                  1313255 cycles

   ========= Kernel Validation Stats ==========
   Kernel validation enabled:       NO
   Configured latency per check:    0 us

   --- Access Breakdown ---
   Total memory accesses (validated): 0
   Cache hits (0 latency):          0
   Validation requests (full lat):  0
     of which DMA-ctrl writes:      0
   Coalesced waits (partial lat):   0
   Validations denied:              0

   --- Latency Breakdown ---
   Validation request latency:      0 us
   Coalesced wait latency:          0 us
   TOTAL SECURITY OVERHEAD:         0 us
   Avg latency per validation:      0 us
   Avg latency per coalesced wait:  0 us
   Avg overhead per blocked access: 0 us

   --- Cache Statistics ---
   Processes with cached pages:     0
   Unique pages validated (total):  0
   Cache hit rate:                  0%

   ========= IOMMU Stats =====================
   IOMMU enabled:                   YES
   IOMMU SimObject:                 system.body.iommu

   --- Access Breakdown ---
   Total IOMMU checks:              22160254
   IOTLB hits:                      20730462
   IOTLB misses (page walks):       1429792
   IOTLB hit rate:                  93.5479%

   --- Latency Breakdown ---
   TOTAL IOMMU OVERHEAD:            756357 us
   Avg latency per access:          0.0341312 us

********************************************************************************
system.body.body_pwconv0.llvm_interface
Total Area: 96302.3
Total Power Static: 692.817

Total Power Dynamic: 16913.1
   ========= Performance Analysis =============
   Setup Time:                      0h 0m 0s 0ms 757us
   Simulation Time (Total):         0h 2m 33s 856ms
   Simulation Time (Active):        0h 0m 7s 724ms
        Queue Processing Time:      0h 0m 7s 689ms
             Scheduling Time:       0h 0m 4s 92ms
             Computation Time:      0h 0m 0s 112ms
   System Clock:                    0.1GHz
   Runtime:                         1613286 cycles
   Runtime:                         16132.9 us
   Stalls:                          0 cycles
   Executed Nodes:                  1613285 cycles

   ========= Kernel Validation Stats ==========
   Kernel validation enabled:       NO
   Configured latency per check:    0 us

   --- Access Breakdown ---
   Total memory accesses (validated): 0
   Cache hits (0 latency):          0
   Validation requests (full lat):  0
     of which DMA-ctrl writes:      0
   Coalesced waits (partial lat):   0
   Validations denied:              0

   --- Latency Breakdown ---
   Validation request latency:      0 us
   Coalesced wait latency:          0 us
   TOTAL SECURITY OVERHEAD:         0 us
   Avg latency per validation:      0 us
   Avg latency per coalesced wait:  0 us
   Avg overhead per blocked access: 0 us

   --- Cache Statistics ---
   Processes with cached pages:     0
   Unique pages validated (total):  0
   Cache hit rate:                  0%

   ========= IOMMU Stats =====================
   IOMMU enabled:                   YES
   IOMMU SimObject:                 system.body.iommu

   --- Access Breakdown ---
   Total IOMMU checks:              22274880
   IOTLB hits:                      20839561
   IOTLB misses (page walks):       1435319
   IOTLB hit rate:                  93.5563%

   --- Latency Breakdown ---
   TOTAL IOMMU OVERHEAD:            759339 us
   Avg latency per access:          0.0340895 us

********************************************************************************
system.body.body_dwconv.llvm_interface
Total Area: 1.03688e+06
Total Power Static: 10000

Total Power Dynamic: 113736
   ========= Performance Analysis =============
   Setup Time:                      0h 0m 0s 8ms 506us
   Simulation Time (Total):         0h 3m 0s 986ms
   Simulation Time (Active):        0h 1m 0s 225ms
        Queue Processing Time:      0h 1m 0s 212ms
             Scheduling Time:       0h 0m 55s 88ms
             Computation Time:      0h 0m 0s 633ms
   System Clock:                    0.1GHz
   Runtime:                         1694159 cycles
   Runtime:                         16941.6 us
   Stalls:                          0 cycles
   Executed Nodes:                  1694158 cycles

   ========= Kernel Validation Stats ==========
   Kernel validation enabled:       NO
   Configured latency per check:    0 us

   --- Access Breakdown ---
   Total memory accesses (validated): 0
   Cache hits (0 latency):          0
   Validation requests (full lat):  0
     of which DMA-ctrl writes:      0
   Coalesced waits (partial lat):   0
   Validations denied:              0

   --- Latency Breakdown ---
   Validation request latency:      0 us
   Coalesced wait latency:          0 us
   TOTAL SECURITY OVERHEAD:         0 us
   Avg latency per validation:      0 us
   Avg latency per coalesced wait:  0 us
   Avg overhead per blocked access: 0 us

   --- Cache Statistics ---
   Processes with cached pages:     0
   Unique pages validated (total):  0
   Cache hit rate:                  0%

   ========= IOMMU Stats =====================
   IOMMU enabled:                   YES
   IOMMU SimObject:                 system.body.iommu

   --- Access Breakdown ---
   Total IOMMU checks:              22397715
   IOTLB hits:                      20961303
   IOTLB misses (page walks):       1436412
   IOTLB hit rate:                  93.5868%

   --- Latency Breakdown ---
   TOTAL IOMMU OVERHEAD:            760129 us
   Avg latency per access:          0.0339378 us

********************************************************************************
system.body.body_pwconv1.llvm_interface
Total Area: 5.99748e+06
Total Power Static: 34660

Total Power Dynamic: 342746
   ========= Performance Analysis =============
   Setup Time:                      0h 0m 0s 163ms 714us
   Simulation Time (Total):         0h 3m 0s 838ms
   Simulation Time (Active):        0h 1m 16s 524ms
        Queue Processing Time:      0h 1m 16s 515ms
             Scheduling Time:       0h 1m 8s 214ms
             Computation Time:      0h 0m 1s 991ms
   System Clock:                    0.1GHz
   Runtime:                         1695150 cycles
   Runtime:                         16951.5 us
   Stalls:                          0 cycles
   Executed Nodes:                  1695149 cycles

   ========= Kernel Validation Stats ==========
   Kernel validation enabled:       NO
   Configured latency per check:    0 us

   --- Access Breakdown ---
   Total memory accesses (validated): 0
   Cache hits (0 latency):          0
   Validation requests (full lat):  0
     of which DMA-ctrl writes:      0
   Coalesced waits (partial lat):   0
   Validations denied:              0

   --- Latency Breakdown ---
   Validation request latency:      0 us
   Coalesced wait latency:          0 us
   TOTAL SECURITY OVERHEAD:         0 us
   Avg latency per validation:      0 us
   Avg latency per coalesced wait:  0 us
   Avg overhead per blocked access: 0 us

   --- Cache Statistics ---
   Processes with cached pages:     0
   Unique pages validated (total):  0
   Cache hit rate:                  0%

   ========= IOMMU Stats =====================
   IOMMU enabled:                   YES
   IOMMU SimObject:                 system.body.iommu

   --- Access Breakdown ---
   Total IOMMU checks:              22398859
   IOTLB hits:                      20962447
   IOTLB misses (page walks):       1436412
   IOTLB hit rate:                  93.5871%

   --- Latency Breakdown ---
   TOTAL IOMMU OVERHEAD:            760131 us
   Avg latency per access:          0.0339361 us

********************************************************************************
system.body.body_top.llvm_interface
Total Area: 29995.3
Total Power Static: 0.954902

Total Power Dynamic: 4.73123
   ========= Performance Analysis =============
   Setup Time:                      0h 0m 0s 7ms 255us
   Simulation Time (Total):         0h 3m 1s 459ms
   Simulation Time (Active):        0h 0m 0s 227ms
        Queue Processing Time:      0h 0m 0s 110ms
             Scheduling Time:       0h 0m 0s 25ms
             Computation Time:      0h 0m 0s 6ms
   System Clock:                    0.1GHz
   Runtime:                         1714532 cycles
   Runtime:                         17145.3 us
   Stalls:                          0 cycles
   Executed Nodes:                  1714531 cycles

   ========= Kernel Validation Stats ==========
   Kernel validation enabled:       NO
   Configured latency per check:    0 us

   --- Access Breakdown ---
   Total memory accesses (validated): 0
   Cache hits (0 latency):          0
   Validation requests (full lat):  0
     of which DMA-ctrl writes:      0
   Coalesced waits (partial lat):   0
   Validations denied:              0

   --- Latency Breakdown ---
   Validation request latency:      0 us
   Coalesced wait latency:          0 us
   TOTAL SECURITY OVERHEAD:         0 us
   Avg latency per validation:      0 us
   Avg latency per coalesced wait:  0 us
   Avg overhead per blocked access: 0 us

   --- Cache Statistics ---
   Processes with cached pages:     0
   Unique pages validated (total):  0
   Cache hit rate:                  0%

   ========= IOMMU Stats =====================
   IOMMU enabled:                   YES
   IOMMU SimObject:                 system.body.iommu

   --- Access Breakdown ---
   Total IOMMU checks:              22398861
   IOTLB hits:                      20962449
   IOTLB misses (page walks):       1436412
   IOTLB hit rate:                  93.5871%

   --- Latency Breakdown ---
   TOTAL IOMMU OVERHEAD:            760131 us
   Avg latency per access:          0.0339361 us

********************************************************************************
system.body.body_residual.llvm_interface
Total Area: 4844.96
Total Power Static: 6.16866

Total Power Dynamic: 24.6726
   ========= Performance Analysis =============
   Setup Time:                      0h 0m 0s 0ms 381us
   Simulation Time (Total):         0h 2m 5s 154ms
   Simulation Time (Active):        0h 0m 0s 137ms
        Queue Processing Time:      0h 0m 0s 60ms
             Scheduling Time:       0h 0m 0s 7ms
             Computation Time:      0h 0m 0s 1ms
   System Clock:                    0.1GHz
   Runtime:                         1313256 cycles
   Runtime:                         13132.6 us
   Stalls:                          0 cycles
   Executed Nodes:                  1313255 cycles

   ========= Kernel Validation Stats ==========
   Kernel validation enabled:       NO
   Configured latency per check:    0 us

   --- Access Breakdown ---
   Total memory accesses (validated): 0
   Cache hits (0 latency):          0
   Validation requests (full lat):  0
     of which DMA-ctrl writes:      0
   Coalesced waits (partial lat):   0
   Validations denied:              0

   --- Latency Breakdown ---
   Validation request latency:      0 us
   Coalesced wait latency:          0 us
   TOTAL SECURITY OVERHEAD:         0 us
   Avg latency per validation:      0 us
   Avg latency per coalesced wait:  0 us
   Avg overhead per blocked access: 0 us

   --- Cache Statistics ---
   Processes with cached pages:     0
   Unique pages validated (total):  0
   Cache hit rate:                  0%

   ========= IOMMU Stats =====================
   IOMMU enabled:                   YES
   IOMMU SimObject:                 system.body.iommu

   --- Access Breakdown ---
   Total IOMMU checks:              22904343
   IOTLB hits:                      21443636
   IOTLB misses (page walks):       1460707
   IOTLB hit rate:                  93.6226%

   --- Latency Breakdown ---
   TOTAL IOMMU OVERHEAD:            773241 us
   Avg latency per access:          0.0337596 us

********************************************************************************
system.body.body_pwconv0.llvm_interface
Total Area: 108340
Total Power Static: 692.817

Total Power Dynamic: 16913.1
   ========= Performance Analysis =============
   Setup Time:                      0h 0m 0s 0ms 760us
   Simulation Time (Total):         0h 2m 34s 347ms
   Simulation Time (Active):        0h 0m 7s 772ms
        Queue Processing Time:      0h 0m 7s 737ms
             Scheduling Time:       0h 0m 4s 324ms
             Computation Time:      0h 0m 0s 115ms
   System Clock:                    0.1GHz
   Runtime:                         1613286 cycles
   Runtime:                         16132.9 us
   Stalls:                          0 cycles
   Executed Nodes:                  1613285 cycles

   ========= Kernel Validation Stats ==========
   Kernel validation enabled:       NO
   Configured latency per check:    0 us

   --- Access Breakdown ---
   Total memory accesses (validated): 0
   Cache hits (0 latency):          0
   Validation requests (full lat):  0
     of which DMA-ctrl writes:      0
   Coalesced waits (partial lat):   0
   Validations denied:              0

   --- Latency Breakdown ---
   Validation request latency:      0 us
   Coalesced wait latency:          0 us
   TOTAL SECURITY OVERHEAD:         0 us
   Avg latency per validation:      0 us
   Avg latency per coalesced wait:  0 us
   Avg overhead per blocked access: 0 us

   --- Cache Statistics ---
   Processes with cached pages:     0
   Unique pages validated (total):  0
   Cache hit rate:                  0%

   ========= IOMMU Stats =====================
   IOMMU enabled:                   YES
   IOMMU SimObject:                 system.body.iommu

   --- Access Breakdown ---
   Total IOMMU checks:              23018969
   IOTLB hits:                      21552735
   IOTLB misses (page walks):       1466234
   IOTLB hit rate:                  93.6303%

   --- Latency Breakdown ---
   TOTAL IOMMU OVERHEAD:            776222 us
   Avg latency per access:          0.033721 us

********************************************************************************
system.body.body_dwconv.llvm_interface
Total Area: 1.16649e+06
Total Power Static: 10000

Total Power Dynamic: 113736
   ========= Performance Analysis =============
   Setup Time:                      0h 0m 0s 8ms 694us
   Simulation Time (Total):         0h 3m 1s 45ms
   Simulation Time (Active):        0h 1m 0s 287ms
        Queue Processing Time:      0h 1m 0s 273ms
             Scheduling Time:       0h 0m 55s 338ms
             Computation Time:      0h 0m 0s 628ms
   System Clock:                    0.1GHz
   Runtime:                         1694159 cycles
   Runtime:                         16941.6 us
   Stalls:                          0 cycles
   Executed Nodes:                  1694158 cycles

   ========= Kernel Validation Stats ==========
   Kernel validation enabled:       NO
   Configured latency per check:    0 us

   --- Access Breakdown ---
   Total memory accesses (validated): 0
   Cache hits (0 latency):          0
   Validation requests (full lat):  0
     of which DMA-ctrl writes:      0
   Coalesced waits (partial lat):   0
   Validations denied:              0

   --- Latency Breakdown ---
   Validation request latency:      0 us
   Coalesced wait latency:          0 us
   TOTAL SECURITY OVERHEAD:         0 us
   Avg latency per validation:      0 us
   Avg latency per coalesced wait:  0 us
   Avg overhead per blocked access: 0 us

   --- Cache Statistics ---
   Processes with cached pages:     0
   Unique pages validated (total):  0
   Cache hit rate:                  0%

   ========= IOMMU Stats =====================
   IOMMU enabled:                   YES
   IOMMU SimObject:                 system.body.iommu

   --- Access Breakdown ---
   Total IOMMU checks:              23141804
   IOTLB hits:                      21674477
   IOTLB misses (page walks):       1467327
   IOTLB hit rate:                  93.6594%

   --- Latency Breakdown ---
   TOTAL IOMMU OVERHEAD:            777012 us
   Avg latency per access:          0.0335761 us

********************************************************************************
system.body.body_pwconv1.llvm_interface
Total Area: 6.74716e+06
Total Power Static: 34660

Total Power Dynamic: 342746
   ========= Performance Analysis =============
   Setup Time:                      0h 0m 0s 137ms 894us
   Simulation Time (Total):         0h 3m 0s 922ms
   Simulation Time (Active):        0h 1m 16s 398ms
        Queue Processing Time:      0h 1m 16s 390ms
             Scheduling Time:       0h 1m 8s 382ms
             Computation Time:      0h 0m 1s 965ms
   System Clock:                    0.1GHz
   Runtime:                         1695150 cycles
   Runtime:                         16951.5 us
   Stalls:                          0 cycles
   Executed Nodes:                  1695149 cycles

   ========= Kernel Validation Stats ==========
   Kernel validation enabled:       NO
   Configured latency per check:    0 us

   --- Access Breakdown ---
   Total memory accesses (validated): 0
   Cache hits (0 latency):          0
   Validation requests (full lat):  0
     of which DMA-ctrl writes:      0
   Coalesced waits (partial lat):   0
   Validations denied:              0

   --- Latency Breakdown ---
   Validation request latency:      0 us
   Coalesced wait latency:          0 us
   TOTAL SECURITY OVERHEAD:         0 us
   Avg latency per validation:      0 us
   Avg latency per coalesced wait:  0 us
   Avg overhead per blocked access: 0 us

   --- Cache Statistics ---
   Processes with cached pages:     0
   Unique pages validated (total):  0
   Cache hit rate:                  0%

   ========= IOMMU Stats =====================
   IOMMU enabled:                   YES
   IOMMU SimObject:                 system.body.iommu

   --- Access Breakdown ---
   Total IOMMU checks:              23142948
   IOTLB hits:                      21675621
   IOTLB misses (page walks):       1467327
   IOTLB hit rate:                  93.6597%

   --- Latency Breakdown ---
   TOTAL IOMMU OVERHEAD:            777015 us
   Avg latency per access:          0.0335746 us

********************************************************************************
system.body.body_top.llvm_interface
Total Area: 33744.7
Total Power Static: 0.958569

Total Power Dynamic: 4.74925
   ========= Performance Analysis =============
   Setup Time:                      0h 0m 0s 7ms 253us
   Simulation Time (Total):         0h 3m 1s 516ms
   Simulation Time (Active):        0h 0m 0s 227ms
        Queue Processing Time:      0h 0m 0s 110ms
             Scheduling Time:       0h 0m 0s 25ms
             Computation Time:      0h 0m 0s 6ms
   System Clock:                    0.1GHz
   Runtime:                         1714604 cycles
   Runtime:                         17146 us
   Stalls:                          0 cycles
   Executed Nodes:                  1714603 cycles

   ========= Kernel Validation Stats ==========
   Kernel validation enabled:       NO
   Configured latency per check:    0 us

   --- Access Breakdown ---
   Total memory accesses (validated): 0
   Cache hits (0 latency):          0
   Validation requests (full lat):  0
     of which DMA-ctrl writes:      0
   Coalesced waits (partial lat):   0
   Validations denied:              0

   --- Latency Breakdown ---
   Validation request latency:      0 us
   Coalesced wait latency:          0 us
   TOTAL SECURITY OVERHEAD:         0 us
   Avg latency per validation:      0 us
   Avg latency per coalesced wait:  0 us
   Avg overhead per blocked access: 0 us

   --- Cache Statistics ---
   Processes with cached pages:     0
   Unique pages validated (total):  0
   Cache hit rate:                  0%

   ========= IOMMU Stats =====================
   IOMMU enabled:                   YES
   IOMMU SimObject:                 system.body.iommu

   --- Access Breakdown ---
   Total IOMMU checks:              23142950
   IOTLB hits:                      21675623
   IOTLB misses (page walks):       1467327
   IOTLB hit rate:                  93.6597%

   --- Latency Breakdown ---
   TOTAL IOMMU OVERHEAD:            777015 us
   Avg latency per access:          0.0335746 us

********************************************************************************
system.body.body_residual.llvm_interface
Total Area: 5383.29
Total Power Static: 6.16866

Total Power Dynamic: 24.6726
   ========= Performance Analysis =============
   Setup Time:                      0h 0m 0s 0ms 391us
   Simulation Time (Total):         0h 2m 23s 142ms
   Simulation Time (Active):        0h 0m 0s 147ms
        Queue Processing Time:      0h 0m 0s 64ms
             Scheduling Time:       0h 0m 0s 7ms
             Computation Time:      0h 0m 0s 1ms
   System Clock:                    0.1GHz
   Runtime:                         1410678 cycles
   Runtime:                         14106.8 us
   Stalls:                          0 cycles
   Executed Nodes:                  1410677 cycles

   ========= Kernel Validation Stats ==========
   Kernel validation enabled:       NO
   Configured latency per check:    0 us

   --- Access Breakdown ---
   Total memory accesses (validated): 0
   Cache hits (0 latency):          0
   Validation requests (full lat):  0
     of which DMA-ctrl writes:      0
   Coalesced waits (partial lat):   0
   Validations denied:              0

   --- Latency Breakdown ---
   Validation request latency:      0 us
   Coalesced wait latency:          0 us
   TOTAL SECURITY OVERHEAD:         0 us
   Avg latency per validation:      0 us
   Avg latency per coalesced wait:  0 us
   Avg overhead per blocked access: 0 us

   --- Cache Statistics ---
   Processes with cached pages:     0
   Unique pages validated (total):  0
   Cache hit rate:                  0%

   ========= IOMMU Stats =====================
   IOMMU enabled:                   YES
   IOMMU SimObject:                 system.body.iommu

   --- Access Breakdown ---
   Total IOMMU checks:              23742180
   IOTLB hits:                      22248958
   IOTLB misses (page walks):       1493222
   IOTLB hit rate:                  93.7107%

   --- Latency Breakdown ---
   TOTAL IOMMU OVERHEAD:            791109 us
   Avg latency per access:          0.0333208 us

********************************************************************************
system.body.body_pwconv0.llvm_interface
Total Area: 120378
Total Power Static: 692.817

Total Power Dynamic: 16913.1
   ========= Performance Analysis =============
   Setup Time:                      0h 0m 0s 0ms 758us
   Simulation Time (Total):         0h 2m 57s 379ms
   Simulation Time (Active):        0h 0m 7s 769ms
        Queue Processing Time:      0h 0m 7s 731ms
             Scheduling Time:       0h 0m 4s 268ms
             Computation Time:      0h 0m 0s 114ms
   System Clock:                    0.1GHz
   Runtime:                         1734922 cycles
   Runtime:                         17349.2 us
   Stalls:                          0 cycles
   Executed Nodes:                  1734921 cycles

   ========= Kernel Validation Stats ==========
   Kernel validation enabled:       NO
   Configured latency per check:    0 us

   --- Access Breakdown ---
   Total memory accesses (validated): 0
   Cache hits (0 latency):          0
   Validation requests (full lat):  0
     of which DMA-ctrl writes:      0
   Coalesced waits (partial lat):   0
   Validations denied:              0

   --- Latency Breakdown ---
   Validation request latency:      0 us
   Coalesced wait latency:          0 us
   TOTAL SECURITY OVERHEAD:         0 us
   Avg latency per validation:      0 us
   Avg latency per coalesced wait:  0 us
   Avg overhead per blocked access: 0 us

   --- Cache Statistics ---
   Processes with cached pages:     0
   Unique pages validated (total):  0
   Cache hit rate:                  0%

   ========= IOMMU Stats =====================
   IOMMU enabled:                   YES
   IOMMU SimObject:                 system.body.iommu

   --- Access Breakdown ---
   Total IOMMU checks:              23880268
   IOTLB hits:                      22381127
   IOTLB misses (page walks):       1499141
   IOTLB hit rate:                  93.7223%

   --- Latency Breakdown ---
   TOTAL IOMMU OVERHEAD:            794333 us
   Avg latency per access:          0.0332631 us

********************************************************************************
system.body.body_dwconv.llvm_interface
Total Area: 1.29609e+06
Total Power Static: 10000

Total Power Dynamic: 113736
   ========= Performance Analysis =============
   Setup Time:                      0h 0m 0s 8ms 684us
   Simulation Time (Total):         0h 3m 28s 604ms
   Simulation Time (Active):        0h 1m 0s 579ms
        Queue Processing Time:      0h 1m 0s 566ms
             Scheduling Time:       0h 0m 55s 383ms
             Computation Time:      0h 0m 0s 630ms
   System Clock:                    0.1GHz
   Runtime:                         1846256 cycles
   Runtime:                         18462.6 us
   Stalls:                          0 cycles
   Executed Nodes:                  1846255 cycles

   ========= Kernel Validation Stats ==========
   Kernel validation enabled:       NO
   Configured latency per check:    0 us

   --- Access Breakdown ---
   Total memory accesses (validated): 0
   Cache hits (0 latency):          0
   Validation requests (full lat):  0
     of which DMA-ctrl writes:      0
   Coalesced waits (partial lat):   0
   Validations denied:              0

   --- Latency Breakdown ---
   Validation request latency:      0 us
   Coalesced wait latency:          0 us
   TOTAL SECURITY OVERHEAD:         0 us
   Avg latency per validation:      0 us
   Avg latency per coalesced wait:  0 us
   Avg overhead per blocked access: 0 us

   --- Cache Statistics ---
   Processes with cached pages:     0
   Unique pages validated (total):  0
   Cache hit rate:                  0%

   ========= IOMMU Stats =====================
   IOMMU enabled:                   YES
   IOMMU SimObject:                 system.body.iommu

   --- Access Breakdown ---
   Total IOMMU checks:              24026605
   IOTLB hits:                      22525852
   IOTLB misses (page walks):       1500753
   IOTLB hit rate:                  93.7538%

   --- Latency Breakdown ---
   TOTAL IOMMU OVERHEAD:            795428 us
   Avg latency per access:          0.0331061 us

********************************************************************************
system.body.body_pwconv1.llvm_interface
Total Area: 7.49685e+06
Total Power Static: 46184.6

Total Power Dynamic: 456743
   ========= Performance Analysis =============
   Setup Time:                      0h 0m 0s 171ms 423us
   Simulation Time (Total):         0h 3m 28s 447ms
   Simulation Time (Active):        0h 1m 38s 973ms
        Queue Processing Time:      0h 1m 38s 964ms
             Scheduling Time:       0h 1m 28s 671ms
             Computation Time:      0h 0m 2s 615ms
   System Clock:                    0.1GHz
   Runtime:                         1847247 cycles
   Runtime:                         18472.5 us
   Stalls:                          0 cycles
   Executed Nodes:                  1847246 cycles

   ========= Kernel Validation Stats ==========
   Kernel validation enabled:       NO
   Configured latency per check:    0 us

   --- Access Breakdown ---
   Total memory accesses (validated): 0
   Cache hits (0 latency):          0
   Validation requests (full lat):  0
     of which DMA-ctrl writes:      0
   Coalesced waits (partial lat):   0
   Validations denied:              0

   --- Latency Breakdown ---
   Validation request latency:      0 us
   Coalesced wait latency:          0 us
   TOTAL SECURITY OVERHEAD:         0 us
   Avg latency per validation:      0 us
   Avg latency per coalesced wait:  0 us
   Avg overhead per blocked access: 0 us

   --- Cache Statistics ---
   Processes with cached pages:     0
   Unique pages validated (total):  0
   Cache hit rate:                  0%

   ========= IOMMU Stats =====================
   IOMMU enabled:                   YES
   IOMMU SimObject:                 system.body.iommu

   --- Access Breakdown ---
   Total IOMMU checks:              24027749
   IOTLB hits:                      22526996
   IOTLB misses (page walks):       1500753
   IOTLB hit rate:                  93.7541%

   --- Latency Breakdown ---
   TOTAL IOMMU OVERHEAD:            795430 us
   Avg latency per access:          0.0331047 us

********************************************************************************
system.body.body_top.llvm_interface
Total Area: 37494.1
Total Power Static: 0.960402

Total Power Dynamic: 4.75826
   ========= Performance Analysis =============
   Setup Time:                      0h 0m 0s 7ms 269us
   Simulation Time (Total):         0h 3m 29s 75ms
   Simulation Time (Active):        0h 0m 0s 246ms
        Queue Processing Time:      0h 0m 0s 119ms
             Scheduling Time:       0h 0m 0s 27ms
             Computation Time:      0h 0m 0s 7ms
   System Clock:                    0.1GHz
   Runtime:                         1866734 cycles
   Runtime:                         18667.3 us
   Stalls:                          0 cycles
   Executed Nodes:                  1866733 cycles

   ========= Kernel Validation Stats ==========
   Kernel validation enabled:       NO
   Configured latency per check:    0 us

   --- Access Breakdown ---
   Total memory accesses (validated): 0
   Cache hits (0 latency):          0
   Validation requests (full lat):  0
     of which DMA-ctrl writes:      0
   Coalesced waits (partial lat):   0
   Validations denied:              0

   --- Latency Breakdown ---
   Validation request latency:      0 us
   Coalesced wait latency:          0 us
   TOTAL SECURITY OVERHEAD:         0 us
   Avg latency per validation:      0 us
   Avg latency per coalesced wait:  0 us
   Avg overhead per blocked access: 0 us

   --- Cache Statistics ---
   Processes with cached pages:     0
   Unique pages validated (total):  0
   Cache hit rate:                  0%

   ========= IOMMU Stats =====================
   IOMMU enabled:                   YES
   IOMMU SimObject:                 system.body.iommu

   --- Access Breakdown ---
   Total IOMMU checks:              24027751
   IOTLB hits:                      22526998
   IOTLB misses (page walks):       1500753
   IOTLB hit rate:                  93.7541%

   --- Latency Breakdown ---
   TOTAL IOMMU OVERHEAD:            795430 us
   Avg latency per access:          0.0331047 us

********************************************************************************
system.body.body_residual.llvm_interface
Total Area: 5921.62
Total Power Static: 5.48299

Total Power Dynamic: 16.4484
   ========= Performance Analysis =============
   Setup Time:                      0h 0m 0s 0ms 387us
   Simulation Time (Total):         0h 2m 49s 979ms
   Simulation Time (Active):        0h 0m 0s 188ms
        Queue Processing Time:      0h 0m 0s 79ms
             Scheduling Time:       0h 0m 0s 8ms
             Computation Time:      0h 0m 0s 0ms
   System Clock:                    0.1GHz
   Runtime:                         1824248 cycles
   Runtime:                         18242.5 us
   Stalls:                          0 cycles
   Executed Nodes:                  1824247 cycles

   ========= Kernel Validation Stats ==========
   Kernel validation enabled:       NO
   Configured latency per check:    0 us

   --- Access Breakdown ---
   Total memory accesses (validated): 0
   Cache hits (0 latency):          0
   Validation requests (full lat):  0
     of which DMA-ctrl writes:      0
   Coalesced waits (partial lat):   0
   Validations denied:              0

   --- Latency Breakdown ---
   Validation request latency:      0 us
   Coalesced wait latency:          0 us
   TOTAL SECURITY OVERHEAD:         0 us
   Avg latency per validation:      0 us
   Avg latency per coalesced wait:  0 us
   Avg overhead per blocked access: 0 us

   --- Cache Statistics ---
   Processes with cached pages:     0
   Unique pages validated (total):  0
   Cache hit rate:                  0%

   ========= IOMMU Stats =====================
   IOMMU enabled:                   YES
   IOMMU SimObject:                 system.body.iommu

   --- Access Breakdown ---
   Total IOMMU checks:              24700209
   IOTLB hits:                      23165576
   IOTLB misses (page walks):       1534633
   IOTLB hit rate:                  93.787%

   --- Latency Breakdown ---
   TOTAL IOMMU OVERHEAD:            813648 us
   Avg latency per access:          0.0329409 us

********************************************************************************
system.body.body_pwconv0.llvm_interface
Total Area: 132416
Total Power Static: 918.962

Total Power Dynamic: 22508.7
   ========= Performance Analysis =============
   Setup Time:                      0h 0m 0s 0ms 743us
   Simulation Time (Total):         0h 3m 26s 461ms
   Simulation Time (Active):        0h 0m 10s 531ms
        Queue Processing Time:      0h 0m 10s 507ms
             Scheduling Time:       0h 0m 5s 751ms
             Computation Time:      0h 0m 0s 153ms
   System Clock:                    0.1GHz
   Runtime:                         2192886 cycles
   Runtime:                         21928.9 us
   Stalls:                          0 cycles
   Executed Nodes:                  2192885 cycles

   ========= Kernel Validation Stats ==========
   Kernel validation enabled:       NO
   Configured latency per check:    0 us

   --- Access Breakdown ---
   Total memory accesses (validated): 0
   Cache hits (0 latency):          0
   Validation requests (full lat):  0
     of which DMA-ctrl writes:      0
   Coalesced waits (partial lat):   0
   Validations denied:              0

   --- Latency Breakdown ---
   Validation request latency:      0 us
   Coalesced wait latency:          0 us
   TOTAL SECURITY OVERHEAD:         0 us
   Avg latency per validation:      0 us
   Avg latency per coalesced wait:  0 us
   Avg overhead per blocked access: 0 us

   --- Cache Statistics ---
   Processes with cached pages:     0
   Unique pages validated (total):  0
   Cache hit rate:                  0%

   ========= IOMMU Stats =====================
   IOMMU enabled:                   YES
   IOMMU SimObject:                 system.body.iommu

   --- Access Breakdown ---
   Total IOMMU checks:              24845712
   IOTLB hits:                      23304290
   IOTLB misses (page walks):       1541422
   IOTLB hit rate:                  93.796%

   --- Latency Breakdown ---
   TOTAL IOMMU OVERHEAD:            817320 us
   Avg latency per access:          0.0328958 us

********************************************************************************
system.body.body_dwconv.llvm_interface
Total Area: 1.4257e+06
Total Power Static: 13333.2

Total Power Dynamic: 151645
   ========= Performance Analysis =============
   Setup Time:                      0h 0m 0s 8ms 602us
   Simulation Time (Total):         0h 4m 0s 982ms
   Simulation Time (Active):        0h 1m 21s 92ms
        Queue Processing Time:      0h 1m 21s 74ms
             Scheduling Time:       0h 1m 14s 509ms
             Computation Time:      0h 0m 0s 840ms
   System Clock:                    0.1GHz
   Runtime:                         2308323 cycles
   Runtime:                         23083.2 us
   Stalls:                          0 cycles
   Executed Nodes:                  2308322 cycles

   ========= Kernel Validation Stats ==========
   Kernel validation enabled:       NO
   Configured latency per check:    0 us

   --- Access Breakdown ---
   Total memory accesses (validated): 0
   Cache hits (0 latency):          0
   Validation requests (full lat):  0
     of which DMA-ctrl writes:      0
   Coalesced waits (partial lat):   0
   Validations denied:              0

   --- Latency Breakdown ---
   Validation request latency:      0 us
   Coalesced wait latency:          0 us
   TOTAL SECURITY OVERHEAD:         0 us
   Avg latency per validation:      0 us
   Avg latency per coalesced wait:  0 us
   Avg overhead per blocked access: 0 us

   --- Cache Statistics ---
   Processes with cached pages:     0
   Unique pages validated (total):  0
   Cache hit rate:                  0%

   ========= IOMMU Stats =====================
   IOMMU enabled:                   YES
   IOMMU SimObject:                 system.body.iommu

   --- Access Breakdown ---
   Total IOMMU checks:              25007112
   IOTLB hits:                      23464071
   IOTLB misses (page walks):       1543041
   IOTLB hit rate:                  93.8296%

   --- Latency Breakdown ---
   TOTAL IOMMU OVERHEAD:            818449 us
   Avg latency per access:          0.0327286 us

********************************************************************************
system.body.body_pwconv1.llvm_interface
Total Area: 8.24653e+06
Total Power Static: 46184.6

Total Power Dynamic: 456743
   ========= Performance Analysis =============
   Setup Time:                      0h 0m 0s 132ms 158us
   Simulation Time (Total):         0h 4m 0s 855ms
   Simulation Time (Active):        0h 1m 39s 912ms
        Queue Processing Time:      0h 1m 39s 903ms
             Scheduling Time:       0h 1m 29s 371ms
             Computation Time:      0h 0m 2s 600ms
   System Clock:                    0.1GHz
   Runtime:                         2308962 cycles
   Runtime:                         23089.6 us
   Stalls:                          0 cycles
   Executed Nodes:                  2308961 cycles

   ========= Kernel Validation Stats ==========
   Kernel validation enabled:       NO
   Configured latency per check:    0 us

   --- Access Breakdown ---
   Total memory accesses (validated): 0
   Cache hits (0 latency):          0
   Validation requests (full lat):  0
     of which DMA-ctrl writes:      0
   Coalesced waits (partial lat):   0
   Validations denied:              0

   --- Latency Breakdown ---
   Validation request latency:      0 us
   Coalesced wait latency:          0 us
   TOTAL SECURITY OVERHEAD:         0 us
   Avg latency per validation:      0 us
   Avg latency per coalesced wait:  0 us
   Avg overhead per blocked access: 0 us

   --- Cache Statistics ---
   Processes with cached pages:     0
   Unique pages validated (total):  0
   Cache hit rate:                  0%

   ========= IOMMU Stats =====================
   IOMMU enabled:                   YES
   IOMMU SimObject:                 system.body.iommu

   --- Access Breakdown ---
   Total IOMMU checks:              25007873
   IOTLB hits:                      23464832
   IOTLB misses (page walks):       1543041
   IOTLB hit rate:                  93.8298%

   --- Latency Breakdown ---
   TOTAL IOMMU OVERHEAD:            818450 us
   Avg latency per access:          0.0327277 us

********************************************************************************
system.body.body_top.llvm_interface
Total Area: 41243.6
Total Power Static: 0.95918

Total Power Dynamic: 4.75225
   ========= Performance Analysis =============
   Setup Time:                      0h 0m 0s 7ms 382us
   Simulation Time (Total):         0h 4m 1s 417ms
   Simulation Time (Active):        0h 0m 0s 303ms
        Queue Processing Time:      0h 0m 0s 148ms
             Scheduling Time:       0h 0m 0s 33ms
             Computation Time:      0h 0m 0s 9ms
   System Clock:                    0.1GHz
   Runtime:                         2328379 cycles
   Runtime:                         23283.8 us
   Stalls:                          0 cycles
   Executed Nodes:                  2328378 cycles

   ========= Kernel Validation Stats ==========
   Kernel validation enabled:       NO
   Configured latency per check:    0 us

   --- Access Breakdown ---
   Total memory accesses (validated): 0
   Cache hits (0 latency):          0
   Validation requests (full lat):  0
     of which DMA-ctrl writes:      0
   Coalesced waits (partial lat):   0
   Validations denied:              0

   --- Latency Breakdown ---
   Validation request latency:      0 us
   Coalesced wait latency:          0 us
   TOTAL SECURITY OVERHEAD:         0 us
   Avg latency per validation:      0 us
   Avg latency per coalesced wait:  0 us
   Avg overhead per blocked access: 0 us

   --- Cache Statistics ---
   Processes with cached pages:     0
   Unique pages validated (total):  0
   Cache hit rate:                  0%

   ========= IOMMU Stats =====================
   IOMMU enabled:                   YES
   IOMMU SimObject:                 system.body.iommu

   --- Access Breakdown ---
   Total IOMMU checks:              25007875
   IOTLB hits:                      23464834
   IOTLB misses (page walks):       1543041
   IOTLB hit rate:                  93.8298%

   --- Latency Breakdown ---
   TOTAL IOMMU OVERHEAD:            818450 us
   Avg latency per access:          0.0327277 us

********************************************************************************
system.body.body_residual.llvm_interface
Total Area: 6459.95
Total Power Static: 8.22567

Total Power Dynamic: 32.8969
   ========= Performance Analysis =============
   Setup Time:                      0h 0m 0s 0ms 385us
   Simulation Time (Total):         0h 2m 46s 661ms
   Simulation Time (Active):        0h 0m 0s 191ms
        Queue Processing Time:      0h 0m 0s 81ms
             Scheduling Time:       0h 0m 0s 9ms
             Computation Time:      0h 0m 0s 1ms
   System Clock:                    0.1GHz
   Runtime:                         1832216 cycles
   Runtime:                         18322.2 us
   Stalls:                          0 cycles
   Executed Nodes:                  1832215 cycles

   ========= Kernel Validation Stats ==========
   Kernel validation enabled:       NO
   Configured latency per check:    0 us

   --- Access Breakdown ---
   Total memory accesses (validated): 0
   Cache hits (0 latency):          0
   Validation requests (full lat):  0
     of which DMA-ctrl writes:      0
   Coalesced waits (partial lat):   0
   Validations denied:              0

   --- Latency Breakdown ---
   Validation request latency:      0 us
   Coalesced wait latency:          0 us
   TOTAL SECURITY OVERHEAD:         0 us
   Avg latency per validation:      0 us
   Avg latency per coalesced wait:  0 us
   Avg overhead per blocked access: 0 us

   --- Cache Statistics ---
   Processes with cached pages:     0
   Unique pages validated (total):  0
   Cache hit rate:                  0%

   ========= IOMMU Stats =====================
   IOMMU enabled:                   YES
   IOMMU SimObject:                 system.body.iommu

   --- Access Breakdown ---
   Total IOMMU checks:              25681456
   IOTLB hits:                      24104366
   IOTLB misses (page walks):       1577090
   IOTLB hit rate:                  93.859%

   --- Latency Breakdown ---
   TOTAL IOMMU OVERHEAD:            836754 us
   Avg latency per access:          0.032582 us

********************************************************************************
system.body.body_pwconv0.llvm_interface
Total Area: 144454
Total Power Static: 918.962

Total Power Dynamic: 22508.7
   ========= Performance Analysis =============
   Setup Time:                      0h 0m 0s 0ms 737us
   Simulation Time (Total):         0h 3m 22s 392ms
   Simulation Time (Active):        0h 0m 9s 660ms
        Queue Processing Time:      0h 0m 9s 632ms
             Scheduling Time:       0h 0m 5s 409ms
             Computation Time:      0h 0m 0s 147ms
   System Clock:                    0.1GHz
   Runtime:                         2200804 cycles
   Runtime:                         22008 us
   Stalls:                          0 cycles
   Executed Nodes:                  2200803 cycles

   ========= Kernel Validation Stats ==========
   Kernel validation enabled:       NO
   Configured latency per check:    0 us

   --- Access Breakdown ---
   Total memory accesses (validated): 0
   Cache hits (0 latency):          0
   Validation requests (full lat):  0
     of which DMA-ctrl writes:      0
   Coalesced waits (partial lat):   0
   Validations denied:              0

   --- Latency Breakdown ---
   Validation request latency:      0 us
   Coalesced wait latency:          0 us
   TOTAL SECURITY OVERHEAD:         0 us
   Avg latency per validation:      0 us
   Avg latency per coalesced wait:  0 us
   Avg overhead per blocked access: 0 us

   --- Cache Statistics ---
   Processes with cached pages:     0
   Unique pages validated (total):  0
   Cache hit rate:                  0%

   ========= IOMMU Stats =====================
   IOMMU enabled:                   YES
   IOMMU SimObject:                 system.body.iommu

   --- Access Breakdown ---
   Total IOMMU checks:              25826958
   IOTLB hits:                      24243081
   IOTLB misses (page walks):       1583877
   IOTLB hit rate:                  93.8673%

   --- Latency Breakdown ---
   TOTAL IOMMU OVERHEAD:            840425 us
   Avg latency per access:          0.0325406 us

********************************************************************************
system.body.body_dwconv.llvm_interface
Total Area: 1.55531e+06
Total Power Static: 13333.2

Total Power Dynamic: 151645
   ========= Performance Analysis =============
   Setup Time:                      0h 0m 0s 8ms 596us
   Simulation Time (Total):         0h 3m 56s 669ms
   Simulation Time (Active):        0h 1m 20s 256ms
        Queue Processing Time:      0h 1m 20s 237ms
             Scheduling Time:       0h 1m 14s 163ms
             Computation Time:      0h 0m 0s 812ms
   System Clock:                    0.1GHz
   Runtime:                         2316245 cycles
   Runtime:                         23162.5 us
   Stalls:                          0 cycles
   Executed Nodes:                  2316244 cycles

   ========= Kernel Validation Stats ==========
   Kernel validation enabled:       NO
   Configured latency per check:    0 us

   --- Access Breakdown ---
   Total memory accesses (validated): 0
   Cache hits (0 latency):          0
   Validation requests (full lat):  0
     of which DMA-ctrl writes:      0
   Coalesced waits (partial lat):   0
   Validations denied:              0

   --- Latency Breakdown ---
   Validation request latency:      0 us
   Coalesced wait latency:          0 us
   TOTAL SECURITY OVERHEAD:         0 us
   Avg latency per validation:      0 us
   Avg latency per coalesced wait:  0 us
   Avg overhead per blocked access: 0 us

   --- Cache Statistics ---
   Processes with cached pages:     0
   Unique pages validated (total):  0
   Cache hit rate:                  0%

   ========= IOMMU Stats =====================
   IOMMU enabled:                   YES
   IOMMU SimObject:                 system.body.iommu

   --- Access Breakdown ---
   Total IOMMU checks:              25988359
   IOTLB hits:                      24402863
   IOTLB misses (page walks):       1585496
   IOTLB hit rate:                  93.8992%

   --- Latency Breakdown ---
   TOTAL IOMMU OVERHEAD:            841554 us
   Avg latency per access:          0.0323819 us

********************************************************************************
system.body.body_pwconv1.llvm_interface
Total Area: 8.99621e+06
Total Power Static: 46184.6

Total Power Dynamic: 456743
   ========= Performance Analysis =============
   Setup Time:                      0h 0m 0s 135ms 528us
   Simulation Time (Total):         0h 3m 56s 539ms
   Simulation Time (Active):        0h 1m 37s 700ms
        Queue Processing Time:      0h 1m 37s 692ms
             Scheduling Time:       0h 1m 27s 950ms
             Computation Time:      0h 0m 2s 506ms
   System Clock:                    0.1GHz
   Runtime:                         2316884 cycles
   Runtime:                         23168.8 us
   Stalls:                          0 cycles
   Executed Nodes:                  2316883 cycles

   ========= Kernel Validation Stats ==========
   Kernel validation enabled:       NO
   Configured latency per check:    0 us

   --- Access Breakdown ---
   Total memory accesses (validated): 0
   Cache hits (0 latency):          0
   Validation requests (full lat):  0
     of which DMA-ctrl writes:      0
   Coalesced waits (partial lat):   0
   Validations denied:              0

   --- Latency Breakdown ---
   Validation request latency:      0 us
   Coalesced wait latency:          0 us
   TOTAL SECURITY OVERHEAD:         0 us
   Avg latency per validation:      0 us
   Avg latency per coalesced wait:  0 us
   Avg overhead per blocked access: 0 us

   --- Cache Statistics ---
   Processes with cached pages:     0
   Unique pages validated (total):  0
   Cache hit rate:                  0%

   ========= IOMMU Stats =====================
   IOMMU enabled:                   YES
   IOMMU SimObject:                 system.body.iommu

   --- Access Breakdown ---
   Total IOMMU checks:              25989120
   IOTLB hits:                      24403624
   IOTLB misses (page walks):       1585496
   IOTLB hit rate:                  93.8994%

   --- Latency Breakdown ---
   TOTAL IOMMU OVERHEAD:            841555 us
   Avg latency per access:          0.0323811 us

********************************************************************************
system.body.body_top.llvm_interface
Total Area: 44993
Total Power Static: 0.961624

Total Power Dynamic: 4.76427
   ========= Performance Analysis =============
   Setup Time:                      0h 0m 0s 7ms 264us
   Simulation Time (Total):         0h 3m 57s 122ms
   Simulation Time (Active):        0h 0m 0s 299ms
        Queue Processing Time:      0h 0m 0s 143ms
             Scheduling Time:       0h 0m 0s 31ms
             Computation Time:      0h 0m 0s 8ms
   System Clock:                    0.1GHz
   Runtime:                         2336394 cycles
   Runtime:                         23363.9 us
   Stalls:                          0 cycles
   Executed Nodes:                  2336393 cycles

   ========= Kernel Validation Stats ==========
   Kernel validation enabled:       NO
   Configured latency per check:    0 us

   --- Access Breakdown ---
   Total memory accesses (validated): 0
   Cache hits (0 latency):          0
   Validation requests (full lat):  0
     of which DMA-ctrl writes:      0
   Coalesced waits (partial lat):   0
   Validations denied:              0

   --- Latency Breakdown ---
   Validation request latency:      0 us
   Coalesced wait latency:          0 us
   TOTAL SECURITY OVERHEAD:         0 us
   Avg latency per validation:      0 us
   Avg latency per coalesced wait:  0 us
   Avg overhead per blocked access: 0 us

   --- Cache Statistics ---
   Processes with cached pages:     0
   Unique pages validated (total):  0
   Cache hit rate:                  0%

   ========= IOMMU Stats =====================
   IOMMU enabled:                   YES
   IOMMU SimObject:                 system.body.iommu

   --- Access Breakdown ---
   Total IOMMU checks:              25989122
   IOTLB hits:                      24403626
   IOTLB misses (page walks):       1585496
   IOTLB hit rate:                  93.8994%

   --- Latency Breakdown ---
   TOTAL IOMMU OVERHEAD:            841555 us
   Avg latency per access:          0.0323811 us

********************************************************************************
system.body.body_residual.llvm_interface
Total Area: 6998.28
Total Power Static: 8.22567

Total Power Dynamic: 32.8969
   ========= Performance Analysis =============
   Setup Time:                      0h 0m 0s 0ms 383us
   Simulation Time (Total):         0h 1m 54s 848ms
   Simulation Time (Active):        0h 0m 0s 150ms
        Queue Processing Time:      0h 0m 0s 65ms
             Scheduling Time:       0h 0m 0s 7ms
             Computation Time:      0h 0m 0s 1ms
   System Clock:                    0.1GHz
   Runtime:                         1441475 cycles
   Runtime:                         14414.8 us
   Stalls:                          0 cycles
   Executed Nodes:                  1441474 cycles

   ========= Kernel Validation Stats ==========
   Kernel validation enabled:       NO
   Configured latency per check:    0 us

   --- Access Breakdown ---
   Total memory accesses (validated): 0
   Cache hits (0 latency):          0
   Validation requests (full lat):  0
     of which DMA-ctrl writes:      0
   Coalesced waits (partial lat):   0
   Validations denied:              0

   --- Latency Breakdown ---
   Validation request latency:      0 us
   Coalesced wait latency:          0 us
   TOTAL SECURITY OVERHEAD:         0 us
   Avg latency per validation:      0 us
   Avg latency per coalesced wait:  0 us
   Avg overhead per blocked access: 0 us

   --- Cache Statistics ---
   Processes with cached pages:     0
   Unique pages validated (total):  0
   Cache hit rate:                  0%

   ========= IOMMU Stats =====================
   IOMMU enabled:                   YES
   IOMMU SimObject:                 system.body.iommu

   --- Access Breakdown ---
   Total IOMMU checks:              26434307
   IOTLB hits:                      24821631
   IOTLB misses (page walks):       1612676
   IOTLB hit rate:                  93.8993%

   --- Latency Breakdown ---
   TOTAL IOMMU OVERHEAD:            855981 us
   Avg latency per access:          0.0323815 us

********************************************************************************
system.body.body_pwconv0.llvm_interface
Total Area: 156491
Total Power Static: 918.962

Total Power Dynamic: 22508.7
   ========= Performance Analysis =============
   Setup Time:                      0h 0m 0s 0ms 748us
   Simulation Time (Total):         0h 2m 26s 770ms
   Simulation Time (Active):        0h 0m 8s 727ms
        Queue Processing Time:      0h 0m 8s 702ms
             Scheduling Time:       0h 0m 5s 85ms
             Computation Time:      0h 0m 0s 138ms
   System Clock:                    0.1GHz
   Runtime:                         1777656 cycles
   Runtime:                         17776.6 us
   Stalls:                          0 cycles
   Executed Nodes:                  1777655 cycles

   ========= Kernel Validation Stats ==========
   Kernel validation enabled:       NO
   Configured latency per check:    0 us

   --- Access Breakdown ---
   Total memory accesses (validated): 0
   Cache hits (0 latency):          0
   Validation requests (full lat):  0
     of which DMA-ctrl writes:      0
   Coalesced waits (partial lat):   0
   Validations denied:              0

   --- Latency Breakdown ---
   Validation request latency:      0 us
   Coalesced wait latency:          0 us
   TOTAL SECURITY OVERHEAD:         0 us
   Avg latency per validation:      0 us
   Avg latency per coalesced wait:  0 us
   Avg overhead per blocked access: 0 us

   --- Cache Statistics ---
   Processes with cached pages:     0
   Unique pages validated (total):  0
   Cache hit rate:                  0%

   ========= IOMMU Stats =====================
   IOMMU enabled:                   YES
   IOMMU SimObject:                 system.body.iommu

   --- Access Breakdown ---
   Total IOMMU checks:              26565170
   IOTLB hits:                      24946272
   IOTLB misses (page walks):       1618898
   IOTLB hit rate:                  93.9059%

   --- Latency Breakdown ---
   TOTAL IOMMU OVERHEAD:            859342 us
   Avg latency per access:          0.0323484 us

********************************************************************************
system.body.body_pwconv1.llvm_interface
Total Area: 9.7459e+06
Total Power Static: 20189.6

Total Power Dynamic: 199684
   ========= Performance Analysis =============
   Setup Time:                      0h 0m 0s 139ms 206us
   Simulation Time (Total):         0h 2m 29s 734ms
   Simulation Time (Active):        0h 0m 40s 434ms
        Queue Processing Time:      0h 0m 40s 429ms
             Scheduling Time:       0h 0m 36s 606ms
             Computation Time:      0h 0m 1s 42ms
   System Clock:                    0.1GHz
   Runtime:                         1780345 cycles
   Runtime:                         17803.5 us
   Stalls:                          0 cycles
   Executed Nodes:                  1780344 cycles

   ========= Kernel Validation Stats ==========
   Kernel validation enabled:       NO
   Configured latency per check:    0 us

   --- Access Breakdown ---
   Total memory accesses (validated): 0
   Cache hits (0 latency):          0
   Validation requests (full lat):  0
     of which DMA-ctrl writes:      0
   Coalesced waits (partial lat):   0
   Validations denied:              0

   --- Latency Breakdown ---
   Validation request latency:      0 us
   Coalesced wait latency:          0 us
   TOTAL SECURITY OVERHEAD:         0 us
   Avg latency per validation:      0 us
   Avg latency per coalesced wait:  0 us
   Avg overhead per blocked access: 0 us

   --- Cache Statistics ---
   Processes with cached pages:     0
   Unique pages validated (total):  0
   Cache hit rate:                  0%

   ========= IOMMU Stats =====================
   IOMMU enabled:                   YES
   IOMMU SimObject:                 system.body.iommu

   --- Access Breakdown ---
   Total IOMMU checks:              26577817
   IOTLB hits:                      24958919
   IOTLB misses (page walks):       1618898
   IOTLB hit rate:                  93.9088%

   --- Latency Breakdown ---
   TOTAL IOMMU OVERHEAD:            859367 us
   Avg latency per access:          0.032334 us

********************************************************************************
system.body.body_dwconv.llvm_interface
Total Area: 1.68492e+06
Total Power Static: 13321

Total Power Dynamic: 151645
   ========= Performance Analysis =============
   Setup Time:                      0h 0m 0s 8ms 926us
   Simulation Time (Total):         0h 2m 42s 464ms
   Simulation Time (Active):        0h 1m 17s 525ms
        Queue Processing Time:      0h 1m 17s 507ms
             Scheduling Time:       0h 1m 12s 274ms
             Computation Time:      0h 0m 0s 775ms
   System Clock:                    0.1GHz
   Runtime:                         1791950 cycles
   Runtime:                         17919.5 us
   Stalls:                          0 cycles
   Executed Nodes:                  1791949 cycles

   ========= Kernel Validation Stats ==========
   Kernel validation enabled:       NO
   Configured latency per check:    0 us

   --- Access Breakdown ---
   Total memory accesses (validated): 0
   Cache hits (0 latency):          0
   Validation requests (full lat):  0
     of which DMA-ctrl writes:      0
   Coalesced waits (partial lat):   0
   Validations denied:              0

   --- Latency Breakdown ---
   Validation request latency:      0 us
   Coalesced wait latency:          0 us
   TOTAL SECURITY OVERHEAD:         0 us
   Avg latency per validation:      0 us
   Avg latency per coalesced wait:  0 us
   Avg overhead per blocked access: 0 us

   --- Cache Statistics ---
   Processes with cached pages:     0
   Unique pages validated (total):  0
   Cache hit rate:                  0%

   ========= IOMMU Stats =====================
   IOMMU enabled:                   YES
   IOMMU SimObject:                 system.body.iommu

   --- Access Breakdown ---
   Total IOMMU checks:              26626433
   IOTLB hits:                      25007535
   IOTLB misses (page walks):       1618898
   IOTLB hit rate:                  93.92%

   --- Latency Breakdown ---
   TOTAL IOMMU OVERHEAD:            859464 us
   Avg latency per access:          0.0322786 us

********************************************************************************
system.body.body_top.llvm_interface
Total Area: 48742.4
Total Power Static: 0.958569

Total Power Dynamic: 4.74925
   ========= Performance Analysis =============
   Setup Time:                      0h 0m 0s 7ms 394us
   Simulation Time (Total):         0h 2m 42s 890ms
   Simulation Time (Active):        0h 0m 0s 231ms
        Queue Processing Time:      0h 0m 0s 108ms
             Scheduling Time:       0h 0m 0s 23ms
             Computation Time:      0h 0m 0s 5ms
   System Clock:                    0.1GHz
   Runtime:                         1811350 cycles
   Runtime:                         18113.5 us
   Stalls:                          0 cycles
   Executed Nodes:                  1811349 cycles

   ========= Kernel Validation Stats ==========
   Kernel validation enabled:       NO
   Configured latency per check:    0 us

   --- Access Breakdown ---
   Total memory accesses (validated): 0
   Cache hits (0 latency):          0
   Validation requests (full lat):  0
     of which DMA-ctrl writes:      0
   Coalesced waits (partial lat):   0
   Validations denied:              0

   --- Latency Breakdown ---
   Validation request latency:      0 us
   Coalesced wait latency:          0 us
   TOTAL SECURITY OVERHEAD:         0 us
   Avg latency per validation:      0 us
   Avg latency per coalesced wait:  0 us
   Avg overhead per blocked access: 0 us

   --- Cache Statistics ---
   Processes with cached pages:     0
   Unique pages validated (total):  0
   Cache hit rate:                  0%

   ========= IOMMU Stats =====================
   IOMMU enabled:                   YES
   IOMMU SimObject:                 system.body.iommu

   --- Access Breakdown ---
   Total IOMMU checks:              26626436
   IOTLB hits:                      25007538
   IOTLB misses (page walks):       1618898
   IOTLB hit rate:                  93.92%

   --- Latency Breakdown ---
   TOTAL IOMMU OVERHEAD:            859464 us
   Avg latency per access:          0.0322786 us

********************************************************************************
system.body.body_residual.llvm_interface
Total Area: 7536.61
Total Power Static: 2.39747

Total Power Dynamic: 7.19619
   ========= Performance Analysis =============
   Setup Time:                      0h 0m 0s 0ms 375us
   Simulation Time (Total):         0h 0m 26s 547ms
   Simulation Time (Active):        0h 0m 0s 27ms
        Queue Processing Time:      0h 0m 0s 12ms
             Scheduling Time:       0h 0m 0s 2ms
             Computation Time:      0h 0m 0s 0ms
   System Clock:                    0.1GHz
   Runtime:                         245405 cycles
   Runtime:                         2454.05 us
   Stalls:                          0 cycles
   Executed Nodes:                  245404 cycles

   ========= Kernel Validation Stats ==========
   Kernel validation enabled:       NO
   Configured latency per check:    0 us

   --- Access Breakdown ---
   Total memory accesses (validated): 0
   Cache hits (0 latency):          0
   Validation requests (full lat):  0
     of which DMA-ctrl writes:      0
   Coalesced waits (partial lat):   0
   Validations denied:              0

   --- Latency Breakdown ---
   Validation request latency:      0 us
   Coalesced wait latency:          0 us
   TOTAL SECURITY OVERHEAD:         0 us
   Avg latency per validation:      0 us
   Avg latency per coalesced wait:  0 us
   Avg overhead per blocked access: 0 us

   --- Cache Statistics ---
   Processes with cached pages:     0
   Unique pages validated (total):  0
   Cache hit rate:                  0%

   ========= IOMMU Stats =====================
   IOMMU enabled:                   YES
   IOMMU SimObject:                 system.body.iommu

   --- Access Breakdown ---
   Total IOMMU checks:              26773185
   IOTLB hits:                      25149929
   IOTLB misses (page walks):       1623256
   IOTLB hit rate:                  93.937%

   --- Latency Breakdown ---
   TOTAL IOMMU OVERHEAD:            861928 us
   Avg latency per access:          0.0321937 us

********************************************************************************
system.body.body_pwconv0.llvm_interface
Total Area: 168529
Total Power Static: 399.351

Total Power Dynamic: 9823.92
   ========= Performance Analysis =============
   Setup Time:                      0h 0m 0s 0ms 736us
   Simulation Time (Total):         0h 0m 56s 985ms
   Simulation Time (Active):        0h 0m 2s 882ms
        Queue Processing Time:      0h 0m 2s 846ms
             Scheduling Time:       0h 0m 1s 703ms
             Computation Time:      0h 0m 0s 51ms
   System Clock:                    0.1GHz
   Runtime:                         586500 cycles
   Runtime:                         5865 us
   Stalls:                          0 cycles
   Executed Nodes:                  586499 cycles

   ========= Kernel Validation Stats ==========
   Kernel validation enabled:       NO
   Configured latency per check:    0 us

   --- Access Breakdown ---
   Total memory accesses (validated): 0
   Cache hits (0 latency):          0
   Validation requests (full lat):  0
     of which DMA-ctrl writes:      0
   Coalesced waits (partial lat):   0
   Validations denied:              0

   --- Latency Breakdown ---
   Validation request latency:      0 us
   Coalesced wait latency:          0 us
   TOTAL SECURITY OVERHEAD:         0 us
   Avg latency per validation:      0 us
   Avg latency per coalesced wait:  0 us
   Avg overhead per blocked access: 0 us

   --- Cache Statistics ---
   Processes with cached pages:     0
   Unique pages validated (total):  0
   Cache hit rate:                  0%

   ========= IOMMU Stats =====================
   IOMMU enabled:                   YES
   IOMMU SimObject:                 system.body.iommu

   --- Access Breakdown ---
   Total IOMMU checks:              26901270
   IOTLB hits:                      25271687
   IOTLB misses (page walks):       1629583
   IOTLB hit rate:                  93.9424%

   --- Latency Breakdown ---
   TOTAL IOMMU OVERHEAD:            865335 us
   Avg latency per access:          0.0321671 us

********************************************************************************
system.body.body_pwconv1.llvm_interface
Total Area: 1.04956e+07
Total Power Static: 20189.6

Total Power Dynamic: 199684
   ========= Performance Analysis =============
   Setup Time:                      0h 0m 0s 130ms 513us
   Simulation Time (Total):         0h 1m 29s 57ms
   Simulation Time (Active):        0h 0m 37s 925ms
        Queue Processing Time:      0h 0m 37s 920ms
             Scheduling Time:       0h 0m 34s 330ms
             Computation Time:      0h 0m 0s 963ms
   System Clock:                    0.1GHz
   Runtime:                         706365 cycles
   Runtime:                         7063.65 us
   Stalls:                          0 cycles
   Executed Nodes:                  706364 cycles

   ========= Kernel Validation Stats ==========
   Kernel validation enabled:       NO
   Configured latency per check:    0 us

   --- Access Breakdown ---
   Total memory accesses (validated): 0
   Cache hits (0 latency):          0
   Validation requests (full lat):  0
     of which DMA-ctrl writes:      0
   Coalesced waits (partial lat):   0
   Validations denied:              0

   --- Latency Breakdown ---
   Validation request latency:      0 us
   Coalesced wait latency:          0 us
   TOTAL SECURITY OVERHEAD:         0 us
   Avg latency per validation:      0 us
   Avg latency per coalesced wait:  0 us
   Avg overhead per blocked access: 0 us

   --- Cache Statistics ---
   Processes with cached pages:     0
   Unique pages validated (total):  0
   Cache hit rate:                  0%

   ========= IOMMU Stats =====================
   IOMMU enabled:                   YES
   IOMMU SimObject:                 system.body.iommu

   --- Access Breakdown ---
   Total IOMMU checks:              27050502
   IOTLB hits:                      25419144
   IOTLB misses (page walks):       1631358
   IOTLB hit rate:                  93.9692%

   --- Latency Breakdown ---
   TOTAL IOMMU OVERHEAD:            866517 us
   Avg latency per access:          0.0320333 us

********************************************************************************
system.body.body_dwconv.llvm_interface
Total Area: 1.81453e+06
Total Power Static: 5467.5

Total Power Dynamic: 63163.1
   ========= Performance Analysis =============
   Setup Time:                      0h 0m 0s 8ms 654us
   Simulation Time (Total):         0h 1m 29s 361ms
   Simulation Time (Active):        0h 0m 34s 138ms
        Queue Processing Time:      0h 0m 34s 130ms
             Scheduling Time:       0h 0m 31s 428ms
             Computation Time:      0h 0m 0s 308ms
   System Clock:                    0.1GHz
   Runtime:                         707512 cycles
   Runtime:                         7075.12 us
   Stalls:                          0 cycles
   Executed Nodes:                  707511 cycles

   ========= Kernel Validation Stats ==========
   Kernel validation enabled:       NO
   Configured latency per check:    0 us

   --- Access Breakdown ---
   Total memory accesses (validated): 0
   Cache hits (0 latency):          0
   Validation requests (full lat):  0
     of which DMA-ctrl writes:      0
   Coalesced waits (partial lat):   0
   Validations denied:              0

   --- Latency Breakdown ---
   Validation request latency:      0 us
   Coalesced wait latency:          0 us
   TOTAL SECURITY OVERHEAD:         0 us
   Avg latency per validation:      0 us
   Avg latency per coalesced wait:  0 us
   Avg overhead per blocked access: 0 us

   --- Cache Statistics ---
   Processes with cached pages:     0
   Unique pages validated (total):  0
   Cache hit rate:                  0%

   ========= IOMMU Stats =====================
   IOMMU enabled:                   YES
   IOMMU SimObject:                 system.body.iommu

   --- Access Breakdown ---
   Total IOMMU checks:              27054681
   IOTLB hits:                      25423323
   IOTLB misses (page walks):       1631358
   IOTLB hit rate:                  93.9701%

   --- Latency Breakdown ---
   TOTAL IOMMU OVERHEAD:            866526 us
   Avg latency per access:          0.0320287 us

********************************************************************************
system.body.body_top.llvm_interface
Total Area: 52491.8
Total Power Static: 0.961013

Total Power Dynamic: 4.76126
   ========= Performance Analysis =============
   Setup Time:                      0h 0m 0s 15ms 990us
   Simulation Time (Total):         0h 1m 29s 749ms
   Simulation Time (Active):        0h 0m 0s 98ms
        Queue Processing Time:      0h 0m 0s 51ms
             Scheduling Time:       0h 0m 0s 13ms
             Computation Time:      0h 0m 0s 3ms
   System Clock:                    0.1GHz
   Runtime:                         726870 cycles
   Runtime:                         7268.7 us
   Stalls:                          0 cycles
   Executed Nodes:                  726869 cycles

   ========= Kernel Validation Stats ==========
   Kernel validation enabled:       NO
   Configured latency per check:    0 us

   --- Access Breakdown ---
   Total memory accesses (validated): 0
   Cache hits (0 latency):          0
   Validation requests (full lat):  0
     of which DMA-ctrl writes:      0
   Coalesced waits (partial lat):   0
   Validations denied:              0

   --- Latency Breakdown ---
   Validation request latency:      0 us
   Coalesced wait latency:          0 us
   TOTAL SECURITY OVERHEAD:         0 us
   Avg latency per validation:      0 us
   Avg latency per coalesced wait:  0 us
   Avg overhead per blocked access: 0 us

   --- Cache Statistics ---
   Processes with cached pages:     0
   Unique pages validated (total):  0
   Cache hit rate:                  0%

   ========= IOMMU Stats =====================
   IOMMU enabled:                   YES
   IOMMU SimObject:                 system.body.iommu

   --- Access Breakdown ---
   Total IOMMU checks:              27054684
   IOTLB hits:                      25423326
   IOTLB misses (page walks):       1631358
   IOTLB hit rate:                  93.9701%

   --- Latency Breakdown ---
   TOTAL IOMMU OVERHEAD:            866526 us
   Avg latency per access:          0.0320287 us

********************************************************************************
system.body.body_residual.llvm_interface
Total Area: 8074.94
Total Power Static: 3.59739

Total Power Dynamic: 14.3924
   ========= Performance Analysis =============
   Setup Time:                      0h 0m 0s 0ms 384us
   Simulation Time (Total):         0h 0m 26s 470ms
   Simulation Time (Active):        0h 0m 0s 28ms
        Queue Processing Time:      0h 0m 0s 13ms
             Scheduling Time:       0h 0m 0s 2ms
             Computation Time:      0h 0m 0s 0ms
   System Clock:                    0.1GHz
   Runtime:                         247305 cycles
   Runtime:                         2473.05 us
   Stalls:                          0 cycles
   Executed Nodes:                  247304 cycles

   ========= Kernel Validation Stats ==========
   Kernel validation enabled:       NO
   Configured latency per check:    0 us

   --- Access Breakdown ---
   Total memory accesses (validated): 0
   Cache hits (0 latency):          0
   Validation requests (full lat):  0
     of which DMA-ctrl writes:      0
   Coalesced waits (partial lat):   0
   Validations denied:              0

   --- Latency Breakdown ---
   Validation request latency:      0 us
   Coalesced wait latency:          0 us
   TOTAL SECURITY OVERHEAD:         0 us
   Avg latency per validation:      0 us
   Avg latency per coalesced wait:  0 us
   Avg overhead per blocked access: 0 us

   --- Cache Statistics ---
   Processes with cached pages:     0
   Unique pages validated (total):  0
   Cache hit rate:                  0%

   ========= IOMMU Stats =====================
   IOMMU enabled:                   YES
   IOMMU SimObject:                 system.body.iommu

   --- Access Breakdown ---
   Total IOMMU checks:              27202013
   IOTLB hits:                      25566278
   IOTLB misses (page walks):       1635735
   IOTLB hit rate:                  93.9867%

   --- Latency Breakdown ---
   TOTAL IOMMU OVERHEAD:            869000 us
   Avg latency per access:          0.0319462 us

********************************************************************************
system.body.body_pwconv0.llvm_interface
Total Area: 180567
Total Power Static: 399.351

Total Power Dynamic: 9823.92
   ========= Performance Analysis =============
   Setup Time:                      0h 0m 0s 0ms 745us
   Simulation Time (Total):         0h 0m 56s 861ms
   Simulation Time (Active):        0h 0m 2s 817ms
        Queue Processing Time:      0h 0m 2s 782ms
             Scheduling Time:       0h 0m 1s 645ms
             Computation Time:      0h 0m 0s 48ms
   System Clock:                    0.1GHz
   Runtime:                         588092 cycles
   Runtime:                         5880.92 us
   Stalls:                          0 cycles
   Executed Nodes:                  588091 cycles

   ========= Kernel Validation Stats ==========
   Kernel validation enabled:       NO
   Configured latency per check:    0 us

   --- Access Breakdown ---
   Total memory accesses (validated): 0
   Cache hits (0 latency):          0
   Validation requests (full lat):  0
     of which DMA-ctrl writes:      0
   Coalesced waits (partial lat):   0
   Validations denied:              0

   --- Latency Breakdown ---
   Validation request latency:      0 us
   Coalesced wait latency:          0 us
   TOTAL SECURITY OVERHEAD:         0 us
   Avg latency per validation:      0 us
   Avg latency per coalesced wait:  0 us
   Avg overhead per blocked access: 0 us

   --- Cache Statistics ---
   Processes with cached pages:     0
   Unique pages validated (total):  0
   Cache hit rate:                  0%

   ========= IOMMU Stats =====================
   IOMMU enabled:                   YES
   IOMMU SimObject:                 system.body.iommu

   --- Access Breakdown ---
   Total IOMMU checks:              27330083
   IOTLB hits:                      25688025
   IOTLB misses (page walks):       1642058
   IOTLB hit rate:                  93.9918%

   --- Latency Breakdown ---
   TOTAL IOMMU OVERHEAD:            872405 us
   Avg latency per access:          0.0319211 us

********************************************************************************
system.body.body_pwconv1.llvm_interface
Total Area: 1.12453e+07
Total Power Static: 20189.6

Total Power Dynamic: 199684
   ========= Performance Analysis =============
   Setup Time:                      0h 0m 0s 132ms 924us
   Simulation Time (Total):         0h 1m 28s 857ms
   Simulation Time (Active):        0h 0m 37s 940ms
        Queue Processing Time:      0h 0m 37s 935ms
             Scheduling Time:       0h 0m 34s 332ms
             Computation Time:      0h 0m 0s 966ms
   System Clock:                    0.1GHz
   Runtime:                         707957 cycles
   Runtime:                         7079.57 us
   Stalls:                          0 cycles
   Executed Nodes:                  707956 cycles

   ========= Kernel Validation Stats ==========
   Kernel validation enabled:       NO
   Configured latency per check:    0 us

   --- Access Breakdown ---
   Total memory accesses (validated): 0
   Cache hits (0 latency):          0
   Validation requests (full lat):  0
     of which DMA-ctrl writes:      0
   Coalesced waits (partial lat):   0
   Validations denied:              0

   --- Latency Breakdown ---
   Validation request latency:      0 us
   Coalesced wait latency:          0 us
   TOTAL SECURITY OVERHEAD:         0 us
   Avg latency per validation:      0 us
   Avg latency per coalesced wait:  0 us
   Avg overhead per blocked access: 0 us

   --- Cache Statistics ---
   Processes with cached pages:     0
   Unique pages validated (total):  0
   Cache hit rate:                  0%

   ========= IOMMU Stats =====================
   IOMMU enabled:                   YES
   IOMMU SimObject:                 system.body.iommu

   --- Access Breakdown ---
   Total IOMMU checks:              27479315
   IOTLB hits:                      25835482
   IOTLB misses (page walks):       1643833
   IOTLB hit rate:                  94.0179%

   --- Latency Breakdown ---
   TOTAL IOMMU OVERHEAD:            873587 us
   Avg latency per access:          0.0317907 us

********************************************************************************
system.body.body_dwconv.llvm_interface
Total Area: 1.94414e+06
Total Power Static: 5467.5

Total Power Dynamic: 63163.1
   ========= Performance Analysis =============
   Setup Time:                      0h 0m 0s 8ms 554us
   Simulation Time (Total):         0h 1m 29s 162ms
   Simulation Time (Active):        0h 0m 33s 901ms
        Queue Processing Time:      0h 0m 33s 893ms
             Scheduling Time:       0h 0m 31s 198ms
             Computation Time:      0h 0m 0s 307ms
   System Clock:                    0.1GHz
   Runtime:                         709104 cycles
   Runtime:                         7091.04 us
   Stalls:                          0 cycles
   Executed Nodes:                  709103 cycles

   ========= Kernel Validation Stats ==========
   Kernel validation enabled:       NO
   Configured latency per check:    0 us

   --- Access Breakdown ---
   Total memory accesses (validated): 0
   Cache hits (0 latency):          0
   Validation requests (full lat):  0
     of which DMA-ctrl writes:      0
   Coalesced waits (partial lat):   0
   Validations denied:              0

   --- Latency Breakdown ---
   Validation request latency:      0 us
   Coalesced wait latency:          0 us
   TOTAL SECURITY OVERHEAD:         0 us
   Avg latency per validation:      0 us
   Avg latency per coalesced wait:  0 us
   Avg overhead per blocked access: 0 us

   --- Cache Statistics ---
   Processes with cached pages:     0
   Unique pages validated (total):  0
   Cache hit rate:                  0%

   ========= IOMMU Stats =====================
   IOMMU enabled:                   YES
   IOMMU SimObject:                 system.body.iommu

   --- Access Breakdown ---
   Total IOMMU checks:              27483494
   IOTLB hits:                      25839661
   IOTLB misses (page walks):       1643833
   IOTLB hit rate:                  94.0188%

   --- Latency Breakdown ---
   TOTAL IOMMU OVERHEAD:            873596 us
   Avg latency per access:          0.0317862 us

********************************************************************************
system.body.body_top.llvm_interface
Total Area: 56241.2
Total Power Static: 0.957957

Total Power Dynamic: 4.74625
   ========= Performance Analysis =============
   Setup Time:                      0h 0m 0s 15ms 703us
   Simulation Time (Total):         0h 1m 29s 554ms
   Simulation Time (Active):        0h 0m 0s 92ms
        Queue Processing Time:      0h 0m 0s 50ms
             Scheduling Time:       0h 0m 0s 12ms
             Computation Time:      0h 0m 0s 3ms
   System Clock:                    0.1GHz
   Runtime:                         728496 cycles
   Runtime:                         7284.96 us
   Stalls:                          0 cycles
   Executed Nodes:                  728495 cycles

   ========= Kernel Validation Stats ==========
   Kernel validation enabled:       NO
   Configured latency per check:    0 us

   --- Access Breakdown ---
   Total memory accesses (validated): 0
   Cache hits (0 latency):          0
   Validation requests (full lat):  0
     of which DMA-ctrl writes:      0
   Coalesced waits (partial lat):   0
   Validations denied:              0

   --- Latency Breakdown ---
   Validation request latency:      0 us
   Coalesced wait latency:          0 us
   TOTAL SECURITY OVERHEAD:         0 us
   Avg latency per validation:      0 us
   Avg latency per coalesced wait:  0 us
   Avg overhead per blocked access: 0 us

   --- Cache Statistics ---
   Processes with cached pages:     0
   Unique pages validated (total):  0
   Cache hit rate:                  0%

   ========= IOMMU Stats =====================
   IOMMU enabled:                   YES
   IOMMU SimObject:                 system.body.iommu

   --- Access Breakdown ---
   Total IOMMU checks:              27483497
   IOTLB hits:                      25839664
   IOTLB misses (page walks):       1643833
   IOTLB hit rate:                  94.0188%

   --- Latency Breakdown ---
   TOTAL IOMMU OVERHEAD:            873596 us
   Avg latency per access:          0.0317862 us

********************************************************************************
system.tail.tail_pwconv.llvm_interface
Total Area: 11678.9
Total Power Static: 1439.58

Total Power Dynamic: 37038.2
   ========= Performance Analysis =============
   Setup Time:                      0h 0m 0s 0ms 703us
   Simulation Time (Total):         0h 0m 15s 408ms
   Simulation Time (Active):        0h 0m 6s 144ms
        Queue Processing Time:      0h 0m 6s 138ms
             Scheduling Time:       0h 0m 2s 559ms
             Computation Time:      0h 0m 0s 151ms
   System Clock:                    0.1GHz
   Runtime:                         36562 cycles
   Runtime:                         365.62 us
   Stalls:                          0 cycles
   Executed Nodes:                  36561 cycles

   ========= Kernel Validation Stats ==========
   Kernel validation enabled:       NO
   Configured latency per check:    0 us

   --- Access Breakdown ---
   Total memory accesses (validated): 0
   Cache hits (0 latency):          0
   Validation requests (full lat):  0
     of which DMA-ctrl writes:      0
   Coalesced waits (partial lat):   0
   Validations denied:              0

   --- Latency Breakdown ---
   Validation request latency:      0 us
   Coalesced wait latency:          0 us
   TOTAL SECURITY OVERHEAD:         0 us
   Avg latency per validation:      0 us
   Avg latency per coalesced wait:  0 us
   Avg overhead per blocked access: 0 us

   --- Cache Statistics ---
   Processes with cached pages:     0
   Unique pages validated (total):  0
   Cache hit rate:                  0%

   ========= IOMMU Stats =====================
   IOMMU enabled:                   YES
   IOMMU SimObject:                 system.tail.iommu

   --- Access Breakdown ---
   Total IOMMU checks:              177490
   IOTLB hits:                      177444
   IOTLB misses (page walks):       46
   IOTLB hit rate:                  99.9741%

   --- Latency Breakdown ---
   TOTAL IOMMU OVERHEAD:            377.888 us
   Avg latency per access:          0.00212907 us

********************************************************************************
system.tail.tail_reshape.llvm_interface
Total Area: 10278.6
Total Power Static: 692.426

Total Power Dynamic: 17462.9
   ========= Performance Analysis =============
   Setup Time:                      0h 0m 0s 0ms 320us
   Simulation Time (Total):         0h 0m 15s 369ms
   Simulation Time (Active):        0h 0m 6s 535ms
        Queue Processing Time:      0h 0m 6s 530ms
             Scheduling Time:       0h 0m 3s 831ms
             Computation Time:      0h 0m 0s 25ms
   System Clock:                    0.1GHz
   Runtime:                         36411 cycles
   Runtime:                         364.11 us
   Stalls:                          0 cycles
   Executed Nodes:                  36410 cycles

   ========= Kernel Validation Stats ==========
   Kernel validation enabled:       NO
   Configured latency per check:    0 us

   --- Access Breakdown ---
   Total memory accesses (validated): 0
   Cache hits (0 latency):          0
   Validation requests (full lat):  0
     of which DMA-ctrl writes:      0
   Coalesced waits (partial lat):   0
   Validations denied:              0

   --- Latency Breakdown ---
   Validation request latency:      0 us
   Coalesced wait latency:          0 us
   TOTAL SECURITY OVERHEAD:         0 us
   Avg latency per validation:      0 us
   Avg latency per coalesced wait:  0 us
   Avg overhead per blocked access: 0 us

   --- Cache Statistics ---
   Processes with cached pages:     0
   Unique pages validated (total):  0
   Cache hit rate:                  0%

   ========= IOMMU Stats =====================
   IOMMU enabled:                   YES
   IOMMU SimObject:                 system.tail.iommu

   --- Access Breakdown ---
   Total IOMMU checks:              177491
   IOTLB hits:                      177445
   IOTLB misses (page walks):       46
   IOTLB hit rate:                  99.9741%

   --- Latency Breakdown ---
   TOTAL IOMMU OVERHEAD:            377.89 us
   Avg latency per access:          0.00212907 us

********************************************************************************
system.tail.tail_avgpool.llvm_interface
Total Area: 5554.55
Total Power Static: 178.864

Total Power Dynamic: 2910.95
   ========= Performance Analysis =============
   Setup Time:                      0h 0m 0s 0ms 346us
   Simulation Time (Total):         0h 0m 19s 833ms
   Simulation Time (Active):        0h 0m 6s 156ms
        Queue Processing Time:      0h 0m 6s 150ms
             Scheduling Time:       0h 0m 3s 910ms
             Computation Time:      0h 0m 0s 37ms
   System Clock:                    0.1GHz
   Runtime:                         54318 cycles
   Runtime:                         543.18 us
   Stalls:                          0 cycles
   Executed Nodes:                  54317 cycles

   ========= Kernel Validation Stats ==========
   Kernel validation enabled:       NO
   Configured latency per check:    0 us

   --- Access Breakdown ---
   Total memory accesses (validated): 0
   Cache hits (0 latency):          0
   Validation requests (full lat):  0
     of which DMA-ctrl writes:      0
   Coalesced waits (partial lat):   0
   Validations denied:              0

   --- Latency Breakdown ---
   Validation request latency:      0 us
   Coalesced wait latency:          0 us
   TOTAL SECURITY OVERHEAD:         0 us
   Avg latency per validation:      0 us
   Avg latency per coalesced wait:  0 us
   Avg overhead per blocked access: 0 us

   --- Cache Statistics ---
   Processes with cached pages:     0
   Unique pages validated (total):  0
   Cache hit rate:                  0%

   ========= IOMMU Stats =====================
   IOMMU enabled:                   YES
   IOMMU SimObject:                 system.tail.iommu

   --- Access Breakdown ---
   Total IOMMU checks:              196472
   IOTLB hits:                      196426
   IOTLB misses (page walks):       46
   IOTLB hit rate:                  99.9766%

   --- Latency Breakdown ---
   TOTAL IOMMU OVERHEAD:            415.852 us
   Avg latency per access:          0.0021166 us

********************************************************************************
system.tail.tail_top.llvm_interface
Total Area: 1300.17
Total Power Static: 17.5058

Total Power Dynamic: 86.0396
   ========= Performance Analysis =============
   Setup Time:                      0h 0m 0s 9ms 301us
   Simulation Time (Total):         0h 0m 20s 508ms
   Simulation Time (Active):        0h 0m 0s 107ms
        Queue Processing Time:      0h 0m 0s 99ms
             Scheduling Time:       0h 0m 0s 49ms
             Computation Time:      0h 0m 0s 13ms
   System Clock:                    0.1GHz
   Runtime:                         96471 cycles
   Runtime:                         964.71 us
   Stalls:                          0 cycles
   Executed Nodes:                  96470 cycles

   ========= Kernel Validation Stats ==========
   Kernel validation enabled:       NO
   Configured latency per check:    0 us

   --- Access Breakdown ---
   Total memory accesses (validated): 0
   Cache hits (0 latency):          0
   Validation requests (full lat):  0
     of which DMA-ctrl writes:      0
   Coalesced waits (partial lat):   0
   Validations denied:              0

   --- Latency Breakdown ---
   Validation request latency:      0 us
   Coalesced wait latency:          0 us
   TOTAL SECURITY OVERHEAD:         0 us
   Avg latency per validation:      0 us
   Avg latency per coalesced wait:  0 us
   Avg overhead per blocked access: 0 us

   --- Cache Statistics ---
   Processes with cached pages:     0
   Unique pages validated (total):  0
   Cache hit rate:                  0%

   ========= IOMMU Stats =====================
   IOMMU enabled:                   YES
   IOMMU SimObject:                 system.tail.iommu

   --- Access Breakdown ---
   Total IOMMU checks:              196476
   IOTLB hits:                      196430
   IOTLB misses (page walks):       46
   IOTLB hit rate:                  99.9766%

   --- Latency Breakdown ---
   TOTAL IOMMU OVERHEAD:            415.86 us
   Avg latency per access:          0.00211659 us

********************************************************************************
system.classifier.classifier_linear.llvm_interface
Total Area: 1.83064e+06
Total Power Static: 149974

Total Power Dynamic: 2.0398e+06
   ========= Performance Analysis =============
   Setup Time:                      0h 0m 0s 560ms 232us
   Simulation Time (Total):         0h 20m 25s 408ms
   Simulation Time (Active):        0h 17m 17s 288ms
        Queue Processing Time:      0h 17m 17s 277ms
             Scheduling Time:       0h 16m 54s 809ms
             Computation Time:      0h 0m 6s 455ms
   System Clock:                    0.1GHz
   Runtime:                         1049474 cycles
   Runtime:                         10494.7 us
   Stalls:                          0 cycles
   Executed Nodes:                  1049473 cycles

   ========= Kernel Validation Stats ==========
   Kernel validation enabled:       NO
   Configured latency per check:    0 us

   --- Access Breakdown ---
   Total memory accesses (validated): 0
   Cache hits (0 latency):          0
   Validation requests (full lat):  0
     of which DMA-ctrl writes:      0
   Coalesced waits (partial lat):   0
   Validations denied:              0

   --- Latency Breakdown ---
   Validation request latency:      0 us
   Coalesced wait latency:          0 us
   TOTAL SECURITY OVERHEAD:         0 us
   Avg latency per validation:      0 us
   Avg latency per coalesced wait:  0 us
   Avg overhead per blocked access: 0 us

   --- Cache Statistics ---
   Processes with cached pages:     0
   Unique pages validated (total):  0
   Cache hit rate:                  0%

   ========= IOMMU Stats =====================
   IOMMU enabled:                   YES
   IOMMU SimObject:                 system.classifier.iommu

   --- Access Breakdown ---
   Total IOMMU checks:              5490281
   IOTLB hits:                      5489649
   IOTLB misses (page walks):       632
   IOTLB hit rate:                  99.9885%

   --- Latency Breakdown ---
   TOTAL IOMMU OVERHEAD:            11295.3 us
   Avg latency per access:          0.00205733 us

********************************************************************************
system.classifier.classifier_top.llvm_interface
Total Area: 1350.54
Total Power Static: 23.4867

Total Power Dynamic: 115.431
   ========= Performance Analysis =============
   Setup Time:                      0h 0m 0s 1ms 233us
   Simulation Time (Total):         0h 20m 31s 263ms
   Simulation Time (Active):        0h 0m 0s 314ms
        Queue Processing Time:      0h 0m 0s 221ms
             Scheduling Time:       0h 0m 0s 86ms
             Computation Time:      0h 0m 0s 27ms
   System Clock:                    0.1GHz
   Runtime:                         1403087 cycles
   Runtime:                         14030.9 us
   Stalls:                          0 cycles
   Executed Nodes:                  1403086 cycles

   ========= Kernel Validation Stats ==========
   Kernel validation enabled:       NO
   Configured latency per check:    0 us

   --- Access Breakdown ---
   Total memory accesses (validated): 0
   Cache hits (0 latency):          0
   Validation requests (full lat):  0
     of which DMA-ctrl writes:      0
   Coalesced waits (partial lat):   0
   Validations denied:              0

   --- Latency Breakdown ---
   Validation request latency:      0 us
   Coalesced wait latency:          0 us
   TOTAL SECURITY OVERHEAD:         0 us
   Avg latency per validation:      0 us
   Avg latency per coalesced wait:  0 us
   Avg overhead per blocked access: 0 us

   --- Cache Statistics ---
   Processes with cached pages:     0
   Unique pages validated (total):  0
   Cache hit rate:                  0%

   ========= IOMMU Stats =====================
   IOMMU enabled:                   YES
   IOMMU SimObject:                 system.classifier.iommu

   --- Access Breakdown ---
   Total IOMMU checks:              5490284
   IOTLB hits:                      5489652
   IOTLB misses (page walks):       632
   IOTLB hit rate:                  99.9885%

   --- Latency Breakdown ---
   TOTAL IOMMU OVERHEAD:            11295.3 us
   Avg latency per access:          0.00205733 us

Exiting @ tick 920065599000 because m5_exit instruction encountered
