build/ARM/base/statistics.hh:277: warn: One of the stats is a legacy stat. Legacy stat is a stat that does not belong to any statistics::Group. Legacy stat is deprecated.
Global frequency set at 1000000000000 ticks per second
build/ARM/mem/mem_interface.cc:793: warn: DRAM device capacity (16384 Mbytes) does not match the address range assigned (4096 Mbytes)
build/ARM/sim/kernel_workload.cc:46: info: kernel located at: /gem5-SALAM/benchmarks/mobilenetv2/sw/main.elf
build/ARM/arch/arm/system.cc:95: warn: Highest ARM exception-level set to AArch64 but the workload is for AArch32. Assuming you wanted these to match.
build/ARM/base/vnc/vncserver.cc:163: warn: Sockets disabled, not accepting vnc client connections
build/ARM/dev/serial/terminal.cc:170: warn: Sockets disabled, not accepting terminal connections
build/ARM/mem/coherent_xbar.cc:140: warn: CoherentXBar system.body.coherency_bus has no snooping ports attached!
build/ARM/mem/coherent_xbar.cc:140: warn: CoherentXBar system.classifier.coherency_bus has no snooping ports attached!
build/ARM/base/remote_gdb.cc:377: warn: Sockets disabled, not accepting gdb connections
build/ARM/mem/coherent_xbar.cc:140: warn: CoherentXBar system.head.coherency_bus has no snooping ports attached!
build/ARM/mem/coherent_xbar.cc:140: warn: CoherentXBar system.tail.coherency_bus has no snooping ports attached!
build/ARM/dev/arm/energy_ctrl.cc:252: warn: Existing EnergyCtrl, but no enabled DVFSHandler found.
gem5 Simulator System.  http://gem5.org
gem5 is copyrighted software; use the --copyright option for details.

gem5 version 21.1.0.1
gem5 compiled May  2 2026 19:55:51
gem5 started May  3 2026 06:23:16
gem5 executing on 3b7fb6fd27b8, pid 1325654
command line: /gem5-SALAM/build/ARM/gem5.opt --listener-mode=off --outdir=/gem5-SALAM/BM_ARM_OUT/run_all/mobilenetv2_75/iommu_e16_m1000ns /gem5-SALAM/configs/SALAM/fs_mobilenetv2_75.py --mem-size=4GB --mem-type=DDR4_2400_8x8 --machine-type=VExpress_GEM5_V1 --dtb-file=none --bare-metal --cpu-type=DerivO3CPU --caches --l2cache --kernel=/gem5-SALAM/benchmarks/mobilenetv2/sw/main.elf --disk-image=/gem5-SALAM/benchmarks/common/fake.iso --accpath=/gem5-SALAM/benchmarks/mobilenetv2 --accbench=mobilenetv2_75 --enable-iommu --iotlb-entries 16 --iotlb-hit-latency 2000 --iotlb-miss-latency 1000000

[HWAccConfig] IOMMU ENABLED: entries=16, hit_lat=2000, miss_lat=1000000
head_top Profile Loaded
[HWAccConfig] IOMMU ENABLED: entries=16, hit_lat=2000, miss_lat=1000000
head_NormalConv Profile Loaded
[HWAccConfig] IOMMU ENABLED: entries=16, hit_lat=2000, miss_lat=1000000
head_DWConv Profile Loaded
[HWAccConfig] IOMMU ENABLED: entries=16, hit_lat=2000, miss_lat=1000000
head_PWConv Profile Loaded
[HWAccConfig] IOMMU ENABLED: entries=16, hit_lat=2000, miss_lat=1000000
body_top Profile Loaded
[HWAccConfig] IOMMU ENABLED: entries=16, hit_lat=2000, miss_lat=1000000
body_Residual Profile Loaded
[HWAccConfig] IOMMU ENABLED: entries=16, hit_lat=2000, miss_lat=1000000
body_PWConv0 Profile Loaded
[HWAccConfig] IOMMU ENABLED: entries=16, hit_lat=2000, miss_lat=1000000
body_DWConv Profile Loaded
[HWAccConfig] IOMMU ENABLED: entries=16, hit_lat=2000, miss_lat=1000000
body_PWConv1 Profile Loaded
[HWAccConfig] IOMMU ENABLED: entries=16, hit_lat=2000, miss_lat=1000000
tail_top Profile Loaded
[HWAccConfig] IOMMU ENABLED: entries=16, hit_lat=2000, miss_lat=1000000
tail_PWConv Profile Loaded
[HWAccConfig] IOMMU ENABLED: entries=16, hit_lat=2000, miss_lat=1000000
tail_Reshape Profile Loaded
[HWAccConfig] IOMMU ENABLED: entries=16, hit_lat=2000, miss_lat=1000000
tail_AvgPool Profile Loaded
[HWAccConfig] IOMMU ENABLED: entries=16, hit_lat=2000, miss_lat=1000000
classifier_top Profile Loaded
[HWAccConfig] IOMMU ENABLED: entries=16, hit_lat=2000, miss_lat=1000000
classifier_Linear Profile Loaded
**** REAL SIMULATION ****
warn: iobus.slave is deprecated. `slave` is now called `cpu_side_ports`
warn: bridge.master is deprecated. `master` is now called `mem_side_port`
warn: membus.master is deprecated. `master` is now called `mem_side_ports`
warn: bridge.slave is deprecated. `slave` is now called `cpu_side_port`
warn: membus.slave is deprecated. `slave` is now called `cpu_side_ports`
warn: tol2bus.master is deprecated. `master` is now called `mem_side_ports`
warn: membus.slave is deprecated. `slave` is now called `cpu_side_ports`
warn: tol2bus.slave is deprecated. `slave` is now called `cpu_side_ports`
warn: tol2bus.slave is deprecated. `slave` is now called `cpu_side_ports`
warn: tol2bus.slave is deprecated. `slave` is now called `cpu_side_ports`
warn: tol2bus.slave is deprecated. `slave` is now called `cpu_side_ports`
warn: membus.slave is deprecated. `slave` is now called `cpu_side_ports`
warn: coherency_bus.master is deprecated. `master` is now called `mem_side_ports`
warn: membus.slave is deprecated. `slave` is now called `cpu_side_ports`
warn: coherency_bus.master is deprecated. `master` is now called `mem_side_ports`
warn: membus.slave is deprecated. `slave` is now called `cpu_side_ports`
warn: coherency_bus.master is deprecated. `master` is now called `mem_side_ports`
warn: membus.slave is deprecated. `slave` is now called `cpu_side_ports`
warn: coherency_bus.master is deprecated. `master` is now called `mem_side_ports`
warn: No dot file generated. Please install pydot to generate the dot file and pdf.
build/ARM/sim/simulate.cc:107: info: Entering event queue @ 0.  Starting simulation...
********************************************************************************
system.head.head_top.llvm_interface
Total Area: 3799.78
Total Power Static: 158.974

Total Power Dynamic: 781.262
   ========= Performance Analysis =============
   Setup Time:                      0h 0m 0s 4ms 6us
   Simulation Time (Total):         0h 25m 25s 893ms
   Simulation Time (Active):        0h 0m 1s 548ms
        Queue Processing Time:      0h 0m 1s 354ms
             Scheduling Time:       0h 0m 0s 604ms
             Computation Time:      0h 0m 0s 227ms
   System Clock:                    0.1GHz
   Runtime:                         2197570 cycles
   Runtime:                         21975.7 us
   Stalls:                          0 cycles
   Executed Nodes:                  2197569 cycles

   ========= Kernel Validation Stats ==========
   Kernel validation enabled:       NO
   Configured latency per check:    0 us

   --- Access Breakdown ---
   Total memory accesses (validated): 0
   Cache hits (0 latency):          0
   Validation requests (full lat):  0
   Coalesced waits (partial lat):   0
   Validations denied:              0

   --- Latency Breakdown ---
   Validation request latency:      0 us
   Coalesced wait latency:          0 us
   TOTAL SECURITY OVERHEAD:         0 us
   Avg latency per validation:      0 us
   Avg latency per coalesced wait:  0 us
   Avg overhead per blocked access: 0 us

   --- Cache Statistics ---
   Processes with cached pages:     0
   Unique pages validated (total):  0
   Cache hit rate:                  0%

   ========= IOMMU Stats =====================
   IOMMU enabled:                   YES
   IOMMU SimObject:                 system.head.iommu

   --- Access Breakdown ---
   Total IOMMU checks:              10362355
   IOTLB hits:                      10362353
   IOTLB misses (page walks):       2
   IOTLB hit rate:                  100%

   --- Latency Breakdown ---
   TOTAL IOMMU OVERHEAD:            20726.7 us
   Avg latency per access:          0.00200019 us

********************************************************************************
system.head.head_pwconv.llvm_interface
Total Area: 11678.9
Total Power Static: 2554.71

Total Power Dynamic: 61491.8
   ========= Performance Analysis =============
   Setup Time:                      0h 0m 0s 0ms 566us
   Simulation Time (Total):         0h 35m 1s 463ms
   Simulation Time (Active):        0h 0m 47s 744ms
        Queue Processing Time:      0h 0m 47s 709ms
             Scheduling Time:       0h 0m 16s 622ms
             Computation Time:      0h 0m 0s 399ms
   System Clock:                    0.1GHz
   Runtime:                         2481076 cycles
   Runtime:                         24810.8 us
   Stalls:                          0 cycles
   Executed Nodes:                  2481075 cycles

   ========= Kernel Validation Stats ==========
   Kernel validation enabled:       NO
   Configured latency per check:    0 us

   --- Access Breakdown ---
   Total memory accesses (validated): 0
   Cache hits (0 latency):          0
   Validation requests (full lat):  0
   Coalesced waits (partial lat):   0
   Validations denied:              0

   --- Latency Breakdown ---
   Validation request latency:      0 us
   Coalesced wait latency:          0 us
   TOTAL SECURITY OVERHEAD:         0 us
   Avg latency per validation:      0 us
   Avg latency per coalesced wait:  0 us
   Avg overhead per blocked access: 0 us

   --- Cache Statistics ---
   Processes with cached pages:     0
   Unique pages validated (total):  0
   Cache hit rate:                  0%

   ========= IOMMU Stats =====================
   IOMMU enabled:                   YES
   IOMMU SimObject:                 system.head.iommu

   --- Access Breakdown ---
   Total IOMMU checks:              11683601
   IOTLB hits:                      11683599
   IOTLB misses (page walks):       2
   IOTLB hit rate:                  100%

   --- Latency Breakdown ---
   TOTAL IOMMU OVERHEAD:            23369.2 us
   Avg latency per access:          0.00200017 us

********************************************************************************
system.head.head_dwconv.llvm_interface
Total Area: 116081
Total Power Static: 72931.3

Total Power Dynamic: 869084
   ========= Performance Analysis =============
   Setup Time:                      0h 0m 0s 4ms 657us
   Simulation Time (Total):         0h 35m 1s 543ms
   Simulation Time (Active):        0h 4m 17s 26ms
        Queue Processing Time:      0h 4m 17s 3ms
             Scheduling Time:       0h 3m 39s 260ms
             Computation Time:      0h 0m 4s 68ms
   System Clock:                    0.1GHz
   Runtime:                         2481118 cycles
   Runtime:                         24811.2 us
   Stalls:                          0 cycles
   Executed Nodes:                  2481117 cycles

   ========= Kernel Validation Stats ==========
   Kernel validation enabled:       NO
   Configured latency per check:    0 us

   --- Access Breakdown ---
   Total memory accesses (validated): 0
   Cache hits (0 latency):          0
   Validation requests (full lat):  0
   Coalesced waits (partial lat):   0
   Validations denied:              0

   --- Latency Breakdown ---
   Validation request latency:      0 us
   Coalesced wait latency:          0 us
   TOTAL SECURITY OVERHEAD:         0 us
   Avg latency per validation:      0 us
   Avg latency per coalesced wait:  0 us
   Avg overhead per blocked access: 0 us

   --- Cache Statistics ---
   Processes with cached pages:     0
   Unique pages validated (total):  0
   Cache hit rate:                  0%

   ========= IOMMU Stats =====================
   IOMMU enabled:                   YES
   IOMMU SimObject:                 system.head.iommu

   --- Access Breakdown ---
   Total IOMMU checks:              11683733
   IOTLB hits:                      11683731
   IOTLB misses (page walks):       2
   IOTLB hit rate:                  100%

   --- Latency Breakdown ---
   TOTAL IOMMU OVERHEAD:            23369.5 us
   Avg latency per access:          0.00200017 us

********************************************************************************
system.head.head_normalconv.llvm_interface
Total Area: 200127
Total Power Static: 259429

Total Power Dynamic: 6.41728e+06
   ========= Performance Analysis =============
   Setup Time:                      0h 0m 0s 11ms 492us
   Simulation Time (Total):         0h 35m 14s 546ms
   Simulation Time (Active):        0h 22m 48s 973ms
        Queue Processing Time:      0h 22m 49s 317ms
             Scheduling Time:       0h 20m 19s 683ms
             Computation Time:      0h 0m 17s 566ms
   System Clock:                    0.1GHz
   Runtime:                         2486704 cycles
   Runtime:                         24867 us
   Stalls:                          0 cycles
   Executed Nodes:                  2486703 cycles

   ========= Kernel Validation Stats ==========
   Kernel validation enabled:       NO
   Configured latency per check:    0 us

   --- Access Breakdown ---
   Total memory accesses (validated): 0
   Cache hits (0 latency):          0
   Validation requests (full lat):  0
   Coalesced waits (partial lat):   0
   Validations denied:              0

   --- Latency Breakdown ---
   Validation request latency:      0 us
   Coalesced wait latency:          0 us
   TOTAL SECURITY OVERHEAD:         0 us
   Avg latency per validation:      0 us
   Avg latency per coalesced wait:  0 us
   Avg overhead per blocked access: 0 us

   --- Cache Statistics ---
   Processes with cached pages:     0
   Unique pages validated (total):  0
   Cache hit rate:                  0%

   ========= IOMMU Stats =====================
   IOMMU enabled:                   YES
   IOMMU SimObject:                 system.head.iommu

   --- Access Breakdown ---
   Total IOMMU checks:              11708184
   IOTLB hits:                      11708182
   IOTLB misses (page walks):       2
   IOTLB hit rate:                  100%

   --- Latency Breakdown ---
   TOTAL IOMMU OVERHEAD:            23418.4 us
   Avg latency per access:          0.00200017 us

********************************************************************************
system.body.body_residual.llvm_interface
Total Area: 538.329
Total Power Static: 87.7635

Total Power Dynamic: 263.175
   ========= Performance Analysis =============
   Setup Time:                      0h 0m 0s 0ms 502us
   Simulation Time (Total):         0h 41m 22s 386ms
   Simulation Time (Active):        0h 0m 0s 511ms
        Queue Processing Time:      0h 0m 0s 375ms
             Scheduling Time:       0h 0m 0s 175ms
             Computation Time:      0h 0m 0s 15ms
   System Clock:                    0.1GHz
   Runtime:                         1813970 cycles
   Runtime:                         18139.7 us
   Stalls:                          0 cycles
   Executed Nodes:                  1813969 cycles

   ========= Kernel Validation Stats ==========
   Kernel validation enabled:       NO
   Configured latency per check:    0 us

   --- Access Breakdown ---
   Total memory accesses (validated): 0
   Cache hits (0 latency):          0
   Validation requests (full lat):  0
   Coalesced waits (partial lat):   0
   Validations denied:              0

   --- Latency Breakdown ---
   Validation request latency:      0 us
   Coalesced wait latency:          0 us
   TOTAL SECURITY OVERHEAD:         0 us
   Avg latency per validation:      0 us
   Avg latency per coalesced wait:  0 us
   Avg overhead per blocked access: 0 us

   --- Cache Statistics ---
   Processes with cached pages:     0
   Unique pages validated (total):  0
   Cache hit rate:                  0%

   ========= IOMMU Stats =====================
   IOMMU enabled:                   YES
   IOMMU SimObject:                 system.body.iommu

   --- Access Breakdown ---
   Total IOMMU checks:              8594668
   IOTLB hits:                      8594657
   IOTLB misses (page walks):       11
   IOTLB hit rate:                  99.9999%

   --- Latency Breakdown ---
   TOTAL IOMMU OVERHEAD:            17200.3 us
   Avg latency per access:          0.00200128 us

********************************************************************************
system.body.body_pwconv0.llvm_interface
Total Area: 12037.8
Total Power Static: 15393.1

Total Power Dynamic: 366196
   ========= Performance Analysis =============
   Setup Time:                      0h 0m 0s 0ms 853us
   Simulation Time (Total):         0h 41m 34s 804ms
   Simulation Time (Active):        0h 4m 47s 194ms
        Queue Processing Time:      0h 4m 46s 992ms
             Scheduling Time:       0h 3m 15s 834ms
             Computation Time:      0h 0m 2s 811ms
   System Clock:                    0.1GHz
   Runtime:                         1824095 cycles
   Runtime:                         18241 us
   Stalls:                          0 cycles
   Executed Nodes:                  1824094 cycles

   ========= Kernel Validation Stats ==========
   Kernel validation enabled:       NO
   Configured latency per check:    0 us

   --- Access Breakdown ---
   Total memory accesses (validated): 0
   Cache hits (0 latency):          0
   Validation requests (full lat):  0
   Coalesced waits (partial lat):   0
   Validations denied:              0

   --- Latency Breakdown ---
   Validation request latency:      0 us
   Coalesced wait latency:          0 us
   TOTAL SECURITY OVERHEAD:         0 us
   Avg latency per validation:      0 us
   Avg latency per coalesced wait:  0 us
   Avg overhead per blocked access: 0 us

   --- Cache Statistics ---
   Processes with cached pages:     0
   Unique pages validated (total):  0
   Cache hit rate:                  0%

   ========= IOMMU Stats =====================
   IOMMU enabled:                   YES
   IOMMU SimObject:                 system.body.iommu

   --- Access Breakdown ---
   Total IOMMU checks:              8644430
   IOTLB hits:                      8644419
   IOTLB misses (page walks):       11
   IOTLB hit rate:                  99.9999%

   --- Latency Breakdown ---
   TOTAL IOMMU OVERHEAD:            17299.8 us
   Avg latency per access:          0.00200127 us

********************************************************************************
system.body.body_pwconv1.llvm_interface
Total Area: 749685
Total Power Static: 185773

Total Power Dynamic: 1.83603e+06
   ========= Performance Analysis =============
   Setup Time:                      0h 0m 0s 138ms 61us
   Simulation Time (Total):         0h 41m 59s 583ms
   Simulation Time (Active):        0h 9m 47s 670ms
        Queue Processing Time:      0h 9m 47s 601ms
             Scheduling Time:       0h 8m 16s 179ms
             Computation Time:      0h 0m 10s 911ms
   System Clock:                    0.1GHz
   Runtime:                         1846344 cycles
   Runtime:                         18463.4 us
   Stalls:                          0 cycles
   Executed Nodes:                  1846343 cycles

   ========= Kernel Validation Stats ==========
   Kernel validation enabled:       NO
   Configured latency per check:    0 us

   --- Access Breakdown ---
   Total memory accesses (validated): 0
   Cache hits (0 latency):          0
   Validation requests (full lat):  0
   Coalesced waits (partial lat):   0
   Validations denied:              0

   --- Latency Breakdown ---
   Validation request latency:      0 us
   Coalesced wait latency:          0 us
   TOTAL SECURITY OVERHEAD:         0 us
   Avg latency per validation:      0 us
   Avg latency per coalesced wait:  0 us
   Avg overhead per blocked access: 0 us

   --- Cache Statistics ---
   Processes with cached pages:     0
   Unique pages validated (total):  0
   Cache hit rate:                  0%

   ========= IOMMU Stats =====================
   IOMMU enabled:                   YES
   IOMMU SimObject:                 system.body.iommu

   --- Access Breakdown ---
   Total IOMMU checks:              8740655
   IOTLB hits:                      8740644
   IOTLB misses (page walks):       11
   IOTLB hit rate:                  99.9999%

   --- Latency Breakdown ---
   TOTAL IOMMU OVERHEAD:            17492.3 us
   Avg latency per access:          0.00200126 us

********************************************************************************
system.body.body_dwconv.llvm_interface
Total Area: 129609
Total Power Static: 229952

Total Power Dynamic: 2.63548e+06
   ========= Performance Analysis =============
   Setup Time:                      0h 0m 0s 9ms 193us
   Simulation Time (Total):         0h 41m 59s 755ms
   Simulation Time (Active):        0h 22m 13s 289ms
        Queue Processing Time:      0h 22m 13s 440ms
             Scheduling Time:       0h 20m 41s 960ms
             Computation Time:      0h 0m 13s 789ms
   System Clock:                    0.1GHz
   Runtime:                         1846775 cycles
   Runtime:                         18467.8 us
   Stalls:                          0 cycles
   Executed Nodes:                  1846774 cycles

   ========= Kernel Validation Stats ==========
   Kernel validation enabled:       NO
   Configured latency per check:    0 us

   --- Access Breakdown ---
   Total memory accesses (validated): 0
   Cache hits (0 latency):          0
   Validation requests (full lat):  0
   Coalesced waits (partial lat):   0
   Validations denied:              0

   --- Latency Breakdown ---
   Validation request latency:      0 us
   Coalesced wait latency:          0 us
   TOTAL SECURITY OVERHEAD:         0 us
   Avg latency per validation:      0 us
   Avg latency per coalesced wait:  0 us
   Avg overhead per blocked access: 0 us

   --- Cache Statistics ---
   Processes with cached pages:     0
   Unique pages validated (total):  0
   Cache hit rate:                  0%

   ========= IOMMU Stats =====================
   IOMMU enabled:                   YES
   IOMMU SimObject:                 system.body.iommu

   --- Access Breakdown ---
   Total IOMMU checks:              8742388
   IOTLB hits:                      8742377
   IOTLB misses (page walks):       11
   IOTLB hit rate:                  99.9999%

   --- Latency Breakdown ---
   TOTAL IOMMU OVERHEAD:            17495.8 us
   Avg latency per access:          0.00200126 us

********************************************************************************
system.body.body_top.llvm_interface
Total Area: 3749.41
Total Power Static: 0.961013

Total Power Dynamic: 4.76126
   ========= Performance Analysis =============
   Setup Time:                      0h 0m 0s 8ms 532us
   Simulation Time (Total):         0h 42m 12s 560ms
   Simulation Time (Active):        0h 0m 0s 925ms
        Queue Processing Time:      0h 0m 0s 762ms
             Scheduling Time:       0h 0m 0s 341ms
             Computation Time:      0h 0m 0s 89ms
   System Clock:                    0.1GHz
   Runtime:                         1865797 cycles
   Runtime:                         18658 us
   Stalls:                          0 cycles
   Executed Nodes:                  1865796 cycles

   ========= Kernel Validation Stats ==========
   Kernel validation enabled:       NO
   Configured latency per check:    0 us

   --- Access Breakdown ---
   Total memory accesses (validated): 0
   Cache hits (0 latency):          0
   Validation requests (full lat):  0
   Coalesced waits (partial lat):   0
   Validations denied:              0

   --- Latency Breakdown ---
   Validation request latency:      0 us
   Coalesced wait latency:          0 us
   TOTAL SECURITY OVERHEAD:         0 us
   Avg latency per validation:      0 us
   Avg latency per coalesced wait:  0 us
   Avg overhead per blocked access: 0 us

   --- Cache Statistics ---
   Processes with cached pages:     0
   Unique pages validated (total):  0
   Cache hit rate:                  0%

   ========= IOMMU Stats =====================
   IOMMU enabled:                   YES
   IOMMU SimObject:                 system.body.iommu

   --- Access Breakdown ---
   Total IOMMU checks:              8742391
   IOTLB hits:                      8742380
   IOTLB misses (page walks):       11
   IOTLB hit rate:                  99.9999%

   --- Latency Breakdown ---
   TOTAL IOMMU OVERHEAD:            17495.8 us
   Avg latency per access:          0.00200126 us

********************************************************************************
system.body.body_residual.llvm_interface
Total Area: 1076.66
Total Power Static: 21.9391

Total Power Dynamic: 65.7937
   ========= Performance Analysis =============
   Setup Time:                      0h 0m 0s 0ms 360us
   Simulation Time (Total):         0h 16m 8s 373ms
   Simulation Time (Active):        0h 0m 0s 199ms
        Queue Processing Time:      0h 0m 0s 127ms
             Scheduling Time:       0h 0m 0s 44ms
             Computation Time:      0h 0m 0s 3ms
   System Clock:                    0.1GHz
   Runtime:                         1035706 cycles
   Runtime:                         10357.1 us
   Stalls:                          0 cycles
   Executed Nodes:                  1035705 cycles

   ========= Kernel Validation Stats ==========
   Kernel validation enabled:       NO
   Configured latency per check:    0 us

   --- Access Breakdown ---
   Total memory accesses (validated): 0
   Cache hits (0 latency):          0
   Validation requests (full lat):  0
   Coalesced waits (partial lat):   0
   Validations denied:              0

   --- Latency Breakdown ---
   Validation request latency:      0 us
   Coalesced wait latency:          0 us
   TOTAL SECURITY OVERHEAD:         0 us
   Avg latency per validation:      0 us
   Avg latency per coalesced wait:  0 us
   Avg overhead per blocked access: 0 us

   --- Cache Statistics ---
   Processes with cached pages:     0
   Unique pages validated (total):  0
   Cache hit rate:                  0%

   ========= IOMMU Stats =====================
   IOMMU enabled:                   YES
   IOMMU SimObject:                 system.body.iommu

   --- Access Breakdown ---
   Total IOMMU checks:              12595931
   IOTLB hits:                      12595920
   IOTLB misses (page walks):       11
   IOTLB hit rate:                  99.9999%

   --- Latency Breakdown ---
   TOTAL IOMMU OVERHEAD:            25202.8 us
   Avg latency per access:          0.00200087 us

********************************************************************************
system.body.body_pwconv0.llvm_interface
Total Area: 24075.6
Total Power Static: 3848.3

Total Power Dynamic: 91549.2
   ========= Performance Analysis =============
   Setup Time:                      0h 0m 0s 0ms 737us
   Simulation Time (Total):         0h 16m 29s 119ms
   Simulation Time (Active):        0h 1m 11s 552ms
        Queue Processing Time:      0h 1m 11s 529ms
             Scheduling Time:       0h 0m 45s 879ms
             Computation Time:      0h 0m 0s 707ms
   System Clock:                    0.1GHz
   Runtime:                         1051886 cycles
   Runtime:                         10518.9 us
   Stalls:                          0 cycles
   Executed Nodes:                  1051885 cycles

   ========= Kernel Validation Stats ==========
   Kernel validation enabled:       NO
   Configured latency per check:    0 us

   --- Access Breakdown ---
   Total memory accesses (validated): 0
   Cache hits (0 latency):          0
   Validation requests (full lat):  0
   Coalesced waits (partial lat):   0
   Validations denied:              0

   --- Latency Breakdown ---
   Validation request latency:      0 us
   Coalesced wait latency:          0 us
   TOTAL SECURITY OVERHEAD:         0 us
   Avg latency per validation:      0 us
   Avg latency per coalesced wait:  0 us
   Avg overhead per blocked access: 0 us

   --- Cache Statistics ---
   Processes with cached pages:     0
   Unique pages validated (total):  0
   Cache hit rate:                  0%

   ========= IOMMU Stats =====================
   IOMMU enabled:                   YES
   IOMMU SimObject:                 system.body.iommu

   --- Access Breakdown ---
   Total IOMMU checks:              12676101
   IOTLB hits:                      12676090
   IOTLB misses (page walks):       11
   IOTLB hit rate:                  99.9999%

   --- Latency Breakdown ---
   TOTAL IOMMU OVERHEAD:            25363.2 us
   Avg latency per access:          0.00200087 us

********************************************************************************
system.body.body_dwconv.llvm_interface
Total Area: 259219
Total Power Static: 56863.8

Total Power Dynamic: 649870
   ========= Performance Analysis =============
   Setup Time:                      0h 0m 0s 9ms 842us
   Simulation Time (Total):         0h 17m 6s 736ms
   Simulation Time (Active):        0h 5m 35s 298ms
        Queue Processing Time:      0h 5m 35s 266ms
             Scheduling Time:       0h 5m 6s 338ms
             Computation Time:      0h 0m 3s 759ms
   System Clock:                    0.1GHz
   Runtime:                         1096124 cycles
   Runtime:                         10961.2 us
   Stalls:                          0 cycles
   Executed Nodes:                  1096123 cycles

   ========= Kernel Validation Stats ==========
   Kernel validation enabled:       NO
   Configured latency per check:    0 us

   --- Access Breakdown ---
   Total memory accesses (validated): 0
   Cache hits (0 latency):          0
   Validation requests (full lat):  0
   Coalesced waits (partial lat):   0
   Validations denied:              0

   --- Latency Breakdown ---
   Validation request latency:      0 us
   Coalesced wait latency:          0 us
   TOTAL SECURITY OVERHEAD:         0 us
   Avg latency per validation:      0 us
   Avg latency per coalesced wait:  0 us
   Avg overhead per blocked access: 0 us

   --- Cache Statistics ---
   Processes with cached pages:     0
   Unique pages validated (total):  0
   Cache hit rate:                  0%

   ========= IOMMU Stats =====================
   IOMMU enabled:                   YES
   IOMMU SimObject:                 system.body.iommu

   --- Access Breakdown ---
   Total IOMMU checks:              12831643
   IOTLB hits:                      12831632
   IOTLB misses (page walks):       11
   IOTLB hit rate:                  99.9999%

   --- Latency Breakdown ---
   TOTAL IOMMU OVERHEAD:            25674.3 us
   Avg latency per access:          0.00200086 us

********************************************************************************
system.body.body_pwconv1.llvm_interface
Total Area: 1.49937e+06
Total Power Static: 185773

Total Power Dynamic: 1.83603e+06
   ========= Performance Analysis =============
   Setup Time:                      0h 0m 0s 141ms 902us
   Simulation Time (Total):         0h 17m 7s 328ms
   Simulation Time (Active):        0h 9m 28s 630ms
        Queue Processing Time:      0h 9m 28s 658ms
             Scheduling Time:       0h 8m 12s 605ms
             Computation Time:      0h 0m 11s 123ms
   System Clock:                    0.1GHz
   Runtime:                         1103011 cycles
   Runtime:                         11030.1 us
   Stalls:                          0 cycles
   Executed Nodes:                  1103010 cycles

   ========= Kernel Validation Stats ==========
   Kernel validation enabled:       NO
   Configured latency per check:    0 us

   --- Access Breakdown ---
   Total memory accesses (validated): 0
   Cache hits (0 latency):          0
   Validation requests (full lat):  0
   Coalesced waits (partial lat):   0
   Validations denied:              0

   --- Latency Breakdown ---
   Validation request latency:      0 us
   Coalesced wait latency:          0 us
   TOTAL SECURITY OVERHEAD:         0 us
   Avg latency per validation:      0 us
   Avg latency per coalesced wait:  0 us
   Avg overhead per blocked access: 0 us

   --- Cache Statistics ---
   Processes with cached pages:     0
   Unique pages validated (total):  0
   Cache hit rate:                  0%

   ========= IOMMU Stats =====================
   IOMMU enabled:                   YES
   IOMMU SimObject:                 system.body.iommu

   --- Access Breakdown ---
   Total IOMMU checks:              12839146
   IOTLB hits:                      12839135
   IOTLB misses (page walks):       11
   IOTLB hit rate:                  99.9999%

   --- Latency Breakdown ---
   TOTAL IOMMU OVERHEAD:            25689.3 us
   Avg latency per access:          0.00200086 us

********************************************************************************
system.body.body_top.llvm_interface
Total Area: 7498.83
Total Power Static: 0.95918

Total Power Dynamic: 4.75225
   ========= Performance Analysis =============
   Setup Time:                      0h 0m 0s 7ms 347us
   Simulation Time (Total):         0h 17m 7s 952ms
   Simulation Time (Active):        0h 0m 0s 437ms
        Queue Processing Time:      0h 0m 0s 360ms
             Scheduling Time:       0h 0m 0s 138ms
             Computation Time:      0h 0m 0s 35ms
   System Clock:                    0.1GHz
   Runtime:                         1121511 cycles
   Runtime:                         11215.1 us
   Stalls:                          0 cycles
   Executed Nodes:                  1121510 cycles

   ========= Kernel Validation Stats ==========
   Kernel validation enabled:       NO
   Configured latency per check:    0 us

   --- Access Breakdown ---
   Total memory accesses (validated): 0
   Cache hits (0 latency):          0
   Validation requests (full lat):  0
   Coalesced waits (partial lat):   0
   Validations denied:              0

   --- Latency Breakdown ---
   Validation request latency:      0 us
   Coalesced wait latency:          0 us
   TOTAL SECURITY OVERHEAD:         0 us
   Avg latency per validation:      0 us
   Avg latency per coalesced wait:  0 us
   Avg overhead per blocked access: 0 us

   --- Cache Statistics ---
   Processes with cached pages:     0
   Unique pages validated (total):  0
   Cache hit rate:                  0%

   ========= IOMMU Stats =====================
   IOMMU enabled:                   YES
   IOMMU SimObject:                 system.body.iommu

   --- Access Breakdown ---
   Total IOMMU checks:              12839148
   IOTLB hits:                      12839137
   IOTLB misses (page walks):       11
   IOTLB hit rate:                  99.9999%

   --- Latency Breakdown ---
   TOTAL IOMMU OVERHEAD:            25689.3 us
   Avg latency per access:          0.00200086 us

********************************************************************************
system.body.body_residual.llvm_interface
Total Area: 1614.99
Total Power Static: 32.9098

Total Power Dynamic: 131.587
   ========= Performance Analysis =============
   Setup Time:                      0h 0m 0s 0ms 572us
   Simulation Time (Total):         0h 10m 28s 104ms
   Simulation Time (Active):        0h 0m 0s 162ms
        Queue Processing Time:      0h 0m 0s 121ms
             Scheduling Time:       0h 0m 0s 58ms
             Computation Time:      0h 0m 0s 7ms
   System Clock:                    0.1GHz
   Runtime:                         537535 cycles
   Runtime:                         5375.35 us
   Stalls:                          0 cycles
   Executed Nodes:                  537534 cycles

   ========= Kernel Validation Stats ==========
   Kernel validation enabled:       NO
   Configured latency per check:    0 us

   --- Access Breakdown ---
   Total memory accesses (validated): 0
   Cache hits (0 latency):          0
   Validation requests (full lat):  0
   Coalesced waits (partial lat):   0
   Validations denied:              0

   --- Latency Breakdown ---
   Validation request latency:      0 us
   Coalesced wait latency:          0 us
   TOTAL SECURITY OVERHEAD:         0 us
   Avg latency per validation:      0 us
   Avg latency per coalesced wait:  0 us
   Avg overhead per blocked access: 0 us

   --- Cache Statistics ---
   Processes with cached pages:     0
   Unique pages validated (total):  0
   Cache hit rate:                  0%

   ========= IOMMU Stats =====================
   IOMMU enabled:                   YES
   IOMMU SimObject:                 system.body.iommu

   --- Access Breakdown ---
   Total IOMMU checks:              15427043
   IOTLB hits:                      15427031
   IOTLB misses (page walks):       12
   IOTLB hit rate:                  99.9999%

   --- Latency Breakdown ---
   TOTAL IOMMU OVERHEAD:            30866.1 us
   Avg latency per access:          0.00200078 us

********************************************************************************
system.body.body_pwconv0.llvm_interface
Total Area: 36113.4
Total Power Static: 3848.3

Total Power Dynamic: 91549.2
   ========= Performance Analysis =============
   Setup Time:                      0h 0m 0s 0ms 738us
   Simulation Time (Total):         0h 10m 51s 437ms
   Simulation Time (Active):        0h 1m 10s 541ms
        Queue Processing Time:      0h 1m 10s 513ms
             Scheduling Time:       0h 0m 46s 197ms
             Computation Time:      0h 0m 0s 709ms
   System Clock:                    0.1GHz
   Runtime:                         557813 cycles
   Runtime:                         5578.13 us
   Stalls:                          0 cycles
   Executed Nodes:                  557812 cycles

   ========= Kernel Validation Stats ==========
   Kernel validation enabled:       NO
   Configured latency per check:    0 us

   --- Access Breakdown ---
   Total memory accesses (validated): 0
   Cache hits (0 latency):          0
   Validation requests (full lat):  0
   Coalesced waits (partial lat):   0
   Validations denied:              0

   --- Latency Breakdown ---
   Validation request latency:      0 us
   Coalesced wait latency:          0 us
   TOTAL SECURITY OVERHEAD:         0 us
   Avg latency per validation:      0 us
   Avg latency per coalesced wait:  0 us
   Avg overhead per blocked access: 0 us

   --- Cache Statistics ---
   Processes with cached pages:     0
   Unique pages validated (total):  0
   Cache hit rate:                  0%

   ========= IOMMU Stats =====================
   IOMMU enabled:                   YES
   IOMMU SimObject:                 system.body.iommu

   --- Access Breakdown ---
   Total IOMMU checks:              15527900
   IOTLB hits:                      15527888
   IOTLB misses (page walks):       12
   IOTLB hit rate:                  99.9999%

   --- Latency Breakdown ---
   TOTAL IOMMU OVERHEAD:            31067.8 us
   Avg latency per access:          0.00200077 us

********************************************************************************
system.body.body_pwconv1.llvm_interface
Total Area: 2.24905e+06
Total Power Static: 92541.7

Total Power Dynamic: 914996
   ========= Performance Analysis =============
   Setup Time:                      0h 0m 0s 140ms 210us
   Simulation Time (Total):         0h 11m 4s 320ms
   Simulation Time (Active):        0h 3m 53s 4ms
        Queue Processing Time:      0h 3m 52s 974ms
             Scheduling Time:       0h 3m 25s 145ms
             Computation Time:      0h 0m 5s 788ms
   System Clock:                    0.1GHz
   Runtime:                         569477 cycles
   Runtime:                         5694.77 us
   Stalls:                          0 cycles
   Executed Nodes:                  569476 cycles

   ========= Kernel Validation Stats ==========
   Kernel validation enabled:       NO
   Configured latency per check:    0 us

   --- Access Breakdown ---
   Total memory accesses (validated): 0
   Cache hits (0 latency):          0
   Validation requests (full lat):  0
   Coalesced waits (partial lat):   0
   Validations denied:              0

   --- Latency Breakdown ---
   Validation request latency:      0 us
   Coalesced wait latency:          0 us
   TOTAL SECURITY OVERHEAD:         0 us
   Avg latency per validation:      0 us
   Avg latency per coalesced wait:  0 us
   Avg overhead per blocked access: 0 us

   --- Cache Statistics ---
   Processes with cached pages:     0
   Unique pages validated (total):  0
   Cache hit rate:                  0%

   ========= IOMMU Stats =====================
   IOMMU enabled:                   YES
   IOMMU SimObject:                 system.body.iommu

   --- Access Breakdown ---
   Total IOMMU checks:              15578216
   IOTLB hits:                      15578204
   IOTLB misses (page walks):       12
   IOTLB hit rate:                  99.9999%

   --- Latency Breakdown ---
   TOTAL IOMMU OVERHEAD:            31168.4 us
   Avg latency per access:          0.00200077 us

********************************************************************************
system.body.body_dwconv.llvm_interface
Total Area: 388828
Total Power Static: 56814.8

Total Power Dynamic: 649870
   ========= Performance Analysis =============
   Setup Time:                      0h 0m 0s 8ms 497us
   Simulation Time (Total):         0h 11m 4s 521ms
   Simulation Time (Active):        0h 5m 27s 755ms
        Queue Processing Time:      0h 5m 27s 708ms
             Scheduling Time:       0h 5m 1s 770ms
             Computation Time:      0h 0m 3s 738ms
   System Clock:                    0.1GHz
   Runtime:                         569900 cycles
   Runtime:                         5699 us
   Stalls:                          0 cycles
   Executed Nodes:                  569899 cycles

   ========= Kernel Validation Stats ==========
   Kernel validation enabled:       NO
   Configured latency per check:    0 us

   --- Access Breakdown ---
   Total memory accesses (validated): 0
   Cache hits (0 latency):          0
   Validation requests (full lat):  0
   Coalesced waits (partial lat):   0
   Validations denied:              0

   --- Latency Breakdown ---
   Validation request latency:      0 us
   Coalesced wait latency:          0 us
   TOTAL SECURITY OVERHEAD:         0 us
   Avg latency per validation:      0 us
   Avg latency per coalesced wait:  0 us
   Avg overhead per blocked access: 0 us

   --- Cache Statistics ---
   Processes with cached pages:     0
   Unique pages validated (total):  0
   Cache hit rate:                  0%

   ========= IOMMU Stats =====================
   IOMMU enabled:                   YES
   IOMMU SimObject:                 system.body.iommu

   --- Access Breakdown ---
   Total IOMMU checks:              15579915
   IOTLB hits:                      15579903
   IOTLB misses (page walks):       12
   IOTLB hit rate:                  99.9999%

   --- Latency Breakdown ---
   TOTAL IOMMU OVERHEAD:            31171.8 us
   Avg latency per access:          0.00200077 us

********************************************************************************
system.body.body_top.llvm_interface
Total Area: 11248.2
Total Power Static: 0.960402

Total Power Dynamic: 4.75826
   ========= Performance Analysis =============
   Setup Time:                      0h 0m 0s 7ms 398us
   Simulation Time (Total):         0h 11m 5s 18ms
   Simulation Time (Active):        0h 0m 0s 255ms
        Queue Processing Time:      0h 0m 0s 205ms
             Scheduling Time:       0h 0m 0s 87ms
             Computation Time:      0h 0m 0s 23ms
   System Clock:                    0.1GHz
   Runtime:                         588425 cycles
   Runtime:                         5884.25 us
   Stalls:                          0 cycles
   Executed Nodes:                  588424 cycles

   ========= Kernel Validation Stats ==========
   Kernel validation enabled:       NO
   Configured latency per check:    0 us

   --- Access Breakdown ---
   Total memory accesses (validated): 0
   Cache hits (0 latency):          0
   Validation requests (full lat):  0
   Coalesced waits (partial lat):   0
   Validations denied:              0

   --- Latency Breakdown ---
   Validation request latency:      0 us
   Coalesced wait latency:          0 us
   TOTAL SECURITY OVERHEAD:         0 us
   Avg latency per validation:      0 us
   Avg latency per coalesced wait:  0 us
   Avg overhead per blocked access: 0 us

   --- Cache Statistics ---
   Processes with cached pages:     0
   Unique pages validated (total):  0
   Cache hit rate:                  0%

   ========= IOMMU Stats =====================
   IOMMU enabled:                   YES
   IOMMU SimObject:                 system.body.iommu

   --- Access Breakdown ---
   Total IOMMU checks:              15579918
   IOTLB hits:                      15579906
   IOTLB misses (page walks):       12
   IOTLB hit rate:                  99.9999%

   --- Latency Breakdown ---
   TOTAL IOMMU OVERHEAD:            31171.8 us
   Avg latency per access:          0.00200077 us

********************************************************************************
system.body.body_residual.llvm_interface
Total Area: 2153.32
Total Power Static: 10.9684

Total Power Dynamic: 32.8969
   ========= Performance Analysis =============
   Setup Time:                      0h 0m 0s 0ms 383us
   Simulation Time (Total):         0h 6m 24s 790ms
   Simulation Time (Active):        0h 0m 0s 80ms
        Queue Processing Time:      0h 0m 0s 52ms
             Scheduling Time:       0h 0m 0s 20ms
             Computation Time:      0h 0m 0s 1ms
   System Clock:                    0.1GHz
   Runtime:                         390434 cycles
   Runtime:                         3904.34 us
   Stalls:                          0 cycles
   Executed Nodes:                  390433 cycles

   ========= Kernel Validation Stats ==========
   Kernel validation enabled:       NO
   Configured latency per check:    0 us

   --- Access Breakdown ---
   Total memory accesses (validated): 0
   Cache hits (0 latency):          0
   Validation requests (full lat):  0
   Coalesced waits (partial lat):   0
   Validations denied:              0

   --- Latency Breakdown ---
   Validation request latency:      0 us
   Coalesced wait latency:          0 us
   TOTAL SECURITY OVERHEAD:         0 us
   Avg latency per validation:      0 us
   Avg latency per coalesced wait:  0 us
   Avg overhead per blocked access: 0 us

   --- Cache Statistics ---
   Processes with cached pages:     0
   Unique pages validated (total):  0
   Cache hit rate:                  0%

   ========= IOMMU Stats =====================
   IOMMU enabled:                   YES
   IOMMU SimObject:                 system.body.iommu

   --- Access Breakdown ---
   Total IOMMU checks:              17270637
   IOTLB hits:                      17270625
   IOTLB misses (page walks):       12
   IOTLB hit rate:                  99.9999%

   --- Latency Breakdown ---
   TOTAL IOMMU OVERHEAD:            34553.2 us
   Avg latency per access:          0.00200069 us

********************************************************************************
system.body.body_pwconv0.llvm_interface
Total Area: 48151.2
Total Power Static: 1866.67

Total Power Dynamic: 45269.9
   ========= Performance Analysis =============
   Setup Time:                      0h 0m 0s 0ms 756us
   Simulation Time (Total):         0h 6m 52s 162ms
   Simulation Time (Active):        0h 0m 28s 145ms
        Queue Processing Time:      0h 0m 28s 130ms
             Scheduling Time:       0h 0m 16s 102ms
             Computation Time:      0h 0m 0s 334ms
   System Clock:                    0.1GHz
   Runtime:                         414588 cycles
   Runtime:                         4145.88 us
   Stalls:                          0 cycles
   Executed Nodes:                  414587 cycles

   ========= Kernel Validation Stats ==========
   Kernel validation enabled:       NO
   Configured latency per check:    0 us

   --- Access Breakdown ---
   Total memory accesses (validated): 0
   Cache hits (0 latency):          0
   Validation requests (full lat):  0
   Coalesced waits (partial lat):   0
   Validations denied:              0

   --- Latency Breakdown ---
   Validation request latency:      0 us
   Coalesced wait latency:          0 us
   TOTAL SECURITY OVERHEAD:         0 us
   Avg latency per validation:      0 us
   Avg latency per coalesced wait:  0 us
   Avg overhead per blocked access: 0 us

   --- Cache Statistics ---
   Processes with cached pages:     0
   Unique pages validated (total):  0
   Cache hit rate:                  0%

   ========= IOMMU Stats =====================
   IOMMU enabled:                   YES
   IOMMU SimObject:                 system.body.iommu

   --- Access Breakdown ---
   Total IOMMU checks:              17391126
   IOTLB hits:                      17391114
   IOTLB misses (page walks):       12
   IOTLB hit rate:                  99.9999%

   --- Latency Breakdown ---
   TOTAL IOMMU OVERHEAD:            34794.2 us
   Avg latency per access:          0.00200069 us

********************************************************************************
system.body.body_dwconv.llvm_interface
Total Area: 518438
Total Power Static: 27794.7

Total Power Dynamic: 316697
   ========= Performance Analysis =============
   Setup Time:                      0h 0m 0s 8ms 211us
   Simulation Time (Total):         0h 7m 26s 844ms
   Simulation Time (Active):        0h 2m 45s 464ms
        Queue Processing Time:      0h 2m 45s 441ms
             Scheduling Time:       0h 2m 31s 410ms
             Computation Time:      0h 0m 1s 821ms
   System Clock:                    0.1GHz
   Runtime:                         452510 cycles
   Runtime:                         4525.1 us
   Stalls:                          0 cycles
   Executed Nodes:                  452509 cycles

   ========= Kernel Validation Stats ==========
   Kernel validation enabled:       NO
   Configured latency per check:    0 us

   --- Access Breakdown ---
   Total memory accesses (validated): 0
   Cache hits (0 latency):          0
   Validation requests (full lat):  0
   Coalesced waits (partial lat):   0
   Validations denied:              0

   --- Latency Breakdown ---
   Validation request latency:      0 us
   Coalesced wait latency:          0 us
   TOTAL SECURITY OVERHEAD:         0 us
   Avg latency per validation:      0 us
   Avg latency per coalesced wait:  0 us
   Avg overhead per blocked access: 0 us

   --- Cache Statistics ---
   Processes with cached pages:     0
   Unique pages validated (total):  0
   Cache hit rate:                  0%

   ========= IOMMU Stats =====================
   IOMMU enabled:                   YES
   IOMMU SimObject:                 system.body.iommu

   --- Access Breakdown ---
   Total IOMMU checks:              17549288
   IOTLB hits:                      17549276
   IOTLB misses (page walks):       12
   IOTLB hit rate:                  99.9999%

   --- Latency Breakdown ---
   TOTAL IOMMU OVERHEAD:            35110.6 us
   Avg latency per access:          0.00200068 us

********************************************************************************
system.body.body_pwconv1.llvm_interface
Total Area: 2.99874e+06
Total Power Static: 92541.7

Total Power Dynamic: 914996
   ========= Performance Analysis =============
   Setup Time:                      0h 0m 0s 151ms 325us
   Simulation Time (Total):         0h 7m 26s 817ms
   Simulation Time (Active):        0h 3m 49s 269ms
        Queue Processing Time:      0h 3m 49s 246ms
             Scheduling Time:       0h 3m 22s 402ms
             Computation Time:      0h 0m 5s 748ms
   System Clock:                    0.1GHz
   Runtime:                         455344 cycles
   Runtime:                         4553.44 us
   Stalls:                          0 cycles
   Executed Nodes:                  455343 cycles

   ========= Kernel Validation Stats ==========
   Kernel validation enabled:       NO
   Configured latency per check:    0 us

   --- Access Breakdown ---
   Total memory accesses (validated): 0
   Cache hits (0 latency):          0
   Validation requests (full lat):  0
   Coalesced waits (partial lat):   0
   Validations denied:              0

   --- Latency Breakdown ---
   Validation request latency:      0 us
   Coalesced wait latency:          0 us
   TOTAL SECURITY OVERHEAD:         0 us
   Avg latency per validation:      0 us
   Avg latency per coalesced wait:  0 us
   Avg overhead per blocked access: 0 us

   --- Cache Statistics ---
   Processes with cached pages:     0
   Unique pages validated (total):  0
   Cache hit rate:                  0%

   ========= IOMMU Stats =====================
   IOMMU enabled:                   YES
   IOMMU SimObject:                 system.body.iommu

   --- Access Breakdown ---
   Total IOMMU checks:              17552383
   IOTLB hits:                      17552371
   IOTLB misses (page walks):       12
   IOTLB hit rate:                  99.9999%

   --- Latency Breakdown ---
   TOTAL IOMMU OVERHEAD:            35116.7 us
   Avg latency per access:          0.00200068 us

********************************************************************************
system.body.body_top.llvm_interface
Total Area: 14997.7
Total Power Static: 0.958569

Total Power Dynamic: 4.74925
   ========= Performance Analysis =============
   Setup Time:                      0h 0m 0s 7ms 355us
   Simulation Time (Total):         0h 7m 27s 421ms
   Simulation Time (Active):        0h 0m 0s 166ms
        Queue Processing Time:      0h 0m 0s 127ms
             Scheduling Time:       0h 0m 0s 52ms
             Computation Time:      0h 0m 0s 14ms
   System Clock:                    0.1GHz
   Runtime:                         473826 cycles
   Runtime:                         4738.26 us
   Stalls:                          0 cycles
   Executed Nodes:                  473825 cycles

   ========= Kernel Validation Stats ==========
   Kernel validation enabled:       NO
   Configured latency per check:    0 us

   --- Access Breakdown ---
   Total memory accesses (validated): 0
   Cache hits (0 latency):          0
   Validation requests (full lat):  0
   Coalesced waits (partial lat):   0
   Validations denied:              0

   --- Latency Breakdown ---
   Validation request latency:      0 us
   Coalesced wait latency:          0 us
   TOTAL SECURITY OVERHEAD:         0 us
   Avg latency per validation:      0 us
   Avg latency per coalesced wait:  0 us
   Avg overhead per blocked access: 0 us

   --- Cache Statistics ---
   Processes with cached pages:     0
   Unique pages validated (total):  0
   Cache hit rate:                  0%

   ========= IOMMU Stats =====================
   IOMMU enabled:                   YES
   IOMMU SimObject:                 system.body.iommu

   --- Access Breakdown ---
   Total IOMMU checks:              17552384
   IOTLB hits:                      17552372
   IOTLB misses (page walks):       12
   IOTLB hit rate:                  99.9999%

   --- Latency Breakdown ---
   TOTAL IOMMU OVERHEAD:            35116.7 us
   Avg latency per access:          0.00200068 us

********************************************************************************
system.body.body_residual.llvm_interface
Total Area: 2691.64
Total Power Static: 16.4537

Total Power Dynamic: 65.7937
   ========= Performance Analysis =============
   Setup Time:                      0h 0m 0s 0ms 401us
   Simulation Time (Total):         0h 6m 27s 809ms
   Simulation Time (Active):        0h 0m 0s 91ms
        Queue Processing Time:      0h 0m 0s 63ms
             Scheduling Time:       0h 0m 0s 27ms
             Computation Time:      0h 0m 0s 3ms
   System Clock:                    0.1GHz
   Runtime:                         390277 cycles
   Runtime:                         3902.77 us
   Stalls:                          0 cycles
   Executed Nodes:                  390276 cycles

   ========= Kernel Validation Stats ==========
   Kernel validation enabled:       NO
   Configured latency per check:    0 us

   --- Access Breakdown ---
   Total memory accesses (validated): 0
   Cache hits (0 latency):          0
   Validation requests (full lat):  0
   Coalesced waits (partial lat):   0
   Validations denied:              0

   --- Latency Breakdown ---
   Validation request latency:      0 us
   Coalesced wait latency:          0 us
   TOTAL SECURITY OVERHEAD:         0 us
   Avg latency per validation:      0 us
   Avg latency per coalesced wait:  0 us
   Avg overhead per blocked access: 0 us

   --- Cache Statistics ---
   Processes with cached pages:     0
   Unique pages validated (total):  0
   Cache hit rate:                  0%

   ========= IOMMU Stats =====================
   IOMMU enabled:                   YES
   IOMMU SimObject:                 system.body.iommu

   --- Access Breakdown ---
   Total IOMMU checks:              19245447
   IOTLB hits:                      19245435
   IOTLB misses (page walks):       12
   IOTLB hit rate:                  99.9999%

   --- Latency Breakdown ---
   TOTAL IOMMU OVERHEAD:            38502.9 us
   Avg latency per access:          0.00200062 us

********************************************************************************
system.body.body_pwconv0.llvm_interface
Total Area: 60189
Total Power Static: 1866.67

Total Power Dynamic: 45269.9
   ========= Performance Analysis =============
   Setup Time:                      0h 0m 0s 0ms 783us
   Simulation Time (Total):         0h 6m 55s 115ms
   Simulation Time (Active):        0h 0m 28s 601ms
        Queue Processing Time:      0h 0m 28s 586ms
             Scheduling Time:       0h 0m 16s 522ms
             Computation Time:      0h 0m 0s 336ms
   System Clock:                    0.1GHz
   Runtime:                         414384 cycles
   Runtime:                         4143.84 us
   Stalls:                          0 cycles
   Executed Nodes:                  414383 cycles

   ========= Kernel Validation Stats ==========
   Kernel validation enabled:       NO
   Configured latency per check:    0 us

   --- Access Breakdown ---
   Total memory accesses (validated): 0
   Cache hits (0 latency):          0
   Validation requests (full lat):  0
   Coalesced waits (partial lat):   0
   Validations denied:              0

   --- Latency Breakdown ---
   Validation request latency:      0 us
   Coalesced wait latency:          0 us
   TOTAL SECURITY OVERHEAD:         0 us
   Avg latency per validation:      0 us
   Avg latency per coalesced wait:  0 us
   Avg overhead per blocked access: 0 us

   --- Cache Statistics ---
   Processes with cached pages:     0
   Unique pages validated (total):  0
   Cache hit rate:                  0%

   ========= IOMMU Stats =====================
   IOMMU enabled:                   YES
   IOMMU SimObject:                 system.body.iommu

   --- Access Breakdown ---
   Total IOMMU checks:              19365933
   IOTLB hits:                      19365921
   IOTLB misses (page walks):       12
   IOTLB hit rate:                  99.9999%

   --- Latency Breakdown ---
   TOTAL IOMMU OVERHEAD:            38743.8 us
   Avg latency per access:          0.00200062 us

********************************************************************************
system.body.body_dwconv.llvm_interface
Total Area: 648047
Total Power Static: 27794.7

Total Power Dynamic: 316697
   ========= Performance Analysis =============
   Setup Time:                      0h 0m 0s 8ms 289us
   Simulation Time (Total):         0h 7m 29s 933ms
   Simulation Time (Active):        0h 2m 46s 252ms
        Queue Processing Time:      0h 2m 46s 229ms
             Scheduling Time:       0h 2m 32s 163ms
             Computation Time:      0h 0m 1s 835ms
   System Clock:                    0.1GHz
   Runtime:                         452306 cycles
   Runtime:                         4523.06 us
   Stalls:                          0 cycles
   Executed Nodes:                  452305 cycles

   ========= Kernel Validation Stats ==========
   Kernel validation enabled:       NO
   Configured latency per check:    0 us

   --- Access Breakdown ---
   Total memory accesses (validated): 0
   Cache hits (0 latency):          0
   Validation requests (full lat):  0
   Coalesced waits (partial lat):   0
   Validations denied:              0

   --- Latency Breakdown ---
   Validation request latency:      0 us
   Coalesced wait latency:          0 us
   TOTAL SECURITY OVERHEAD:         0 us
   Avg latency per validation:      0 us
   Avg latency per coalesced wait:  0 us
   Avg overhead per blocked access: 0 us

   --- Cache Statistics ---
   Processes with cached pages:     0
   Unique pages validated (total):  0
   Cache hit rate:                  0%

   ========= IOMMU Stats =====================
   IOMMU enabled:                   YES
   IOMMU SimObject:                 system.body.iommu

   --- Access Breakdown ---
   Total IOMMU checks:              19524095
   IOTLB hits:                      19524083
   IOTLB misses (page walks):       12
   IOTLB hit rate:                  99.9999%

   --- Latency Breakdown ---
   TOTAL IOMMU OVERHEAD:            39060.2 us
   Avg latency per access:          0.00200061 us

********************************************************************************
system.body.body_pwconv1.llvm_interface
Total Area: 3.74842e+06
Total Power Static: 92541.7

Total Power Dynamic: 914996
   ========= Performance Analysis =============
   Setup Time:                      0h 0m 0s 141ms 691us
   Simulation Time (Total):         0h 7m 29s 916ms
   Simulation Time (Active):        0h 3m 50s 854ms
        Queue Processing Time:      0h 3m 50s 832ms
             Scheduling Time:       0h 3m 23s 908ms
             Computation Time:      0h 0m 5s 763ms
   System Clock:                    0.1GHz
   Runtime:                         455140 cycles
   Runtime:                         4551.4 us
   Stalls:                          0 cycles
   Executed Nodes:                  455139 cycles

   ========= Kernel Validation Stats ==========
   Kernel validation enabled:       NO
   Configured latency per check:    0 us

   --- Access Breakdown ---
   Total memory accesses (validated): 0
   Cache hits (0 latency):          0
   Validation requests (full lat):  0
   Coalesced waits (partial lat):   0
   Validations denied:              0

   --- Latency Breakdown ---
   Validation request latency:      0 us
   Coalesced wait latency:          0 us
   TOTAL SECURITY OVERHEAD:         0 us
   Avg latency per validation:      0 us
   Avg latency per coalesced wait:  0 us
   Avg overhead per blocked access: 0 us

   --- Cache Statistics ---
   Processes with cached pages:     0
   Unique pages validated (total):  0
   Cache hit rate:                  0%

   ========= IOMMU Stats =====================
   IOMMU enabled:                   YES
   IOMMU SimObject:                 system.body.iommu

   --- Access Breakdown ---
   Total IOMMU checks:              19527190
   IOTLB hits:                      19527178
   IOTLB misses (page walks):       12
   IOTLB hit rate:                  99.9999%

   --- Latency Breakdown ---
   TOTAL IOMMU OVERHEAD:            39066.4 us
   Avg latency per access:          0.00200061 us

********************************************************************************
system.body.body_top.llvm_interface
Total Area: 18747.1
Total Power Static: 0.959791

Total Power Dynamic: 4.75526
   ========= Performance Analysis =============
   Setup Time:                      0h 0m 0s 7ms 265us
   Simulation Time (Total):         0h 7m 30s 536ms
   Simulation Time (Active):        0h 0m 0s 165ms
        Queue Processing Time:      0h 0m 0s 127ms
             Scheduling Time:       0h 0m 0s 51ms
             Computation Time:      0h 0m 0s 14ms
   System Clock:                    0.1GHz
   Runtime:                         473645 cycles
   Runtime:                         4736.45 us
   Stalls:                          0 cycles
   Executed Nodes:                  473644 cycles

   ========= Kernel Validation Stats ==========
   Kernel validation enabled:       NO
   Configured latency per check:    0 us

   --- Access Breakdown ---
   Total memory accesses (validated): 0
   Cache hits (0 latency):          0
   Validation requests (full lat):  0
   Coalesced waits (partial lat):   0
   Validations denied:              0

   --- Latency Breakdown ---
   Validation request latency:      0 us
   Coalesced wait latency:          0 us
   TOTAL SECURITY OVERHEAD:         0 us
   Avg latency per validation:      0 us
   Avg latency per coalesced wait:  0 us
   Avg overhead per blocked access: 0 us

   --- Cache Statistics ---
   Processes with cached pages:     0
   Unique pages validated (total):  0
   Cache hit rate:                  0%

   ========= IOMMU Stats =====================
   IOMMU enabled:                   YES
   IOMMU SimObject:                 system.body.iommu

   --- Access Breakdown ---
   Total IOMMU checks:              19527191
   IOTLB hits:                      19527179
   IOTLB misses (page walks):       12
   IOTLB hit rate:                  99.9999%

   --- Latency Breakdown ---
   TOTAL IOMMU OVERHEAD:            39066.4 us
   Avg latency per access:          0.00200061 us

********************************************************************************
system.body.body_residual.llvm_interface
Total Area: 3229.97
Total Power Static: 16.4537

Total Power Dynamic: 65.7937
   ========= Performance Analysis =============
   Setup Time:                      0h 0m 0s 0ms 389us
   Simulation Time (Total):         0h 4m 8s 650ms
   Simulation Time (Active):        0h 0m 0s 66ms
        Queue Processing Time:      0h 0m 0s 50ms
             Scheduling Time:       0h 0m 0s 22ms
             Computation Time:      0h 0m 0s 3ms
   System Clock:                    0.1GHz
   Runtime:                         214124 cycles
   Runtime:                         2141.24 us
   Stalls:                          0 cycles
   Executed Nodes:                  214123 cycles

   ========= Kernel Validation Stats ==========
   Kernel validation enabled:       NO
   Configured latency per check:    0 us

   --- Access Breakdown ---
   Total memory accesses (validated): 0
   Cache hits (0 latency):          0
   Validation requests (full lat):  0
   Coalesced waits (partial lat):   0
   Validations denied:              0

   --- Latency Breakdown ---
   Validation request latency:      0 us
   Coalesced wait latency:          0 us
   TOTAL SECURITY OVERHEAD:         0 us
   Avg latency per validation:      0 us
   Avg latency per coalesced wait:  0 us
   Avg overhead per blocked access: 0 us

   --- Cache Statistics ---
   Processes with cached pages:     0
   Unique pages validated (total):  0
   Cache hit rate:                  0%

   ========= IOMMU Stats =====================
   IOMMU enabled:                   YES
   IOMMU SimObject:                 system.body.iommu

   --- Access Breakdown ---
   Total IOMMU checks:              20575086
   IOTLB hits:                      20575074
   IOTLB misses (page walks):       12
   IOTLB hit rate:                  99.9999%

   --- Latency Breakdown ---
   TOTAL IOMMU OVERHEAD:            41162.1 us
   Avg latency per access:          0.00200058 us

********************************************************************************
system.body.body_pwconv0.llvm_interface
Total Area: 72226.8
Total Power Static: 1866.67

Total Power Dynamic: 45269.9
   ========= Performance Analysis =============
   Setup Time:                      0h 0m 0s 0ms 759us
   Simulation Time (Total):         0h 4m 29s 485ms
   Simulation Time (Active):        0h 0m 28s 20ms
        Queue Processing Time:      0h 0m 28s 4ms
             Scheduling Time:       0h 0m 16s 710ms
             Computation Time:      0h 0m 0s 338ms
   System Clock:                    0.1GHz
   Runtime:                         232859 cycles
   Runtime:                         2328.59 us
   Stalls:                          0 cycles
   Executed Nodes:                  232858 cycles

   ========= Kernel Validation Stats ==========
   Kernel validation enabled:       NO
   Configured latency per check:    0 us

   --- Access Breakdown ---
   Total memory accesses (validated): 0
   Cache hits (0 latency):          0
   Validation requests (full lat):  0
   Coalesced waits (partial lat):   0
   Validations denied:              0

   --- Latency Breakdown ---
   Validation request latency:      0 us
   Coalesced wait latency:          0 us
   TOTAL SECURITY OVERHEAD:         0 us
   Avg latency per validation:      0 us
   Avg latency per coalesced wait:  0 us
   Avg overhead per blocked access: 0 us

   --- Cache Statistics ---
   Processes with cached pages:     0
   Unique pages validated (total):  0
   Cache hit rate:                  0%

   ========= IOMMU Stats =====================
   IOMMU enabled:                   YES
   IOMMU SimObject:                 system.body.iommu

   --- Access Breakdown ---
   Total IOMMU checks:              20667176
   IOTLB hits:                      20667164
   IOTLB misses (page walks):       12
   IOTLB hit rate:                  99.9999%

   --- Latency Breakdown ---
   TOTAL IOMMU OVERHEAD:            41346.3 us
   Avg latency per access:          0.00200058 us

********************************************************************************
system.body.body_pwconv1.llvm_interface
Total Area: 4.49811e+06
Total Power Static: 34660

Total Power Dynamic: 342746
   ========= Performance Analysis =============
   Setup Time:                      0h 0m 0s 142ms 231us
   Simulation Time (Total):         0h 4m 36s 677ms
   Simulation Time (Active):        0h 1m 20s 352ms
        Queue Processing Time:      0h 1m 20s 342ms
             Scheduling Time:       0h 1m 11s 283ms
             Computation Time:      0h 0m 2s 121ms
   System Clock:                    0.1GHz
   Runtime:                         239155 cycles
   Runtime:                         2391.55 us
   Stalls:                          0 cycles
   Executed Nodes:                  239154 cycles

   ========= Kernel Validation Stats ==========
   Kernel validation enabled:       NO
   Configured latency per check:    0 us

   --- Access Breakdown ---
   Total memory accesses (validated): 0
   Cache hits (0 latency):          0
   Validation requests (full lat):  0
   Coalesced waits (partial lat):   0
   Validations denied:              0

   --- Latency Breakdown ---
   Validation request latency:      0 us
   Coalesced wait latency:          0 us
   TOTAL SECURITY OVERHEAD:         0 us
   Avg latency per validation:      0 us
   Avg latency per coalesced wait:  0 us
   Avg overhead per blocked access: 0 us

   --- Cache Statistics ---
   Processes with cached pages:     0
   Unique pages validated (total):  0
   Cache hit rate:                  0%

   ========= IOMMU Stats =====================
   IOMMU enabled:                   YES
   IOMMU SimObject:                 system.body.iommu

   --- Access Breakdown ---
   Total IOMMU checks:              20694697
   IOTLB hits:                      20694685
   IOTLB misses (page walks):       12
   IOTLB hit rate:                  99.9999%

   --- Latency Breakdown ---
   TOTAL IOMMU OVERHEAD:            41401.4 us
   Avg latency per access:          0.00200058 us

********************************************************************************
system.body.body_dwconv.llvm_interface
Total Area: 777657
Total Power Static: 27770.1

Total Power Dynamic: 316697
   ========= Performance Analysis =============
   Setup Time:                      0h 0m 0s 9ms 51us
   Simulation Time (Total):         0h 4m 44s 378ms
   Simulation Time (Active):        0h 2m 42s 263ms
        Queue Processing Time:      0h 2m 42s 237ms
             Scheduling Time:       0h 2m 29s 693ms
             Computation Time:      0h 0m 1s 834ms
   System Clock:                    0.1GHz
   Runtime:                         246045 cycles
   Runtime:                         2460.45 us
   Stalls:                          0 cycles
   Executed Nodes:                  246044 cycles

   ========= Kernel Validation Stats ==========
   Kernel validation enabled:       NO
   Configured latency per check:    0 us

   --- Access Breakdown ---
   Total memory accesses (validated): 0
   Cache hits (0 latency):          0
   Validation requests (full lat):  0
   Coalesced waits (partial lat):   0
   Validations denied:              0

   --- Latency Breakdown ---
   Validation request latency:      0 us
   Coalesced wait latency:          0 us
   TOTAL SECURITY OVERHEAD:         0 us
   Avg latency per validation:      0 us
   Avg latency per coalesced wait:  0 us
   Avg overhead per blocked access: 0 us

   --- Cache Statistics ---
   Processes with cached pages:     0
   Unique pages validated (total):  0
   Cache hit rate:                  0%

   ========= IOMMU Stats =====================
   IOMMU enabled:                   YES
   IOMMU SimObject:                 system.body.iommu

   --- Access Breakdown ---
   Total IOMMU checks:              20724326
   IOTLB hits:                      20724314
   IOTLB misses (page walks):       12
   IOTLB hit rate:                  99.9999%

   --- Latency Breakdown ---
   TOTAL IOMMU OVERHEAD:            41460.6 us
   Avg latency per access:          0.00200058 us

********************************************************************************
system.body.body_top.llvm_interface
Total Area: 22496.5
Total Power Static: 0.962847

Total Power Dynamic: 4.77027
   ========= Performance Analysis =============
   Setup Time:                      0h 0m 0s 7ms 369us
   Simulation Time (Total):         0h 4m 44s 833ms
   Simulation Time (Active):        0h 0m 0s 113ms
        Queue Processing Time:      0h 0m 0s 90ms
             Scheduling Time:       0h 0m 0s 38ms
             Computation Time:      0h 0m 0s 11ms
   System Clock:                    0.1GHz
   Runtime:                         264612 cycles
   Runtime:                         2646.12 us
   Stalls:                          0 cycles
   Executed Nodes:                  264611 cycles

   ========= Kernel Validation Stats ==========
   Kernel validation enabled:       NO
   Configured latency per check:    0 us

   --- Access Breakdown ---
   Total memory accesses (validated): 0
   Cache hits (0 latency):          0
   Validation requests (full lat):  0
   Coalesced waits (partial lat):   0
   Validations denied:              0

   --- Latency Breakdown ---
   Validation request latency:      0 us
   Coalesced wait latency:          0 us
   TOTAL SECURITY OVERHEAD:         0 us
   Avg latency per validation:      0 us
   Avg latency per coalesced wait:  0 us
   Avg overhead per blocked access: 0 us

   --- Cache Statistics ---
   Processes with cached pages:     0
   Unique pages validated (total):  0
   Cache hit rate:                  0%

   ========= IOMMU Stats =====================
   IOMMU enabled:                   YES
   IOMMU SimObject:                 system.body.iommu

   --- Access Breakdown ---
   Total IOMMU checks:              20724329
   IOTLB hits:                      20724317
   IOTLB misses (page walks):       12
   IOTLB hit rate:                  99.9999%

   --- Latency Breakdown ---
   TOTAL IOMMU OVERHEAD:            41460.6 us
   Avg latency per access:          0.00200058 us

********************************************************************************
system.body.body_residual.llvm_interface
Total Area: 3768.3
Total Power Static: 4.11165

Total Power Dynamic: 12.3363
   ========= Performance Analysis =============
   Setup Time:                      0h 0m 0s 0ms 388us
   Simulation Time (Total):         0h 1m 46s 265ms
   Simulation Time (Active):        0h 0m 0s 23ms
        Queue Processing Time:      0h 0m 0s 16ms
             Scheduling Time:       0h 0m 0s 6ms
             Computation Time:      0h 0m 0s 0ms
   System Clock:                    0.1GHz
   Runtime:                         102569 cycles
   Runtime:                         1025.69 us
   Stalls:                          0 cycles
   Executed Nodes:                  102568 cycles

   ========= Kernel Validation Stats ==========
   Kernel validation enabled:       NO
   Configured latency per check:    0 us

   --- Access Breakdown ---
   Total memory accesses (validated): 0
   Cache hits (0 latency):          0
   Validation requests (full lat):  0
   Coalesced waits (partial lat):   0
   Validations denied:              0

   --- Latency Breakdown ---
   Validation request latency:      0 us
   Coalesced wait latency:          0 us
   TOTAL SECURITY OVERHEAD:         0 us
   Avg latency per validation:      0 us
   Avg latency per coalesced wait:  0 us
   Avg overhead per blocked access: 0 us

   --- Cache Statistics ---
   Processes with cached pages:     0
   Unique pages validated (total):  0
   Cache hit rate:                  0%

   ========= IOMMU Stats =====================
   IOMMU enabled:                   YES
   IOMMU SimObject:                 system.body.iommu

   --- Access Breakdown ---
   Total IOMMU checks:              21210660
   IOTLB hits:                      21210648
   IOTLB misses (page walks):       12
   IOTLB hit rate:                  99.9999%

   --- Latency Breakdown ---
   TOTAL IOMMU OVERHEAD:            42433.3 us
   Avg latency per access:          0.00200056 us

********************************************************************************
system.body.body_pwconv0.llvm_interface
Total Area: 84264.5
Total Power Static: 692.817

Total Power Dynamic: 16913.1
   ========= Performance Analysis =============
   Setup Time:                      0h 0m 0s 0ms 750us
   Simulation Time (Total):         0h 2m 10s 957ms
   Simulation Time (Active):        0h 0m 8s 690ms
        Queue Processing Time:      0h 0m 8s 683ms
             Scheduling Time:       0h 0m 4s 824ms
             Computation Time:      0h 0m 0s 117ms
   System Clock:                    0.1GHz
   Runtime:                         126273 cycles
   Runtime:                         1262.73 us
   Stalls:                          0 cycles
   Executed Nodes:                  126272 cycles

   ========= Kernel Validation Stats ==========
   Kernel validation enabled:       NO
   Configured latency per check:    0 us

   --- Access Breakdown ---
   Total memory accesses (validated): 0
   Cache hits (0 latency):          0
   Validation requests (full lat):  0
   Coalesced waits (partial lat):   0
   Validations denied:              0

   --- Latency Breakdown ---
   Validation request latency:      0 us
   Coalesced wait latency:          0 us
   TOTAL SECURITY OVERHEAD:         0 us
   Avg latency per validation:      0 us
   Avg latency per coalesced wait:  0 us
   Avg overhead per blocked access: 0 us

   --- Cache Statistics ---
   Processes with cached pages:     0
   Unique pages validated (total):  0
   Cache hit rate:                  0%

   ========= IOMMU Stats =====================
   IOMMU enabled:                   YES
   IOMMU SimObject:                 system.body.iommu

   --- Access Breakdown ---
   Total IOMMU checks:              21324627
   IOTLB hits:                      21324615
   IOTLB misses (page walks):       12
   IOTLB hit rate:                  99.9999%

   --- Latency Breakdown ---
   TOTAL IOMMU OVERHEAD:            42661.2 us
   Avg latency per access:          0.00200056 us

********************************************************************************
system.body.body_dwconv.llvm_interface
Total Area: 907266
Total Power Static: 10000

Total Power Dynamic: 113736
   ========= Performance Analysis =============
   Setup Time:                      0h 0m 0s 8ms 330us
   Simulation Time (Total):         0h 2m 37s 551ms
   Simulation Time (Active):        0h 1m 0s 940ms
        Queue Processing Time:      0h 1m 0s 931ms
             Scheduling Time:       0h 0m 55s 836ms
             Computation Time:      0h 0m 0s 668ms
   System Clock:                    0.1GHz
   Runtime:                         152731 cycles
   Runtime:                         1527.31 us
   Stalls:                          0 cycles
   Executed Nodes:                  152730 cycles

   ========= Kernel Validation Stats ==========
   Kernel validation enabled:       NO
   Configured latency per check:    0 us

   --- Access Breakdown ---
   Total memory accesses (validated): 0
   Cache hits (0 latency):          0
   Validation requests (full lat):  0
   Coalesced waits (partial lat):   0
   Validations denied:              0

   --- Latency Breakdown ---
   Validation request latency:      0 us
   Coalesced wait latency:          0 us
   TOTAL SECURITY OVERHEAD:         0 us
   Avg latency per validation:      0 us
   Avg latency per coalesced wait:  0 us
   Avg overhead per blocked access: 0 us

   --- Cache Statistics ---
   Processes with cached pages:     0
   Unique pages validated (total):  0
   Cache hit rate:                  0%

   ========= IOMMU Stats =====================
   IOMMU enabled:                   YES
   IOMMU SimObject:                 system.body.iommu

   --- Access Breakdown ---
   Total IOMMU checks:              21447389
   IOTLB hits:                      21447377
   IOTLB misses (page walks):       12
   IOTLB hit rate:                  99.9999%

   --- Latency Breakdown ---
   TOTAL IOMMU OVERHEAD:            42906.8 us
   Avg latency per access:          0.00200056 us

********************************************************************************
system.body.body_pwconv1.llvm_interface
Total Area: 5.24779e+06
Total Power Static: 34660

Total Power Dynamic: 342746
   ========= Performance Analysis =============
   Setup Time:                      0h 0m 0s 133ms 331us
   Simulation Time (Total):         0h 2m 37s 434ms
   Simulation Time (Active):        0h 1m 19s 441ms
        Queue Processing Time:      0h 1m 19s 434ms
             Scheduling Time:       0h 1m 10s 612ms
             Computation Time:      0h 0m 2s 94ms
   System Clock:                    0.1GHz
   Runtime:                         153772 cycles
   Runtime:                         1537.72 us
   Stalls:                          0 cycles
   Executed Nodes:                  153771 cycles

   ========= Kernel Validation Stats ==========
   Kernel validation enabled:       NO
   Configured latency per check:    0 us

   --- Access Breakdown ---
   Total memory accesses (validated): 0
   Cache hits (0 latency):          0
   Validation requests (full lat):  0
   Coalesced waits (partial lat):   0
   Validations denied:              0

   --- Latency Breakdown ---
   Validation request latency:      0 us
   Coalesced wait latency:          0 us
   TOTAL SECURITY OVERHEAD:         0 us
   Avg latency per validation:      0 us
   Avg latency per coalesced wait:  0 us
   Avg overhead per blocked access: 0 us

   --- Cache Statistics ---
   Processes with cached pages:     0
   Unique pages validated (total):  0
   Cache hit rate:                  0%

   ========= IOMMU Stats =====================
   IOMMU enabled:                   YES
   IOMMU SimObject:                 system.body.iommu

   --- Access Breakdown ---
   Total IOMMU checks:              21448533
   IOTLB hits:                      21448521
   IOTLB misses (page walks):       12
   IOTLB hit rate:                  99.9999%

   --- Latency Breakdown ---
   TOTAL IOMMU OVERHEAD:            42909 us
   Avg latency per access:          0.00200056 us

********************************************************************************
system.body.body_top.llvm_interface
Total Area: 26245.9
Total Power Static: 0.960402

Total Power Dynamic: 4.75826
   ========= Performance Analysis =============
   Setup Time:                      0h 0m 0s 17ms 809us
   Simulation Time (Total):         0h 2m 38s 18ms
   Simulation Time (Active):        0h 0m 0s 60ms
        Queue Processing Time:      0h 0m 0s 46ms
             Scheduling Time:       0h 0m 0s 19ms
             Computation Time:      0h 0m 0s 5ms
   System Clock:                    0.1GHz
   Runtime:                         172294 cycles
   Runtime:                         1722.94 us
   Stalls:                          0 cycles
   Executed Nodes:                  172293 cycles

   ========= Kernel Validation Stats ==========
   Kernel validation enabled:       NO
   Configured latency per check:    0 us

   --- Access Breakdown ---
   Total memory accesses (validated): 0
   Cache hits (0 latency):          0
   Validation requests (full lat):  0
   Coalesced waits (partial lat):   0
   Validations denied:              0

   --- Latency Breakdown ---
   Validation request latency:      0 us
   Coalesced wait latency:          0 us
   TOTAL SECURITY OVERHEAD:         0 us
   Avg latency per validation:      0 us
   Avg latency per coalesced wait:  0 us
   Avg overhead per blocked access: 0 us

   --- Cache Statistics ---
   Processes with cached pages:     0
   Unique pages validated (total):  0
   Cache hit rate:                  0%

   ========= IOMMU Stats =====================
   IOMMU enabled:                   YES
   IOMMU SimObject:                 system.body.iommu

   --- Access Breakdown ---
   Total IOMMU checks:              21448535
   IOTLB hits:                      21448523
   IOTLB misses (page walks):       12
   IOTLB hit rate:                  99.9999%

   --- Latency Breakdown ---
   TOTAL IOMMU OVERHEAD:            42909 us
   Avg latency per access:          0.00200056 us

********************************************************************************
system.body.body_residual.llvm_interface
Total Area: 4306.63
Total Power Static: 6.16866

Total Power Dynamic: 24.6726
   ========= Performance Analysis =============
   Setup Time:                      0h 0m 0s 0ms 386us
   Simulation Time (Total):         0h 1m 45s 669ms
   Simulation Time (Active):        0h 0m 0s 27ms
        Queue Processing Time:      0h 0m 0s 20ms
             Scheduling Time:       0h 0m 0s 9ms
             Computation Time:      0h 0m 0s 1ms
   System Clock:                    0.1GHz
   Runtime:                         102636 cycles
   Runtime:                         1026.36 us
   Stalls:                          0 cycles
   Executed Nodes:                  102635 cycles

   ========= Kernel Validation Stats ==========
   Kernel validation enabled:       NO
   Configured latency per check:    0 us

   --- Access Breakdown ---
   Total memory accesses (validated): 0
   Cache hits (0 latency):          0
   Validation requests (full lat):  0
   Coalesced waits (partial lat):   0
   Validations denied:              0

   --- Latency Breakdown ---
   Validation request latency:      0 us
   Coalesced wait latency:          0 us
   TOTAL SECURITY OVERHEAD:         0 us
   Avg latency per validation:      0 us
   Avg latency per coalesced wait:  0 us
   Avg overhead per blocked access: 0 us

   --- Cache Statistics ---
   Processes with cached pages:     0
   Unique pages validated (total):  0
   Cache hit rate:                  0%

   ========= IOMMU Stats =====================
   IOMMU enabled:                   YES
   IOMMU SimObject:                 system.body.iommu

   --- Access Breakdown ---
   Total IOMMU checks:              21935746
   IOTLB hits:                      21935734
   IOTLB misses (page walks):       12
   IOTLB hit rate:                  99.9999%

   --- Latency Breakdown ---
   TOTAL IOMMU OVERHEAD:            43883.5 us
   Avg latency per access:          0.00200055 us

********************************************************************************
system.body.body_pwconv0.llvm_interface
Total Area: 96302.3
Total Power Static: 692.817

Total Power Dynamic: 16913.1
   ========= Performance Analysis =============
   Setup Time:                      0h 0m 0s 0ms 763us
   Simulation Time (Total):         0h 2m 9s 976ms
   Simulation Time (Active):        0h 0m 8s 410ms
        Queue Processing Time:      0h 0m 8s 403ms
             Scheduling Time:       0h 0m 4s 618ms
             Computation Time:      0h 0m 0s 116ms
   System Clock:                    0.1GHz
   Runtime:                         126331 cycles
   Runtime:                         1263.31 us
   Stalls:                          0 cycles
   Executed Nodes:                  126330 cycles

   ========= Kernel Validation Stats ==========
   Kernel validation enabled:       NO
   Configured latency per check:    0 us

   --- Access Breakdown ---
   Total memory accesses (validated): 0
   Cache hits (0 latency):          0
   Validation requests (full lat):  0
   Coalesced waits (partial lat):   0
   Validations denied:              0

   --- Latency Breakdown ---
   Validation request latency:      0 us
   Coalesced wait latency:          0 us
   TOTAL SECURITY OVERHEAD:         0 us
   Avg latency per validation:      0 us
   Avg latency per coalesced wait:  0 us
   Avg overhead per blocked access: 0 us

   --- Cache Statistics ---
   Processes with cached pages:     0
   Unique pages validated (total):  0
   Cache hit rate:                  0%

   ========= IOMMU Stats =====================
   IOMMU enabled:                   YES
   IOMMU SimObject:                 system.body.iommu

   --- Access Breakdown ---
   Total IOMMU checks:              22049713
   IOTLB hits:                      22049701
   IOTLB misses (page walks):       12
   IOTLB hit rate:                  99.9999%

   --- Latency Breakdown ---
   TOTAL IOMMU OVERHEAD:            44111.4 us
   Avg latency per access:          0.00200054 us

********************************************************************************
system.body.body_dwconv.llvm_interface
Total Area: 1.03688e+06
Total Power Static: 10000

Total Power Dynamic: 113736
   ========= Performance Analysis =============
   Setup Time:                      0h 0m 0s 8ms 141us
   Simulation Time (Total):         0h 2m 36s 138ms
   Simulation Time (Active):        0h 1m 0s 547ms
        Queue Processing Time:      0h 1m 0s 539ms
             Scheduling Time:       0h 0m 55s 521ms
             Computation Time:      0h 0m 0s 655ms
   System Clock:                    0.1GHz
   Runtime:                         152859 cycles
   Runtime:                         1528.59 us
   Stalls:                          0 cycles
   Executed Nodes:                  152858 cycles

   ========= Kernel Validation Stats ==========
   Kernel validation enabled:       NO
   Configured latency per check:    0 us

   --- Access Breakdown ---
   Total memory accesses (validated): 0
   Cache hits (0 latency):          0
   Validation requests (full lat):  0
   Coalesced waits (partial lat):   0
   Validations denied:              0

   --- Latency Breakdown ---
   Validation request latency:      0 us
   Coalesced wait latency:          0 us
   TOTAL SECURITY OVERHEAD:         0 us
   Avg latency per validation:      0 us
   Avg latency per coalesced wait:  0 us
   Avg overhead per blocked access: 0 us

   --- Cache Statistics ---
   Processes with cached pages:     0
   Unique pages validated (total):  0
   Cache hit rate:                  0%

   ========= IOMMU Stats =====================
   IOMMU enabled:                   YES
   IOMMU SimObject:                 system.body.iommu

   --- Access Breakdown ---
   Total IOMMU checks:              22172489
   IOTLB hits:                      22172477
   IOTLB misses (page walks):       12
   IOTLB hit rate:                  99.9999%

   --- Latency Breakdown ---
   TOTAL IOMMU OVERHEAD:            44357 us
   Avg latency per access:          0.00200054 us

********************************************************************************
system.body.body_pwconv1.llvm_interface
Total Area: 5.99748e+06
Total Power Static: 34660

Total Power Dynamic: 342746
   ========= Performance Analysis =============
   Setup Time:                      0h 0m 0s 143ms 46us
   Simulation Time (Total):         0h 2m 36s 11ms
   Simulation Time (Active):        0h 1m 18s 678ms
        Queue Processing Time:      0h 1m 18s 671ms
             Scheduling Time:       0h 1m 9s 917ms
             Computation Time:      0h 0m 2s 91ms
   System Clock:                    0.1GHz
   Runtime:                         153900 cycles
   Runtime:                         1539 us
   Stalls:                          0 cycles
   Executed Nodes:                  153899 cycles

   ========= Kernel Validation Stats ==========
   Kernel validation enabled:       NO
   Configured latency per check:    0 us

   --- Access Breakdown ---
   Total memory accesses (validated): 0
   Cache hits (0 latency):          0
   Validation requests (full lat):  0
   Coalesced waits (partial lat):   0
   Validations denied:              0

   --- Latency Breakdown ---
   Validation request latency:      0 us
   Coalesced wait latency:          0 us
   TOTAL SECURITY OVERHEAD:         0 us
   Avg latency per validation:      0 us
   Avg latency per coalesced wait:  0 us
   Avg overhead per blocked access: 0 us

   --- Cache Statistics ---
   Processes with cached pages:     0
   Unique pages validated (total):  0
   Cache hit rate:                  0%

   ========= IOMMU Stats =====================
   IOMMU enabled:                   YES
   IOMMU SimObject:                 system.body.iommu

   --- Access Breakdown ---
   Total IOMMU checks:              22173633
   IOTLB hits:                      22173621
   IOTLB misses (page walks):       12
   IOTLB hit rate:                  99.9999%

   --- Latency Breakdown ---
   TOTAL IOMMU OVERHEAD:            44359.2 us
   Avg latency per access:          0.00200054 us

********************************************************************************
system.body.body_top.llvm_interface
Total Area: 29995.3
Total Power Static: 0.958569

Total Power Dynamic: 4.74925
   ========= Performance Analysis =============
   Setup Time:                      0h 0m 0s 7ms 469us
   Simulation Time (Total):         0h 2m 36s 600ms
   Simulation Time (Active):        0h 0m 0s 59ms
        Queue Processing Time:      0h 0m 0s 45ms
             Scheduling Time:       0h 0m 0s 19ms
             Computation Time:      0h 0m 0s 5ms
   System Clock:                    0.1GHz
   Runtime:                         172389 cycles
   Runtime:                         1723.89 us
   Stalls:                          0 cycles
   Executed Nodes:                  172388 cycles

   ========= Kernel Validation Stats ==========
   Kernel validation enabled:       NO
   Configured latency per check:    0 us

   --- Access Breakdown ---
   Total memory accesses (validated): 0
   Cache hits (0 latency):          0
   Validation requests (full lat):  0
   Coalesced waits (partial lat):   0
   Validations denied:              0

   --- Latency Breakdown ---
   Validation request latency:      0 us
   Coalesced wait latency:          0 us
   TOTAL SECURITY OVERHEAD:         0 us
   Avg latency per validation:      0 us
   Avg latency per coalesced wait:  0 us
   Avg overhead per blocked access: 0 us

   --- Cache Statistics ---
   Processes with cached pages:     0
   Unique pages validated (total):  0
   Cache hit rate:                  0%

   ========= IOMMU Stats =====================
   IOMMU enabled:                   YES
   IOMMU SimObject:                 system.body.iommu

   --- Access Breakdown ---
   Total IOMMU checks:              22173635
   IOTLB hits:                      22173623
   IOTLB misses (page walks):       12
   IOTLB hit rate:                  99.9999%

   --- Latency Breakdown ---
   TOTAL IOMMU OVERHEAD:            44359.2 us
   Avg latency per access:          0.00200054 us

********************************************************************************
system.body.body_residual.llvm_interface
Total Area: 4844.96
Total Power Static: 6.16866

Total Power Dynamic: 24.6726
   ========= Performance Analysis =============
   Setup Time:                      0h 0m 0s 0ms 397us
   Simulation Time (Total):         0h 1m 46s 74ms
   Simulation Time (Active):        0h 0m 0s 27ms
        Queue Processing Time:      0h 0m 0s 20ms
             Scheduling Time:       0h 0m 0s 9ms
             Computation Time:      0h 0m 0s 1ms
   System Clock:                    0.1GHz
   Runtime:                         102636 cycles
   Runtime:                         1026.36 us
   Stalls:                          0 cycles
   Executed Nodes:                  102635 cycles

   ========= Kernel Validation Stats ==========
   Kernel validation enabled:       NO
   Configured latency per check:    0 us

   --- Access Breakdown ---
   Total memory accesses (validated): 0
   Cache hits (0 latency):          0
   Validation requests (full lat):  0
   Coalesced waits (partial lat):   0
   Validations denied:              0

   --- Latency Breakdown ---
   Validation request latency:      0 us
   Coalesced wait latency:          0 us
   TOTAL SECURITY OVERHEAD:         0 us
   Avg latency per validation:      0 us
   Avg latency per coalesced wait:  0 us
   Avg overhead per blocked access: 0 us

   --- Cache Statistics ---
   Processes with cached pages:     0
   Unique pages validated (total):  0
   Cache hit rate:                  0%

   ========= IOMMU Stats =====================
   IOMMU enabled:                   YES
   IOMMU SimObject:                 system.body.iommu

   --- Access Breakdown ---
   Total IOMMU checks:              22660846
   IOTLB hits:                      22660834
   IOTLB misses (page walks):       12
   IOTLB hit rate:                  99.9999%

   --- Latency Breakdown ---
   TOTAL IOMMU OVERHEAD:            45333.7 us
   Avg latency per access:          0.00200053 us

********************************************************************************
system.body.body_pwconv0.llvm_interface
Total Area: 108340
Total Power Static: 692.817

Total Power Dynamic: 16913.1
   ========= Performance Analysis =============
   Setup Time:                      0h 0m 0s 0ms 762us
   Simulation Time (Total):         0h 2m 11s 117ms
   Simulation Time (Active):        0h 0m 8s 532ms
        Queue Processing Time:      0h 0m 8s 524ms
             Scheduling Time:       0h 0m 4s 697ms
             Computation Time:      0h 0m 0s 117ms
   System Clock:                    0.1GHz
   Runtime:                         126331 cycles
   Runtime:                         1263.31 us
   Stalls:                          0 cycles
   Executed Nodes:                  126330 cycles

   ========= Kernel Validation Stats ==========
   Kernel validation enabled:       NO
   Configured latency per check:    0 us

   --- Access Breakdown ---
   Total memory accesses (validated): 0
   Cache hits (0 latency):          0
   Validation requests (full lat):  0
   Coalesced waits (partial lat):   0
   Validations denied:              0

   --- Latency Breakdown ---
   Validation request latency:      0 us
   Coalesced wait latency:          0 us
   TOTAL SECURITY OVERHEAD:         0 us
   Avg latency per validation:      0 us
   Avg latency per coalesced wait:  0 us
   Avg overhead per blocked access: 0 us

   --- Cache Statistics ---
   Processes with cached pages:     0
   Unique pages validated (total):  0
   Cache hit rate:                  0%

   ========= IOMMU Stats =====================
   IOMMU enabled:                   YES
   IOMMU SimObject:                 system.body.iommu

   --- Access Breakdown ---
   Total IOMMU checks:              22774813
   IOTLB hits:                      22774801
   IOTLB misses (page walks):       12
   IOTLB hit rate:                  99.9999%

   --- Latency Breakdown ---
   TOTAL IOMMU OVERHEAD:            45561.6 us
   Avg latency per access:          0.00200053 us

********************************************************************************
system.body.body_dwconv.llvm_interface
Total Area: 1.16649e+06
Total Power Static: 10000

Total Power Dynamic: 113736
   ========= Performance Analysis =============
   Setup Time:                      0h 0m 0s 8ms 448us
   Simulation Time (Total):         0h 2m 37s 857ms
   Simulation Time (Active):        0h 1m 0s 962ms
        Queue Processing Time:      0h 1m 0s 953ms
             Scheduling Time:       0h 0m 55s 874ms
             Computation Time:      0h 0m 0s 667ms
   System Clock:                    0.1GHz
   Runtime:                         152859 cycles
   Runtime:                         1528.59 us
   Stalls:                          0 cycles
   Executed Nodes:                  152858 cycles

   ========= Kernel Validation Stats ==========
   Kernel validation enabled:       NO
   Configured latency per check:    0 us

   --- Access Breakdown ---
   Total memory accesses (validated): 0
   Cache hits (0 latency):          0
   Validation requests (full lat):  0
   Coalesced waits (partial lat):   0
   Validations denied:              0

   --- Latency Breakdown ---
   Validation request latency:      0 us
   Coalesced wait latency:          0 us
   TOTAL SECURITY OVERHEAD:         0 us
   Avg latency per validation:      0 us
   Avg latency per coalesced wait:  0 us
   Avg overhead per blocked access: 0 us

   --- Cache Statistics ---
   Processes with cached pages:     0
   Unique pages validated (total):  0
   Cache hit rate:                  0%

   ========= IOMMU Stats =====================
   IOMMU enabled:                   YES
   IOMMU SimObject:                 system.body.iommu

   --- Access Breakdown ---
   Total IOMMU checks:              22897589
   IOTLB hits:                      22897577
   IOTLB misses (page walks):       12
   IOTLB hit rate:                  99.9999%

   --- Latency Breakdown ---
   TOTAL IOMMU OVERHEAD:            45807.2 us
   Avg latency per access:          0.00200052 us

********************************************************************************
system.body.body_pwconv1.llvm_interface
Total Area: 6.74716e+06
Total Power Static: 34660

Total Power Dynamic: 342746
   ========= Performance Analysis =============
   Setup Time:                      0h 0m 0s 134ms 857us
   Simulation Time (Total):         0h 2m 37s 738ms
   Simulation Time (Active):        0h 1m 19s 845ms
        Queue Processing Time:      0h 1m 19s 838ms
             Scheduling Time:       0h 1m 10s 997ms
             Computation Time:      0h 0m 2s 109ms
   System Clock:                    0.1GHz
   Runtime:                         153900 cycles
   Runtime:                         1539 us
   Stalls:                          0 cycles
   Executed Nodes:                  153899 cycles

   ========= Kernel Validation Stats ==========
   Kernel validation enabled:       NO
   Configured latency per check:    0 us

   --- Access Breakdown ---
   Total memory accesses (validated): 0
   Cache hits (0 latency):          0
   Validation requests (full lat):  0
   Coalesced waits (partial lat):   0
   Validations denied:              0

   --- Latency Breakdown ---
   Validation request latency:      0 us
   Coalesced wait latency:          0 us
   TOTAL SECURITY OVERHEAD:         0 us
   Avg latency per validation:      0 us
   Avg latency per coalesced wait:  0 us
   Avg overhead per blocked access: 0 us

   --- Cache Statistics ---
   Processes with cached pages:     0
   Unique pages validated (total):  0
   Cache hit rate:                  0%

   ========= IOMMU Stats =====================
   IOMMU enabled:                   YES
   IOMMU SimObject:                 system.body.iommu

   --- Access Breakdown ---
   Total IOMMU checks:              22898733
   IOTLB hits:                      22898721
   IOTLB misses (page walks):       12
   IOTLB hit rate:                  99.9999%

   --- Latency Breakdown ---
   TOTAL IOMMU OVERHEAD:            45809.4 us
   Avg latency per access:          0.00200052 us

********************************************************************************
system.body.body_top.llvm_interface
Total Area: 33744.7
Total Power Static: 0.958569

Total Power Dynamic: 4.74925
   ========= Performance Analysis =============
   Setup Time:                      0h 0m 0s 7ms 325us
   Simulation Time (Total):         0h 2m 38s 317ms
   Simulation Time (Active):        0h 0m 0s 59ms
        Queue Processing Time:      0h 0m 0s 46ms
             Scheduling Time:       0h 0m 0s 18ms
             Computation Time:      0h 0m 0s 5ms
   System Clock:                    0.1GHz
   Runtime:                         172389 cycles
   Runtime:                         1723.89 us
   Stalls:                          0 cycles
   Executed Nodes:                  172388 cycles

   ========= Kernel Validation Stats ==========
   Kernel validation enabled:       NO
   Configured latency per check:    0 us

   --- Access Breakdown ---
   Total memory accesses (validated): 0
   Cache hits (0 latency):          0
   Validation requests (full lat):  0
   Coalesced waits (partial lat):   0
   Validations denied:              0

   --- Latency Breakdown ---
   Validation request latency:      0 us
   Coalesced wait latency:          0 us
   TOTAL SECURITY OVERHEAD:         0 us
   Avg latency per validation:      0 us
   Avg latency per coalesced wait:  0 us
   Avg overhead per blocked access: 0 us

   --- Cache Statistics ---
   Processes with cached pages:     0
   Unique pages validated (total):  0
   Cache hit rate:                  0%

   ========= IOMMU Stats =====================
   IOMMU enabled:                   YES
   IOMMU SimObject:                 system.body.iommu

   --- Access Breakdown ---
   Total IOMMU checks:              22898735
   IOTLB hits:                      22898723
   IOTLB misses (page walks):       12
   IOTLB hit rate:                  99.9999%

   --- Latency Breakdown ---
   TOTAL IOMMU OVERHEAD:            45809.4 us
   Avg latency per access:          0.00200052 us

********************************************************************************
system.body.body_residual.llvm_interface
Total Area: 5383.29
Total Power Static: 6.16866

Total Power Dynamic: 24.6726
   ========= Performance Analysis =============
   Setup Time:                      0h 0m 0s 0ms 517us
   Simulation Time (Total):         0h 2m 2s 995ms
   Simulation Time (Active):        0h 0m 0s 29ms
        Queue Processing Time:      0h 0m 0s 21ms
             Scheduling Time:       0h 0m 0s 9ms
             Computation Time:      0h 0m 0s 1ms
   System Clock:                    0.1GHz
   Runtime:                         121330 cycles
   Runtime:                         1213.3 us
   Stalls:                          0 cycles
   Executed Nodes:                  121329 cycles

   ========= Kernel Validation Stats ==========
   Kernel validation enabled:       NO
   Configured latency per check:    0 us

   --- Access Breakdown ---
   Total memory accesses (validated): 0
   Cache hits (0 latency):          0
   Validation requests (full lat):  0
   Coalesced waits (partial lat):   0
   Validations denied:              0

   --- Latency Breakdown ---
   Validation request latency:      0 us
   Coalesced wait latency:          0 us
   TOTAL SECURITY OVERHEAD:         0 us
   Avg latency per validation:      0 us
   Avg latency per coalesced wait:  0 us
   Avg overhead per blocked access: 0 us

   --- Cache Statistics ---
   Processes with cached pages:     0
   Unique pages validated (total):  0
   Cache hit rate:                  0%

   ========= IOMMU Stats =====================
   IOMMU enabled:                   YES
   IOMMU SimObject:                 system.body.iommu

   --- Access Breakdown ---
   Total IOMMU checks:              23479644
   IOTLB hits:                      23479631
   IOTLB misses (page walks):       13
   IOTLB hit rate:                  99.9999%

   --- Latency Breakdown ---
   TOTAL IOMMU OVERHEAD:            46972.3 us
   Avg latency per access:          0.00200055 us

********************************************************************************
system.body.body_pwconv0.llvm_interface
Total Area: 120378
Total Power Static: 692.817

Total Power Dynamic: 16913.1
   ========= Performance Analysis =============
   Setup Time:                      0h 0m 0s 0ms 763us
   Simulation Time (Total):         0h 2m 32s 158ms
   Simulation Time (Active):        0h 0m 8s 618ms
        Queue Processing Time:      0h 0m 8s 610ms
             Scheduling Time:       0h 0m 4s 715ms
             Computation Time:      0h 0m 0s 119ms
   System Clock:                    0.1GHz
   Runtime:                         149701 cycles
   Runtime:                         1497.01 us
   Stalls:                          0 cycles
   Executed Nodes:                  149700 cycles

   ========= Kernel Validation Stats ==========
   Kernel validation enabled:       NO
   Configured latency per check:    0 us

   --- Access Breakdown ---
   Total memory accesses (validated): 0
   Cache hits (0 latency):          0
   Validation requests (full lat):  0
   Coalesced waits (partial lat):   0
   Validations denied:              0

   --- Latency Breakdown ---
   Validation request latency:      0 us
   Coalesced wait latency:          0 us
   TOTAL SECURITY OVERHEAD:         0 us
   Avg latency per validation:      0 us
   Avg latency per coalesced wait:  0 us
   Avg overhead per blocked access: 0 us

   --- Cache Statistics ---
   Processes with cached pages:     0
   Unique pages validated (total):  0
   Cache hit rate:                  0%

   ========= IOMMU Stats =====================
   IOMMU enabled:                   YES
   IOMMU SimObject:                 system.body.iommu

   --- Access Breakdown ---
   Total IOMMU checks:              23617028
   IOTLB hits:                      23617015
   IOTLB misses (page walks):       13
   IOTLB hit rate:                  99.9999%

   --- Latency Breakdown ---
   TOTAL IOMMU OVERHEAD:            47247 us
   Avg latency per access:          0.00200055 us

********************************************************************************
system.body.body_dwconv.llvm_interface
Total Area: 1.29609e+06
Total Power Static: 10000

Total Power Dynamic: 113736
   ========= Performance Analysis =============
   Setup Time:                      0h 0m 0s 8ms 518us
   Simulation Time (Total):         0h 3m 2s 525ms
   Simulation Time (Active):        0h 1m 1s 367ms
        Queue Processing Time:      0h 1m 1s 359ms
             Scheduling Time:       0h 0m 55s 867ms
             Computation Time:      0h 0m 0s 665ms
   System Clock:                    0.1GHz
   Runtime:                         180909 cycles
   Runtime:                         1809.09 us
   Stalls:                          0 cycles
   Executed Nodes:                  180908 cycles

   ========= Kernel Validation Stats ==========
   Kernel validation enabled:       NO
   Configured latency per check:    0 us

   --- Access Breakdown ---
   Total memory accesses (validated): 0
   Cache hits (0 latency):          0
   Validation requests (full lat):  0
   Coalesced waits (partial lat):   0
   Validations denied:              0

   --- Latency Breakdown ---
   Validation request latency:      0 us
   Coalesced wait latency:          0 us
   TOTAL SECURITY OVERHEAD:         0 us
   Avg latency per validation:      0 us
   Avg latency per coalesced wait:  0 us
   Avg overhead per blocked access: 0 us

   --- Cache Statistics ---
   Processes with cached pages:     0
   Unique pages validated (total):  0
   Cache hit rate:                  0%

   ========= IOMMU Stats =====================
   IOMMU enabled:                   YES
   IOMMU SimObject:                 system.body.iommu

   --- Access Breakdown ---
   Total IOMMU checks:              23763260
   IOTLB hits:                      23763247
   IOTLB misses (page walks):       13
   IOTLB hit rate:                  99.9999%

   --- Latency Breakdown ---
   TOTAL IOMMU OVERHEAD:            47539.5 us
   Avg latency per access:          0.00200055 us

********************************************************************************
system.body.body_pwconv1.llvm_interface
Total Area: 7.49685e+06
Total Power Static: 46184.6

Total Power Dynamic: 456743
   ========= Performance Analysis =============
   Setup Time:                      0h 0m 0s 134ms 136us
   Simulation Time (Total):         0h 3m 2s 419ms
   Simulation Time (Active):        0h 1m 42s 257ms
        Queue Processing Time:      0h 1m 42s 250ms
             Scheduling Time:       0h 1m 30s 928ms
             Computation Time:      0h 0m 2s 794ms
   System Clock:                    0.1GHz
   Runtime:                         183003 cycles
   Runtime:                         1830.03 us
   Stalls:                          0 cycles
   Executed Nodes:                  183002 cycles

   ========= Kernel Validation Stats ==========
   Kernel validation enabled:       NO
   Configured latency per check:    0 us

   --- Access Breakdown ---
   Total memory accesses (validated): 0
   Cache hits (0 latency):          0
   Validation requests (full lat):  0
   Coalesced waits (partial lat):   0
   Validations denied:              0

   --- Latency Breakdown ---
   Validation request latency:      0 us
   Coalesced wait latency:          0 us
   TOTAL SECURITY OVERHEAD:         0 us
   Avg latency per validation:      0 us
   Avg latency per coalesced wait:  0 us
   Avg overhead per blocked access: 0 us

   --- Cache Statistics ---
   Processes with cached pages:     0
   Unique pages validated (total):  0
   Cache hit rate:                  0%

   ========= IOMMU Stats =====================
   IOMMU enabled:                   YES
   IOMMU SimObject:                 system.body.iommu

   --- Access Breakdown ---
   Total IOMMU checks:              23764498
   IOTLB hits:                      23764485
   IOTLB misses (page walks):       13
   IOTLB hit rate:                  99.9999%

   --- Latency Breakdown ---
   TOTAL IOMMU OVERHEAD:            47542 us
   Avg latency per access:          0.00200055 us

********************************************************************************
system.body.body_top.llvm_interface
Total Area: 37494.1
Total Power Static: 0.958569

Total Power Dynamic: 4.74925
   ========= Performance Analysis =============
   Setup Time:                      0h 0m 0s 7ms 276us
   Simulation Time (Total):         0h 3m 2s 999ms
   Simulation Time (Active):        0h 0m 0s 64ms
        Queue Processing Time:      0h 0m 0s 48ms
             Scheduling Time:       0h 0m 0s 19ms
             Computation Time:      0h 0m 0s 5ms
   System Clock:                    0.1GHz
   Runtime:                         201491 cycles
   Runtime:                         2014.91 us
   Stalls:                          0 cycles
   Executed Nodes:                  201490 cycles

   ========= Kernel Validation Stats ==========
   Kernel validation enabled:       NO
   Configured latency per check:    0 us

   --- Access Breakdown ---
   Total memory accesses (validated): 0
   Cache hits (0 latency):          0
   Validation requests (full lat):  0
   Coalesced waits (partial lat):   0
   Validations denied:              0

   --- Latency Breakdown ---
   Validation request latency:      0 us
   Coalesced wait latency:          0 us
   TOTAL SECURITY OVERHEAD:         0 us
   Avg latency per validation:      0 us
   Avg latency per coalesced wait:  0 us
   Avg overhead per blocked access: 0 us

   --- Cache Statistics ---
   Processes with cached pages:     0
   Unique pages validated (total):  0
   Cache hit rate:                  0%

   ========= IOMMU Stats =====================
   IOMMU enabled:                   YES
   IOMMU SimObject:                 system.body.iommu

   --- Access Breakdown ---
   Total IOMMU checks:              23764500
   IOTLB hits:                      23764487
   IOTLB misses (page walks):       13
   IOTLB hit rate:                  99.9999%

   --- Latency Breakdown ---
   TOTAL IOMMU OVERHEAD:            47542 us
   Avg latency per access:          0.00200055 us

********************************************************************************
system.body.body_residual.llvm_interface
Total Area: 5921.62
Total Power Static: 5.48299

Total Power Dynamic: 16.4484
   ========= Performance Analysis =============
   Setup Time:                      0h 0m 0s 0ms 389us
   Simulation Time (Total):         0h 2m 23s 673ms
   Simulation Time (Active):        0h 0m 0s 32ms
        Queue Processing Time:      0h 0m 0s 22ms
             Scheduling Time:       0h 0m 0s 9ms
             Computation Time:      0h 0m 0s 0ms
   System Clock:                    0.1GHz
   Runtime:                         136683 cycles
   Runtime:                         1366.83 us
   Stalls:                          0 cycles
   Executed Nodes:                  136682 cycles

   ========= Kernel Validation Stats ==========
   Kernel validation enabled:       NO
   Configured latency per check:    0 us

   --- Access Breakdown ---
   Total memory accesses (validated): 0
   Cache hits (0 latency):          0
   Validation requests (full lat):  0
   Coalesced waits (partial lat):   0
   Validations denied:              0

   --- Latency Breakdown ---
   Validation request latency:      0 us
   Coalesced wait latency:          0 us
   TOTAL SECURITY OVERHEAD:         0 us
   Avg latency per validation:      0 us
   Avg latency per coalesced wait:  0 us
   Avg overhead per blocked access: 0 us

   --- Cache Statistics ---
   Processes with cached pages:     0
   Unique pages validated (total):  0
   Cache hit rate:                  0%

   ========= IOMMU Stats =====================
   IOMMU enabled:                   YES
   IOMMU SimObject:                 system.body.iommu

   --- Access Breakdown ---
   Total IOMMU checks:              24417647
   IOTLB hits:                      24417634
   IOTLB misses (page walks):       13
   IOTLB hit rate:                  99.9999%

   --- Latency Breakdown ---
   TOTAL IOMMU OVERHEAD:            48848.3 us
   Avg latency per access:          0.00200053 us

********************************************************************************
system.body.body_pwconv0.llvm_interface
Total Area: 132416
Total Power Static: 918.962

Total Power Dynamic: 22508.7
   ========= Performance Analysis =============
   Setup Time:                      0h 0m 0s 0ms 768us
   Simulation Time (Total):         0h 2m 54s 936ms
   Simulation Time (Active):        0h 0m 11s 823ms
        Queue Processing Time:      0h 0m 11s 814ms
             Scheduling Time:       0h 0m 6s 427ms
             Computation Time:      0h 0m 0s 160ms
   System Clock:                    0.1GHz
   Runtime:                         166317 cycles
   Runtime:                         1663.17 us
   Stalls:                          0 cycles
   Executed Nodes:                  166316 cycles

   ========= Kernel Validation Stats ==========
   Kernel validation enabled:       NO
   Configured latency per check:    0 us

   --- Access Breakdown ---
   Total memory accesses (validated): 0
   Cache hits (0 latency):          0
   Validation requests (full lat):  0
   Coalesced waits (partial lat):   0
   Validations denied:              0

   --- Latency Breakdown ---
   Validation request latency:      0 us
   Coalesced wait latency:          0 us
   TOTAL SECURITY OVERHEAD:         0 us
   Avg latency per validation:      0 us
   Avg latency per coalesced wait:  0 us
   Avg overhead per blocked access: 0 us

   --- Cache Statistics ---
   Processes with cached pages:     0
   Unique pages validated (total):  0
   Cache hit rate:                  0%

   ========= IOMMU Stats =====================
   IOMMU enabled:                   YES
   IOMMU SimObject:                 system.body.iommu

   --- Access Breakdown ---
   Total IOMMU checks:              24562510
   IOTLB hits:                      24562497
   IOTLB misses (page walks):       13
   IOTLB hit rate:                  99.9999%

   --- Latency Breakdown ---
   TOTAL IOMMU OVERHEAD:            49138 us
   Avg latency per access:          0.00200053 us

********************************************************************************
system.body.body_dwconv.llvm_interface
Total Area: 1.4257e+06
Total Power Static: 13333.2

Total Power Dynamic: 151645
   ========= Performance Analysis =============
   Setup Time:                      0h 0m 0s 8ms 925us
   Simulation Time (Total):         0h 3m 29s 968ms
   Simulation Time (Active):        0h 1m 22s 180ms
        Queue Processing Time:      0h 1m 22s 169ms
             Scheduling Time:       0h 1m 15s 274ms
             Computation Time:      0h 0m 0s 891ms
   System Clock:                    0.1GHz
   Runtime:                         201299 cycles
   Runtime:                         2012.99 us
   Stalls:                          0 cycles
   Executed Nodes:                  201298 cycles

   ========= Kernel Validation Stats ==========
   Kernel validation enabled:       NO
   Configured latency per check:    0 us

   --- Access Breakdown ---
   Total memory accesses (validated): 0
   Cache hits (0 latency):          0
   Validation requests (full lat):  0
   Coalesced waits (partial lat):   0
   Validations denied:              0

   --- Latency Breakdown ---
   Validation request latency:      0 us
   Coalesced wait latency:          0 us
   TOTAL SECURITY OVERHEAD:         0 us
   Avg latency per validation:      0 us
   Avg latency per coalesced wait:  0 us
   Avg overhead per blocked access: 0 us

   --- Cache Statistics ---
   Processes with cached pages:     0
   Unique pages validated (total):  0
   Cache hit rate:                  0%

   ========= IOMMU Stats =====================
   IOMMU enabled:                   YES
   IOMMU SimObject:                 system.body.iommu

   --- Access Breakdown ---
   Total IOMMU checks:              24723823
   IOTLB hits:                      24723810
   IOTLB misses (page walks):       13
   IOTLB hit rate:                  99.9999%

   --- Latency Breakdown ---
   TOTAL IOMMU OVERHEAD:            49460.6 us
   Avg latency per access:          0.00200052 us

********************************************************************************
system.body.body_pwconv1.llvm_interface
Total Area: 8.24653e+06
Total Power Static: 46184.6

Total Power Dynamic: 456743
   ========= Performance Analysis =============
   Setup Time:                      0h 0m 0s 132ms 98us
   Simulation Time (Total):         0h 3m 29s 841ms
   Simulation Time (Active):        0h 1m 44s 655ms
        Queue Processing Time:      0h 1m 44s 645ms
             Scheduling Time:       0h 1m 32s 812ms
             Computation Time:      0h 0m 2s 808ms
   System Clock:                    0.1GHz
   Runtime:                         201988 cycles
   Runtime:                         2019.88 us
   Stalls:                          0 cycles
   Executed Nodes:                  201987 cycles

   ========= Kernel Validation Stats ==========
   Kernel validation enabled:       NO
   Configured latency per check:    0 us

   --- Access Breakdown ---
   Total memory accesses (validated): 0
   Cache hits (0 latency):          0
   Validation requests (full lat):  0
   Coalesced waits (partial lat):   0
   Validations denied:              0

   --- Latency Breakdown ---
   Validation request latency:      0 us
   Coalesced wait latency:          0 us
   TOTAL SECURITY OVERHEAD:         0 us
   Avg latency per validation:      0 us
   Avg latency per coalesced wait:  0 us
   Avg overhead per blocked access: 0 us

   --- Cache Statistics ---
   Processes with cached pages:     0
   Unique pages validated (total):  0
   Cache hit rate:                  0%

   ========= IOMMU Stats =====================
   IOMMU enabled:                   YES
   IOMMU SimObject:                 system.body.iommu

   --- Access Breakdown ---
   Total IOMMU checks:              24724584
   IOTLB hits:                      24724571
   IOTLB misses (page walks):       13
   IOTLB hit rate:                  99.9999%

   --- Latency Breakdown ---
   TOTAL IOMMU OVERHEAD:            49462.1 us
   Avg latency per access:          0.00200052 us

********************************************************************************
system.body.body_top.llvm_interface
Total Area: 41243.6
Total Power Static: 0.95918

Total Power Dynamic: 4.75225
   ========= Performance Analysis =============
   Setup Time:                      0h 0m 0s 7ms 356us
   Simulation Time (Total):         0h 3m 30s 396ms
   Simulation Time (Active):        0h 0m 0s 73ms
        Queue Processing Time:      0h 0m 0s 58ms
             Scheduling Time:       0h 0m 0s 24ms
             Computation Time:      0h 0m 0s 6ms
   System Clock:                    0.1GHz
   Runtime:                         220486 cycles
   Runtime:                         2204.86 us
   Stalls:                          0 cycles
   Executed Nodes:                  220485 cycles

   ========= Kernel Validation Stats ==========
   Kernel validation enabled:       NO
   Configured latency per check:    0 us

   --- Access Breakdown ---
   Total memory accesses (validated): 0
   Cache hits (0 latency):          0
   Validation requests (full lat):  0
   Coalesced waits (partial lat):   0
   Validations denied:              0

   --- Latency Breakdown ---
   Validation request latency:      0 us
   Coalesced wait latency:          0 us
   TOTAL SECURITY OVERHEAD:         0 us
   Avg latency per validation:      0 us
   Avg latency per coalesced wait:  0 us
   Avg overhead per blocked access: 0 us

   --- Cache Statistics ---
   Processes with cached pages:     0
   Unique pages validated (total):  0
   Cache hit rate:                  0%

   ========= IOMMU Stats =====================
   IOMMU enabled:                   YES
   IOMMU SimObject:                 system.body.iommu

   --- Access Breakdown ---
   Total IOMMU checks:              24724586
   IOTLB hits:                      24724573
   IOTLB misses (page walks):       13
   IOTLB hit rate:                  99.9999%

   --- Latency Breakdown ---
   TOTAL IOMMU OVERHEAD:            49462.1 us
   Avg latency per access:          0.00200052 us

********************************************************************************
system.body.body_residual.llvm_interface
Total Area: 6459.95
Total Power Static: 8.22567

Total Power Dynamic: 32.8969
   ========= Performance Analysis =============
   Setup Time:                      0h 0m 0s 0ms 395us
   Simulation Time (Total):         0h 2m 24s 599ms
   Simulation Time (Active):        0h 0m 0s 37ms
        Queue Processing Time:      0h 0m 0s 26ms
             Scheduling Time:       0h 0m 0s 12ms
             Computation Time:      0h 0m 0s 1ms
   System Clock:                    0.1GHz
   Runtime:                         137027 cycles
   Runtime:                         1370.27 us
   Stalls:                          0 cycles
   Executed Nodes:                  137026 cycles

   ========= Kernel Validation Stats ==========
   Kernel validation enabled:       NO
   Configured latency per check:    0 us

   --- Access Breakdown ---
   Total memory accesses (validated): 0
   Cache hits (0 latency):          0
   Validation requests (full lat):  0
   Coalesced waits (partial lat):   0
   Validations denied:              0

   --- Latency Breakdown ---
   Validation request latency:      0 us
   Coalesced wait latency:          0 us
   TOTAL SECURITY OVERHEAD:         0 us
   Avg latency per validation:      0 us
   Avg latency per coalesced wait:  0 us
   Avg overhead per blocked access: 0 us

   --- Cache Statistics ---
   Processes with cached pages:     0
   Unique pages validated (total):  0
   Cache hit rate:                  0%

   ========= IOMMU Stats =====================
   IOMMU enabled:                   YES
   IOMMU SimObject:                 system.body.iommu

   --- Access Breakdown ---
   Total IOMMU checks:              25378908
   IOTLB hits:                      25378895
   IOTLB misses (page walks):       13
   IOTLB hit rate:                  99.9999%

   --- Latency Breakdown ---
   TOTAL IOMMU OVERHEAD:            50770.8 us
   Avg latency per access:          0.00200051 us

********************************************************************************
system.body.body_pwconv0.llvm_interface
Total Area: 144454
Total Power Static: 918.962

Total Power Dynamic: 22508.7
   ========= Performance Analysis =============
   Setup Time:                      0h 0m 0s 0ms 759us
   Simulation Time (Total):         0h 2m 56s 168ms
   Simulation Time (Active):        0h 0m 12s 174ms
        Queue Processing Time:      0h 0m 12s 164ms
             Scheduling Time:       0h 0m 6s 773ms
             Computation Time:      0h 0m 0s 161ms
   System Clock:                    0.1GHz
   Runtime:                         166661 cycles
   Runtime:                         1666.61 us
   Stalls:                          0 cycles
   Executed Nodes:                  166660 cycles

   ========= Kernel Validation Stats ==========
   Kernel validation enabled:       NO
   Configured latency per check:    0 us

   --- Access Breakdown ---
   Total memory accesses (validated): 0
   Cache hits (0 latency):          0
   Validation requests (full lat):  0
   Coalesced waits (partial lat):   0
   Validations denied:              0

   --- Latency Breakdown ---
   Validation request latency:      0 us
   Coalesced wait latency:          0 us
   TOTAL SECURITY OVERHEAD:         0 us
   Avg latency per validation:      0 us
   Avg latency per coalesced wait:  0 us
   Avg overhead per blocked access: 0 us

   --- Cache Statistics ---
   Processes with cached pages:     0
   Unique pages validated (total):  0
   Cache hit rate:                  0%

   ========= IOMMU Stats =====================
   IOMMU enabled:                   YES
   IOMMU SimObject:                 system.body.iommu

   --- Access Breakdown ---
   Total IOMMU checks:              25523771
   IOTLB hits:                      25523758
   IOTLB misses (page walks):       13
   IOTLB hit rate:                  99.9999%

   --- Latency Breakdown ---
   TOTAL IOMMU OVERHEAD:            51060.5 us
   Avg latency per access:          0.00200051 us

********************************************************************************
system.body.body_dwconv.llvm_interface
Total Area: 1.55531e+06
Total Power Static: 13333.2

Total Power Dynamic: 151645
   ========= Performance Analysis =============
   Setup Time:                      0h 0m 0s 8ms 575us
   Simulation Time (Total):         0h 3m 31s 335ms
   Simulation Time (Active):        0h 1m 22s 574ms
        Queue Processing Time:      0h 1m 22s 563ms
             Scheduling Time:       0h 1m 15s 631ms
             Computation Time:      0h 0m 0s 894ms
   System Clock:                    0.1GHz
   Runtime:                         201643 cycles
   Runtime:                         2016.43 us
   Stalls:                          0 cycles
   Executed Nodes:                  201642 cycles

   ========= Kernel Validation Stats ==========
   Kernel validation enabled:       NO
   Configured latency per check:    0 us

   --- Access Breakdown ---
   Total memory accesses (validated): 0
   Cache hits (0 latency):          0
   Validation requests (full lat):  0
   Coalesced waits (partial lat):   0
   Validations denied:              0

   --- Latency Breakdown ---
   Validation request latency:      0 us
   Coalesced wait latency:          0 us
   TOTAL SECURITY OVERHEAD:         0 us
   Avg latency per validation:      0 us
   Avg latency per coalesced wait:  0 us
   Avg overhead per blocked access: 0 us

   --- Cache Statistics ---
   Processes with cached pages:     0
   Unique pages validated (total):  0
   Cache hit rate:                  0%

   ========= IOMMU Stats =====================
   IOMMU enabled:                   YES
   IOMMU SimObject:                 system.body.iommu

   --- Access Breakdown ---
   Total IOMMU checks:              25685084
   IOTLB hits:                      25685071
   IOTLB misses (page walks):       13
   IOTLB hit rate:                  99.9999%

   --- Latency Breakdown ---
   TOTAL IOMMU OVERHEAD:            51383.1 us
   Avg latency per access:          0.00200051 us

********************************************************************************
system.body.body_pwconv1.llvm_interface
Total Area: 8.99621e+06
Total Power Static: 46184.6

Total Power Dynamic: 456743
   ========= Performance Analysis =============
   Setup Time:                      0h 0m 0s 132ms 612us
   Simulation Time (Total):         0h 3m 31s 207ms
   Simulation Time (Active):        0h 1m 45s 149ms
        Queue Processing Time:      0h 1m 45s 138ms
             Scheduling Time:       0h 1m 33s 311ms
             Computation Time:      0h 0m 2s 810ms
   System Clock:                    0.1GHz
   Runtime:                         202332 cycles
   Runtime:                         2023.32 us
   Stalls:                          0 cycles
   Executed Nodes:                  202331 cycles

   ========= Kernel Validation Stats ==========
   Kernel validation enabled:       NO
   Configured latency per check:    0 us

   --- Access Breakdown ---
   Total memory accesses (validated): 0
   Cache hits (0 latency):          0
   Validation requests (full lat):  0
   Coalesced waits (partial lat):   0
   Validations denied:              0

   --- Latency Breakdown ---
   Validation request latency:      0 us
   Coalesced wait latency:          0 us
   TOTAL SECURITY OVERHEAD:         0 us
   Avg latency per validation:      0 us
   Avg latency per coalesced wait:  0 us
   Avg overhead per blocked access: 0 us

   --- Cache Statistics ---
   Processes with cached pages:     0
   Unique pages validated (total):  0
   Cache hit rate:                  0%

   ========= IOMMU Stats =====================
   IOMMU enabled:                   YES
   IOMMU SimObject:                 system.body.iommu

   --- Access Breakdown ---
   Total IOMMU checks:              25685845
   IOTLB hits:                      25685832
   IOTLB misses (page walks):       13
   IOTLB hit rate:                  99.9999%

   --- Latency Breakdown ---
   TOTAL IOMMU OVERHEAD:            51384.7 us
   Avg latency per access:          0.00200051 us

********************************************************************************
system.body.body_top.llvm_interface
Total Area: 44993
Total Power Static: 0.959791

Total Power Dynamic: 4.75526
   ========= Performance Analysis =============
   Setup Time:                      0h 0m 0s 7ms 323us
   Simulation Time (Total):         0h 3m 31s 783ms
   Simulation Time (Active):        0h 0m 0s 76ms
        Queue Processing Time:      0h 0m 0s 58ms
             Scheduling Time:       0h 0m 0s 23ms
             Computation Time:      0h 0m 0s 6ms
   System Clock:                    0.1GHz
   Runtime:                         220842 cycles
   Runtime:                         2208.42 us
   Stalls:                          0 cycles
   Executed Nodes:                  220841 cycles

   ========= Kernel Validation Stats ==========
   Kernel validation enabled:       NO
   Configured latency per check:    0 us

   --- Access Breakdown ---
   Total memory accesses (validated): 0
   Cache hits (0 latency):          0
   Validation requests (full lat):  0
   Coalesced waits (partial lat):   0
   Validations denied:              0

   --- Latency Breakdown ---
   Validation request latency:      0 us
   Coalesced wait latency:          0 us
   TOTAL SECURITY OVERHEAD:         0 us
   Avg latency per validation:      0 us
   Avg latency per coalesced wait:  0 us
   Avg overhead per blocked access: 0 us

   --- Cache Statistics ---
   Processes with cached pages:     0
   Unique pages validated (total):  0
   Cache hit rate:                  0%

   ========= IOMMU Stats =====================
   IOMMU enabled:                   YES
   IOMMU SimObject:                 system.body.iommu

   --- Access Breakdown ---
   Total IOMMU checks:              25685847
   IOTLB hits:                      25685834
   IOTLB misses (page walks):       13
   IOTLB hit rate:                  99.9999%

   --- Latency Breakdown ---
   TOTAL IOMMU OVERHEAD:            51384.7 us
   Avg latency per access:          0.00200051 us

********************************************************************************
system.body.body_residual.llvm_interface
Total Area: 6998.28
Total Power Static: 8.22567

Total Power Dynamic: 32.8969
   ========= Performance Analysis =============
   Setup Time:                      0h 0m 0s 0ms 386us
   Simulation Time (Total):         0h 1m 37s 234ms
   Simulation Time (Active):        0h 0m 0s 27ms
        Queue Processing Time:      0h 0m 0s 21ms
             Scheduling Time:       0h 0m 0s 9ms
             Computation Time:      0h 0m 0s 1ms
   System Clock:                    0.1GHz
   Runtime:                         89962 cycles
   Runtime:                         899.62 us
   Stalls:                          0 cycles
   Executed Nodes:                  89961 cycles

   ========= Kernel Validation Stats ==========
   Kernel validation enabled:       NO
   Configured latency per check:    0 us

   --- Access Breakdown ---
   Total memory accesses (validated): 0
   Cache hits (0 latency):          0
   Validation requests (full lat):  0
   Coalesced waits (partial lat):   0
   Validations denied:              0

   --- Latency Breakdown ---
   Validation request latency:      0 us
   Coalesced wait latency:          0 us
   TOTAL SECURITY OVERHEAD:         0 us
   Avg latency per validation:      0 us
   Avg latency per coalesced wait:  0 us
   Avg overhead per blocked access: 0 us

   --- Cache Statistics ---
   Processes with cached pages:     0
   Unique pages validated (total):  0
   Cache hit rate:                  0%

   ========= IOMMU Stats =====================
   IOMMU enabled:                   YES
   IOMMU SimObject:                 system.body.iommu

   --- Access Breakdown ---
   Total IOMMU checks:              26112950
   IOTLB hits:                      26112935
   IOTLB misses (page walks):       15
   IOTLB hit rate:                  99.9999%

   --- Latency Breakdown ---
   TOTAL IOMMU OVERHEAD:            52240.9 us
   Avg latency per access:          0.00200057 us

********************************************************************************
system.body.body_pwconv0.llvm_interface
Total Area: 156491
Total Power Static: 918.962

Total Power Dynamic: 22508.7
   ========= Performance Analysis =============
   Setup Time:                      0h 0m 0s 0ms 759us
   Simulation Time (Total):         0h 2m 6s 65ms
   Simulation Time (Active):        0h 0m 10s 842ms
        Queue Processing Time:      0h 0m 10s 834ms
             Scheduling Time:       0h 0m 5s 941ms
             Computation Time:      0h 0m 0s 152ms
   System Clock:                    0.1GHz
   Runtime:                         116225 cycles
   Runtime:                         1162.25 us
   Stalls:                          0 cycles
   Executed Nodes:                  116224 cycles

   ========= Kernel Validation Stats ==========
   Kernel validation enabled:       NO
   Configured latency per check:    0 us

   --- Access Breakdown ---
   Total memory accesses (validated): 0
   Cache hits (0 latency):          0
   Validation requests (full lat):  0
   Coalesced waits (partial lat):   0
   Validations denied:              0

   --- Latency Breakdown ---
   Validation request latency:      0 us
   Coalesced wait latency:          0 us
   TOTAL SECURITY OVERHEAD:         0 us
   Avg latency per validation:      0 us
   Avg latency per coalesced wait:  0 us
   Avg overhead per blocked access: 0 us

   --- Cache Statistics ---
   Processes with cached pages:     0
   Unique pages validated (total):  0
   Cache hit rate:                  0%

   ========= IOMMU Stats =====================
   IOMMU enabled:                   YES
   IOMMU SimObject:                 system.body.iommu

   --- Access Breakdown ---
   Total IOMMU checks:              26243314
   IOTLB hits:                      26243299
   IOTLB misses (page walks):       15
   IOTLB hit rate:                  99.9999%

   --- Latency Breakdown ---
   TOTAL IOMMU OVERHEAD:            52501.6 us
   Avg latency per access:          0.00200057 us

********************************************************************************
system.body.body_pwconv1.llvm_interface
Total Area: 9.7459e+06
Total Power Static: 20189.6

Total Power Dynamic: 199684
   ========= Performance Analysis =============
   Setup Time:                      0h 0m 0s 135ms 500us
   Simulation Time (Total):         0h 2m 9s 131ms
   Simulation Time (Active):        0h 0m 44s 606ms
        Queue Processing Time:      0h 0m 44s 601ms
             Scheduling Time:       0h 0m 39s 753ms
             Computation Time:      0h 0m 1s 222ms
   System Clock:                    0.1GHz
   Runtime:                         119107 cycles
   Runtime:                         1191.07 us
   Stalls:                          0 cycles
   Executed Nodes:                  119106 cycles

   ========= Kernel Validation Stats ==========
   Kernel validation enabled:       NO
   Configured latency per check:    0 us

   --- Access Breakdown ---
   Total memory accesses (validated): 0
   Cache hits (0 latency):          0
   Validation requests (full lat):  0
   Coalesced waits (partial lat):   0
   Validations denied:              0

   --- Latency Breakdown ---
   Validation request latency:      0 us
   Coalesced wait latency:          0 us
   TOTAL SECURITY OVERHEAD:         0 us
   Avg latency per validation:      0 us
   Avg latency per coalesced wait:  0 us
   Avg overhead per blocked access: 0 us

   --- Cache Statistics ---
   Processes with cached pages:     0
   Unique pages validated (total):  0
   Cache hit rate:                  0%

   ========= IOMMU Stats =====================
   IOMMU enabled:                   YES
   IOMMU SimObject:                 system.body.iommu

   --- Access Breakdown ---
   Total IOMMU checks:              26255971
   IOTLB hits:                      26255956
   IOTLB misses (page walks):       15
   IOTLB hit rate:                  99.9999%

   --- Latency Breakdown ---
   TOTAL IOMMU OVERHEAD:            52526.9 us
   Avg latency per access:          0.00200057 us

********************************************************************************
system.body.body_dwconv.llvm_interface
Total Area: 1.68492e+06
Total Power Static: 13321

Total Power Dynamic: 151645
   ========= Performance Analysis =============
   Setup Time:                      0h 0m 0s 8ms 618us
   Simulation Time (Total):         0h 2m 22s 175ms
   Simulation Time (Active):        0h 1m 19s 786ms
        Queue Processing Time:      0h 1m 19s 774ms
             Scheduling Time:       0h 1m 13s 701ms
             Computation Time:      0h 0m 0s 872ms
   System Clock:                    0.1GHz
   Runtime:                         130663 cycles
   Runtime:                         1306.63 us
   Stalls:                          0 cycles
   Executed Nodes:                  130662 cycles

   ========= Kernel Validation Stats ==========
   Kernel validation enabled:       NO
   Configured latency per check:    0 us

   --- Access Breakdown ---
   Total memory accesses (validated): 0
   Cache hits (0 latency):          0
   Validation requests (full lat):  0
   Coalesced waits (partial lat):   0
   Validations denied:              0

   --- Latency Breakdown ---
   Validation request latency:      0 us
   Coalesced wait latency:          0 us
   TOTAL SECURITY OVERHEAD:         0 us
   Avg latency per validation:      0 us
   Avg latency per coalesced wait:  0 us
   Avg overhead per blocked access: 0 us

   --- Cache Statistics ---
   Processes with cached pages:     0
   Unique pages validated (total):  0
   Cache hit rate:                  0%

   ========= IOMMU Stats =====================
   IOMMU enabled:                   YES
   IOMMU SimObject:                 system.body.iommu

   --- Access Breakdown ---
   Total IOMMU checks:              26304587
   IOTLB hits:                      26304572
   IOTLB misses (page walks):       15
   IOTLB hit rate:                  99.9999%

   --- Latency Breakdown ---
   TOTAL IOMMU OVERHEAD:            52624.1 us
   Avg latency per access:          0.00200057 us

********************************************************************************
system.body.body_top.llvm_interface
Total Area: 48742.4
Total Power Static: 0.959791

Total Power Dynamic: 4.75526
   ========= Performance Analysis =============
   Setup Time:                      0h 0m 0s 7ms 250us
   Simulation Time (Total):         0h 2m 22s 589ms
   Simulation Time (Active):        0h 0m 0s 58ms
        Queue Processing Time:      0h 0m 0s 45ms
             Scheduling Time:       0h 0m 0s 19ms
             Computation Time:      0h 0m 0s 5ms
   System Clock:                    0.1GHz
   Runtime:                         149170 cycles
   Runtime:                         1491.7 us
   Stalls:                          0 cycles
   Executed Nodes:                  149169 cycles

   ========= Kernel Validation Stats ==========
   Kernel validation enabled:       NO
   Configured latency per check:    0 us

   --- Access Breakdown ---
   Total memory accesses (validated): 0
   Cache hits (0 latency):          0
   Validation requests (full lat):  0
   Coalesced waits (partial lat):   0
   Validations denied:              0

   --- Latency Breakdown ---
   Validation request latency:      0 us
   Coalesced wait latency:          0 us
   TOTAL SECURITY OVERHEAD:         0 us
   Avg latency per validation:      0 us
   Avg latency per coalesced wait:  0 us
   Avg overhead per blocked access: 0 us

   --- Cache Statistics ---
   Processes with cached pages:     0
   Unique pages validated (total):  0
   Cache hit rate:                  0%

   ========= IOMMU Stats =====================
   IOMMU enabled:                   YES
   IOMMU SimObject:                 system.body.iommu

   --- Access Breakdown ---
   Total IOMMU checks:              26304590
   IOTLB hits:                      26304575
   IOTLB misses (page walks):       15
   IOTLB hit rate:                  99.9999%

   --- Latency Breakdown ---
   TOTAL IOMMU OVERHEAD:            52624.1 us
   Avg latency per access:          0.00200057 us

********************************************************************************
system.body.body_residual.llvm_interface
Total Area: 7536.61
Total Power Static: 2.39747

Total Power Dynamic: 7.19619
   ========= Performance Analysis =============
   Setup Time:                      0h 0m 0s 0ms 384us
   Simulation Time (Total):         0h 0m 25s 244ms
   Simulation Time (Active):        0h 0m 0s 7ms
        Queue Processing Time:      0h 0m 0s 5ms
             Scheduling Time:       0h 0m 0s 2ms
             Computation Time:      0h 0m 0s 0ms
   System Clock:                    0.1GHz
   Runtime:                         29544 cycles
   Runtime:                         295.44 us
   Stalls:                          0 cycles
   Executed Nodes:                  29543 cycles

   ========= Kernel Validation Stats ==========
   Kernel validation enabled:       NO
   Configured latency per check:    0 us

   --- Access Breakdown ---
   Total memory accesses (validated): 0
   Cache hits (0 latency):          0
   Validation requests (full lat):  0
   Coalesced waits (partial lat):   0
   Validations denied:              0

   --- Latency Breakdown ---
   Validation request latency:      0 us
   Coalesced wait latency:          0 us
   TOTAL SECURITY OVERHEAD:         0 us
   Avg latency per validation:      0 us
   Avg latency per coalesced wait:  0 us
   Avg overhead per blocked access: 0 us

   --- Cache Statistics ---
   Processes with cached pages:     0
   Unique pages validated (total):  0
   Cache hit rate:                  0%

   ========= IOMMU Stats =====================
   IOMMU enabled:                   YES
   IOMMU SimObject:                 system.body.iommu

   --- Access Breakdown ---
   Total IOMMU checks:              26434849
   IOTLB hits:                      26434834
   IOTLB misses (page walks):       15
   IOTLB hit rate:                  99.9999%

   --- Latency Breakdown ---
   TOTAL IOMMU OVERHEAD:            52884.7 us
   Avg latency per access:          0.00200057 us

********************************************************************************
system.body.body_pwconv0.llvm_interface
Total Area: 168529
Total Power Static: 399.351

Total Power Dynamic: 9823.92
   ========= Performance Analysis =============
   Setup Time:                      0h 0m 0s 0ms 748us
   Simulation Time (Total):         0h 0m 52s 956ms
   Simulation Time (Active):        0h 0m 3s 369ms
        Queue Processing Time:      0h 0m 3s 364ms
             Scheduling Time:       0h 0m 1s 920ms
             Computation Time:      0h 0m 0s 57ms
   System Clock:                    0.1GHz
   Runtime:                         55654 cycles
   Runtime:                         556.54 us
   Stalls:                          0 cycles
   Executed Nodes:                  55653 cycles

   ========= Kernel Validation Stats ==========
   Kernel validation enabled:       NO
   Configured latency per check:    0 us

   --- Access Breakdown ---
   Total memory accesses (validated): 0
   Cache hits (0 latency):          0
   Validation requests (full lat):  0
   Coalesced waits (partial lat):   0
   Validations denied:              0

   --- Latency Breakdown ---
   Validation request latency:      0 us
   Coalesced wait latency:          0 us
   TOTAL SECURITY OVERHEAD:         0 us
   Avg latency per validation:      0 us
   Avg latency per coalesced wait:  0 us
   Avg overhead per blocked access: 0 us

   --- Cache Statistics ---
   Processes with cached pages:     0
   Unique pages validated (total):  0
   Cache hit rate:                  0%

   ========= IOMMU Stats =====================
   IOMMU enabled:                   YES
   IOMMU SimObject:                 system.body.iommu

   --- Access Breakdown ---
   Total IOMMU checks:              26562474
   IOTLB hits:                      26562459
   IOTLB misses (page walks):       15
   IOTLB hit rate:                  99.9999%

   --- Latency Breakdown ---
   TOTAL IOMMU OVERHEAD:            53139.9 us
   Avg latency per access:          0.00200056 us

********************************************************************************
system.body.body_pwconv1.llvm_interface
Total Area: 1.04956e+07
Total Power Static: 20189.6

Total Power Dynamic: 199684
   ========= Performance Analysis =============
   Setup Time:                      0h 0m 0s 131ms 172us
   Simulation Time (Total):         0h 1m 26s 78ms
   Simulation Time (Active):        0h 0m 42s 747ms
        Queue Processing Time:      0h 0m 42s 742ms
             Scheduling Time:       0h 0m 37s 946ms
             Computation Time:      0h 0m 1s 194ms
   System Clock:                    0.1GHz
   Runtime:                         87370 cycles
   Runtime:                         873.7 us
   Stalls:                          0 cycles
   Executed Nodes:                  87369 cycles

   ========= Kernel Validation Stats ==========
   Kernel validation enabled:       NO
   Configured latency per check:    0 us

   --- Access Breakdown ---
   Total memory accesses (validated): 0
   Cache hits (0 latency):          0
   Validation requests (full lat):  0
   Coalesced waits (partial lat):   0
   Validations denied:              0

   --- Latency Breakdown ---
   Validation request latency:      0 us
   Coalesced wait latency:          0 us
   TOTAL SECURITY OVERHEAD:         0 us
   Avg latency per validation:      0 us
   Avg latency per coalesced wait:  0 us
   Avg overhead per blocked access: 0 us

   --- Cache Statistics ---
   Processes with cached pages:     0
   Unique pages validated (total):  0
   Cache hit rate:                  0%

   ========= IOMMU Stats =====================
   IOMMU enabled:                   YES
   IOMMU SimObject:                 system.body.iommu

   --- Access Breakdown ---
   Total IOMMU checks:              26711592
   IOTLB hits:                      26711577
   IOTLB misses (page walks):       15
   IOTLB hit rate:                  99.9999%

   --- Latency Breakdown ---
   TOTAL IOMMU OVERHEAD:            53438.2 us
   Avg latency per access:          0.00200056 us

********************************************************************************
system.body.body_dwconv.llvm_interface
Total Area: 1.81453e+06
Total Power Static: 5467.5

Total Power Dynamic: 63163.1
   ========= Performance Analysis =============
   Setup Time:                      0h 0m 0s 8ms 860us
   Simulation Time (Total):         0h 1m 26s 399ms
   Simulation Time (Active):        0h 0m 35s 569ms
        Queue Processing Time:      0h 0m 35s 563ms
             Scheduling Time:       0h 0m 32s 265ms
             Computation Time:      0h 0m 0s 360ms
   System Clock:                    0.1GHz
   Runtime:                         88467 cycles
   Runtime:                         884.67 us
   Stalls:                          0 cycles
   Executed Nodes:                  88466 cycles

   ========= Kernel Validation Stats ==========
   Kernel validation enabled:       NO
   Configured latency per check:    0 us

   --- Access Breakdown ---
   Total memory accesses (validated): 0
   Cache hits (0 latency):          0
   Validation requests (full lat):  0
   Coalesced waits (partial lat):   0
   Validations denied:              0

   --- Latency Breakdown ---
   Validation request latency:      0 us
   Coalesced wait latency:          0 us
   TOTAL SECURITY OVERHEAD:         0 us
   Avg latency per validation:      0 us
   Avg latency per coalesced wait:  0 us
   Avg overhead per blocked access: 0 us

   --- Cache Statistics ---
   Processes with cached pages:     0
   Unique pages validated (total):  0
   Cache hit rate:                  0%

   ========= IOMMU Stats =====================
   IOMMU enabled:                   YES
   IOMMU SimObject:                 system.body.iommu

   --- Access Breakdown ---
   Total IOMMU checks:              26715771
   IOTLB hits:                      26715756
   IOTLB misses (page walks):       15
   IOTLB hit rate:                  99.9999%

   --- Latency Breakdown ---
   TOTAL IOMMU OVERHEAD:            53446.5 us
   Avg latency per access:          0.00200056 us

********************************************************************************
system.body.body_top.llvm_interface
Total Area: 52491.8
Total Power Static: 0.958569

Total Power Dynamic: 4.74925
   ========= Performance Analysis =============
   Setup Time:                      0h 0m 0s 17ms 922us
   Simulation Time (Total):         0h 1m 26s 779ms
   Simulation Time (Active):        0h 0m 0s 36ms
        Queue Processing Time:      0h 0m 0s 28ms
             Scheduling Time:       0h 0m 0s 12ms
             Computation Time:      0h 0m 0s 3ms
   System Clock:                    0.1GHz
   Runtime:                         106950 cycles
   Runtime:                         1069.5 us
   Stalls:                          0 cycles
   Executed Nodes:                  106949 cycles

   ========= Kernel Validation Stats ==========
   Kernel validation enabled:       NO
   Configured latency per check:    0 us

   --- Access Breakdown ---
   Total memory accesses (validated): 0
   Cache hits (0 latency):          0
   Validation requests (full lat):  0
   Coalesced waits (partial lat):   0
   Validations denied:              0

   --- Latency Breakdown ---
   Validation request latency:      0 us
   Coalesced wait latency:          0 us
   TOTAL SECURITY OVERHEAD:         0 us
   Avg latency per validation:      0 us
   Avg latency per coalesced wait:  0 us
   Avg overhead per blocked access: 0 us

   --- Cache Statistics ---
   Processes with cached pages:     0
   Unique pages validated (total):  0
   Cache hit rate:                  0%

   ========= IOMMU Stats =====================
   IOMMU enabled:                   YES
   IOMMU SimObject:                 system.body.iommu

   --- Access Breakdown ---
   Total IOMMU checks:              26715774
   IOTLB hits:                      26715759
   IOTLB misses (page walks):       15
   IOTLB hit rate:                  99.9999%

   --- Latency Breakdown ---
   TOTAL IOMMU OVERHEAD:            53446.5 us
   Avg latency per access:          0.00200056 us

********************************************************************************
system.body.body_residual.llvm_interface
Total Area: 8074.94
Total Power Static: 3.59739

Total Power Dynamic: 14.3924
   ========= Performance Analysis =============
   Setup Time:                      0h 0m 0s 0ms 398us
   Simulation Time (Total):         0h 0m 24s 580ms
   Simulation Time (Active):        0h 0m 0s 8ms
        Queue Processing Time:      0h 0m 0s 6ms
             Scheduling Time:       0h 0m 0s 3ms
             Computation Time:      0h 0m 0s 0ms
   System Clock:                    0.1GHz
   Runtime:                         30349 cycles
   Runtime:                         303.49 us
   Stalls:                          0 cycles
   Executed Nodes:                  30348 cycles

   ========= Kernel Validation Stats ==========
   Kernel validation enabled:       NO
   Configured latency per check:    0 us

   --- Access Breakdown ---
   Total memory accesses (validated): 0
   Cache hits (0 latency):          0
   Validation requests (full lat):  0
   Coalesced waits (partial lat):   0
   Validations denied:              0

   --- Latency Breakdown ---
   Validation request latency:      0 us
   Coalesced wait latency:          0 us
   TOTAL SECURITY OVERHEAD:         0 us
   Avg latency per validation:      0 us
   Avg latency per coalesced wait:  0 us
   Avg overhead per blocked access: 0 us

   --- Cache Statistics ---
   Processes with cached pages:     0
   Unique pages validated (total):  0
   Cache hit rate:                  0%

   ========= IOMMU Stats =====================
   IOMMU enabled:                   YES
   IOMMU SimObject:                 system.body.iommu

   --- Access Breakdown ---
   Total IOMMU checks:              26846618
   IOTLB hits:                      26846603
   IOTLB misses (page walks):       15
   IOTLB hit rate:                  99.9999%

   --- Latency Breakdown ---
   TOTAL IOMMU OVERHEAD:            53708.2 us
   Avg latency per access:          0.00200056 us

********************************************************************************
system.body.body_pwconv0.llvm_interface
Total Area: 180567
Total Power Static: 399.351

Total Power Dynamic: 9823.92
   ========= Performance Analysis =============
   Setup Time:                      0h 0m 0s 0ms 763us
   Simulation Time (Total):         0h 0m 51s 118ms
   Simulation Time (Active):        0h 0m 3s 95ms
        Queue Processing Time:      0h 0m 3s 90ms
             Scheduling Time:       0h 0m 1s 718ms
             Computation Time:      0h 0m 0s 55ms
   System Clock:                    0.1GHz
   Runtime:                         56454 cycles
   Runtime:                         564.54 us
   Stalls:                          0 cycles
   Executed Nodes:                  56453 cycles

   ========= Kernel Validation Stats ==========
   Kernel validation enabled:       NO
   Configured latency per check:    0 us

   --- Access Breakdown ---
   Total memory accesses (validated): 0
   Cache hits (0 latency):          0
   Validation requests (full lat):  0
   Coalesced waits (partial lat):   0
   Validations denied:              0

   --- Latency Breakdown ---
   Validation request latency:      0 us
   Coalesced wait latency:          0 us
   TOTAL SECURITY OVERHEAD:         0 us
   Avg latency per validation:      0 us
   Avg latency per coalesced wait:  0 us
   Avg overhead per blocked access: 0 us

   --- Cache Statistics ---
   Processes with cached pages:     0
   Unique pages validated (total):  0
   Cache hit rate:                  0%

   ========= IOMMU Stats =====================
   IOMMU enabled:                   YES
   IOMMU SimObject:                 system.body.iommu

   --- Access Breakdown ---
   Total IOMMU checks:              26974244
   IOTLB hits:                      26974229
   IOTLB misses (page walks):       15
   IOTLB hit rate:                  99.9999%

   --- Latency Breakdown ---
   TOTAL IOMMU OVERHEAD:            53963.5 us
   Avg latency per access:          0.00200055 us

********************************************************************************
system.body.body_pwconv1.llvm_interface
Total Area: 1.12453e+07
Total Power Static: 20189.6

Total Power Dynamic: 199684
   ========= Performance Analysis =============
   Setup Time:                      0h 0m 0s 133ms 461us
   Simulation Time (Total):         0h 1m 24s 545ms
   Simulation Time (Active):        0h 0m 41s 883ms
        Queue Processing Time:      0h 0m 41s 879ms
             Scheduling Time:       0h 0m 37s 115ms
             Computation Time:      0h 0m 1s 184ms
   System Clock:                    0.1GHz
   Runtime:                         88170 cycles
   Runtime:                         881.7 us
   Stalls:                          0 cycles
   Executed Nodes:                  88169 cycles

   ========= Kernel Validation Stats ==========
   Kernel validation enabled:       NO
   Configured latency per check:    0 us

   --- Access Breakdown ---
   Total memory accesses (validated): 0
   Cache hits (0 latency):          0
   Validation requests (full lat):  0
   Coalesced waits (partial lat):   0
   Validations denied:              0

   --- Latency Breakdown ---
   Validation request latency:      0 us
   Coalesced wait latency:          0 us
   TOTAL SECURITY OVERHEAD:         0 us
   Avg latency per validation:      0 us
   Avg latency per coalesced wait:  0 us
   Avg overhead per blocked access: 0 us

   --- Cache Statistics ---
   Processes with cached pages:     0
   Unique pages validated (total):  0
   Cache hit rate:                  0%

   ========= IOMMU Stats =====================
   IOMMU enabled:                   YES
   IOMMU SimObject:                 system.body.iommu

   --- Access Breakdown ---
   Total IOMMU checks:              27123362
   IOTLB hits:                      27123347
   IOTLB misses (page walks):       15
   IOTLB hit rate:                  99.9999%

   --- Latency Breakdown ---
   TOTAL IOMMU OVERHEAD:            54261.7 us
   Avg latency per access:          0.00200055 us

********************************************************************************
system.body.body_dwconv.llvm_interface
Total Area: 1.94414e+06
Total Power Static: 5467.5

Total Power Dynamic: 63163.1
   ========= Performance Analysis =============
   Setup Time:                      0h 0m 0s 8ms 719us
   Simulation Time (Total):         0h 1m 24s 863ms
   Simulation Time (Active):        0h 0m 35s 223ms
        Queue Processing Time:      0h 0m 35s 217ms
             Scheduling Time:       0h 0m 31s 969ms
             Computation Time:      0h 0m 0s 354ms
   System Clock:                    0.1GHz
   Runtime:                         89267 cycles
   Runtime:                         892.67 us
   Stalls:                          0 cycles
   Executed Nodes:                  89266 cycles

   ========= Kernel Validation Stats ==========
   Kernel validation enabled:       NO
   Configured latency per check:    0 us

   --- Access Breakdown ---
   Total memory accesses (validated): 0
   Cache hits (0 latency):          0
   Validation requests (full lat):  0
   Coalesced waits (partial lat):   0
   Validations denied:              0

   --- Latency Breakdown ---
   Validation request latency:      0 us
   Coalesced wait latency:          0 us
   TOTAL SECURITY OVERHEAD:         0 us
   Avg latency per validation:      0 us
   Avg latency per coalesced wait:  0 us
   Avg overhead per blocked access: 0 us

   --- Cache Statistics ---
   Processes with cached pages:     0
   Unique pages validated (total):  0
   Cache hit rate:                  0%

   ========= IOMMU Stats =====================
   IOMMU enabled:                   YES
   IOMMU SimObject:                 system.body.iommu

   --- Access Breakdown ---
   Total IOMMU checks:              27127541
   IOTLB hits:                      27127526
   IOTLB misses (page walks):       15
   IOTLB hit rate:                  99.9999%

   --- Latency Breakdown ---
   TOTAL IOMMU OVERHEAD:            54270.1 us
   Avg latency per access:          0.00200055 us

********************************************************************************
system.body.body_top.llvm_interface
Total Area: 56241.2
Total Power Static: 0.961013

Total Power Dynamic: 4.76126
   ========= Performance Analysis =============
   Setup Time:                      0h 0m 0s 17ms 748us
   Simulation Time (Total):         0h 1m 25s 245ms
   Simulation Time (Active):        0h 0m 0s 36ms
        Queue Processing Time:      0h 0m 0s 28ms
             Scheduling Time:       0h 0m 0s 12ms
             Computation Time:      0h 0m 0s 3ms
   System Clock:                    0.1GHz
   Runtime:                         107797 cycles
   Runtime:                         1077.97 us
   Stalls:                          0 cycles
   Executed Nodes:                  107796 cycles

   ========= Kernel Validation Stats ==========
   Kernel validation enabled:       NO
   Configured latency per check:    0 us

   --- Access Breakdown ---
   Total memory accesses (validated): 0
   Cache hits (0 latency):          0
   Validation requests (full lat):  0
   Coalesced waits (partial lat):   0
   Validations denied:              0

   --- Latency Breakdown ---
   Validation request latency:      0 us
   Coalesced wait latency:          0 us
   TOTAL SECURITY OVERHEAD:         0 us
   Avg latency per validation:      0 us
   Avg latency per coalesced wait:  0 us
   Avg overhead per blocked access: 0 us

   --- Cache Statistics ---
   Processes with cached pages:     0
   Unique pages validated (total):  0
   Cache hit rate:                  0%

   ========= IOMMU Stats =====================
   IOMMU enabled:                   YES
   IOMMU SimObject:                 system.body.iommu

   --- Access Breakdown ---
   Total IOMMU checks:              27127544
   IOTLB hits:                      27127529
   IOTLB misses (page walks):       15
   IOTLB hit rate:                  99.9999%

   --- Latency Breakdown ---
   TOTAL IOMMU OVERHEAD:            54270.1 us
   Avg latency per access:          0.00200055 us

********************************************************************************
system.tail.tail_pwconv.llvm_interface
Total Area: 11678.9
Total Power Static: 1439.58

Total Power Dynamic: 37038.2
   ========= Performance Analysis =============
   Setup Time:                      0h 0m 0s 0ms 699us
   Simulation Time (Total):         0h 0m 16s 245ms
   Simulation Time (Active):        0h 0m 6s 844ms
        Queue Processing Time:      0h 0m 6s 838ms
             Scheduling Time:       0h 0m 2s 709ms
             Computation Time:      0h 0m 0s 171ms
   System Clock:                    0.1GHz
   Runtime:                         35174 cycles
   Runtime:                         351.74 us
   Stalls:                          0 cycles
   Executed Nodes:                  35173 cycles

   ========= Kernel Validation Stats ==========
   Kernel validation enabled:       NO
   Configured latency per check:    0 us

   --- Access Breakdown ---
   Total memory accesses (validated): 0
   Cache hits (0 latency):          0
   Validation requests (full lat):  0
   Coalesced waits (partial lat):   0
   Validations denied:              0

   --- Latency Breakdown ---
   Validation request latency:      0 us
   Coalesced wait latency:          0 us
   TOTAL SECURITY OVERHEAD:         0 us
   Avg latency per validation:      0 us
   Avg latency per coalesced wait:  0 us
   Avg overhead per blocked access: 0 us

   --- Cache Statistics ---
   Processes with cached pages:     0
   Unique pages validated (total):  0
   Cache hit rate:                  0%

   ========= IOMMU Stats =====================
   IOMMU enabled:                   YES
   IOMMU SimObject:                 system.tail.iommu

   --- Access Breakdown ---
   Total IOMMU checks:              134238
   IOTLB hits:                      134231
   IOTLB misses (page walks):       7
   IOTLB hit rate:                  99.9948%

   --- Latency Breakdown ---
   TOTAL IOMMU OVERHEAD:            275.462 us
   Avg latency per access:          0.00205204 us

********************************************************************************
system.tail.tail_reshape.llvm_interface
Total Area: 10278.6
Total Power Static: 692.426

Total Power Dynamic: 17462.9
   ========= Performance Analysis =============
   Setup Time:                      0h 0m 0s 0ms 382us
   Simulation Time (Total):         0h 0m 16s 205ms
   Simulation Time (Active):        0h 0m 7s 8ms
        Queue Processing Time:      0h 0m 7s 2ms
             Scheduling Time:       0h 0m 3s 912ms
             Computation Time:      0h 0m 0s 29ms
   System Clock:                    0.1GHz
   Runtime:                         34881 cycles
   Runtime:                         348.81 us
   Stalls:                          0 cycles
   Executed Nodes:                  34880 cycles

   ========= Kernel Validation Stats ==========
   Kernel validation enabled:       NO
   Configured latency per check:    0 us

   --- Access Breakdown ---
   Total memory accesses (validated): 0
   Cache hits (0 latency):          0
   Validation requests (full lat):  0
   Coalesced waits (partial lat):   0
   Validations denied:              0

   --- Latency Breakdown ---
   Validation request latency:      0 us
   Coalesced wait latency:          0 us
   TOTAL SECURITY OVERHEAD:         0 us
   Avg latency per validation:      0 us
   Avg latency per coalesced wait:  0 us
   Avg overhead per blocked access: 0 us

   --- Cache Statistics ---
   Processes with cached pages:     0
   Unique pages validated (total):  0
   Cache hit rate:                  0%

   ========= IOMMU Stats =====================
   IOMMU enabled:                   YES
   IOMMU SimObject:                 system.tail.iommu

   --- Access Breakdown ---
   Total IOMMU checks:              134259
   IOTLB hits:                      134252
   IOTLB misses (page walks):       7
   IOTLB hit rate:                  99.9948%

   --- Latency Breakdown ---
   TOTAL IOMMU OVERHEAD:            275.504 us
   Avg latency per access:          0.00205203 us

********************************************************************************
system.tail.tail_avgpool.llvm_interface
Total Area: 5554.55
Total Power Static: 178.864

Total Power Dynamic: 2910.95
   ========= Performance Analysis =============
   Setup Time:                      0h 0m 0s 0ms 367us
   Simulation Time (Total):         0h 0m 21s 53ms
   Simulation Time (Active):        0h 0m 6s 83ms
        Queue Processing Time:      0h 0m 6s 77ms
             Scheduling Time:       0h 0m 3s 744ms
             Computation Time:      0h 0m 0s 38ms
   System Clock:                    0.1GHz
   Runtime:                         54817 cycles
   Runtime:                         548.17 us
   Stalls:                          0 cycles
   Executed Nodes:                  54816 cycles

   ========= Kernel Validation Stats ==========
   Kernel validation enabled:       NO
   Configured latency per check:    0 us

   --- Access Breakdown ---
   Total memory accesses (validated): 0
   Cache hits (0 latency):          0
   Validation requests (full lat):  0
   Coalesced waits (partial lat):   0
   Validations denied:              0

   --- Latency Breakdown ---
   Validation request latency:      0 us
   Coalesced wait latency:          0 us
   TOTAL SECURITY OVERHEAD:         0 us
   Avg latency per validation:      0 us
   Avg latency per coalesced wait:  0 us
   Avg overhead per blocked access: 0 us

   --- Cache Statistics ---
   Processes with cached pages:     0
   Unique pages validated (total):  0
   Cache hit rate:                  0%

   ========= IOMMU Stats =====================
   IOMMU enabled:                   YES
   IOMMU SimObject:                 system.tail.iommu

   --- Access Breakdown ---
   Total IOMMU checks:              165286
   IOTLB hits:                      165279
   IOTLB misses (page walks):       7
   IOTLB hit rate:                  99.9958%

   --- Latency Breakdown ---
   TOTAL IOMMU OVERHEAD:            337.558 us
   Avg latency per access:          0.00204227 us

********************************************************************************
system.tail.tail_top.llvm_interface
Total Area: 1300.17
Total Power Static: 21.5462

Total Power Dynamic: 105.895
   ========= Performance Analysis =============
   Setup Time:                      0h 0m 0s 10ms 765us
   Simulation Time (Total):         0h 0m 21s 719ms
   Simulation Time (Active):        0h 0m 0s 122ms
        Queue Processing Time:      0h 0m 0s 115ms
             Scheduling Time:       0h 0m 0s 59ms
             Computation Time:      0h 0m 0s 17ms
   System Clock:                    0.1GHz
   Runtime:                         95240 cycles
   Runtime:                         952.4 us
   Stalls:                          0 cycles
   Executed Nodes:                  95239 cycles

   ========= Kernel Validation Stats ==========
   Kernel validation enabled:       NO
   Configured latency per check:    0 us

   --- Access Breakdown ---
   Total memory accesses (validated): 0
   Cache hits (0 latency):          0
   Validation requests (full lat):  0
   Coalesced waits (partial lat):   0
   Validations denied:              0

   --- Latency Breakdown ---
   Validation request latency:      0 us
   Coalesced wait latency:          0 us
   TOTAL SECURITY OVERHEAD:         0 us
   Avg latency per validation:      0 us
   Avg latency per coalesced wait:  0 us
   Avg overhead per blocked access: 0 us

   --- Cache Statistics ---
   Processes with cached pages:     0
   Unique pages validated (total):  0
   Cache hit rate:                  0%

   ========= IOMMU Stats =====================
   IOMMU enabled:                   YES
   IOMMU SimObject:                 system.tail.iommu

   --- Access Breakdown ---
   Total IOMMU checks:              165291
   IOTLB hits:                      165284
   IOTLB misses (page walks):       7
   IOTLB hit rate:                  99.9958%

   --- Latency Breakdown ---
   TOTAL IOMMU OVERHEAD:            337.568 us
   Avg latency per access:          0.00204226 us

********************************************************************************
system.classifier.classifier_linear.llvm_interface
Total Area: 1.83064e+06
Total Power Static: 149974

Total Power Dynamic: 2.0398e+06
   ========= Performance Analysis =============
   Setup Time:                      0h 0m 0s 559ms 425us
   Simulation Time (Total):         0h 20m 45s 68ms
   Simulation Time (Active):        0h 17m 28s 472ms
        Queue Processing Time:      0h 17m 28s 459ms
             Scheduling Time:       0h 17m 3s 815ms
             Computation Time:      0h 0m 7s 86ms
   System Clock:                    0.1GHz
   Runtime:                         1065387 cycles
   Runtime:                         10653.9 us
   Stalls:                          0 cycles
   Executed Nodes:                  1065386 cycles

   ========= Kernel Validation Stats ==========
   Kernel validation enabled:       NO
   Configured latency per check:    0 us

   --- Access Breakdown ---
   Total memory accesses (validated): 0
   Cache hits (0 latency):          0
   Validation requests (full lat):  0
   Coalesced waits (partial lat):   0
   Validations denied:              0

   --- Latency Breakdown ---
   Validation request latency:      0 us
   Coalesced wait latency:          0 us
   TOTAL SECURITY OVERHEAD:         0 us
   Avg latency per validation:      0 us
   Avg latency per coalesced wait:  0 us
   Avg overhead per blocked access: 0 us

   --- Cache Statistics ---
   Processes with cached pages:     0
   Unique pages validated (total):  0
   Cache hit rate:                  0%

   ========= IOMMU Stats =====================
   IOMMU enabled:                   YES
   IOMMU SimObject:                 system.classifier.iommu

   --- Access Breakdown ---
   Total IOMMU checks:              5168452
   IOTLB hits:                      5168135
   IOTLB misses (page walks):       317
   IOTLB hit rate:                  99.9939%

   --- Latency Breakdown ---
   TOTAL IOMMU OVERHEAD:            10653.3 us
   Avg latency per access:          0.00206121 us

********************************************************************************
system.classifier.classifier_top.llvm_interface
Total Area: 1350.54
Total Power Static: 23.4916

Total Power Dynamic: 115.455
   ========= Performance Analysis =============
   Setup Time:                      0h 0m 0s 10ms 537us
   Simulation Time (Total):         0h 20m 50s 712ms
   Simulation Time (Active):        0h 0m 0s 305ms
        Queue Processing Time:      0h 0m 0s 214ms
             Scheduling Time:       0h 0m 0s 82ms
             Computation Time:      0h 0m 0s 25ms
   System Clock:                    0.1GHz
   Runtime:                         1403065 cycles
   Runtime:                         14030.6 us
   Stalls:                          0 cycles
   Executed Nodes:                  1403064 cycles

   ========= Kernel Validation Stats ==========
   Kernel validation enabled:       NO
   Configured latency per check:    0 us

   --- Access Breakdown ---
   Total memory accesses (validated): 0
   Cache hits (0 latency):          0
   Validation requests (full lat):  0
   Coalesced waits (partial lat):   0
   Validations denied:              0

   --- Latency Breakdown ---
   Validation request latency:      0 us
   Coalesced wait latency:          0 us
   TOTAL SECURITY OVERHEAD:         0 us
   Avg latency per validation:      0 us
   Avg latency per coalesced wait:  0 us
   Avg overhead per blocked access: 0 us

   --- Cache Statistics ---
   Processes with cached pages:     0
   Unique pages validated (total):  0
   Cache hit rate:                  0%

   ========= IOMMU Stats =====================
   IOMMU enabled:                   YES
   IOMMU SimObject:                 system.classifier.iommu

   --- Access Breakdown ---
   Total IOMMU checks:              5168456
   IOTLB hits:                      5168139
   IOTLB misses (page walks):       317
   IOTLB hit rate:                  99.9939%

   --- Latency Breakdown ---
   TOTAL IOMMU OVERHEAD:            10653.3 us
   Avg latency per access:          0.00206121 us

Exiting @ tick 101969734000 because m5_exit instruction encountered
