build/ARM/base/statistics.hh:277: warn: One of the stats is a legacy stat. Legacy stat is a stat that does not belong to any statistics::Group. Legacy stat is deprecated.
Global frequency set at 1000000000000 ticks per second
build/ARM/mem/mem_interface.cc:793: warn: DRAM device capacity (16384 Mbytes) does not match the address range assigned (4096 Mbytes)
build/ARM/sim/kernel_workload.cc:46: info: kernel located at: /gem5-SALAM/benchmarks/mobilenetv2/sw/main.elf
build/ARM/arch/arm/system.cc:95: warn: Highest ARM exception-level set to AArch64 but the workload is for AArch32. Assuming you wanted these to match.
build/ARM/base/vnc/vncserver.cc:163: warn: Sockets disabled, not accepting vnc client connections
build/ARM/dev/serial/terminal.cc:170: warn: Sockets disabled, not accepting terminal connections
build/ARM/mem/coherent_xbar.cc:140: warn: CoherentXBar system.body.coherency_bus has no snooping ports attached!
build/ARM/mem/coherent_xbar.cc:140: warn: CoherentXBar system.classifier.coherency_bus has no snooping ports attached!
build/ARM/base/remote_gdb.cc:377: warn: Sockets disabled, not accepting gdb connections
build/ARM/mem/coherent_xbar.cc:140: warn: CoherentXBar system.head.coherency_bus has no snooping ports attached!
build/ARM/mem/coherent_xbar.cc:140: warn: CoherentXBar system.tail.coherency_bus has no snooping ports attached!
build/ARM/dev/arm/energy_ctrl.cc:252: warn: Existing EnergyCtrl, but no enabled DVFSHandler found.
gem5 Simulator System.  http://gem5.org
gem5 is copyrighted software; use the --copyright option for details.

gem5 version 21.1.0.1
gem5 compiled May  6 2026 03:05:39
gem5 started May  6 2026 03:06:30
gem5 executing on 3b7fb6fd27b8, pid 3651067
command line: /gem5-SALAM/build/ARM/gem5.opt --listener-mode=off --outdir=/gem5-SALAM/BM_ARM_OUT/run_all/mobilenetv2/iommu_e32_m250ns /gem5-SALAM/configs/SALAM/fs_mobilenetv2.py --mem-size=4GB --mem-type=DDR4_2400_8x8 --machine-type=VExpress_GEM5_V1 --dtb-file=none --bare-metal --cpu-type=DerivO3CPU --caches --l2cache --kernel=/gem5-SALAM/benchmarks/mobilenetv2/sw/main.elf --disk-image=/gem5-SALAM/benchmarks/common/fake.iso --accpath=/gem5-SALAM/benchmarks/mobilenetv2 --accbench=mobilenetv2 --enable-iommu --iotlb-entries 32 --iotlb-hit-latency 2000 --iotlb-miss-latency 250000

[HWAccConfig] IOMMU ENABLED: entries=32, hit_lat=2000, miss_lat=250000
head_top Profile Loaded
[HWAccConfig] IOMMU ENABLED: entries=32, hit_lat=2000, miss_lat=250000
head_NormalConv Profile Loaded
[HWAccConfig] IOMMU ENABLED: entries=32, hit_lat=2000, miss_lat=250000
head_DWConv Profile Loaded
[HWAccConfig] IOMMU ENABLED: entries=32, hit_lat=2000, miss_lat=250000
head_PWConv Profile Loaded
[HWAccConfig] IOMMU ENABLED: entries=32, hit_lat=2000, miss_lat=250000
body_top Profile Loaded
[HWAccConfig] IOMMU ENABLED: entries=32, hit_lat=2000, miss_lat=250000
body_Residual Profile Loaded
[HWAccConfig] IOMMU ENABLED: entries=32, hit_lat=2000, miss_lat=250000
body_PWConv0 Profile Loaded
[HWAccConfig] IOMMU ENABLED: entries=32, hit_lat=2000, miss_lat=250000
body_DWConv Profile Loaded
[HWAccConfig] IOMMU ENABLED: entries=32, hit_lat=2000, miss_lat=250000
body_PWConv1 Profile Loaded
[HWAccConfig] IOMMU ENABLED: entries=32, hit_lat=2000, miss_lat=250000
tail_top Profile Loaded
[HWAccConfig] IOMMU ENABLED: entries=32, hit_lat=2000, miss_lat=250000
tail_PWConv Profile Loaded
[HWAccConfig] IOMMU ENABLED: entries=32, hit_lat=2000, miss_lat=250000
tail_Reshape Profile Loaded
[HWAccConfig] IOMMU ENABLED: entries=32, hit_lat=2000, miss_lat=250000
tail_AvgPool Profile Loaded
[HWAccConfig] IOMMU ENABLED: entries=32, hit_lat=2000, miss_lat=250000
classifier_top Profile Loaded
[HWAccConfig] IOMMU ENABLED: entries=32, hit_lat=2000, miss_lat=250000
classifier_Linear Profile Loaded
**** REAL SIMULATION ****
warn: iobus.slave is deprecated. `slave` is now called `cpu_side_ports`
warn: bridge.master is deprecated. `master` is now called `mem_side_port`
warn: membus.master is deprecated. `master` is now called `mem_side_ports`
warn: bridge.slave is deprecated. `slave` is now called `cpu_side_port`
warn: membus.slave is deprecated. `slave` is now called `cpu_side_ports`
warn: tol2bus.master is deprecated. `master` is now called `mem_side_ports`
warn: membus.slave is deprecated. `slave` is now called `cpu_side_ports`
warn: tol2bus.slave is deprecated. `slave` is now called `cpu_side_ports`
warn: tol2bus.slave is deprecated. `slave` is now called `cpu_side_ports`
warn: tol2bus.slave is deprecated. `slave` is now called `cpu_side_ports`
warn: tol2bus.slave is deprecated. `slave` is now called `cpu_side_ports`
warn: membus.slave is deprecated. `slave` is now called `cpu_side_ports`
warn: coherency_bus.master is deprecated. `master` is now called `mem_side_ports`
warn: membus.slave is deprecated. `slave` is now called `cpu_side_ports`
warn: coherency_bus.master is deprecated. `master` is now called `mem_side_ports`
warn: membus.slave is deprecated. `slave` is now called `cpu_side_ports`
warn: coherency_bus.master is deprecated. `master` is now called `mem_side_ports`
warn: membus.slave is deprecated. `slave` is now called `cpu_side_ports`
warn: coherency_bus.master is deprecated. `master` is now called `mem_side_ports`
warn: No dot file generated. Please install pydot to generate the dot file and pdf.
build/ARM/sim/simulate.cc:107: info: Entering event queue @ 0.  Starting simulation...
********************************************************************************
system.head.head_top.llvm_interface
Total Area: 3799.78
Total Power Static: 158.769

Total Power Dynamic: 780.256
   ========= Performance Analysis =============
   Setup Time:                      0h 0m 0s 26ms 253us
   Simulation Time (Total):         0h 29m 22s 8ms
   Simulation Time (Active):        0h 0m 1s 989ms
        Queue Processing Time:      0h 0m 1s 757ms
             Scheduling Time:       0h 0m 0s 784ms
             Computation Time:      0h 0m 0s 329ms
   System Clock:                    0.1GHz
   Runtime:                         2197397 cycles
   Runtime:                         21974 us
   Stalls:                          0 cycles
   Executed Nodes:                  2197396 cycles

   ========= Kernel Validation Stats ==========
   Kernel validation enabled:       NO
   Configured latency per check:    0 us

   --- Access Breakdown ---
   Total memory accesses (validated): 0
   Cache hits (0 latency):          0
   Validation requests (full lat):  0
     of which DMA-ctrl writes:      0
   Coalesced waits (partial lat):   0
   Validations denied:              0

   --- Latency Breakdown ---
   Validation request latency:      0 us
   Coalesced wait latency:          0 us
   TOTAL SECURITY OVERHEAD:         0 us
   Avg latency per validation:      0 us
   Avg latency per coalesced wait:  0 us
   Avg overhead per blocked access: 0 us

   --- Cache Statistics ---
   Processes with cached pages:     0
   Unique pages validated (total):  0
   Cache hit rate:                  0%

   ========= IOMMU Stats =====================
   IOMMU enabled:                   YES
   IOMMU SimObject:                 system.head.iommu

   --- Access Breakdown ---
   Total IOMMU checks:              10362949
   IOTLB hits:                      10362931
   IOTLB misses (page walks):       18
   IOTLB hit rate:                  99.9998%

   --- Latency Breakdown ---
   TOTAL IOMMU OVERHEAD:            20730.4 us
   Avg latency per access:          0.00200043 us

********************************************************************************
system.head.head_pwconv.llvm_interface
Total Area: 11678.9
Total Power Static: 2554.71

Total Power Dynamic: 61491.8
   ========= Performance Analysis =============
   Setup Time:                      0h 0m 0s 4ms 339us
   Simulation Time (Total):         0h 39m 9s 225ms
   Simulation Time (Active):        0h 1m 7s 809ms
        Queue Processing Time:      0h 1m 7s 764ms
             Scheduling Time:       0h 0m 27s 601ms
             Computation Time:      0h 0m 0s 480ms
   System Clock:                    0.1GHz
   Runtime:                         2480854 cycles
   Runtime:                         24808.5 us
   Stalls:                          0 cycles
   Executed Nodes:                  2480853 cycles

   ========= Kernel Validation Stats ==========
   Kernel validation enabled:       NO
   Configured latency per check:    0 us

   --- Access Breakdown ---
   Total memory accesses (validated): 0
   Cache hits (0 latency):          0
   Validation requests (full lat):  0
     of which DMA-ctrl writes:      0
   Coalesced waits (partial lat):   0
   Validations denied:              0

   --- Latency Breakdown ---
   Validation request latency:      0 us
   Coalesced wait latency:          0 us
   TOTAL SECURITY OVERHEAD:         0 us
   Avg latency per validation:      0 us
   Avg latency per coalesced wait:  0 us
   Avg overhead per blocked access: 0 us

   --- Cache Statistics ---
   Processes with cached pages:     0
   Unique pages validated (total):  0
   Cache hit rate:                  0%

   ========= IOMMU Stats =====================
   IOMMU enabled:                   YES
   IOMMU SimObject:                 system.head.iommu

   --- Access Breakdown ---
   Total IOMMU checks:              11684226
   IOTLB hits:                      11684208
   IOTLB misses (page walks):       18
   IOTLB hit rate:                  99.9998%

   --- Latency Breakdown ---
   TOTAL IOMMU OVERHEAD:            23372.9 us
   Avg latency per access:          0.00200038 us

********************************************************************************
system.head.head_dwconv.llvm_interface
Total Area: 116081
Total Power Static: 72931.3

Total Power Dynamic: 869084
   ========= Performance Analysis =============
   Setup Time:                      0h 0m 0s 24ms 318us
   Simulation Time (Total):         0h 39m 9s 333ms
   Simulation Time (Active):        0h 4m 56s 448ms
        Queue Processing Time:      0h 4m 56s 398ms
             Scheduling Time:       0h 4m 7s 641ms
             Computation Time:      0h 0m 4s 454ms
   System Clock:                    0.1GHz
   Runtime:                         2480896 cycles
   Runtime:                         24809 us
   Stalls:                          0 cycles
   Executed Nodes:                  2480895 cycles

   ========= Kernel Validation Stats ==========
   Kernel validation enabled:       NO
   Configured latency per check:    0 us

   --- Access Breakdown ---
   Total memory accesses (validated): 0
   Cache hits (0 latency):          0
   Validation requests (full lat):  0
     of which DMA-ctrl writes:      0
   Coalesced waits (partial lat):   0
   Validations denied:              0

   --- Latency Breakdown ---
   Validation request latency:      0 us
   Coalesced wait latency:          0 us
   TOTAL SECURITY OVERHEAD:         0 us
   Avg latency per validation:      0 us
   Avg latency per coalesced wait:  0 us
   Avg overhead per blocked access: 0 us

   --- Cache Statistics ---
   Processes with cached pages:     0
   Unique pages validated (total):  0
   Cache hit rate:                  0%

   ========= IOMMU Stats =====================
   IOMMU enabled:                   YES
   IOMMU SimObject:                 system.head.iommu

   --- Access Breakdown ---
   Total IOMMU checks:              11684358
   IOTLB hits:                      11684340
   IOTLB misses (page walks):       18
   IOTLB hit rate:                  99.9998%

   --- Latency Breakdown ---
   TOTAL IOMMU OVERHEAD:            23373.2 us
   Avg latency per access:          0.00200038 us

********************************************************************************
system.head.head_normalconv.llvm_interface
Total Area: 200127
Total Power Static: 259429

Total Power Dynamic: 6.41728e+06
   ========= Performance Analysis =============
   Setup Time:                      0h 0m 0s 72ms 144us
   Simulation Time (Total):         0h 39m 22s 520ms
   Simulation Time (Active):        0h 25m 34s 712ms
        Queue Processing Time:      0h 25m 35s 305ms
             Scheduling Time:       0h 22m 34s 731ms
             Computation Time:      0h 0m 19s 27ms
   System Clock:                    0.1GHz
   Runtime:                         2486482 cycles
   Runtime:                         24864.8 us
   Stalls:                          0 cycles
   Executed Nodes:                  2486481 cycles

   ========= Kernel Validation Stats ==========
   Kernel validation enabled:       NO
   Configured latency per check:    0 us

   --- Access Breakdown ---
   Total memory accesses (validated): 0
   Cache hits (0 latency):          0
   Validation requests (full lat):  0
     of which DMA-ctrl writes:      0
   Coalesced waits (partial lat):   0
   Validations denied:              0

   --- Latency Breakdown ---
   Validation request latency:      0 us
   Coalesced wait latency:          0 us
   TOTAL SECURITY OVERHEAD:         0 us
   Avg latency per validation:      0 us
   Avg latency per coalesced wait:  0 us
   Avg overhead per blocked access: 0 us

   --- Cache Statistics ---
   Processes with cached pages:     0
   Unique pages validated (total):  0
   Cache hit rate:                  0%

   ========= IOMMU Stats =====================
   IOMMU enabled:                   YES
   IOMMU SimObject:                 system.head.iommu

   --- Access Breakdown ---
   Total IOMMU checks:              11708809
   IOTLB hits:                      11708791
   IOTLB misses (page walks):       18
   IOTLB hit rate:                  99.9998%

   --- Latency Breakdown ---
   TOTAL IOMMU OVERHEAD:            23422.1 us
   Avg latency per access:          0.00200038 us

********************************************************************************
system.body.body_residual.llvm_interface
Total Area: 538.329
Total Power Static: 87.7635

Total Power Dynamic: 263.175
   ========= Performance Analysis =============
   Setup Time:                      0h 0m 0s 0ms 730us
   Simulation Time (Total):         0h 41m 43s 378ms
   Simulation Time (Active):        0h 0m 0s 493ms
        Queue Processing Time:      0h 0m 0s 369ms
             Scheduling Time:       0h 0m 0s 184ms
             Computation Time:      0h 0m 0s 15ms
   System Clock:                    0.1GHz
   Runtime:                         1801866 cycles
   Runtime:                         18018.7 us
   Stalls:                          0 cycles
   Executed Nodes:                  1801865 cycles

   ========= Kernel Validation Stats ==========
   Kernel validation enabled:       NO
   Configured latency per check:    0 us

   --- Access Breakdown ---
   Total memory accesses (validated): 0
   Cache hits (0 latency):          0
   Validation requests (full lat):  0
     of which DMA-ctrl writes:      0
   Coalesced waits (partial lat):   0
   Validations denied:              0

   --- Latency Breakdown ---
   Validation request latency:      0 us
   Coalesced wait latency:          0 us
   TOTAL SECURITY OVERHEAD:         0 us
   Avg latency per validation:      0 us
   Avg latency per coalesced wait:  0 us
   Avg overhead per blocked access: 0 us

   --- Cache Statistics ---
   Processes with cached pages:     0
   Unique pages validated (total):  0
   Cache hit rate:                  0%

   ========= IOMMU Stats =====================
   IOMMU enabled:                   YES
   IOMMU SimObject:                 system.body.iommu

   --- Access Breakdown ---
   Total IOMMU checks:              8610127
   IOTLB hits:                      8610096
   IOTLB misses (page walks):       31
   IOTLB hit rate:                  99.9996%

   --- Latency Breakdown ---
   TOTAL IOMMU OVERHEAD:            17227.9 us
   Avg latency per access:          0.00200089 us

********************************************************************************
system.body.body_pwconv0.llvm_interface
Total Area: 12037.8
Total Power Static: 15393.1

Total Power Dynamic: 366196
   ========= Performance Analysis =============
   Setup Time:                      0h 0m 0s 0ms 965us
   Simulation Time (Total):         0h 41m 55s 645ms
   Simulation Time (Active):        0h 4m 49s 288ms
        Queue Processing Time:      0h 4m 49s 77ms
             Scheduling Time:       0h 3m 17s 811ms
             Computation Time:      0h 0m 2s 837ms
   System Clock:                    0.1GHz
   Runtime:                         1811991 cycles
   Runtime:                         18119.9 us
   Stalls:                          0 cycles
   Executed Nodes:                  1811990 cycles

   ========= Kernel Validation Stats ==========
   Kernel validation enabled:       NO
   Configured latency per check:    0 us

   --- Access Breakdown ---
   Total memory accesses (validated): 0
   Cache hits (0 latency):          0
   Validation requests (full lat):  0
     of which DMA-ctrl writes:      0
   Coalesced waits (partial lat):   0
   Validations denied:              0

   --- Latency Breakdown ---
   Validation request latency:      0 us
   Coalesced wait latency:          0 us
   TOTAL SECURITY OVERHEAD:         0 us
   Avg latency per validation:      0 us
   Avg latency per coalesced wait:  0 us
   Avg overhead per blocked access: 0 us

   --- Cache Statistics ---
   Processes with cached pages:     0
   Unique pages validated (total):  0
   Cache hit rate:                  0%

   ========= IOMMU Stats =====================
   IOMMU enabled:                   YES
   IOMMU SimObject:                 system.body.iommu

   --- Access Breakdown ---
   Total IOMMU checks:              8659889
   IOTLB hits:                      8659858
   IOTLB misses (page walks):       31
   IOTLB hit rate:                  99.9996%

   --- Latency Breakdown ---
   TOTAL IOMMU OVERHEAD:            17327.5 us
   Avg latency per access:          0.00200089 us

********************************************************************************
system.body.body_pwconv1.llvm_interface
Total Area: 749685
Total Power Static: 185773

Total Power Dynamic: 1.83603e+06
   ========= Performance Analysis =============
   Setup Time:                      0h 0m 0s 140ms 278us
   Simulation Time (Total):         0h 42m 20s 276ms
   Simulation Time (Active):        0h 9m 54s 557ms
        Queue Processing Time:      0h 9m 54s 512ms
             Scheduling Time:       0h 8m 23s 117ms
             Computation Time:      0h 0m 10s 949ms
   System Clock:                    0.1GHz
   Runtime:                         1834390 cycles
   Runtime:                         18343.9 us
   Stalls:                          0 cycles
   Executed Nodes:                  1834389 cycles

   ========= Kernel Validation Stats ==========
   Kernel validation enabled:       NO
   Configured latency per check:    0 us

   --- Access Breakdown ---
   Total memory accesses (validated): 0
   Cache hits (0 latency):          0
   Validation requests (full lat):  0
     of which DMA-ctrl writes:      0
   Coalesced waits (partial lat):   0
   Validations denied:              0

   --- Latency Breakdown ---
   Validation request latency:      0 us
   Coalesced wait latency:          0 us
   TOTAL SECURITY OVERHEAD:         0 us
   Avg latency per validation:      0 us
   Avg latency per coalesced wait:  0 us
   Avg overhead per blocked access: 0 us

   --- Cache Statistics ---
   Processes with cached pages:     0
   Unique pages validated (total):  0
   Cache hit rate:                  0%

   ========= IOMMU Stats =====================
   IOMMU enabled:                   YES
   IOMMU SimObject:                 system.body.iommu

   --- Access Breakdown ---
   Total IOMMU checks:              8756114
   IOTLB hits:                      8756083
   IOTLB misses (page walks):       31
   IOTLB hit rate:                  99.9996%

   --- Latency Breakdown ---
   TOTAL IOMMU OVERHEAD:            17519.9 us
   Avg latency per access:          0.00200088 us

********************************************************************************
system.body.body_dwconv.llvm_interface
Total Area: 129609
Total Power Static: 229952

Total Power Dynamic: 2.63548e+06
   ========= Performance Analysis =============
   Setup Time:                      0h 0m 0s 9ms 314us
   Simulation Time (Total):         0h 42m 20s 463ms
   Simulation Time (Active):        0h 22m 19s 893ms
        Queue Processing Time:      0h 22m 20s 200ms
             Scheduling Time:       0h 20m 48s 717ms
             Computation Time:      0h 0m 13s 720ms
   System Clock:                    0.1GHz
   Runtime:                         1834821 cycles
   Runtime:                         18348.2 us
   Stalls:                          0 cycles
   Executed Nodes:                  1834820 cycles

   ========= Kernel Validation Stats ==========
   Kernel validation enabled:       NO
   Configured latency per check:    0 us

   --- Access Breakdown ---
   Total memory accesses (validated): 0
   Cache hits (0 latency):          0
   Validation requests (full lat):  0
     of which DMA-ctrl writes:      0
   Coalesced waits (partial lat):   0
   Validations denied:              0

   --- Latency Breakdown ---
   Validation request latency:      0 us
   Coalesced wait latency:          0 us
   TOTAL SECURITY OVERHEAD:         0 us
   Avg latency per validation:      0 us
   Avg latency per coalesced wait:  0 us
   Avg overhead per blocked access: 0 us

   --- Cache Statistics ---
   Processes with cached pages:     0
   Unique pages validated (total):  0
   Cache hit rate:                  0%

   ========= IOMMU Stats =====================
   IOMMU enabled:                   YES
   IOMMU SimObject:                 system.body.iommu

   --- Access Breakdown ---
   Total IOMMU checks:              8757847
   IOTLB hits:                      8757816
   IOTLB misses (page walks):       31
   IOTLB hit rate:                  99.9996%

   --- Latency Breakdown ---
   TOTAL IOMMU OVERHEAD:            17523.4 us
   Avg latency per access:          0.00200088 us

********************************************************************************
system.body.body_top.llvm_interface
Total Area: 3749.41
Total Power Static: 0.959791

Total Power Dynamic: 4.75526
   ========= Performance Analysis =============
   Setup Time:                      0h 0m 0s 8ms 915us
   Simulation Time (Total):         0h 42m 33s 733ms
   Simulation Time (Active):        0h 0m 0s 871ms
        Queue Processing Time:      0h 0m 0s 750ms
             Scheduling Time:       0h 0m 0s 324ms
             Computation Time:      0h 0m 0s 83ms
   System Clock:                    0.1GHz
   Runtime:                         1853750 cycles
   Runtime:                         18537.5 us
   Stalls:                          0 cycles
   Executed Nodes:                  1853749 cycles

   ========= Kernel Validation Stats ==========
   Kernel validation enabled:       NO
   Configured latency per check:    0 us

   --- Access Breakdown ---
   Total memory accesses (validated): 0
   Cache hits (0 latency):          0
   Validation requests (full lat):  0
     of which DMA-ctrl writes:      0
   Coalesced waits (partial lat):   0
   Validations denied:              0

   --- Latency Breakdown ---
   Validation request latency:      0 us
   Coalesced wait latency:          0 us
   TOTAL SECURITY OVERHEAD:         0 us
   Avg latency per validation:      0 us
   Avg latency per coalesced wait:  0 us
   Avg overhead per blocked access: 0 us

   --- Cache Statistics ---
   Processes with cached pages:     0
   Unique pages validated (total):  0
   Cache hit rate:                  0%

   ========= IOMMU Stats =====================
   IOMMU enabled:                   YES
   IOMMU SimObject:                 system.body.iommu

   --- Access Breakdown ---
   Total IOMMU checks:              8757850
   IOTLB hits:                      8757819
   IOTLB misses (page walks):       31
   IOTLB hit rate:                  99.9996%

   --- Latency Breakdown ---
   TOTAL IOMMU OVERHEAD:            17523.4 us
   Avg latency per access:          0.00200088 us

********************************************************************************
system.body.body_residual.llvm_interface
Total Area: 1076.66
Total Power Static: 21.9391

Total Power Dynamic: 65.7937
   ========= Performance Analysis =============
   Setup Time:                      0h 0m 0s 0ms 387us
   Simulation Time (Total):         0h 15m 43s 918ms
   Simulation Time (Active):        0h 0m 0s 183ms
        Queue Processing Time:      0h 0m 0s 114ms
             Scheduling Time:       0h 0m 0s 37ms
             Computation Time:      0h 0m 0s 3ms
   System Clock:                    0.1GHz
   Runtime:                         1036271 cycles
   Runtime:                         10362.7 us
   Stalls:                          0 cycles
   Executed Nodes:                  1036270 cycles

   ========= Kernel Validation Stats ==========
   Kernel validation enabled:       NO
   Configured latency per check:    0 us

   --- Access Breakdown ---
   Total memory accesses (validated): 0
   Cache hits (0 latency):          0
   Validation requests (full lat):  0
     of which DMA-ctrl writes:      0
   Coalesced waits (partial lat):   0
   Validations denied:              0

   --- Latency Breakdown ---
   Validation request latency:      0 us
   Coalesced wait latency:          0 us
   TOTAL SECURITY OVERHEAD:         0 us
   Avg latency per validation:      0 us
   Avg latency per coalesced wait:  0 us
   Avg overhead per blocked access: 0 us

   --- Cache Statistics ---
   Processes with cached pages:     0
   Unique pages validated (total):  0
   Cache hit rate:                  0%

   ========= IOMMU Stats =====================
   IOMMU enabled:                   YES
   IOMMU SimObject:                 system.body.iommu

   --- Access Breakdown ---
   Total IOMMU checks:              12627863
   IOTLB hits:                      12627830
   IOTLB misses (page walks):       33
   IOTLB hit rate:                  99.9997%

   --- Latency Breakdown ---
   TOTAL IOMMU OVERHEAD:            25263.9 us
   Avg latency per access:          0.00200065 us

********************************************************************************
system.body.body_pwconv0.llvm_interface
Total Area: 24075.6
Total Power Static: 3848.3

Total Power Dynamic: 91549.2
   ========= Performance Analysis =============
   Setup Time:                      0h 0m 0s 0ms 751us
   Simulation Time (Total):         0h 16m 4s 199ms
   Simulation Time (Active):        0h 1m 6s 176ms
        Queue Processing Time:      0h 1m 6s 155ms
             Scheduling Time:       0h 0m 43s 713ms
             Computation Time:      0h 0m 0s 676ms
   System Clock:                    0.1GHz
   Runtime:                         1052452 cycles
   Runtime:                         10524.5 us
   Stalls:                          0 cycles
   Executed Nodes:                  1052451 cycles

   ========= Kernel Validation Stats ==========
   Kernel validation enabled:       NO
   Configured latency per check:    0 us

   --- Access Breakdown ---
   Total memory accesses (validated): 0
   Cache hits (0 latency):          0
   Validation requests (full lat):  0
     of which DMA-ctrl writes:      0
   Coalesced waits (partial lat):   0
   Validations denied:              0

   --- Latency Breakdown ---
   Validation request latency:      0 us
   Coalesced wait latency:          0 us
   TOTAL SECURITY OVERHEAD:         0 us
   Avg latency per validation:      0 us
   Avg latency per coalesced wait:  0 us
   Avg overhead per blocked access: 0 us

   --- Cache Statistics ---
   Processes with cached pages:     0
   Unique pages validated (total):  0
   Cache hit rate:                  0%

   ========= IOMMU Stats =====================
   IOMMU enabled:                   YES
   IOMMU SimObject:                 system.body.iommu

   --- Access Breakdown ---
   Total IOMMU checks:              12708036
   IOTLB hits:                      12708003
   IOTLB misses (page walks):       33
   IOTLB hit rate:                  99.9997%

   --- Latency Breakdown ---
   TOTAL IOMMU OVERHEAD:            25424.3 us
   Avg latency per access:          0.00200064 us

********************************************************************************
system.body.body_dwconv.llvm_interface
Total Area: 259219
Total Power Static: 56863.8

Total Power Dynamic: 649870
   ========= Performance Analysis =============
   Setup Time:                      0h 0m 0s 9ms 269us
   Simulation Time (Total):         0h 16m 41s 243ms
   Simulation Time (Active):        0h 5m 30s 822ms
        Queue Processing Time:      0h 5m 30s 789ms
             Scheduling Time:       0h 5m 3s 897ms
             Computation Time:      0h 0m 3s 638ms
   System Clock:                    0.1GHz
   Runtime:                         1096717 cycles
   Runtime:                         10967.2 us
   Stalls:                          0 cycles
   Executed Nodes:                  1096716 cycles

   ========= Kernel Validation Stats ==========
   Kernel validation enabled:       NO
   Configured latency per check:    0 us

   --- Access Breakdown ---
   Total memory accesses (validated): 0
   Cache hits (0 latency):          0
   Validation requests (full lat):  0
     of which DMA-ctrl writes:      0
   Coalesced waits (partial lat):   0
   Validations denied:              0

   --- Latency Breakdown ---
   Validation request latency:      0 us
   Coalesced wait latency:          0 us
   TOTAL SECURITY OVERHEAD:         0 us
   Avg latency per validation:      0 us
   Avg latency per coalesced wait:  0 us
   Avg overhead per blocked access: 0 us

   --- Cache Statistics ---
   Processes with cached pages:     0
   Unique pages validated (total):  0
   Cache hit rate:                  0%

   ========= IOMMU Stats =====================
   IOMMU enabled:                   YES
   IOMMU SimObject:                 system.body.iommu

   --- Access Breakdown ---
   Total IOMMU checks:              12863585
   IOTLB hits:                      12863552
   IOTLB misses (page walks):       33
   IOTLB hit rate:                  99.9997%

   --- Latency Breakdown ---
   TOTAL IOMMU OVERHEAD:            25735.4 us
   Avg latency per access:          0.00200064 us

********************************************************************************
system.body.body_pwconv1.llvm_interface
Total Area: 1.49937e+06
Total Power Static: 185773

Total Power Dynamic: 1.83603e+06
   ========= Performance Analysis =============
   Setup Time:                      0h 0m 0s 147ms 930us
   Simulation Time (Total):         0h 16m 41s 825ms
   Simulation Time (Active):        0h 9m 14s 342ms
        Queue Processing Time:      0h 9m 14s 322ms
             Scheduling Time:       0h 8m 3s 956ms
             Computation Time:      0h 0m 10s 648ms
   System Clock:                    0.1GHz
   Runtime:                         1103604 cycles
   Runtime:                         11036 us
   Stalls:                          0 cycles
   Executed Nodes:                  1103603 cycles

   ========= Kernel Validation Stats ==========
   Kernel validation enabled:       NO
   Configured latency per check:    0 us

   --- Access Breakdown ---
   Total memory accesses (validated): 0
   Cache hits (0 latency):          0
   Validation requests (full lat):  0
     of which DMA-ctrl writes:      0
   Coalesced waits (partial lat):   0
   Validations denied:              0

   --- Latency Breakdown ---
   Validation request latency:      0 us
   Coalesced wait latency:          0 us
   TOTAL SECURITY OVERHEAD:         0 us
   Avg latency per validation:      0 us
   Avg latency per coalesced wait:  0 us
   Avg overhead per blocked access: 0 us

   --- Cache Statistics ---
   Processes with cached pages:     0
   Unique pages validated (total):  0
   Cache hit rate:                  0%

   ========= IOMMU Stats =====================
   IOMMU enabled:                   YES
   IOMMU SimObject:                 system.body.iommu

   --- Access Breakdown ---
   Total IOMMU checks:              12871088
   IOTLB hits:                      12871055
   IOTLB misses (page walks):       33
   IOTLB hit rate:                  99.9997%

   --- Latency Breakdown ---
   TOTAL IOMMU OVERHEAD:            25750.4 us
   Avg latency per access:          0.00200064 us

********************************************************************************
system.body.body_top.llvm_interface
Total Area: 7498.83
Total Power Static: 0.961624

Total Power Dynamic: 4.76427
   ========= Performance Analysis =============
   Setup Time:                      0h 0m 0s 7ms 384us
   Simulation Time (Total):         0h 16m 42s 469ms
   Simulation Time (Active):        0h 0m 0s 414ms
        Queue Processing Time:      0h 0m 0s 323ms
             Scheduling Time:       0h 0m 0s 137ms
             Computation Time:      0h 0m 0s 31ms
   System Clock:                    0.1GHz
   Runtime:                         1122181 cycles
   Runtime:                         11221.8 us
   Stalls:                          0 cycles
   Executed Nodes:                  1122180 cycles

   ========= Kernel Validation Stats ==========
   Kernel validation enabled:       NO
   Configured latency per check:    0 us

   --- Access Breakdown ---
   Total memory accesses (validated): 0
   Cache hits (0 latency):          0
   Validation requests (full lat):  0
     of which DMA-ctrl writes:      0
   Coalesced waits (partial lat):   0
   Validations denied:              0

   --- Latency Breakdown ---
   Validation request latency:      0 us
   Coalesced wait latency:          0 us
   TOTAL SECURITY OVERHEAD:         0 us
   Avg latency per validation:      0 us
   Avg latency per coalesced wait:  0 us
   Avg overhead per blocked access: 0 us

   --- Cache Statistics ---
   Processes with cached pages:     0
   Unique pages validated (total):  0
   Cache hit rate:                  0%

   ========= IOMMU Stats =====================
   IOMMU enabled:                   YES
   IOMMU SimObject:                 system.body.iommu

   --- Access Breakdown ---
   Total IOMMU checks:              12871090
   IOTLB hits:                      12871057
   IOTLB misses (page walks):       33
   IOTLB hit rate:                  99.9997%

   --- Latency Breakdown ---
   TOTAL IOMMU OVERHEAD:            25750.4 us
   Avg latency per access:          0.00200064 us

********************************************************************************
system.body.body_residual.llvm_interface
Total Area: 1614.99
Total Power Static: 32.9098

Total Power Dynamic: 131.587
   ========= Performance Analysis =============
   Setup Time:                      0h 0m 0s 0ms 388us
   Simulation Time (Total):         0h 10m 3s 807ms
   Simulation Time (Active):        0h 0m 0s 148ms
        Queue Processing Time:      0h 0m 0s 111ms
             Scheduling Time:       0h 0m 0s 58ms
             Computation Time:      0h 0m 0s 6ms
   System Clock:                    0.1GHz
   Runtime:                         538585 cycles
   Runtime:                         5385.85 us
   Stalls:                          0 cycles
   Executed Nodes:                  538584 cycles

   ========= Kernel Validation Stats ==========
   Kernel validation enabled:       NO
   Configured latency per check:    0 us

   --- Access Breakdown ---
   Total memory accesses (validated): 0
   Cache hits (0 latency):          0
   Validation requests (full lat):  0
     of which DMA-ctrl writes:      0
   Coalesced waits (partial lat):   0
   Validations denied:              0

   --- Latency Breakdown ---
   Validation request latency:      0 us
   Coalesced wait latency:          0 us
   TOTAL SECURITY OVERHEAD:         0 us
   Avg latency per validation:      0 us
   Avg latency per coalesced wait:  0 us
   Avg overhead per blocked access: 0 us

   --- Cache Statistics ---
   Processes with cached pages:     0
   Unique pages validated (total):  0
   Cache hit rate:                  0%

   ========= IOMMU Stats =====================
   IOMMU enabled:                   YES
   IOMMU SimObject:                 system.body.iommu

   --- Access Breakdown ---
   Total IOMMU checks:              15475369
   IOTLB hits:                      15475334
   IOTLB misses (page walks):       35
   IOTLB hit rate:                  99.9998%

   --- Latency Breakdown ---
   TOTAL IOMMU OVERHEAD:            30959.4 us
   Avg latency per access:          0.00200056 us

********************************************************************************
system.body.body_pwconv0.llvm_interface
Total Area: 36113.4
Total Power Static: 3848.3

Total Power Dynamic: 91549.2
   ========= Performance Analysis =============
   Setup Time:                      0h 0m 0s 0ms 782us
   Simulation Time (Total):         0h 10m 26s 560ms
   Simulation Time (Active):        0h 1m 1s 967ms
        Queue Processing Time:      0h 1m 1s 944ms
             Scheduling Time:       0h 0m 42s 325ms
             Computation Time:      0h 0m 0s 670ms
   System Clock:                    0.1GHz
   Runtime:                         558859 cycles
   Runtime:                         5588.59 us
   Stalls:                          0 cycles
   Executed Nodes:                  558858 cycles

   ========= Kernel Validation Stats ==========
   Kernel validation enabled:       NO
   Configured latency per check:    0 us

   --- Access Breakdown ---
   Total memory accesses (validated): 0
   Cache hits (0 latency):          0
   Validation requests (full lat):  0
     of which DMA-ctrl writes:      0
   Coalesced waits (partial lat):   0
   Validations denied:              0

   --- Latency Breakdown ---
   Validation request latency:      0 us
   Coalesced wait latency:          0 us
   TOTAL SECURITY OVERHEAD:         0 us
   Avg latency per validation:      0 us
   Avg latency per coalesced wait:  0 us
   Avg overhead per blocked access: 0 us

   --- Cache Statistics ---
   Processes with cached pages:     0
   Unique pages validated (total):  0
   Cache hit rate:                  0%

   ========= IOMMU Stats =====================
   IOMMU enabled:                   YES
   IOMMU SimObject:                 system.body.iommu

   --- Access Breakdown ---
   Total IOMMU checks:              15576228
   IOTLB hits:                      15576193
   IOTLB misses (page walks):       35
   IOTLB hit rate:                  99.9998%

   --- Latency Breakdown ---
   TOTAL IOMMU OVERHEAD:            31161.1 us
   Avg latency per access:          0.00200056 us

********************************************************************************
system.body.body_pwconv1.llvm_interface
Total Area: 2.24905e+06
Total Power Static: 92541.7

Total Power Dynamic: 914996
   ========= Performance Analysis =============
   Setup Time:                      0h 0m 0s 145ms 27us
   Simulation Time (Total):         0h 10m 39s 238ms
   Simulation Time (Active):        0h 3m 44s 314ms
        Queue Processing Time:      0h 3m 44s 288ms
             Scheduling Time:       0h 3m 19s 361ms
             Computation Time:      0h 0m 5s 480ms
   System Clock:                    0.1GHz
   Runtime:                         570523 cycles
   Runtime:                         5705.23 us
   Stalls:                          0 cycles
   Executed Nodes:                  570522 cycles

   ========= Kernel Validation Stats ==========
   Kernel validation enabled:       NO
   Configured latency per check:    0 us

   --- Access Breakdown ---
   Total memory accesses (validated): 0
   Cache hits (0 latency):          0
   Validation requests (full lat):  0
     of which DMA-ctrl writes:      0
   Coalesced waits (partial lat):   0
   Validations denied:              0

   --- Latency Breakdown ---
   Validation request latency:      0 us
   Coalesced wait latency:          0 us
   TOTAL SECURITY OVERHEAD:         0 us
   Avg latency per validation:      0 us
   Avg latency per coalesced wait:  0 us
   Avg overhead per blocked access: 0 us

   --- Cache Statistics ---
   Processes with cached pages:     0
   Unique pages validated (total):  0
   Cache hit rate:                  0%

   ========= IOMMU Stats =====================
   IOMMU enabled:                   YES
   IOMMU SimObject:                 system.body.iommu

   --- Access Breakdown ---
   Total IOMMU checks:              15626544
   IOTLB hits:                      15626509
   IOTLB misses (page walks):       35
   IOTLB hit rate:                  99.9998%

   --- Latency Breakdown ---
   TOTAL IOMMU OVERHEAD:            31261.8 us
   Avg latency per access:          0.00200056 us

********************************************************************************
system.body.body_dwconv.llvm_interface
Total Area: 388828
Total Power Static: 56814.8

Total Power Dynamic: 649870
   ========= Performance Analysis =============
   Setup Time:                      0h 0m 0s 9ms 241us
   Simulation Time (Total):         0h 10m 39s 417ms
   Simulation Time (Active):        0h 5m 21s 202ms
        Queue Processing Time:      0h 5m 21s 176ms
             Scheduling Time:       0h 4m 57s 816ms
             Computation Time:      0h 0m 3s 556ms
   System Clock:                    0.1GHz
   Runtime:                         570946 cycles
   Runtime:                         5709.46 us
   Stalls:                          0 cycles
   Executed Nodes:                  570945 cycles

   ========= Kernel Validation Stats ==========
   Kernel validation enabled:       NO
   Configured latency per check:    0 us

   --- Access Breakdown ---
   Total memory accesses (validated): 0
   Cache hits (0 latency):          0
   Validation requests (full lat):  0
     of which DMA-ctrl writes:      0
   Coalesced waits (partial lat):   0
   Validations denied:              0

   --- Latency Breakdown ---
   Validation request latency:      0 us
   Coalesced wait latency:          0 us
   TOTAL SECURITY OVERHEAD:         0 us
   Avg latency per validation:      0 us
   Avg latency per coalesced wait:  0 us
   Avg overhead per blocked access: 0 us

   --- Cache Statistics ---
   Processes with cached pages:     0
   Unique pages validated (total):  0
   Cache hit rate:                  0%

   ========= IOMMU Stats =====================
   IOMMU enabled:                   YES
   IOMMU SimObject:                 system.body.iommu

   --- Access Breakdown ---
   Total IOMMU checks:              15628243
   IOTLB hits:                      15628208
   IOTLB misses (page walks):       35
   IOTLB hit rate:                  99.9998%

   --- Latency Breakdown ---
   TOTAL IOMMU OVERHEAD:            31265.2 us
   Avg latency per access:          0.00200056 us

********************************************************************************
system.body.body_top.llvm_interface
Total Area: 11248.2
Total Power Static: 0.961013

Total Power Dynamic: 4.76126
   ========= Performance Analysis =============
   Setup Time:                      0h 0m 0s 7ms 456us
   Simulation Time (Total):         0h 10m 39s 929ms
   Simulation Time (Active):        0h 0m 0s 227ms
        Queue Processing Time:      0h 0m 0s 177ms
             Scheduling Time:       0h 0m 0s 77ms
             Computation Time:      0h 0m 0s 19ms
   System Clock:                    0.1GHz
   Runtime:                         589514 cycles
   Runtime:                         5895.14 us
   Stalls:                          0 cycles
   Executed Nodes:                  589513 cycles

   ========= Kernel Validation Stats ==========
   Kernel validation enabled:       NO
   Configured latency per check:    0 us

   --- Access Breakdown ---
   Total memory accesses (validated): 0
   Cache hits (0 latency):          0
   Validation requests (full lat):  0
     of which DMA-ctrl writes:      0
   Coalesced waits (partial lat):   0
   Validations denied:              0

   --- Latency Breakdown ---
   Validation request latency:      0 us
   Coalesced wait latency:          0 us
   TOTAL SECURITY OVERHEAD:         0 us
   Avg latency per validation:      0 us
   Avg latency per coalesced wait:  0 us
   Avg overhead per blocked access: 0 us

   --- Cache Statistics ---
   Processes with cached pages:     0
   Unique pages validated (total):  0
   Cache hit rate:                  0%

   ========= IOMMU Stats =====================
   IOMMU enabled:                   YES
   IOMMU SimObject:                 system.body.iommu

   --- Access Breakdown ---
   Total IOMMU checks:              15628246
   IOTLB hits:                      15628211
   IOTLB misses (page walks):       35
   IOTLB hit rate:                  99.9998%

   --- Latency Breakdown ---
   TOTAL IOMMU OVERHEAD:            31265.2 us
   Avg latency per access:          0.00200056 us

********************************************************************************
system.body.body_residual.llvm_interface
Total Area: 2153.32
Total Power Static: 10.9684

Total Power Dynamic: 32.8969
   ========= Performance Analysis =============
   Setup Time:                      0h 0m 0s 0ms 386us
   Simulation Time (Total):         0h 6m 15s 14ms
   Simulation Time (Active):        0h 0m 0s 70ms
        Queue Processing Time:      0h 0m 0s 45ms
             Scheduling Time:       0h 0m 0s 16ms
             Computation Time:      0h 0m 0s 1ms
   System Clock:                    0.1GHz
   Runtime:                         389706 cycles
   Runtime:                         3897.06 us
   Stalls:                          0 cycles
   Executed Nodes:                  389705 cycles

   ========= Kernel Validation Stats ==========
   Kernel validation enabled:       NO
   Configured latency per check:    0 us

   --- Access Breakdown ---
   Total memory accesses (validated): 0
   Cache hits (0 latency):          0
   Validation requests (full lat):  0
     of which DMA-ctrl writes:      0
   Coalesced waits (partial lat):   0
   Validations denied:              0

   --- Latency Breakdown ---
   Validation request latency:      0 us
   Coalesced wait latency:          0 us
   TOTAL SECURITY OVERHEAD:         0 us
   Avg latency per validation:      0 us
   Avg latency per coalesced wait:  0 us
   Avg overhead per blocked access: 0 us

   --- Cache Statistics ---
   Processes with cached pages:     0
   Unique pages validated (total):  0
   Cache hit rate:                  0%

   ========= IOMMU Stats =====================
   IOMMU enabled:                   YES
   IOMMU SimObject:                 system.body.iommu

   --- Access Breakdown ---
   Total IOMMU checks:              17335120
   IOTLB hits:                      17335084
   IOTLB misses (page walks):       36
   IOTLB hit rate:                  99.9998%

   --- Latency Breakdown ---
   TOTAL IOMMU OVERHEAD:            34679.2 us
   Avg latency per access:          0.00200052 us

********************************************************************************
system.body.body_pwconv0.llvm_interface
Total Area: 48151.2
Total Power Static: 1866.67

Total Power Dynamic: 45269.9
   ========= Performance Analysis =============
   Setup Time:                      0h 0m 0s 0ms 767us
   Simulation Time (Total):         0h 6m 41s 884ms
   Simulation Time (Active):        0h 0m 25s 657ms
        Queue Processing Time:      0h 0m 25s 646ms
             Scheduling Time:       0h 0m 15s 297ms
             Computation Time:      0h 0m 0s 321ms
   System Clock:                    0.1GHz
   Runtime:                         413863 cycles
   Runtime:                         4138.63 us
   Stalls:                          0 cycles
   Executed Nodes:                  413862 cycles

   ========= Kernel Validation Stats ==========
   Kernel validation enabled:       NO
   Configured latency per check:    0 us

   --- Access Breakdown ---
   Total memory accesses (validated): 0
   Cache hits (0 latency):          0
   Validation requests (full lat):  0
     of which DMA-ctrl writes:      0
   Coalesced waits (partial lat):   0
   Validations denied:              0

   --- Latency Breakdown ---
   Validation request latency:      0 us
   Coalesced wait latency:          0 us
   TOTAL SECURITY OVERHEAD:         0 us
   Avg latency per validation:      0 us
   Avg latency per coalesced wait:  0 us
   Avg overhead per blocked access: 0 us

   --- Cache Statistics ---
   Processes with cached pages:     0
   Unique pages validated (total):  0
   Cache hit rate:                  0%

   ========= IOMMU Stats =====================
   IOMMU enabled:                   YES
   IOMMU SimObject:                 system.body.iommu

   --- Access Breakdown ---
   Total IOMMU checks:              17455606
   IOTLB hits:                      17455570
   IOTLB misses (page walks):       36
   IOTLB hit rate:                  99.9998%

   --- Latency Breakdown ---
   TOTAL IOMMU OVERHEAD:            34920.1 us
   Avg latency per access:          0.00200051 us

********************************************************************************
system.body.body_dwconv.llvm_interface
Total Area: 518438
Total Power Static: 27794.7

Total Power Dynamic: 316697
   ========= Performance Analysis =============
   Setup Time:                      0h 0m 0s 9ms 32us
   Simulation Time (Total):         0h 7m 16s 440ms
   Simulation Time (Active):        0h 2m 43s 363ms
        Queue Processing Time:      0h 2m 43s 348ms
             Scheduling Time:       0h 2m 30s 391ms
             Computation Time:      0h 0m 1s 760ms
   System Clock:                    0.1GHz
   Runtime:                         451795 cycles
   Runtime:                         4517.95 us
   Stalls:                          0 cycles
   Executed Nodes:                  451794 cycles

   ========= Kernel Validation Stats ==========
   Kernel validation enabled:       NO
   Configured latency per check:    0 us

   --- Access Breakdown ---
   Total memory accesses (validated): 0
   Cache hits (0 latency):          0
   Validation requests (full lat):  0
     of which DMA-ctrl writes:      0
   Coalesced waits (partial lat):   0
   Validations denied:              0

   --- Latency Breakdown ---
   Validation request latency:      0 us
   Coalesced wait latency:          0 us
   TOTAL SECURITY OVERHEAD:         0 us
   Avg latency per validation:      0 us
   Avg latency per coalesced wait:  0 us
   Avg overhead per blocked access: 0 us

   --- Cache Statistics ---
   Processes with cached pages:     0
   Unique pages validated (total):  0
   Cache hit rate:                  0%

   ========= IOMMU Stats =====================
   IOMMU enabled:                   YES
   IOMMU SimObject:                 system.body.iommu

   --- Access Breakdown ---
   Total IOMMU checks:              17613772
   IOTLB hits:                      17613736
   IOTLB misses (page walks):       36
   IOTLB hit rate:                  99.9998%

   --- Latency Breakdown ---
   TOTAL IOMMU OVERHEAD:            35236.5 us
   Avg latency per access:          0.00200051 us

********************************************************************************
system.body.body_pwconv1.llvm_interface
Total Area: 2.99874e+06
Total Power Static: 92541.7

Total Power Dynamic: 914996
   ========= Performance Analysis =============
   Setup Time:                      0h 0m 0s 146ms 392us
   Simulation Time (Total):         0h 7m 16s 421ms
   Simulation Time (Active):        0h 3m 44s 2ms
        Queue Processing Time:      0h 3m 43s 985ms
             Scheduling Time:       0h 3m 19s 142ms
             Computation Time:      0h 0m 5s 460ms
   System Clock:                    0.1GHz
   Runtime:                         454629 cycles
   Runtime:                         4546.29 us
   Stalls:                          0 cycles
   Executed Nodes:                  454628 cycles

   ========= Kernel Validation Stats ==========
   Kernel validation enabled:       NO
   Configured latency per check:    0 us

   --- Access Breakdown ---
   Total memory accesses (validated): 0
   Cache hits (0 latency):          0
   Validation requests (full lat):  0
     of which DMA-ctrl writes:      0
   Coalesced waits (partial lat):   0
   Validations denied:              0

   --- Latency Breakdown ---
   Validation request latency:      0 us
   Coalesced wait latency:          0 us
   TOTAL SECURITY OVERHEAD:         0 us
   Avg latency per validation:      0 us
   Avg latency per coalesced wait:  0 us
   Avg overhead per blocked access: 0 us

   --- Cache Statistics ---
   Processes with cached pages:     0
   Unique pages validated (total):  0
   Cache hit rate:                  0%

   ========= IOMMU Stats =====================
   IOMMU enabled:                   YES
   IOMMU SimObject:                 system.body.iommu

   --- Access Breakdown ---
   Total IOMMU checks:              17616867
   IOTLB hits:                      17616831
   IOTLB misses (page walks):       36
   IOTLB hit rate:                  99.9998%

   --- Latency Breakdown ---
   TOTAL IOMMU OVERHEAD:            35242.7 us
   Avg latency per access:          0.00200051 us

********************************************************************************
system.body.body_top.llvm_interface
Total Area: 14997.7
Total Power Static: 0.957346

Total Power Dynamic: 4.74324
   ========= Performance Analysis =============
   Setup Time:                      0h 0m 0s 14ms 215us
   Simulation Time (Total):         0h 7m 17s 38ms
   Simulation Time (Active):        0h 0m 0s 150ms
        Queue Processing Time:      0h 0m 0s 119ms
             Scheduling Time:       0h 0m 0s 49ms
             Computation Time:      0h 0m 0s 12ms
   System Clock:                    0.1GHz
   Runtime:                         473118 cycles
   Runtime:                         4731.18 us
   Stalls:                          0 cycles
   Executed Nodes:                  473117 cycles

   ========= Kernel Validation Stats ==========
   Kernel validation enabled:       NO
   Configured latency per check:    0 us

   --- Access Breakdown ---
   Total memory accesses (validated): 0
   Cache hits (0 latency):          0
   Validation requests (full lat):  0
     of which DMA-ctrl writes:      0
   Coalesced waits (partial lat):   0
   Validations denied:              0

   --- Latency Breakdown ---
   Validation request latency:      0 us
   Coalesced wait latency:          0 us
   TOTAL SECURITY OVERHEAD:         0 us
   Avg latency per validation:      0 us
   Avg latency per coalesced wait:  0 us
   Avg overhead per blocked access: 0 us

   --- Cache Statistics ---
   Processes with cached pages:     0
   Unique pages validated (total):  0
   Cache hit rate:                  0%

   ========= IOMMU Stats =====================
   IOMMU enabled:                   YES
   IOMMU SimObject:                 system.body.iommu

   --- Access Breakdown ---
   Total IOMMU checks:              17616868
   IOTLB hits:                      17616832
   IOTLB misses (page walks):       36
   IOTLB hit rate:                  99.9998%

   --- Latency Breakdown ---
   TOTAL IOMMU OVERHEAD:            35242.7 us
   Avg latency per access:          0.00200051 us

********************************************************************************
system.body.body_residual.llvm_interface
Total Area: 2691.64
Total Power Static: 16.4537

Total Power Dynamic: 65.7937
   ========= Performance Analysis =============
   Setup Time:                      0h 0m 0s 0ms 405us
   Simulation Time (Total):         0h 6m 15s 896ms
   Simulation Time (Active):        0h 0m 0s 82ms
        Queue Processing Time:      0h 0m 0s 57ms
             Scheduling Time:       0h 0m 0s 24ms
             Computation Time:      0h 0m 0s 3ms
   System Clock:                    0.1GHz
   Runtime:                         390629 cycles
   Runtime:                         3906.29 us
   Stalls:                          0 cycles
   Executed Nodes:                  390628 cycles

   ========= Kernel Validation Stats ==========
   Kernel validation enabled:       NO
   Configured latency per check:    0 us

   --- Access Breakdown ---
   Total memory accesses (validated): 0
   Cache hits (0 latency):          0
   Validation requests (full lat):  0
     of which DMA-ctrl writes:      0
   Coalesced waits (partial lat):   0
   Validations denied:              0

   --- Latency Breakdown ---
   Validation request latency:      0 us
   Coalesced wait latency:          0 us
   TOTAL SECURITY OVERHEAD:         0 us
   Avg latency per validation:      0 us
   Avg latency per coalesced wait:  0 us
   Avg overhead per blocked access: 0 us

   --- Cache Statistics ---
   Processes with cached pages:     0
   Unique pages validated (total):  0
   Cache hit rate:                  0%

   ========= IOMMU Stats =====================
   IOMMU enabled:                   YES
   IOMMU SimObject:                 system.body.iommu

   --- Access Breakdown ---
   Total IOMMU checks:              19326193
   IOTLB hits:                      19326156
   IOTLB misses (page walks):       37
   IOTLB hit rate:                  99.9998%

   --- Latency Breakdown ---
   TOTAL IOMMU OVERHEAD:            38661.6 us
   Avg latency per access:          0.00200047 us

********************************************************************************
system.body.body_pwconv0.llvm_interface
Total Area: 60189
Total Power Static: 1866.67

Total Power Dynamic: 45269.9
   ========= Performance Analysis =============
   Setup Time:                      0h 0m 0s 0ms 766us
   Simulation Time (Total):         0h 6m 42s 767ms
   Simulation Time (Active):        0h 0m 25s 698ms
        Queue Processing Time:      0h 0m 25s 687ms
             Scheduling Time:       0h 0m 15s 265ms
             Computation Time:      0h 0m 0s 320ms
   System Clock:                    0.1GHz
   Runtime:                         414738 cycles
   Runtime:                         4147.38 us
   Stalls:                          0 cycles
   Executed Nodes:                  414737 cycles

   ========= Kernel Validation Stats ==========
   Kernel validation enabled:       NO
   Configured latency per check:    0 us

   --- Access Breakdown ---
   Total memory accesses (validated): 0
   Cache hits (0 latency):          0
   Validation requests (full lat):  0
     of which DMA-ctrl writes:      0
   Coalesced waits (partial lat):   0
   Validations denied:              0

   --- Latency Breakdown ---
   Validation request latency:      0 us
   Coalesced wait latency:          0 us
   TOTAL SECURITY OVERHEAD:         0 us
   Avg latency per validation:      0 us
   Avg latency per coalesced wait:  0 us
   Avg overhead per blocked access: 0 us

   --- Cache Statistics ---
   Processes with cached pages:     0
   Unique pages validated (total):  0
   Cache hit rate:                  0%

   ========= IOMMU Stats =====================
   IOMMU enabled:                   YES
   IOMMU SimObject:                 system.body.iommu

   --- Access Breakdown ---
   Total IOMMU checks:              19446680
   IOTLB hits:                      19446643
   IOTLB misses (page walks):       37
   IOTLB hit rate:                  99.9998%

   --- Latency Breakdown ---
   TOTAL IOMMU OVERHEAD:            38902.5 us
   Avg latency per access:          0.00200047 us

********************************************************************************
system.body.body_dwconv.llvm_interface
Total Area: 648047
Total Power Static: 27794.7

Total Power Dynamic: 316697
   ========= Performance Analysis =============
   Setup Time:                      0h 0m 0s 8ms 408us
   Simulation Time (Total):         0h 7m 17s 37ms
   Simulation Time (Active):        0h 2m 43s 624ms
        Queue Processing Time:      0h 2m 43s 609ms
             Scheduling Time:       0h 2m 30s 620ms
             Computation Time:      0h 0m 1s 760ms
   System Clock:                    0.1GHz
   Runtime:                         452656 cycles
   Runtime:                         4526.56 us
   Stalls:                          0 cycles
   Executed Nodes:                  452655 cycles

   ========= Kernel Validation Stats ==========
   Kernel validation enabled:       NO
   Configured latency per check:    0 us

   --- Access Breakdown ---
   Total memory accesses (validated): 0
   Cache hits (0 latency):          0
   Validation requests (full lat):  0
     of which DMA-ctrl writes:      0
   Coalesced waits (partial lat):   0
   Validations denied:              0

   --- Latency Breakdown ---
   Validation request latency:      0 us
   Coalesced wait latency:          0 us
   TOTAL SECURITY OVERHEAD:         0 us
   Avg latency per validation:      0 us
   Avg latency per coalesced wait:  0 us
   Avg overhead per blocked access: 0 us

   --- Cache Statistics ---
   Processes with cached pages:     0
   Unique pages validated (total):  0
   Cache hit rate:                  0%

   ========= IOMMU Stats =====================
   IOMMU enabled:                   YES
   IOMMU SimObject:                 system.body.iommu

   --- Access Breakdown ---
   Total IOMMU checks:              19604845
   IOTLB hits:                      19604808
   IOTLB misses (page walks):       37
   IOTLB hit rate:                  99.9998%

   --- Latency Breakdown ---
   TOTAL IOMMU OVERHEAD:            39218.9 us
   Avg latency per access:          0.00200047 us

********************************************************************************
system.body.body_pwconv1.llvm_interface
Total Area: 3.74842e+06
Total Power Static: 92541.7

Total Power Dynamic: 914996
   ========= Performance Analysis =============
   Setup Time:                      0h 0m 0s 135ms 339us
   Simulation Time (Total):         0h 7m 17s 29ms
   Simulation Time (Active):        0h 3m 44s 34ms
        Queue Processing Time:      0h 3m 44s 19ms
             Scheduling Time:       0h 3m 19s 192ms
             Computation Time:      0h 0m 5s 439ms
   System Clock:                    0.1GHz
   Runtime:                         455490 cycles
   Runtime:                         4554.9 us
   Stalls:                          0 cycles
   Executed Nodes:                  455489 cycles

   ========= Kernel Validation Stats ==========
   Kernel validation enabled:       NO
   Configured latency per check:    0 us

   --- Access Breakdown ---
   Total memory accesses (validated): 0
   Cache hits (0 latency):          0
   Validation requests (full lat):  0
     of which DMA-ctrl writes:      0
   Coalesced waits (partial lat):   0
   Validations denied:              0

   --- Latency Breakdown ---
   Validation request latency:      0 us
   Coalesced wait latency:          0 us
   TOTAL SECURITY OVERHEAD:         0 us
   Avg latency per validation:      0 us
   Avg latency per coalesced wait:  0 us
   Avg overhead per blocked access: 0 us

   --- Cache Statistics ---
   Processes with cached pages:     0
   Unique pages validated (total):  0
   Cache hit rate:                  0%

   ========= IOMMU Stats =====================
   IOMMU enabled:                   YES
   IOMMU SimObject:                 system.body.iommu

   --- Access Breakdown ---
   Total IOMMU checks:              19607940
   IOTLB hits:                      19607903
   IOTLB misses (page walks):       37
   IOTLB hit rate:                  99.9998%

   --- Latency Breakdown ---
   TOTAL IOMMU OVERHEAD:            39225.1 us
   Avg latency per access:          0.00200047 us

********************************************************************************
system.body.body_top.llvm_interface
Total Area: 18747.1
Total Power Static: 0.962847

Total Power Dynamic: 4.77027
   ========= Performance Analysis =============
   Setup Time:                      0h 0m 0s 7ms 442us
   Simulation Time (Total):         0h 7m 17s 653ms
   Simulation Time (Active):        0h 0m 0s 159ms
        Queue Processing Time:      0h 0m 0s 119ms
             Scheduling Time:       0h 0m 0s 48ms
             Computation Time:      0h 0m 0s 13ms
   System Clock:                    0.1GHz
   Runtime:                         474083 cycles
   Runtime:                         4740.83 us
   Stalls:                          0 cycles
   Executed Nodes:                  474082 cycles

   ========= Kernel Validation Stats ==========
   Kernel validation enabled:       NO
   Configured latency per check:    0 us

   --- Access Breakdown ---
   Total memory accesses (validated): 0
   Cache hits (0 latency):          0
   Validation requests (full lat):  0
     of which DMA-ctrl writes:      0
   Coalesced waits (partial lat):   0
   Validations denied:              0

   --- Latency Breakdown ---
   Validation request latency:      0 us
   Coalesced wait latency:          0 us
   TOTAL SECURITY OVERHEAD:         0 us
   Avg latency per validation:      0 us
   Avg latency per coalesced wait:  0 us
   Avg overhead per blocked access: 0 us

   --- Cache Statistics ---
   Processes with cached pages:     0
   Unique pages validated (total):  0
   Cache hit rate:                  0%

   ========= IOMMU Stats =====================
   IOMMU enabled:                   YES
   IOMMU SimObject:                 system.body.iommu

   --- Access Breakdown ---
   Total IOMMU checks:              19607941
   IOTLB hits:                      19607904
   IOTLB misses (page walks):       37
   IOTLB hit rate:                  99.9998%

   --- Latency Breakdown ---
   TOTAL IOMMU OVERHEAD:            39225.1 us
   Avg latency per access:          0.00200047 us

********************************************************************************
system.body.body_residual.llvm_interface
Total Area: 3229.97
Total Power Static: 16.4537

Total Power Dynamic: 65.7937
   ========= Performance Analysis =============
   Setup Time:                      0h 0m 0s 0ms 383us
   Simulation Time (Total):         0h 3m 58s 460ms
   Simulation Time (Active):        0h 0m 0s 59ms
        Queue Processing Time:      0h 0m 0s 44ms
             Scheduling Time:       0h 0m 0s 21ms
             Computation Time:      0h 0m 0s 3ms
   System Clock:                    0.1GHz
   Runtime:                         214151 cycles
   Runtime:                         2141.51 us
   Stalls:                          0 cycles
   Executed Nodes:                  214150 cycles

   ========= Kernel Validation Stats ==========
   Kernel validation enabled:       NO
   Configured latency per check:    0 us

   --- Access Breakdown ---
   Total memory accesses (validated): 0
   Cache hits (0 latency):          0
   Validation requests (full lat):  0
     of which DMA-ctrl writes:      0
   Coalesced waits (partial lat):   0
   Validations denied:              0

   --- Latency Breakdown ---
   Validation request latency:      0 us
   Coalesced wait latency:          0 us
   TOTAL SECURITY OVERHEAD:         0 us
   Avg latency per validation:      0 us
   Avg latency per coalesced wait:  0 us
   Avg overhead per blocked access: 0 us

   --- Cache Statistics ---
   Processes with cached pages:     0
   Unique pages validated (total):  0
   Cache hit rate:                  0%

   ========= IOMMU Stats =====================
   IOMMU enabled:                   YES
   IOMMU SimObject:                 system.body.iommu

   --- Access Breakdown ---
   Total IOMMU checks:              20671991
   IOTLB hits:                      20671952
   IOTLB misses (page walks):       39
   IOTLB hit rate:                  99.9998%

   --- Latency Breakdown ---
   TOTAL IOMMU OVERHEAD:            41353.7 us
   Avg latency per access:          0.00200047 us

********************************************************************************
system.body.body_pwconv0.llvm_interface
Total Area: 72226.8
Total Power Static: 1866.67

Total Power Dynamic: 45269.9
   ========= Performance Analysis =============
   Setup Time:                      0h 0m 0s 0ms 764us
   Simulation Time (Total):         0h 4m 18s 555ms
   Simulation Time (Active):        0h 0m 23s 808ms
        Queue Processing Time:      0h 0m 23s 797ms
             Scheduling Time:       0h 0m 14s 745ms
             Computation Time:      0h 0m 0s 314ms
   System Clock:                    0.1GHz
   Runtime:                         232897 cycles
   Runtime:                         2328.97 us
   Stalls:                          0 cycles
   Executed Nodes:                  232896 cycles

   ========= Kernel Validation Stats ==========
   Kernel validation enabled:       NO
   Configured latency per check:    0 us

   --- Access Breakdown ---
   Total memory accesses (validated): 0
   Cache hits (0 latency):          0
   Validation requests (full lat):  0
     of which DMA-ctrl writes:      0
   Coalesced waits (partial lat):   0
   Validations denied:              0

   --- Latency Breakdown ---
   Validation request latency:      0 us
   Coalesced wait latency:          0 us
   TOTAL SECURITY OVERHEAD:         0 us
   Avg latency per validation:      0 us
   Avg latency per coalesced wait:  0 us
   Avg overhead per blocked access: 0 us

   --- Cache Statistics ---
   Processes with cached pages:     0
   Unique pages validated (total):  0
   Cache hit rate:                  0%

   ========= IOMMU Stats =====================
   IOMMU enabled:                   YES
   IOMMU SimObject:                 system.body.iommu

   --- Access Breakdown ---
   Total IOMMU checks:              20764131
   IOTLB hits:                      20764092
   IOTLB misses (page walks):       39
   IOTLB hit rate:                  99.9998%

   --- Latency Breakdown ---
   TOTAL IOMMU OVERHEAD:            41537.9 us
   Avg latency per access:          0.00200047 us

********************************************************************************
system.body.body_pwconv1.llvm_interface
Total Area: 4.49811e+06
Total Power Static: 34660

Total Power Dynamic: 342746
   ========= Performance Analysis =============
   Setup Time:                      0h 0m 0s 137ms 771us
   Simulation Time (Total):         0h 4m 25s 738ms
   Simulation Time (Active):        0h 1m 17s 290ms
        Queue Processing Time:      0h 1m 17s 283ms
             Scheduling Time:       0h 1m 8s 967ms
             Computation Time:      0h 0m 2s 19ms
   System Clock:                    0.1GHz
   Runtime:                         239191 cycles
   Runtime:                         2391.91 us
   Stalls:                          0 cycles
   Executed Nodes:                  239190 cycles

   ========= Kernel Validation Stats ==========
   Kernel validation enabled:       NO
   Configured latency per check:    0 us

   --- Access Breakdown ---
   Total memory accesses (validated): 0
   Cache hits (0 latency):          0
   Validation requests (full lat):  0
     of which DMA-ctrl writes:      0
   Coalesced waits (partial lat):   0
   Validations denied:              0

   --- Latency Breakdown ---
   Validation request latency:      0 us
   Coalesced wait latency:          0 us
   TOTAL SECURITY OVERHEAD:         0 us
   Avg latency per validation:      0 us
   Avg latency per coalesced wait:  0 us
   Avg overhead per blocked access: 0 us

   --- Cache Statistics ---
   Processes with cached pages:     0
   Unique pages validated (total):  0
   Cache hit rate:                  0%

   ========= IOMMU Stats =====================
   IOMMU enabled:                   YES
   IOMMU SimObject:                 system.body.iommu

   --- Access Breakdown ---
   Total IOMMU checks:              20791651
   IOTLB hits:                      20791612
   IOTLB misses (page walks):       39
   IOTLB hit rate:                  99.9998%

   --- Latency Breakdown ---
   TOTAL IOMMU OVERHEAD:            41593 us
   Avg latency per access:          0.00200047 us

********************************************************************************
system.body.body_dwconv.llvm_interface
Total Area: 777657
Total Power Static: 27770.1

Total Power Dynamic: 316697
   ========= Performance Analysis =============
   Setup Time:                      0h 0m 0s 8ms 452us
   Simulation Time (Total):         0h 4m 33s 444ms
   Simulation Time (Active):        0h 2m 39s 190ms
        Queue Processing Time:      0h 2m 39s 175ms
             Scheduling Time:       0h 2m 27s 829ms
             Computation Time:      0h 0m 1s 732ms
   System Clock:                    0.1GHz
   Runtime:                         246081 cycles
   Runtime:                         2460.81 us
   Stalls:                          0 cycles
   Executed Nodes:                  246080 cycles

   ========= Kernel Validation Stats ==========
   Kernel validation enabled:       NO
   Configured latency per check:    0 us

   --- Access Breakdown ---
   Total memory accesses (validated): 0
   Cache hits (0 latency):          0
   Validation requests (full lat):  0
     of which DMA-ctrl writes:      0
   Coalesced waits (partial lat):   0
   Validations denied:              0

   --- Latency Breakdown ---
   Validation request latency:      0 us
   Coalesced wait latency:          0 us
   TOTAL SECURITY OVERHEAD:         0 us
   Avg latency per validation:      0 us
   Avg latency per coalesced wait:  0 us
   Avg overhead per blocked access: 0 us

   --- Cache Statistics ---
   Processes with cached pages:     0
   Unique pages validated (total):  0
   Cache hit rate:                  0%

   ========= IOMMU Stats =====================
   IOMMU enabled:                   YES
   IOMMU SimObject:                 system.body.iommu

   --- Access Breakdown ---
   Total IOMMU checks:              20821280
   IOTLB hits:                      20821241
   IOTLB misses (page walks):       39
   IOTLB hit rate:                  99.9998%

   --- Latency Breakdown ---
   TOTAL IOMMU OVERHEAD:            41652.2 us
   Avg latency per access:          0.00200046 us

********************************************************************************
system.body.body_top.llvm_interface
Total Area: 22496.5
Total Power Static: 0.962236

Total Power Dynamic: 4.76727
   ========= Performance Analysis =============
   Setup Time:                      0h 0m 0s 7ms 337us
   Simulation Time (Total):         0h 4m 33s 908ms
   Simulation Time (Active):        0h 0m 0s 100ms
        Queue Processing Time:      0h 0m 0s 77ms
             Scheduling Time:       0h 0m 0s 32ms
             Computation Time:      0h 0m 0s 9ms
   System Clock:                    0.1GHz
   Runtime:                         264668 cycles
   Runtime:                         2646.68 us
   Stalls:                          0 cycles
   Executed Nodes:                  264667 cycles

   ========= Kernel Validation Stats ==========
   Kernel validation enabled:       NO
   Configured latency per check:    0 us

   --- Access Breakdown ---
   Total memory accesses (validated): 0
   Cache hits (0 latency):          0
   Validation requests (full lat):  0
     of which DMA-ctrl writes:      0
   Coalesced waits (partial lat):   0
   Validations denied:              0

   --- Latency Breakdown ---
   Validation request latency:      0 us
   Coalesced wait latency:          0 us
   TOTAL SECURITY OVERHEAD:         0 us
   Avg latency per validation:      0 us
   Avg latency per coalesced wait:  0 us
   Avg overhead per blocked access: 0 us

   --- Cache Statistics ---
   Processes with cached pages:     0
   Unique pages validated (total):  0
   Cache hit rate:                  0%

   ========= IOMMU Stats =====================
   IOMMU enabled:                   YES
   IOMMU SimObject:                 system.body.iommu

   --- Access Breakdown ---
   Total IOMMU checks:              20821283
   IOTLB hits:                      20821244
   IOTLB misses (page walks):       39
   IOTLB hit rate:                  99.9998%

   --- Latency Breakdown ---
   TOTAL IOMMU OVERHEAD:            41652.2 us
   Avg latency per access:          0.00200046 us

********************************************************************************
system.body.body_residual.llvm_interface
Total Area: 3768.3
Total Power Static: 4.11165

Total Power Dynamic: 12.3363
   ========= Performance Analysis =============
   Setup Time:                      0h 0m 0s 0ms 379us
   Simulation Time (Total):         0h 1m 41s 706ms
   Simulation Time (Active):        0h 0m 0s 22ms
        Queue Processing Time:      0h 0m 0s 15ms
             Scheduling Time:       0h 0m 0s 6ms
             Computation Time:      0h 0m 0s 0ms
   System Clock:                    0.1GHz
   Runtime:                         102632 cycles
   Runtime:                         1026.32 us
   Stalls:                          0 cycles
   Executed Nodes:                  102631 cycles

   ========= Kernel Validation Stats ==========
   Kernel validation enabled:       NO
   Configured latency per check:    0 us

   --- Access Breakdown ---
   Total memory accesses (validated): 0
   Cache hits (0 latency):          0
   Validation requests (full lat):  0
     of which DMA-ctrl writes:      0
   Coalesced waits (partial lat):   0
   Validations denied:              0

   --- Latency Breakdown ---
   Validation request latency:      0 us
   Coalesced wait latency:          0 us
   TOTAL SECURITY OVERHEAD:         0 us
   Avg latency per validation:      0 us
   Avg latency per coalesced wait:  0 us
   Avg overhead per blocked access: 0 us

   --- Cache Statistics ---
   Processes with cached pages:     0
   Unique pages validated (total):  0
   Cache hit rate:                  0%

   ========= IOMMU Stats =====================
   IOMMU enabled:                   YES
   IOMMU SimObject:                 system.body.iommu

   --- Access Breakdown ---
   Total IOMMU checks:              21323758
   IOTLB hits:                      21323718
   IOTLB misses (page walks):       40
   IOTLB hit rate:                  99.9998%

   --- Latency Breakdown ---
   TOTAL IOMMU OVERHEAD:            42657.4 us
   Avg latency per access:          0.00200047 us

********************************************************************************
system.body.body_pwconv0.llvm_interface
Total Area: 84264.5
Total Power Static: 692.817

Total Power Dynamic: 16913.1
   ========= Performance Analysis =============
   Setup Time:                      0h 0m 0s 0ms 740us
   Simulation Time (Total):         0h 2m 6s 42ms
   Simulation Time (Active):        0h 0m 7s 614ms
        Queue Processing Time:      0h 0m 7s 607ms
             Scheduling Time:       0h 0m 4s 296ms
             Computation Time:      0h 0m 0s 109ms
   System Clock:                    0.1GHz
   Runtime:                         126317 cycles
   Runtime:                         1263.17 us
   Stalls:                          0 cycles
   Executed Nodes:                  126316 cycles

   ========= Kernel Validation Stats ==========
   Kernel validation enabled:       NO
   Configured latency per check:    0 us

   --- Access Breakdown ---
   Total memory accesses (validated): 0
   Cache hits (0 latency):          0
   Validation requests (full lat):  0
     of which DMA-ctrl writes:      0
   Coalesced waits (partial lat):   0
   Validations denied:              0

   --- Latency Breakdown ---
   Validation request latency:      0 us
   Coalesced wait latency:          0 us
   TOTAL SECURITY OVERHEAD:         0 us
   Avg latency per validation:      0 us
   Avg latency per coalesced wait:  0 us
   Avg overhead per blocked access: 0 us

   --- Cache Statistics ---
   Processes with cached pages:     0
   Unique pages validated (total):  0
   Cache hit rate:                  0%

   ========= IOMMU Stats =====================
   IOMMU enabled:                   YES
   IOMMU SimObject:                 system.body.iommu

   --- Access Breakdown ---
   Total IOMMU checks:              21437719
   IOTLB hits:                      21437679
   IOTLB misses (page walks):       40
   IOTLB hit rate:                  99.9998%

   --- Latency Breakdown ---
   TOTAL IOMMU OVERHEAD:            42885.4 us
   Avg latency per access:          0.00200046 us

********************************************************************************
system.body.body_dwconv.llvm_interface
Total Area: 907266
Total Power Static: 10000

Total Power Dynamic: 113736
   ========= Performance Analysis =============
   Setup Time:                      0h 0m 0s 8ms 123us
   Simulation Time (Total):         0h 2m 31s 847ms
   Simulation Time (Active):        0h 0m 59s 802ms
        Queue Processing Time:      0h 0m 59s 795ms
             Scheduling Time:       0h 0m 55s 138ms
             Computation Time:      0h 0m 0s 627ms
   System Clock:                    0.1GHz
   Runtime:                         152826 cycles
   Runtime:                         1528.26 us
   Stalls:                          0 cycles
   Executed Nodes:                  152825 cycles

   ========= Kernel Validation Stats ==========
   Kernel validation enabled:       NO
   Configured latency per check:    0 us

   --- Access Breakdown ---
   Total memory accesses (validated): 0
   Cache hits (0 latency):          0
   Validation requests (full lat):  0
     of which DMA-ctrl writes:      0
   Coalesced waits (partial lat):   0
   Validations denied:              0

   --- Latency Breakdown ---
   Validation request latency:      0 us
   Coalesced wait latency:          0 us
   TOTAL SECURITY OVERHEAD:         0 us
   Avg latency per validation:      0 us
   Avg latency per coalesced wait:  0 us
   Avg overhead per blocked access: 0 us

   --- Cache Statistics ---
   Processes with cached pages:     0
   Unique pages validated (total):  0
   Cache hit rate:                  0%

   ========= IOMMU Stats =====================
   IOMMU enabled:                   YES
   IOMMU SimObject:                 system.body.iommu

   --- Access Breakdown ---
   Total IOMMU checks:              21560500
   IOTLB hits:                      21560460
   IOTLB misses (page walks):       40
   IOTLB hit rate:                  99.9998%

   --- Latency Breakdown ---
   TOTAL IOMMU OVERHEAD:            43130.9 us
   Avg latency per access:          0.00200046 us

********************************************************************************
system.body.body_pwconv1.llvm_interface
Total Area: 5.24779e+06
Total Power Static: 34660

Total Power Dynamic: 342746
   ========= Performance Analysis =============
   Setup Time:                      0h 0m 0s 135ms 644us
   Simulation Time (Total):         0h 2m 31s 728ms
   Simulation Time (Active):        0h 1m 16s 222ms
        Queue Processing Time:      0h 1m 16s 215ms
             Scheduling Time:       0h 1m 8s 149ms
             Computation Time:      0h 0m 1s 989ms
   System Clock:                    0.1GHz
   Runtime:                         153867 cycles
   Runtime:                         1538.67 us
   Stalls:                          0 cycles
   Executed Nodes:                  153866 cycles

   ========= Kernel Validation Stats ==========
   Kernel validation enabled:       NO
   Configured latency per check:    0 us

   --- Access Breakdown ---
   Total memory accesses (validated): 0
   Cache hits (0 latency):          0
   Validation requests (full lat):  0
     of which DMA-ctrl writes:      0
   Coalesced waits (partial lat):   0
   Validations denied:              0

   --- Latency Breakdown ---
   Validation request latency:      0 us
   Coalesced wait latency:          0 us
   TOTAL SECURITY OVERHEAD:         0 us
   Avg latency per validation:      0 us
   Avg latency per coalesced wait:  0 us
   Avg overhead per blocked access: 0 us

   --- Cache Statistics ---
   Processes with cached pages:     0
   Unique pages validated (total):  0
   Cache hit rate:                  0%

   ========= IOMMU Stats =====================
   IOMMU enabled:                   YES
   IOMMU SimObject:                 system.body.iommu

   --- Access Breakdown ---
   Total IOMMU checks:              21561644
   IOTLB hits:                      21561604
   IOTLB misses (page walks):       40
   IOTLB hit rate:                  99.9998%

   --- Latency Breakdown ---
   TOTAL IOMMU OVERHEAD:            43133.2 us
   Avg latency per access:          0.00200046 us

********************************************************************************
system.body.body_top.llvm_interface
Total Area: 26245.9
Total Power Static: 0.956735

Total Power Dynamic: 4.74024
   ========= Performance Analysis =============
   Setup Time:                      0h 0m 0s 18ms 844us
   Simulation Time (Total):         0h 2m 32s 318ms
   Simulation Time (Active):        0h 0m 0s 56ms
        Queue Processing Time:      0h 0m 0s 41ms
             Scheduling Time:       0h 0m 0s 17ms
             Computation Time:      0h 0m 0s 4ms
   System Clock:                    0.1GHz
   Runtime:                         172350 cycles
   Runtime:                         1723.5 us
   Stalls:                          0 cycles
   Executed Nodes:                  172349 cycles

   ========= Kernel Validation Stats ==========
   Kernel validation enabled:       NO
   Configured latency per check:    0 us

   --- Access Breakdown ---
   Total memory accesses (validated): 0
   Cache hits (0 latency):          0
   Validation requests (full lat):  0
     of which DMA-ctrl writes:      0
   Coalesced waits (partial lat):   0
   Validations denied:              0

   --- Latency Breakdown ---
   Validation request latency:      0 us
   Coalesced wait latency:          0 us
   TOTAL SECURITY OVERHEAD:         0 us
   Avg latency per validation:      0 us
   Avg latency per coalesced wait:  0 us
   Avg overhead per blocked access: 0 us

   --- Cache Statistics ---
   Processes with cached pages:     0
   Unique pages validated (total):  0
   Cache hit rate:                  0%

   ========= IOMMU Stats =====================
   IOMMU enabled:                   YES
   IOMMU SimObject:                 system.body.iommu

   --- Access Breakdown ---
   Total IOMMU checks:              21561646
   IOTLB hits:                      21561606
   IOTLB misses (page walks):       40
   IOTLB hit rate:                  99.9998%

   --- Latency Breakdown ---
   TOTAL IOMMU OVERHEAD:            43133.2 us
   Avg latency per access:          0.00200046 us

********************************************************************************
system.body.body_residual.llvm_interface
Total Area: 4306.63
Total Power Static: 6.16866

Total Power Dynamic: 24.6726
   ========= Performance Analysis =============
   Setup Time:                      0h 0m 0s 0ms 399us
   Simulation Time (Total):         0h 1m 42s 925ms
   Simulation Time (Active):        0h 0m 0s 24ms
        Queue Processing Time:      0h 0m 0s 17ms
             Scheduling Time:       0h 0m 0s 8ms
             Computation Time:      0h 0m 0s 1ms
   System Clock:                    0.1GHz
   Runtime:                         102605 cycles
   Runtime:                         1026.05 us
   Stalls:                          0 cycles
   Executed Nodes:                  102604 cycles

   ========= Kernel Validation Stats ==========
   Kernel validation enabled:       NO
   Configured latency per check:    0 us

   --- Access Breakdown ---
   Total memory accesses (validated): 0
   Cache hits (0 latency):          0
   Validation requests (full lat):  0
     of which DMA-ctrl writes:      0
   Coalesced waits (partial lat):   0
   Validations denied:              0

   --- Latency Breakdown ---
   Validation request latency:      0 us
   Coalesced wait latency:          0 us
   TOTAL SECURITY OVERHEAD:         0 us
   Avg latency per validation:      0 us
   Avg latency per coalesced wait:  0 us
   Avg overhead per blocked access: 0 us

   --- Cache Statistics ---
   Processes with cached pages:     0
   Unique pages validated (total):  0
   Cache hit rate:                  0%

   ========= IOMMU Stats =====================
   IOMMU enabled:                   YES
   IOMMU SimObject:                 system.body.iommu

   --- Access Breakdown ---
   Total IOMMU checks:              22065017
   IOTLB hits:                      22064976
   IOTLB misses (page walks):       41
   IOTLB hit rate:                  99.9998%

   --- Latency Breakdown ---
   TOTAL IOMMU OVERHEAD:            44140.2 us
   Avg latency per access:          0.00200046 us

********************************************************************************
system.body.body_pwconv0.llvm_interface
Total Area: 96302.3
Total Power Static: 692.817

Total Power Dynamic: 16913.1
   ========= Performance Analysis =============
   Setup Time:                      0h 0m 0s 0ms 757us
   Simulation Time (Total):         0h 2m 6s 957ms
   Simulation Time (Active):        0h 0m 7s 620ms
        Queue Processing Time:      0h 0m 7s 613ms
             Scheduling Time:       0h 0m 4s 331ms
             Computation Time:      0h 0m 0s 111ms
   System Clock:                    0.1GHz
   Runtime:                         126299 cycles
   Runtime:                         1262.99 us
   Stalls:                          0 cycles
   Executed Nodes:                  126298 cycles

   ========= Kernel Validation Stats ==========
   Kernel validation enabled:       NO
   Configured latency per check:    0 us

   --- Access Breakdown ---
   Total memory accesses (validated): 0
   Cache hits (0 latency):          0
   Validation requests (full lat):  0
     of which DMA-ctrl writes:      0
   Coalesced waits (partial lat):   0
   Validations denied:              0

   --- Latency Breakdown ---
   Validation request latency:      0 us
   Coalesced wait latency:          0 us
   TOTAL SECURITY OVERHEAD:         0 us
   Avg latency per validation:      0 us
   Avg latency per coalesced wait:  0 us
   Avg overhead per blocked access: 0 us

   --- Cache Statistics ---
   Processes with cached pages:     0
   Unique pages validated (total):  0
   Cache hit rate:                  0%

   ========= IOMMU Stats =====================
   IOMMU enabled:                   YES
   IOMMU SimObject:                 system.body.iommu

   --- Access Breakdown ---
   Total IOMMU checks:              22178986
   IOTLB hits:                      22178945
   IOTLB misses (page walks):       41
   IOTLB hit rate:                  99.9998%

   --- Latency Breakdown ---
   TOTAL IOMMU OVERHEAD:            44368.1 us
   Avg latency per access:          0.00200046 us

********************************************************************************
system.body.body_dwconv.llvm_interface
Total Area: 1.03688e+06
Total Power Static: 10000

Total Power Dynamic: 113736
   ========= Performance Analysis =============
   Setup Time:                      0h 0m 0s 8ms 375us
   Simulation Time (Total):         0h 2m 32s 855ms
   Simulation Time (Active):        0h 0m 59s 951ms
        Queue Processing Time:      0h 0m 59s 945ms
             Scheduling Time:       0h 0m 55s 265ms
             Computation Time:      0h 0m 0s 635ms
   System Clock:                    0.1GHz
   Runtime:                         152832 cycles
   Runtime:                         1528.32 us
   Stalls:                          0 cycles
   Executed Nodes:                  152831 cycles

   ========= Kernel Validation Stats ==========
   Kernel validation enabled:       NO
   Configured latency per check:    0 us

   --- Access Breakdown ---
   Total memory accesses (validated): 0
   Cache hits (0 latency):          0
   Validation requests (full lat):  0
     of which DMA-ctrl writes:      0
   Coalesced waits (partial lat):   0
   Validations denied:              0

   --- Latency Breakdown ---
   Validation request latency:      0 us
   Coalesced wait latency:          0 us
   TOTAL SECURITY OVERHEAD:         0 us
   Avg latency per validation:      0 us
   Avg latency per coalesced wait:  0 us
   Avg overhead per blocked access: 0 us

   --- Cache Statistics ---
   Processes with cached pages:     0
   Unique pages validated (total):  0
   Cache hit rate:                  0%

   ========= IOMMU Stats =====================
   IOMMU enabled:                   YES
   IOMMU SimObject:                 system.body.iommu

   --- Access Breakdown ---
   Total IOMMU checks:              22301766
   IOTLB hits:                      22301725
   IOTLB misses (page walks):       41
   IOTLB hit rate:                  99.9998%

   --- Latency Breakdown ---
   TOTAL IOMMU OVERHEAD:            44613.7 us
   Avg latency per access:          0.00200046 us

********************************************************************************
system.body.body_pwconv1.llvm_interface
Total Area: 5.99748e+06
Total Power Static: 34660

Total Power Dynamic: 342746
   ========= Performance Analysis =============
   Setup Time:                      0h 0m 0s 140ms 472us
   Simulation Time (Total):         0h 2m 32s 730ms
   Simulation Time (Active):        0h 1m 17s 37ms
        Queue Processing Time:      0h 1m 17s 31ms
             Scheduling Time:       0h 1m 8s 888ms
             Computation Time:      0h 0m 2s 5ms
   System Clock:                    0.1GHz
   Runtime:                         153873 cycles
   Runtime:                         1538.73 us
   Stalls:                          0 cycles
   Executed Nodes:                  153872 cycles

   ========= Kernel Validation Stats ==========
   Kernel validation enabled:       NO
   Configured latency per check:    0 us

   --- Access Breakdown ---
   Total memory accesses (validated): 0
   Cache hits (0 latency):          0
   Validation requests (full lat):  0
     of which DMA-ctrl writes:      0
   Coalesced waits (partial lat):   0
   Validations denied:              0

   --- Latency Breakdown ---
   Validation request latency:      0 us
   Coalesced wait latency:          0 us
   TOTAL SECURITY OVERHEAD:         0 us
   Avg latency per validation:      0 us
   Avg latency per coalesced wait:  0 us
   Avg overhead per blocked access: 0 us

   --- Cache Statistics ---
   Processes with cached pages:     0
   Unique pages validated (total):  0
   Cache hit rate:                  0%

   ========= IOMMU Stats =====================
   IOMMU enabled:                   YES
   IOMMU SimObject:                 system.body.iommu

   --- Access Breakdown ---
   Total IOMMU checks:              22302910
   IOTLB hits:                      22302869
   IOTLB misses (page walks):       41
   IOTLB hit rate:                  99.9998%

   --- Latency Breakdown ---
   TOTAL IOMMU OVERHEAD:            44616 us
   Avg latency per access:          0.00200046 us

********************************************************************************
system.body.body_top.llvm_interface
Total Area: 29995.3
Total Power Static: 0.957957

Total Power Dynamic: 4.74625
   ========= Performance Analysis =============
   Setup Time:                      0h 0m 0s 7ms 273us
   Simulation Time (Total):         0h 2m 33s 324ms
   Simulation Time (Active):        0h 0m 0s 55ms
        Queue Processing Time:      0h 0m 0s 41ms
             Scheduling Time:       0h 0m 0s 17ms
             Computation Time:      0h 0m 0s 4ms
   System Clock:                    0.1GHz
   Runtime:                         172382 cycles
   Runtime:                         1723.82 us
   Stalls:                          0 cycles
   Executed Nodes:                  172381 cycles

   ========= Kernel Validation Stats ==========
   Kernel validation enabled:       NO
   Configured latency per check:    0 us

   --- Access Breakdown ---
   Total memory accesses (validated): 0
   Cache hits (0 latency):          0
   Validation requests (full lat):  0
     of which DMA-ctrl writes:      0
   Coalesced waits (partial lat):   0
   Validations denied:              0

   --- Latency Breakdown ---
   Validation request latency:      0 us
   Coalesced wait latency:          0 us
   TOTAL SECURITY OVERHEAD:         0 us
   Avg latency per validation:      0 us
   Avg latency per coalesced wait:  0 us
   Avg overhead per blocked access: 0 us

   --- Cache Statistics ---
   Processes with cached pages:     0
   Unique pages validated (total):  0
   Cache hit rate:                  0%

   ========= IOMMU Stats =====================
   IOMMU enabled:                   YES
   IOMMU SimObject:                 system.body.iommu

   --- Access Breakdown ---
   Total IOMMU checks:              22302912
   IOTLB hits:                      22302871
   IOTLB misses (page walks):       41
   IOTLB hit rate:                  99.9998%

   --- Latency Breakdown ---
   TOTAL IOMMU OVERHEAD:            44616 us
   Avg latency per access:          0.00200046 us

********************************************************************************
system.body.body_residual.llvm_interface
Total Area: 4844.96
Total Power Static: 6.16866

Total Power Dynamic: 24.6726
   ========= Performance Analysis =============
   Setup Time:                      0h 0m 0s 0ms 385us
   Simulation Time (Total):         0h 1m 41s 831ms
   Simulation Time (Active):        0h 0m 0s 23ms
        Queue Processing Time:      0h 0m 0s 16ms
             Scheduling Time:       0h 0m 0s 7ms
             Computation Time:      0h 0m 0s 1ms
   System Clock:                    0.1GHz
   Runtime:                         102605 cycles
   Runtime:                         1026.05 us
   Stalls:                          0 cycles
   Executed Nodes:                  102604 cycles

   ========= Kernel Validation Stats ==========
   Kernel validation enabled:       NO
   Configured latency per check:    0 us

   --- Access Breakdown ---
   Total memory accesses (validated): 0
   Cache hits (0 latency):          0
   Validation requests (full lat):  0
     of which DMA-ctrl writes:      0
   Coalesced waits (partial lat):   0
   Validations denied:              0

   --- Latency Breakdown ---
   Validation request latency:      0 us
   Coalesced wait latency:          0 us
   TOTAL SECURITY OVERHEAD:         0 us
   Avg latency per validation:      0 us
   Avg latency per coalesced wait:  0 us
   Avg overhead per blocked access: 0 us

   --- Cache Statistics ---
   Processes with cached pages:     0
   Unique pages validated (total):  0
   Cache hit rate:                  0%

   ========= IOMMU Stats =====================
   IOMMU enabled:                   YES
   IOMMU SimObject:                 system.body.iommu

   --- Access Breakdown ---
   Total IOMMU checks:              22806286
   IOTLB hits:                      22806244
   IOTLB misses (page walks):       42
   IOTLB hit rate:                  99.9998%

   --- Latency Breakdown ---
   TOTAL IOMMU OVERHEAD:            45623 us
   Avg latency per access:          0.00200046 us

********************************************************************************
system.body.body_pwconv0.llvm_interface
Total Area: 108340
Total Power Static: 692.817

Total Power Dynamic: 16913.1
   ========= Performance Analysis =============
   Setup Time:                      0h 0m 0s 0ms 767us
   Simulation Time (Total):         0h 2m 5s 779ms
   Simulation Time (Active):        0h 0m 7s 451ms
        Queue Processing Time:      0h 0m 7s 445ms
             Scheduling Time:       0h 0m 4s 169ms
             Computation Time:      0h 0m 0s 109ms
   System Clock:                    0.1GHz
   Runtime:                         126299 cycles
   Runtime:                         1262.99 us
   Stalls:                          0 cycles
   Executed Nodes:                  126298 cycles

   ========= Kernel Validation Stats ==========
   Kernel validation enabled:       NO
   Configured latency per check:    0 us

   --- Access Breakdown ---
   Total memory accesses (validated): 0
   Cache hits (0 latency):          0
   Validation requests (full lat):  0
     of which DMA-ctrl writes:      0
   Coalesced waits (partial lat):   0
   Validations denied:              0

   --- Latency Breakdown ---
   Validation request latency:      0 us
   Coalesced wait latency:          0 us
   TOTAL SECURITY OVERHEAD:         0 us
   Avg latency per validation:      0 us
   Avg latency per coalesced wait:  0 us
   Avg overhead per blocked access: 0 us

   --- Cache Statistics ---
   Processes with cached pages:     0
   Unique pages validated (total):  0
   Cache hit rate:                  0%

   ========= IOMMU Stats =====================
   IOMMU enabled:                   YES
   IOMMU SimObject:                 system.body.iommu

   --- Access Breakdown ---
   Total IOMMU checks:              22920255
   IOTLB hits:                      22920213
   IOTLB misses (page walks):       42
   IOTLB hit rate:                  99.9998%

   --- Latency Breakdown ---
   TOTAL IOMMU OVERHEAD:            45850.9 us
   Avg latency per access:          0.00200045 us

********************************************************************************
system.body.body_dwconv.llvm_interface
Total Area: 1.16649e+06
Total Power Static: 10000

Total Power Dynamic: 113736
   ========= Performance Analysis =============
   Setup Time:                      0h 0m 0s 8ms 544us
   Simulation Time (Total):         0h 2m 31s 615ms
   Simulation Time (Active):        0h 0m 59s 788ms
        Queue Processing Time:      0h 0m 59s 781ms
             Scheduling Time:       0h 0m 55s 137ms
             Computation Time:      0h 0m 0s 625ms
   System Clock:                    0.1GHz
   Runtime:                         152832 cycles
   Runtime:                         1528.32 us
   Stalls:                          0 cycles
   Executed Nodes:                  152831 cycles

   ========= Kernel Validation Stats ==========
   Kernel validation enabled:       NO
   Configured latency per check:    0 us

   --- Access Breakdown ---
   Total memory accesses (validated): 0
   Cache hits (0 latency):          0
   Validation requests (full lat):  0
     of which DMA-ctrl writes:      0
   Coalesced waits (partial lat):   0
   Validations denied:              0

   --- Latency Breakdown ---
   Validation request latency:      0 us
   Coalesced wait latency:          0 us
   TOTAL SECURITY OVERHEAD:         0 us
   Avg latency per validation:      0 us
   Avg latency per coalesced wait:  0 us
   Avg overhead per blocked access: 0 us

   --- Cache Statistics ---
   Processes with cached pages:     0
   Unique pages validated (total):  0
   Cache hit rate:                  0%

   ========= IOMMU Stats =====================
   IOMMU enabled:                   YES
   IOMMU SimObject:                 system.body.iommu

   --- Access Breakdown ---
   Total IOMMU checks:              23043035
   IOTLB hits:                      23042993
   IOTLB misses (page walks):       42
   IOTLB hit rate:                  99.9998%

   --- Latency Breakdown ---
   TOTAL IOMMU OVERHEAD:            46096.5 us
   Avg latency per access:          0.00200045 us

********************************************************************************
system.body.body_pwconv1.llvm_interface
Total Area: 6.74716e+06
Total Power Static: 34660

Total Power Dynamic: 342746
   ========= Performance Analysis =============
   Setup Time:                      0h 0m 0s 146ms 58us
   Simulation Time (Total):         0h 2m 31s 486ms
   Simulation Time (Active):        0h 1m 16s 166ms
        Queue Processing Time:      0h 1m 16s 159ms
             Scheduling Time:       0h 1m 8s 113ms
             Computation Time:      0h 0m 1s 986ms
   System Clock:                    0.1GHz
   Runtime:                         153873 cycles
   Runtime:                         1538.73 us
   Stalls:                          0 cycles
   Executed Nodes:                  153872 cycles

   ========= Kernel Validation Stats ==========
   Kernel validation enabled:       NO
   Configured latency per check:    0 us

   --- Access Breakdown ---
   Total memory accesses (validated): 0
   Cache hits (0 latency):          0
   Validation requests (full lat):  0
     of which DMA-ctrl writes:      0
   Coalesced waits (partial lat):   0
   Validations denied:              0

   --- Latency Breakdown ---
   Validation request latency:      0 us
   Coalesced wait latency:          0 us
   TOTAL SECURITY OVERHEAD:         0 us
   Avg latency per validation:      0 us
   Avg latency per coalesced wait:  0 us
   Avg overhead per blocked access: 0 us

   --- Cache Statistics ---
   Processes with cached pages:     0
   Unique pages validated (total):  0
   Cache hit rate:                  0%

   ========= IOMMU Stats =====================
   IOMMU enabled:                   YES
   IOMMU SimObject:                 system.body.iommu

   --- Access Breakdown ---
   Total IOMMU checks:              23044179
   IOTLB hits:                      23044137
   IOTLB misses (page walks):       42
   IOTLB hit rate:                  99.9998%

   --- Latency Breakdown ---
   TOTAL IOMMU OVERHEAD:            46098.8 us
   Avg latency per access:          0.00200045 us

********************************************************************************
system.body.body_top.llvm_interface
Total Area: 33744.7
Total Power Static: 0.959791

Total Power Dynamic: 4.75526
   ========= Performance Analysis =============
   Setup Time:                      0h 0m 0s 7ms 365us
   Simulation Time (Total):         0h 2m 32s 86ms
   Simulation Time (Active):        0h 0m 0s 55ms
        Queue Processing Time:      0h 0m 0s 41ms
             Scheduling Time:       0h 0m 0s 17ms
             Computation Time:      0h 0m 0s 4ms
   System Clock:                    0.1GHz
   Runtime:                         172414 cycles
   Runtime:                         1724.14 us
   Stalls:                          0 cycles
   Executed Nodes:                  172413 cycles

   ========= Kernel Validation Stats ==========
   Kernel validation enabled:       NO
   Configured latency per check:    0 us

   --- Access Breakdown ---
   Total memory accesses (validated): 0
   Cache hits (0 latency):          0
   Validation requests (full lat):  0
     of which DMA-ctrl writes:      0
   Coalesced waits (partial lat):   0
   Validations denied:              0

   --- Latency Breakdown ---
   Validation request latency:      0 us
   Coalesced wait latency:          0 us
   TOTAL SECURITY OVERHEAD:         0 us
   Avg latency per validation:      0 us
   Avg latency per coalesced wait:  0 us
   Avg overhead per blocked access: 0 us

   --- Cache Statistics ---
   Processes with cached pages:     0
   Unique pages validated (total):  0
   Cache hit rate:                  0%

   ========= IOMMU Stats =====================
   IOMMU enabled:                   YES
   IOMMU SimObject:                 system.body.iommu

   --- Access Breakdown ---
   Total IOMMU checks:              23044181
   IOTLB hits:                      23044139
   IOTLB misses (page walks):       42
   IOTLB hit rate:                  99.9998%

   --- Latency Breakdown ---
   TOTAL IOMMU OVERHEAD:            46098.8 us
   Avg latency per access:          0.00200045 us

********************************************************************************
system.body.body_residual.llvm_interface
Total Area: 5383.29
Total Power Static: 6.16866

Total Power Dynamic: 24.6726
   ========= Performance Analysis =============
   Setup Time:                      0h 0m 0s 0ms 394us
   Simulation Time (Total):         0h 1m 59s 961ms
   Simulation Time (Active):        0h 0m 0s 26ms
        Queue Processing Time:      0h 0m 0s 18ms
             Scheduling Time:       0h 0m 0s 8ms
             Computation Time:      0h 0m 0s 1ms
   System Clock:                    0.1GHz
   Runtime:                         121279 cycles
   Runtime:                         1212.79 us
   Stalls:                          0 cycles
   Executed Nodes:                  121278 cycles

   ========= Kernel Validation Stats ==========
   Kernel validation enabled:       NO
   Configured latency per check:    0 us

   --- Access Breakdown ---
   Total memory accesses (validated): 0
   Cache hits (0 latency):          0
   Validation requests (full lat):  0
     of which DMA-ctrl writes:      0
   Coalesced waits (partial lat):   0
   Validations denied:              0

   --- Latency Breakdown ---
   Validation request latency:      0 us
   Coalesced wait latency:          0 us
   TOTAL SECURITY OVERHEAD:         0 us
   Avg latency per validation:      0 us
   Avg latency per coalesced wait:  0 us
   Avg overhead per blocked access: 0 us

   --- Cache Statistics ---
   Processes with cached pages:     0
   Unique pages validated (total):  0
   Cache hit rate:                  0%

   ========= IOMMU Stats =====================
   IOMMU enabled:                   YES
   IOMMU SimObject:                 system.body.iommu

   --- Access Breakdown ---
   Total IOMMU checks:              23641271
   IOTLB hits:                      23641228
   IOTLB misses (page walks):       43
   IOTLB hit rate:                  99.9998%

   --- Latency Breakdown ---
   TOTAL IOMMU OVERHEAD:            47293.2 us
   Avg latency per access:          0.00200045 us

********************************************************************************
system.body.body_pwconv0.llvm_interface
Total Area: 120378
Total Power Static: 692.817

Total Power Dynamic: 16913.1
   ========= Performance Analysis =============
   Setup Time:                      0h 0m 0s 0ms 753us
   Simulation Time (Total):         0h 2m 28s 222ms
   Simulation Time (Active):        0h 0m 7s 797ms
        Queue Processing Time:      0h 0m 7s 789ms
             Scheduling Time:       0h 0m 4s 370ms
             Computation Time:      0h 0m 0s 112ms
   System Clock:                    0.1GHz
   Runtime:                         149659 cycles
   Runtime:                         1496.59 us
   Stalls:                          0 cycles
   Executed Nodes:                  149658 cycles

   ========= Kernel Validation Stats ==========
   Kernel validation enabled:       NO
   Configured latency per check:    0 us

   --- Access Breakdown ---
   Total memory accesses (validated): 0
   Cache hits (0 latency):          0
   Validation requests (full lat):  0
     of which DMA-ctrl writes:      0
   Coalesced waits (partial lat):   0
   Validations denied:              0

   --- Latency Breakdown ---
   Validation request latency:      0 us
   Coalesced wait latency:          0 us
   TOTAL SECURITY OVERHEAD:         0 us
   Avg latency per validation:      0 us
   Avg latency per coalesced wait:  0 us
   Avg overhead per blocked access: 0 us

   --- Cache Statistics ---
   Processes with cached pages:     0
   Unique pages validated (total):  0
   Cache hit rate:                  0%

   ========= IOMMU Stats =====================
   IOMMU enabled:                   YES
   IOMMU SimObject:                 system.body.iommu

   --- Access Breakdown ---
   Total IOMMU checks:              23778666
   IOTLB hits:                      23778623
   IOTLB misses (page walks):       43
   IOTLB hit rate:                  99.9998%

   --- Latency Breakdown ---
   TOTAL IOMMU OVERHEAD:            47568 us
   Avg latency per access:          0.00200045 us

********************************************************************************
system.body.body_dwconv.llvm_interface
Total Area: 1.29609e+06
Total Power Static: 10000

Total Power Dynamic: 113736
   ========= Performance Analysis =============
   Setup Time:                      0h 0m 0s 8ms 571us
   Simulation Time (Total):         0h 2m 58s 6ms
   Simulation Time (Active):        0h 1m 0s 655ms
        Queue Processing Time:      0h 1m 0s 647ms
             Scheduling Time:       0h 0m 55s 574ms
             Computation Time:      0h 0m 0s 636ms
   System Clock:                    0.1GHz
   Runtime:                         180732 cycles
   Runtime:                         1807.32 us
   Stalls:                          0 cycles
   Executed Nodes:                  180731 cycles

   ========= Kernel Validation Stats ==========
   Kernel validation enabled:       NO
   Configured latency per check:    0 us

   --- Access Breakdown ---
   Total memory accesses (validated): 0
   Cache hits (0 latency):          0
   Validation requests (full lat):  0
     of which DMA-ctrl writes:      0
   Coalesced waits (partial lat):   0
   Validations denied:              0

   --- Latency Breakdown ---
   Validation request latency:      0 us
   Coalesced wait latency:          0 us
   TOTAL SECURITY OVERHEAD:         0 us
   Avg latency per validation:      0 us
   Avg latency per coalesced wait:  0 us
   Avg overhead per blocked access: 0 us

   --- Cache Statistics ---
   Processes with cached pages:     0
   Unique pages validated (total):  0
   Cache hit rate:                  0%

   ========= IOMMU Stats =====================
   IOMMU enabled:                   YES
   IOMMU SimObject:                 system.body.iommu

   --- Access Breakdown ---
   Total IOMMU checks:              23924887
   IOTLB hits:                      23924844
   IOTLB misses (page walks):       43
   IOTLB hit rate:                  99.9998%

   --- Latency Breakdown ---
   TOTAL IOMMU OVERHEAD:            47860.4 us
   Avg latency per access:          0.00200045 us

********************************************************************************
system.body.body_pwconv1.llvm_interface
Total Area: 7.49685e+06
Total Power Static: 46184.6

Total Power Dynamic: 456743
   ========= Performance Analysis =============
   Setup Time:                      0h 0m 0s 134ms 115us
   Simulation Time (Total):         0h 2m 57s 888ms
   Simulation Time (Active):        0h 1m 39s 480ms
        Queue Processing Time:      0h 1m 39s 473ms
             Scheduling Time:       0h 1m 28s 978ms
             Computation Time:      0h 0m 2s 664ms
   System Clock:                    0.1GHz
   Runtime:                         181773 cycles
   Runtime:                         1817.73 us
   Stalls:                          0 cycles
   Executed Nodes:                  181772 cycles

   ========= Kernel Validation Stats ==========
   Kernel validation enabled:       NO
   Configured latency per check:    0 us

   --- Access Breakdown ---
   Total memory accesses (validated): 0
   Cache hits (0 latency):          0
   Validation requests (full lat):  0
     of which DMA-ctrl writes:      0
   Coalesced waits (partial lat):   0
   Validations denied:              0

   --- Latency Breakdown ---
   Validation request latency:      0 us
   Coalesced wait latency:          0 us
   TOTAL SECURITY OVERHEAD:         0 us
   Avg latency per validation:      0 us
   Avg latency per coalesced wait:  0 us
   Avg overhead per blocked access: 0 us

   --- Cache Statistics ---
   Processes with cached pages:     0
   Unique pages validated (total):  0
   Cache hit rate:                  0%

   ========= IOMMU Stats =====================
   IOMMU enabled:                   YES
   IOMMU SimObject:                 system.body.iommu

   --- Access Breakdown ---
   Total IOMMU checks:              23926031
   IOTLB hits:                      23925988
   IOTLB misses (page walks):       43
   IOTLB hit rate:                  99.9998%

   --- Latency Breakdown ---
   TOTAL IOMMU OVERHEAD:            47862.7 us
   Avg latency per access:          0.00200045 us

********************************************************************************
system.body.body_top.llvm_interface
Total Area: 37494.1
Total Power Static: 0.961624

Total Power Dynamic: 4.76427
   ========= Performance Analysis =============
   Setup Time:                      0h 0m 0s 7ms 259us
   Simulation Time (Total):         0h 2m 58s 477ms
   Simulation Time (Active):        0h 0m 0s 60ms
        Queue Processing Time:      0h 0m 0s 44ms
             Scheduling Time:       0h 0m 0s 18ms
             Computation Time:      0h 0m 0s 4ms
   System Clock:                    0.1GHz
   Runtime:                         200347 cycles
   Runtime:                         2003.47 us
   Stalls:                          0 cycles
   Executed Nodes:                  200346 cycles

   ========= Kernel Validation Stats ==========
   Kernel validation enabled:       NO
   Configured latency per check:    0 us

   --- Access Breakdown ---
   Total memory accesses (validated): 0
   Cache hits (0 latency):          0
   Validation requests (full lat):  0
     of which DMA-ctrl writes:      0
   Coalesced waits (partial lat):   0
   Validations denied:              0

   --- Latency Breakdown ---
   Validation request latency:      0 us
   Coalesced wait latency:          0 us
   TOTAL SECURITY OVERHEAD:         0 us
   Avg latency per validation:      0 us
   Avg latency per coalesced wait:  0 us
   Avg overhead per blocked access: 0 us

   --- Cache Statistics ---
   Processes with cached pages:     0
   Unique pages validated (total):  0
   Cache hit rate:                  0%

   ========= IOMMU Stats =====================
   IOMMU enabled:                   YES
   IOMMU SimObject:                 system.body.iommu

   --- Access Breakdown ---
   Total IOMMU checks:              23926033
   IOTLB hits:                      23925990
   IOTLB misses (page walks):       43
   IOTLB hit rate:                  99.9998%

   --- Latency Breakdown ---
   TOTAL IOMMU OVERHEAD:            47862.7 us
   Avg latency per access:          0.00200045 us

********************************************************************************
system.body.body_residual.llvm_interface
Total Area: 5921.62
Total Power Static: 5.48299

Total Power Dynamic: 16.4484
   ========= Performance Analysis =============
   Setup Time:                      0h 0m 0s 0ms 391us
   Simulation Time (Total):         0h 2m 20s 58ms
   Simulation Time (Active):        0h 0m 0s 29ms
        Queue Processing Time:      0h 0m 0s 20ms
             Scheduling Time:       0h 0m 0s 8ms
             Computation Time:      0h 0m 0s 0ms
   System Clock:                    0.1GHz
   Runtime:                         136380 cycles
   Runtime:                         1363.8 us
   Stalls:                          0 cycles
   Executed Nodes:                  136379 cycles

   ========= Kernel Validation Stats ==========
   Kernel validation enabled:       NO
   Configured latency per check:    0 us

   --- Access Breakdown ---
   Total memory accesses (validated): 0
   Cache hits (0 latency):          0
   Validation requests (full lat):  0
     of which DMA-ctrl writes:      0
   Coalesced waits (partial lat):   0
   Validations denied:              0

   --- Latency Breakdown ---
   Validation request latency:      0 us
   Coalesced wait latency:          0 us
   TOTAL SECURITY OVERHEAD:         0 us
   Avg latency per validation:      0 us
   Avg latency per coalesced wait:  0 us
   Avg overhead per blocked access: 0 us

   --- Cache Statistics ---
   Processes with cached pages:     0
   Unique pages validated (total):  0
   Cache hit rate:                  0%

   ========= IOMMU Stats =====================
   IOMMU enabled:                   YES
   IOMMU SimObject:                 system.body.iommu

   --- Access Breakdown ---
   Total IOMMU checks:              24595308
   IOTLB hits:                      24595264
   IOTLB misses (page walks):       44
   IOTLB hit rate:                  99.9998%

   --- Latency Breakdown ---
   TOTAL IOMMU OVERHEAD:            49201.5 us
   Avg latency per access:          0.00200044 us

********************************************************************************
system.body.body_pwconv0.llvm_interface
Total Area: 132416
Total Power Static: 918.962

Total Power Dynamic: 22508.7
   ========= Performance Analysis =============
   Setup Time:                      0h 0m 0s 0ms 754us
   Simulation Time (Total):         0h 2m 50s 953ms
   Simulation Time (Active):        0h 0m 10s 745ms
        Queue Processing Time:      0h 0m 10s 737ms
             Scheduling Time:       0h 0m 6s 49ms
             Computation Time:      0h 0m 0s 153ms
   System Clock:                    0.1GHz
   Runtime:                         166017 cycles
   Runtime:                         1660.17 us
   Stalls:                          0 cycles
   Executed Nodes:                  166016 cycles

   ========= Kernel Validation Stats ==========
   Kernel validation enabled:       NO
   Configured latency per check:    0 us

   --- Access Breakdown ---
   Total memory accesses (validated): 0
   Cache hits (0 latency):          0
   Validation requests (full lat):  0
     of which DMA-ctrl writes:      0
   Coalesced waits (partial lat):   0
   Validations denied:              0

   --- Latency Breakdown ---
   Validation request latency:      0 us
   Coalesced wait latency:          0 us
   TOTAL SECURITY OVERHEAD:         0 us
   Avg latency per validation:      0 us
   Avg latency per coalesced wait:  0 us
   Avg overhead per blocked access: 0 us

   --- Cache Statistics ---
   Processes with cached pages:     0
   Unique pages validated (total):  0
   Cache hit rate:                  0%

   ========= IOMMU Stats =====================
   IOMMU enabled:                   YES
   IOMMU SimObject:                 system.body.iommu

   --- Access Breakdown ---
   Total IOMMU checks:              24740173
   IOTLB hits:                      24740129
   IOTLB misses (page walks):       44
   IOTLB hit rate:                  99.9998%

   --- Latency Breakdown ---
   TOTAL IOMMU OVERHEAD:            49491.3 us
   Avg latency per access:          0.00200044 us

********************************************************************************
system.body.body_dwconv.llvm_interface
Total Area: 1.4257e+06
Total Power Static: 13333.2

Total Power Dynamic: 151645
   ========= Performance Analysis =============
   Setup Time:                      0h 0m 0s 8ms 702us
   Simulation Time (Total):         0h 3m 25s 536ms
   Simulation Time (Active):        0h 1m 21s 324ms
        Queue Processing Time:      0h 1m 21s 314ms
             Scheduling Time:       0h 1m 14s 833ms
             Computation Time:      0h 0m 0s 865ms
   System Clock:                    0.1GHz
   Runtime:                         200989 cycles
   Runtime:                         2009.89 us
   Stalls:                          0 cycles
   Executed Nodes:                  200988 cycles

   ========= Kernel Validation Stats ==========
   Kernel validation enabled:       NO
   Configured latency per check:    0 us

   --- Access Breakdown ---
   Total memory accesses (validated): 0
   Cache hits (0 latency):          0
   Validation requests (full lat):  0
     of which DMA-ctrl writes:      0
   Coalesced waits (partial lat):   0
   Validations denied:              0

   --- Latency Breakdown ---
   Validation request latency:      0 us
   Coalesced wait latency:          0 us
   TOTAL SECURITY OVERHEAD:         0 us
   Avg latency per validation:      0 us
   Avg latency per coalesced wait:  0 us
   Avg overhead per blocked access: 0 us

   --- Cache Statistics ---
   Processes with cached pages:     0
   Unique pages validated (total):  0
   Cache hit rate:                  0%

   ========= IOMMU Stats =====================
   IOMMU enabled:                   YES
   IOMMU SimObject:                 system.body.iommu

   --- Access Breakdown ---
   Total IOMMU checks:              24901488
   IOTLB hits:                      24901444
   IOTLB misses (page walks):       44
   IOTLB hit rate:                  99.9998%

   --- Latency Breakdown ---
   TOTAL IOMMU OVERHEAD:            49813.9 us
   Avg latency per access:          0.00200044 us

********************************************************************************
system.body.body_pwconv1.llvm_interface
Total Area: 8.24653e+06
Total Power Static: 46184.6

Total Power Dynamic: 456743
   ========= Performance Analysis =============
   Setup Time:                      0h 0m 0s 136ms 58us
   Simulation Time (Total):         0h 3m 25s 406ms
   Simulation Time (Active):        0h 1m 42s 335ms
        Queue Processing Time:      0h 1m 42s 328ms
             Scheduling Time:       0h 1m 31s 233ms
             Computation Time:      0h 0m 2s 707ms
   System Clock:                    0.1GHz
   Runtime:                         201678 cycles
   Runtime:                         2016.78 us
   Stalls:                          0 cycles
   Executed Nodes:                  201677 cycles

   ========= Kernel Validation Stats ==========
   Kernel validation enabled:       NO
   Configured latency per check:    0 us

   --- Access Breakdown ---
   Total memory accesses (validated): 0
   Cache hits (0 latency):          0
   Validation requests (full lat):  0
     of which DMA-ctrl writes:      0
   Coalesced waits (partial lat):   0
   Validations denied:              0

   --- Latency Breakdown ---
   Validation request latency:      0 us
   Coalesced wait latency:          0 us
   TOTAL SECURITY OVERHEAD:         0 us
   Avg latency per validation:      0 us
   Avg latency per coalesced wait:  0 us
   Avg overhead per blocked access: 0 us

   --- Cache Statistics ---
   Processes with cached pages:     0
   Unique pages validated (total):  0
   Cache hit rate:                  0%

   ========= IOMMU Stats =====================
   IOMMU enabled:                   YES
   IOMMU SimObject:                 system.body.iommu

   --- Access Breakdown ---
   Total IOMMU checks:              24902249
   IOTLB hits:                      24902205
   IOTLB misses (page walks):       44
   IOTLB hit rate:                  99.9998%

   --- Latency Breakdown ---
   TOTAL IOMMU OVERHEAD:            49815.4 us
   Avg latency per access:          0.00200044 us

********************************************************************************
system.body.body_top.llvm_interface
Total Area: 41243.6
Total Power Static: 0.960402

Total Power Dynamic: 4.75826
   ========= Performance Analysis =============
   Setup Time:                      0h 0m 0s 7ms 332us
   Simulation Time (Total):         0h 3m 25s 965ms
   Simulation Time (Active):        0h 0m 0s 72ms
        Queue Processing Time:      0h 0m 0s 53ms
             Scheduling Time:       0h 0m 0s 22ms
             Computation Time:      0h 0m 0s 5ms
   System Clock:                    0.1GHz
   Runtime:                         220229 cycles
   Runtime:                         2202.29 us
   Stalls:                          0 cycles
   Executed Nodes:                  220228 cycles

   ========= Kernel Validation Stats ==========
   Kernel validation enabled:       NO
   Configured latency per check:    0 us

   --- Access Breakdown ---
   Total memory accesses (validated): 0
   Cache hits (0 latency):          0
   Validation requests (full lat):  0
     of which DMA-ctrl writes:      0
   Coalesced waits (partial lat):   0
   Validations denied:              0

   --- Latency Breakdown ---
   Validation request latency:      0 us
   Coalesced wait latency:          0 us
   TOTAL SECURITY OVERHEAD:         0 us
   Avg latency per validation:      0 us
   Avg latency per coalesced wait:  0 us
   Avg overhead per blocked access: 0 us

   --- Cache Statistics ---
   Processes with cached pages:     0
   Unique pages validated (total):  0
   Cache hit rate:                  0%

   ========= IOMMU Stats =====================
   IOMMU enabled:                   YES
   IOMMU SimObject:                 system.body.iommu

   --- Access Breakdown ---
   Total IOMMU checks:              24902251
   IOTLB hits:                      24902207
   IOTLB misses (page walks):       44
   IOTLB hit rate:                  99.9998%

   --- Latency Breakdown ---
   TOTAL IOMMU OVERHEAD:            49815.4 us
   Avg latency per access:          0.00200044 us

********************************************************************************
system.body.body_residual.llvm_interface
Total Area: 6459.95
Total Power Static: 8.22567

Total Power Dynamic: 32.8969
   ========= Performance Analysis =============
   Setup Time:                      0h 0m 0s 0ms 393us
   Simulation Time (Total):         0h 2m 18s 821ms
   Simulation Time (Active):        0h 0m 0s 32ms
        Queue Processing Time:      0h 0m 0s 23ms
             Scheduling Time:       0h 0m 0s 10ms
             Computation Time:      0h 0m 0s 1ms
   System Clock:                    0.1GHz
   Runtime:                         137045 cycles
   Runtime:                         1370.45 us
   Stalls:                          0 cycles
   Executed Nodes:                  137044 cycles

   ========= Kernel Validation Stats ==========
   Kernel validation enabled:       NO
   Configured latency per check:    0 us

   --- Access Breakdown ---
   Total memory accesses (validated): 0
   Cache hits (0 latency):          0
   Validation requests (full lat):  0
     of which DMA-ctrl writes:      0
   Coalesced waits (partial lat):   0
   Validations denied:              0

   --- Latency Breakdown ---
   Validation request latency:      0 us
   Coalesced wait latency:          0 us
   TOTAL SECURITY OVERHEAD:         0 us
   Avg latency per validation:      0 us
   Avg latency per coalesced wait:  0 us
   Avg overhead per blocked access: 0 us

   --- Cache Statistics ---
   Processes with cached pages:     0
   Unique pages validated (total):  0
   Cache hit rate:                  0%

   ========= IOMMU Stats =====================
   IOMMU enabled:                   YES
   IOMMU SimObject:                 system.body.iommu

   --- Access Breakdown ---
   Total IOMMU checks:              25572746
   IOTLB hits:                      25572701
   IOTLB misses (page walks):       45
   IOTLB hit rate:                  99.9998%

   --- Latency Breakdown ---
   TOTAL IOMMU OVERHEAD:            51156.7 us
   Avg latency per access:          0.00200044 us

********************************************************************************
system.body.body_pwconv0.llvm_interface
Total Area: 144454
Total Power Static: 918.962

Total Power Dynamic: 22508.7
   ========= Performance Analysis =============
   Setup Time:                      0h 0m 0s 0ms 777us
   Simulation Time (Total):         0h 2m 49s 77ms
   Simulation Time (Active):        0h 0m 10s 318ms
        Queue Processing Time:      0h 0m 10s 310ms
             Scheduling Time:       0h 0m 5s 793ms
             Computation Time:      0h 0m 0s 150ms
   System Clock:                    0.1GHz
   Runtime:                         166679 cycles
   Runtime:                         1666.79 us
   Stalls:                          0 cycles
   Executed Nodes:                  166678 cycles

   ========= Kernel Validation Stats ==========
   Kernel validation enabled:       NO
   Configured latency per check:    0 us

   --- Access Breakdown ---
   Total memory accesses (validated): 0
   Cache hits (0 latency):          0
   Validation requests (full lat):  0
     of which DMA-ctrl writes:      0
   Coalesced waits (partial lat):   0
   Validations denied:              0

   --- Latency Breakdown ---
   Validation request latency:      0 us
   Coalesced wait latency:          0 us
   TOTAL SECURITY OVERHEAD:         0 us
   Avg latency per validation:      0 us
   Avg latency per coalesced wait:  0 us
   Avg overhead per blocked access: 0 us

   --- Cache Statistics ---
   Processes with cached pages:     0
   Unique pages validated (total):  0
   Cache hit rate:                  0%

   ========= IOMMU Stats =====================
   IOMMU enabled:                   YES
   IOMMU SimObject:                 system.body.iommu

   --- Access Breakdown ---
   Total IOMMU checks:              25717612
   IOTLB hits:                      25717567
   IOTLB misses (page walks):       45
   IOTLB hit rate:                  99.9998%

   --- Latency Breakdown ---
   TOTAL IOMMU OVERHEAD:            51446.4 us
   Avg latency per access:          0.00200043 us

********************************************************************************
system.body.body_dwconv.llvm_interface
Total Area: 1.55531e+06
Total Power Static: 13333.2

Total Power Dynamic: 151645
   ========= Performance Analysis =============
   Setup Time:                      0h 0m 0s 9ms 19us
   Simulation Time (Total):         0h 3m 23s 55ms
   Simulation Time (Active):        0h 1m 20s 848ms
        Queue Processing Time:      0h 1m 20s 839ms
             Scheduling Time:       0h 1m 14s 520ms
             Computation Time:      0h 0m 0s 845ms
   System Clock:                    0.1GHz
   Runtime:                         201651 cycles
   Runtime:                         2016.51 us
   Stalls:                          0 cycles
   Executed Nodes:                  201650 cycles

   ========= Kernel Validation Stats ==========
   Kernel validation enabled:       NO
   Configured latency per check:    0 us

   --- Access Breakdown ---
   Total memory accesses (validated): 0
   Cache hits (0 latency):          0
   Validation requests (full lat):  0
     of which DMA-ctrl writes:      0
   Coalesced waits (partial lat):   0
   Validations denied:              0

   --- Latency Breakdown ---
   Validation request latency:      0 us
   Coalesced wait latency:          0 us
   TOTAL SECURITY OVERHEAD:         0 us
   Avg latency per validation:      0 us
   Avg latency per coalesced wait:  0 us
   Avg overhead per blocked access: 0 us

   --- Cache Statistics ---
   Processes with cached pages:     0
   Unique pages validated (total):  0
   Cache hit rate:                  0%

   ========= IOMMU Stats =====================
   IOMMU enabled:                   YES
   IOMMU SimObject:                 system.body.iommu

   --- Access Breakdown ---
   Total IOMMU checks:              25878927
   IOTLB hits:                      25878882
   IOTLB misses (page walks):       45
   IOTLB hit rate:                  99.9998%

   --- Latency Breakdown ---
   TOTAL IOMMU OVERHEAD:            51769 us
   Avg latency per access:          0.00200043 us

********************************************************************************
system.body.body_pwconv1.llvm_interface
Total Area: 8.99621e+06
Total Power Static: 46184.6

Total Power Dynamic: 456743
   ========= Performance Analysis =============
   Setup Time:                      0h 0m 0s 133ms 387us
   Simulation Time (Total):         0h 3m 22s 927ms
   Simulation Time (Active):        0h 1m 40s 853ms
        Queue Processing Time:      0h 1m 40s 846ms
             Scheduling Time:       0h 1m 30s 21ms
             Computation Time:      0h 0m 2s 669ms
   System Clock:                    0.1GHz
   Runtime:                         202340 cycles
   Runtime:                         2023.4 us
   Stalls:                          0 cycles
   Executed Nodes:                  202339 cycles

   ========= Kernel Validation Stats ==========
   Kernel validation enabled:       NO
   Configured latency per check:    0 us

   --- Access Breakdown ---
   Total memory accesses (validated): 0
   Cache hits (0 latency):          0
   Validation requests (full lat):  0
     of which DMA-ctrl writes:      0
   Coalesced waits (partial lat):   0
   Validations denied:              0

   --- Latency Breakdown ---
   Validation request latency:      0 us
   Coalesced wait latency:          0 us
   TOTAL SECURITY OVERHEAD:         0 us
   Avg latency per validation:      0 us
   Avg latency per coalesced wait:  0 us
   Avg overhead per blocked access: 0 us

   --- Cache Statistics ---
   Processes with cached pages:     0
   Unique pages validated (total):  0
   Cache hit rate:                  0%

   ========= IOMMU Stats =====================
   IOMMU enabled:                   YES
   IOMMU SimObject:                 system.body.iommu

   --- Access Breakdown ---
   Total IOMMU checks:              25879688
   IOTLB hits:                      25879643
   IOTLB misses (page walks):       45
   IOTLB hit rate:                  99.9998%

   --- Latency Breakdown ---
   TOTAL IOMMU OVERHEAD:            51770.5 us
   Avg latency per access:          0.00200043 us

********************************************************************************
system.body.body_top.llvm_interface
Total Area: 44993
Total Power Static: 0.959791

Total Power Dynamic: 4.75526
   ========= Performance Analysis =============
   Setup Time:                      0h 0m 0s 7ms 403us
   Simulation Time (Total):         0h 3m 23s 510ms
   Simulation Time (Active):        0h 0m 0s 69ms
        Queue Processing Time:      0h 0m 0s 51ms
             Scheduling Time:       0h 0m 0s 20ms
             Computation Time:      0h 0m 0s 5ms
   System Clock:                    0.1GHz
   Runtime:                         220882 cycles
   Runtime:                         2208.82 us
   Stalls:                          0 cycles
   Executed Nodes:                  220881 cycles

   ========= Kernel Validation Stats ==========
   Kernel validation enabled:       NO
   Configured latency per check:    0 us

   --- Access Breakdown ---
   Total memory accesses (validated): 0
   Cache hits (0 latency):          0
   Validation requests (full lat):  0
     of which DMA-ctrl writes:      0
   Coalesced waits (partial lat):   0
   Validations denied:              0

   --- Latency Breakdown ---
   Validation request latency:      0 us
   Coalesced wait latency:          0 us
   TOTAL SECURITY OVERHEAD:         0 us
   Avg latency per validation:      0 us
   Avg latency per coalesced wait:  0 us
   Avg overhead per blocked access: 0 us

   --- Cache Statistics ---
   Processes with cached pages:     0
   Unique pages validated (total):  0
   Cache hit rate:                  0%

   ========= IOMMU Stats =====================
   IOMMU enabled:                   YES
   IOMMU SimObject:                 system.body.iommu

   --- Access Breakdown ---
   Total IOMMU checks:              25879690
   IOTLB hits:                      25879645
   IOTLB misses (page walks):       45
   IOTLB hit rate:                  99.9998%

   --- Latency Breakdown ---
   TOTAL IOMMU OVERHEAD:            51770.5 us
   Avg latency per access:          0.00200043 us

********************************************************************************
system.body.body_residual.llvm_interface
Total Area: 6998.28
Total Power Static: 8.22567

Total Power Dynamic: 32.8969
   ========= Performance Analysis =============
   Setup Time:                      0h 0m 0s 0ms 395us
   Simulation Time (Total):         0h 1m 34s 929ms
   Simulation Time (Active):        0h 0m 0s 25ms
        Queue Processing Time:      0h 0m 0s 19ms
             Scheduling Time:       0h 0m 0s 9ms
             Computation Time:      0h 0m 0s 1ms
   System Clock:                    0.1GHz
   Runtime:                         89840 cycles
   Runtime:                         898.4 us
   Stalls:                          0 cycles
   Executed Nodes:                  89839 cycles

   ========= Kernel Validation Stats ==========
   Kernel validation enabled:       NO
   Configured latency per check:    0 us

   --- Access Breakdown ---
   Total memory accesses (validated): 0
   Cache hits (0 latency):          0
   Validation requests (full lat):  0
     of which DMA-ctrl writes:      0
   Coalesced waits (partial lat):   0
   Validations denied:              0

   --- Latency Breakdown ---
   Validation request latency:      0 us
   Coalesced wait latency:          0 us
   TOTAL SECURITY OVERHEAD:         0 us
   Avg latency per validation:      0 us
   Avg latency per coalesced wait:  0 us
   Avg overhead per blocked access: 0 us

   --- Cache Statistics ---
   Processes with cached pages:     0
   Unique pages validated (total):  0
   Cache hit rate:                  0%

   ========= IOMMU Stats =====================
   IOMMU enabled:                   YES
   IOMMU SimObject:                 system.body.iommu

   --- Access Breakdown ---
   Total IOMMU checks:              26322965
   IOTLB hits:                      26322917
   IOTLB misses (page walks):       48
   IOTLB hit rate:                  99.9998%

   --- Latency Breakdown ---
   TOTAL IOMMU OVERHEAD:            52657.8 us
   Avg latency per access:          0.00200045 us

********************************************************************************
system.body.body_pwconv0.llvm_interface
Total Area: 156491
Total Power Static: 918.962

Total Power Dynamic: 22508.7
   ========= Performance Analysis =============
   Setup Time:                      0h 0m 0s 0ms 768us
   Simulation Time (Total):         0h 2m 2s 162ms
   Simulation Time (Active):        0h 0m 9s 573ms
        Queue Processing Time:      0h 0m 9s 567ms
             Scheduling Time:       0h 0m 5s 521ms
             Computation Time:      0h 0m 0s 146ms
   System Clock:                    0.1GHz
   Runtime:                         116115 cycles
   Runtime:                         1161.15 us
   Stalls:                          0 cycles
   Executed Nodes:                  116114 cycles

   ========= Kernel Validation Stats ==========
   Kernel validation enabled:       NO
   Configured latency per check:    0 us

   --- Access Breakdown ---
   Total memory accesses (validated): 0
   Cache hits (0 latency):          0
   Validation requests (full lat):  0
     of which DMA-ctrl writes:      0
   Coalesced waits (partial lat):   0
   Validations denied:              0

   --- Latency Breakdown ---
   Validation request latency:      0 us
   Coalesced wait latency:          0 us
   TOTAL SECURITY OVERHEAD:         0 us
   Avg latency per validation:      0 us
   Avg latency per coalesced wait:  0 us
   Avg overhead per blocked access: 0 us

   --- Cache Statistics ---
   Processes with cached pages:     0
   Unique pages validated (total):  0
   Cache hit rate:                  0%

   ========= IOMMU Stats =====================
   IOMMU enabled:                   YES
   IOMMU SimObject:                 system.body.iommu

   --- Access Breakdown ---
   Total IOMMU checks:              26453333
   IOTLB hits:                      26453285
   IOTLB misses (page walks):       48
   IOTLB hit rate:                  99.9998%

   --- Latency Breakdown ---
   TOTAL IOMMU OVERHEAD:            52918.6 us
   Avg latency per access:          0.00200045 us

********************************************************************************
system.body.body_pwconv1.llvm_interface
Total Area: 9.7459e+06
Total Power Static: 20189.6

Total Power Dynamic: 199684
   ========= Performance Analysis =============
   Setup Time:                      0h 0m 0s 136ms 583us
   Simulation Time (Total):         0h 2m 5s 155ms
   Simulation Time (Active):        0h 0m 43s 89ms
        Queue Processing Time:      0h 0m 43s 85ms
             Scheduling Time:       0h 0m 38s 574ms
             Computation Time:      0h 0m 1s 161ms
   System Clock:                    0.1GHz
   Runtime:                         118996 cycles
   Runtime:                         1189.96 us
   Stalls:                          0 cycles
   Executed Nodes:                  118995 cycles

   ========= Kernel Validation Stats ==========
   Kernel validation enabled:       NO
   Configured latency per check:    0 us

   --- Access Breakdown ---
   Total memory accesses (validated): 0
   Cache hits (0 latency):          0
   Validation requests (full lat):  0
     of which DMA-ctrl writes:      0
   Coalesced waits (partial lat):   0
   Validations denied:              0

   --- Latency Breakdown ---
   Validation request latency:      0 us
   Coalesced wait latency:          0 us
   TOTAL SECURITY OVERHEAD:         0 us
   Avg latency per validation:      0 us
   Avg latency per coalesced wait:  0 us
   Avg overhead per blocked access: 0 us

   --- Cache Statistics ---
   Processes with cached pages:     0
   Unique pages validated (total):  0
   Cache hit rate:                  0%

   ========= IOMMU Stats =====================
   IOMMU enabled:                   YES
   IOMMU SimObject:                 system.body.iommu

   --- Access Breakdown ---
   Total IOMMU checks:              26465990
   IOTLB hits:                      26465942
   IOTLB misses (page walks):       48
   IOTLB hit rate:                  99.9998%

   --- Latency Breakdown ---
   TOTAL IOMMU OVERHEAD:            52943.9 us
   Avg latency per access:          0.00200045 us

********************************************************************************
system.body.body_dwconv.llvm_interface
Total Area: 1.68492e+06
Total Power Static: 13321

Total Power Dynamic: 151645
   ========= Performance Analysis =============
   Setup Time:                      0h 0m 0s 9ms 178us
   Simulation Time (Total):         0h 2m 18s 238ms
   Simulation Time (Active):        0h 1m 18s 858ms
        Queue Processing Time:      0h 1m 18s 849ms
             Scheduling Time:       0h 1m 13s 254ms
             Computation Time:      0h 0m 0s 835ms
   System Clock:                    0.1GHz
   Runtime:                         130552 cycles
   Runtime:                         1305.52 us
   Stalls:                          0 cycles
   Executed Nodes:                  130551 cycles

   ========= Kernel Validation Stats ==========
   Kernel validation enabled:       NO
   Configured latency per check:    0 us

   --- Access Breakdown ---
   Total memory accesses (validated): 0
   Cache hits (0 latency):          0
   Validation requests (full lat):  0
     of which DMA-ctrl writes:      0
   Coalesced waits (partial lat):   0
   Validations denied:              0

   --- Latency Breakdown ---
   Validation request latency:      0 us
   Coalesced wait latency:          0 us
   TOTAL SECURITY OVERHEAD:         0 us
   Avg latency per validation:      0 us
   Avg latency per coalesced wait:  0 us
   Avg overhead per blocked access: 0 us

   --- Cache Statistics ---
   Processes with cached pages:     0
   Unique pages validated (total):  0
   Cache hit rate:                  0%

   ========= IOMMU Stats =====================
   IOMMU enabled:                   YES
   IOMMU SimObject:                 system.body.iommu

   --- Access Breakdown ---
   Total IOMMU checks:              26514606
   IOTLB hits:                      26514558
   IOTLB misses (page walks):       48
   IOTLB hit rate:                  99.9998%

   --- Latency Breakdown ---
   TOTAL IOMMU OVERHEAD:            53041.1 us
   Avg latency per access:          0.00200045 us

********************************************************************************
system.body.body_top.llvm_interface
Total Area: 48742.4
Total Power Static: 0.95918

Total Power Dynamic: 4.75225
   ========= Performance Analysis =============
   Setup Time:                      0h 0m 0s 7ms 437us
   Simulation Time (Total):         0h 2m 18s 661ms
   Simulation Time (Active):        0h 0m 0s 54ms
        Queue Processing Time:      0h 0m 0s 42ms
             Scheduling Time:       0h 0m 0s 17ms
             Computation Time:      0h 0m 0s 4ms
   System Clock:                    0.1GHz
   Runtime:                         149078 cycles
   Runtime:                         1490.78 us
   Stalls:                          0 cycles
   Executed Nodes:                  149077 cycles

   ========= Kernel Validation Stats ==========
   Kernel validation enabled:       NO
   Configured latency per check:    0 us

   --- Access Breakdown ---
   Total memory accesses (validated): 0
   Cache hits (0 latency):          0
   Validation requests (full lat):  0
     of which DMA-ctrl writes:      0
   Coalesced waits (partial lat):   0
   Validations denied:              0

   --- Latency Breakdown ---
   Validation request latency:      0 us
   Coalesced wait latency:          0 us
   TOTAL SECURITY OVERHEAD:         0 us
   Avg latency per validation:      0 us
   Avg latency per coalesced wait:  0 us
   Avg overhead per blocked access: 0 us

   --- Cache Statistics ---
   Processes with cached pages:     0
   Unique pages validated (total):  0
   Cache hit rate:                  0%

   ========= IOMMU Stats =====================
   IOMMU enabled:                   YES
   IOMMU SimObject:                 system.body.iommu

   --- Access Breakdown ---
   Total IOMMU checks:              26514609
   IOTLB hits:                      26514561
   IOTLB misses (page walks):       48
   IOTLB hit rate:                  99.9998%

   --- Latency Breakdown ---
   TOTAL IOMMU OVERHEAD:            53041.1 us
   Avg latency per access:          0.00200045 us

********************************************************************************
system.body.body_residual.llvm_interface
Total Area: 7536.61
Total Power Static: 2.39747

Total Power Dynamic: 7.19619
   ========= Performance Analysis =============
   Setup Time:                      0h 0m 0s 0ms 379us
   Simulation Time (Total):         0h 0m 24s 195ms
   Simulation Time (Active):        0h 0m 0s 7ms
        Queue Processing Time:      0h 0m 0s 5ms
             Scheduling Time:       0h 0m 0s 2ms
             Computation Time:      0h 0m 0s 0ms
   System Clock:                    0.1GHz
   Runtime:                         29603 cycles
   Runtime:                         296.03 us
   Stalls:                          0 cycles
   Executed Nodes:                  29602 cycles

   ========= Kernel Validation Stats ==========
   Kernel validation enabled:       NO
   Configured latency per check:    0 us

   --- Access Breakdown ---
   Total memory accesses (validated): 0
   Cache hits (0 latency):          0
   Validation requests (full lat):  0
     of which DMA-ctrl writes:      0
   Coalesced waits (partial lat):   0
   Validations denied:              0

   --- Latency Breakdown ---
   Validation request latency:      0 us
   Coalesced wait latency:          0 us
   TOTAL SECURITY OVERHEAD:         0 us
   Avg latency per validation:      0 us
   Avg latency per coalesced wait:  0 us
   Avg overhead per blocked access: 0 us

   --- Cache Statistics ---
   Processes with cached pages:     0
   Unique pages validated (total):  0
   Cache hit rate:                  0%

   ========= IOMMU Stats =====================
   IOMMU enabled:                   YES
   IOMMU SimObject:                 system.body.iommu

   --- Access Breakdown ---
   Total IOMMU checks:              26661014
   IOTLB hits:                      26660964
   IOTLB misses (page walks):       50
   IOTLB hit rate:                  99.9998%

   --- Latency Breakdown ---
   TOTAL IOMMU OVERHEAD:            53334.4 us
   Avg latency per access:          0.00200047 us

********************************************************************************
system.body.body_pwconv0.llvm_interface
Total Area: 168529
Total Power Static: 399.351

Total Power Dynamic: 9823.92
   ========= Performance Analysis =============
   Setup Time:                      0h 0m 0s 0ms 760us
   Simulation Time (Total):         0h 0m 50s 612ms
   Simulation Time (Active):        0h 0m 3s 12ms
        Queue Processing Time:      0h 0m 3s 7ms
             Scheduling Time:       0h 0m 1s 754ms
             Computation Time:      0h 0m 0s 53ms
   System Clock:                    0.1GHz
   Runtime:                         55709 cycles
   Runtime:                         557.09 us
   Stalls:                          0 cycles
   Executed Nodes:                  55708 cycles

   ========= Kernel Validation Stats ==========
   Kernel validation enabled:       NO
   Configured latency per check:    0 us

   --- Access Breakdown ---
   Total memory accesses (validated): 0
   Cache hits (0 latency):          0
   Validation requests (full lat):  0
     of which DMA-ctrl writes:      0
   Coalesced waits (partial lat):   0
   Validations denied:              0

   --- Latency Breakdown ---
   Validation request latency:      0 us
   Coalesced wait latency:          0 us
   TOTAL SECURITY OVERHEAD:         0 us
   Avg latency per validation:      0 us
   Avg latency per coalesced wait:  0 us
   Avg overhead per blocked access: 0 us

   --- Cache Statistics ---
   Processes with cached pages:     0
   Unique pages validated (total):  0
   Cache hit rate:                  0%

   ========= IOMMU Stats =====================
   IOMMU enabled:                   YES
   IOMMU SimObject:                 system.body.iommu

   --- Access Breakdown ---
   Total IOMMU checks:              26788643
   IOTLB hits:                      26788593
   IOTLB misses (page walks):       50
   IOTLB hit rate:                  99.9998%

   --- Latency Breakdown ---
   TOTAL IOMMU OVERHEAD:            53589.7 us
   Avg latency per access:          0.00200046 us

********************************************************************************
system.body.body_pwconv1.llvm_interface
Total Area: 1.04956e+07
Total Power Static: 20189.6

Total Power Dynamic: 199684
   ========= Performance Analysis =============
   Setup Time:                      0h 0m 0s 130ms 819us
   Simulation Time (Total):         0h 1m 23s 6ms
   Simulation Time (Active):        0h 0m 40s 756ms
        Queue Processing Time:      0h 0m 40s 752ms
             Scheduling Time:       0h 0m 36s 349ms
             Computation Time:      0h 0m 1s 124ms
   System Clock:                    0.1GHz
   Runtime:                         87426 cycles
   Runtime:                         874.26 us
   Stalls:                          0 cycles
   Executed Nodes:                  87425 cycles

   ========= Kernel Validation Stats ==========
   Kernel validation enabled:       NO
   Configured latency per check:    0 us

   --- Access Breakdown ---
   Total memory accesses (validated): 0
   Cache hits (0 latency):          0
   Validation requests (full lat):  0
     of which DMA-ctrl writes:      0
   Coalesced waits (partial lat):   0
   Validations denied:              0

   --- Latency Breakdown ---
   Validation request latency:      0 us
   Coalesced wait latency:          0 us
   TOTAL SECURITY OVERHEAD:         0 us
   Avg latency per validation:      0 us
   Avg latency per coalesced wait:  0 us
   Avg overhead per blocked access: 0 us

   --- Cache Statistics ---
   Processes with cached pages:     0
   Unique pages validated (total):  0
   Cache hit rate:                  0%

   ========= IOMMU Stats =====================
   IOMMU enabled:                   YES
   IOMMU SimObject:                 system.body.iommu

   --- Access Breakdown ---
   Total IOMMU checks:              26937763
   IOTLB hits:                      26937713
   IOTLB misses (page walks):       50
   IOTLB hit rate:                  99.9998%

   --- Latency Breakdown ---
   TOTAL IOMMU OVERHEAD:            53887.9 us
   Avg latency per access:          0.00200046 us

********************************************************************************
system.body.body_dwconv.llvm_interface
Total Area: 1.81453e+06
Total Power Static: 5467.5

Total Power Dynamic: 63163.1
   ========= Performance Analysis =============
   Setup Time:                      0h 0m 0s 8ms 646us
   Simulation Time (Total):         0h 1m 23s 310ms
   Simulation Time (Active):        0h 0m 34s 972ms
        Queue Processing Time:      0h 0m 34s 966ms
             Scheduling Time:       0h 0m 31s 919ms
             Computation Time:      0h 0m 0s 345ms
   System Clock:                    0.1GHz
   Runtime:                         88523 cycles
   Runtime:                         885.23 us
   Stalls:                          0 cycles
   Executed Nodes:                  88522 cycles

   ========= Kernel Validation Stats ==========
   Kernel validation enabled:       NO
   Configured latency per check:    0 us

   --- Access Breakdown ---
   Total memory accesses (validated): 0
   Cache hits (0 latency):          0
   Validation requests (full lat):  0
     of which DMA-ctrl writes:      0
   Coalesced waits (partial lat):   0
   Validations denied:              0

   --- Latency Breakdown ---
   Validation request latency:      0 us
   Coalesced wait latency:          0 us
   TOTAL SECURITY OVERHEAD:         0 us
   Avg latency per validation:      0 us
   Avg latency per coalesced wait:  0 us
   Avg overhead per blocked access: 0 us

   --- Cache Statistics ---
   Processes with cached pages:     0
   Unique pages validated (total):  0
   Cache hit rate:                  0%

   ========= IOMMU Stats =====================
   IOMMU enabled:                   YES
   IOMMU SimObject:                 system.body.iommu

   --- Access Breakdown ---
   Total IOMMU checks:              26941942
   IOTLB hits:                      26941892
   IOTLB misses (page walks):       50
   IOTLB hit rate:                  99.9998%

   --- Latency Breakdown ---
   TOTAL IOMMU OVERHEAD:            53896.3 us
   Avg latency per access:          0.00200046 us

********************************************************************************
system.body.body_top.llvm_interface
Total Area: 52491.8
Total Power Static: 0.960402

Total Power Dynamic: 4.75826
   ========= Performance Analysis =============
   Setup Time:                      0h 0m 0s 19ms 140us
   Simulation Time (Total):         0h 1m 23s 700ms
   Simulation Time (Active):        0h 0m 0s 34ms
        Queue Processing Time:      0h 0m 0s 26ms
             Scheduling Time:       0h 0m 0s 11ms
             Computation Time:      0h 0m 0s 2ms
   System Clock:                    0.1GHz
   Runtime:                         107070 cycles
   Runtime:                         1070.7 us
   Stalls:                          0 cycles
   Executed Nodes:                  107069 cycles

   ========= Kernel Validation Stats ==========
   Kernel validation enabled:       NO
   Configured latency per check:    0 us

   --- Access Breakdown ---
   Total memory accesses (validated): 0
   Cache hits (0 latency):          0
   Validation requests (full lat):  0
     of which DMA-ctrl writes:      0
   Coalesced waits (partial lat):   0
   Validations denied:              0

   --- Latency Breakdown ---
   Validation request latency:      0 us
   Coalesced wait latency:          0 us
   TOTAL SECURITY OVERHEAD:         0 us
   Avg latency per validation:      0 us
   Avg latency per coalesced wait:  0 us
   Avg overhead per blocked access: 0 us

   --- Cache Statistics ---
   Processes with cached pages:     0
   Unique pages validated (total):  0
   Cache hit rate:                  0%

   ========= IOMMU Stats =====================
   IOMMU enabled:                   YES
   IOMMU SimObject:                 system.body.iommu

   --- Access Breakdown ---
   Total IOMMU checks:              26941945
   IOTLB hits:                      26941895
   IOTLB misses (page walks):       50
   IOTLB hit rate:                  99.9998%

   --- Latency Breakdown ---
   TOTAL IOMMU OVERHEAD:            53896.3 us
   Avg latency per access:          0.00200046 us

********************************************************************************
system.body.body_residual.llvm_interface
Total Area: 8074.94
Total Power Static: 3.59739

Total Power Dynamic: 14.3924
   ========= Performance Analysis =============
   Setup Time:                      0h 0m 0s 0ms 392us
   Simulation Time (Total):         0h 0m 24s 114ms
   Simulation Time (Active):        0h 0m 0s 8ms
        Queue Processing Time:      0h 0m 0s 6ms
             Scheduling Time:       0h 0m 0s 2ms
             Computation Time:      0h 0m 0s 0ms
   System Clock:                    0.1GHz
   Runtime:                         30375 cycles
   Runtime:                         303.75 us
   Stalls:                          0 cycles
   Executed Nodes:                  30374 cycles

   ========= Kernel Validation Stats ==========
   Kernel validation enabled:       NO
   Configured latency per check:    0 us

   --- Access Breakdown ---
   Total memory accesses (validated): 0
   Cache hits (0 latency):          0
   Validation requests (full lat):  0
     of which DMA-ctrl writes:      0
   Coalesced waits (partial lat):   0
   Validations denied:              0

   --- Latency Breakdown ---
   Validation request latency:      0 us
   Coalesced wait latency:          0 us
   TOTAL SECURITY OVERHEAD:         0 us
   Avg latency per validation:      0 us
   Avg latency per coalesced wait:  0 us
   Avg overhead per blocked access: 0 us

   --- Cache Statistics ---
   Processes with cached pages:     0
   Unique pages validated (total):  0
   Cache hit rate:                  0%

   ========= IOMMU Stats =====================
   IOMMU enabled:                   YES
   IOMMU SimObject:                 system.body.iommu

   --- Access Breakdown ---
   Total IOMMU checks:              27088932
   IOTLB hits:                      27088881
   IOTLB misses (page walks):       51
   IOTLB hit rate:                  99.9998%

   --- Latency Breakdown ---
   TOTAL IOMMU OVERHEAD:            54190.5 us
   Avg latency per access:          0.00200047 us

********************************************************************************
system.body.body_pwconv0.llvm_interface
Total Area: 180567
Total Power Static: 399.351

Total Power Dynamic: 9823.92
   ========= Performance Analysis =============
   Setup Time:                      0h 0m 0s 0ms 755us
   Simulation Time (Total):         0h 0m 49s 787ms
   Simulation Time (Active):        0h 0m 3s 39ms
        Queue Processing Time:      0h 0m 3s 35ms
             Scheduling Time:       0h 0m 1s 747ms
             Computation Time:      0h 0m 0s 54ms
   System Clock:                    0.1GHz
   Runtime:                         56481 cycles
   Runtime:                         564.81 us
   Stalls:                          0 cycles
   Executed Nodes:                  56480 cycles

   ========= Kernel Validation Stats ==========
   Kernel validation enabled:       NO
   Configured latency per check:    0 us

   --- Access Breakdown ---
   Total memory accesses (validated): 0
   Cache hits (0 latency):          0
   Validation requests (full lat):  0
     of which DMA-ctrl writes:      0
   Coalesced waits (partial lat):   0
   Validations denied:              0

   --- Latency Breakdown ---
   Validation request latency:      0 us
   Coalesced wait latency:          0 us
   TOTAL SECURITY OVERHEAD:         0 us
   Avg latency per validation:      0 us
   Avg latency per coalesced wait:  0 us
   Avg overhead per blocked access: 0 us

   --- Cache Statistics ---
   Processes with cached pages:     0
   Unique pages validated (total):  0
   Cache hit rate:                  0%

   ========= IOMMU Stats =====================
   IOMMU enabled:                   YES
   IOMMU SimObject:                 system.body.iommu

   --- Access Breakdown ---
   Total IOMMU checks:              27216561
   IOTLB hits:                      27216510
   IOTLB misses (page walks):       51
   IOTLB hit rate:                  99.9998%

   --- Latency Breakdown ---
   TOTAL IOMMU OVERHEAD:            54445.8 us
   Avg latency per access:          0.00200046 us

********************************************************************************
system.body.body_pwconv1.llvm_interface
Total Area: 1.12453e+07
Total Power Static: 20189.6

Total Power Dynamic: 199684
   ========= Performance Analysis =============
   Setup Time:                      0h 0m 0s 138ms 225us
   Simulation Time (Total):         0h 1m 20s 838ms
   Simulation Time (Active):        0h 0m 39s 314ms
        Queue Processing Time:      0h 0m 39s 311ms
             Scheduling Time:       0h 0m 35s 346ms
             Computation Time:      0h 0m 1s 47ms
   System Clock:                    0.1GHz
   Runtime:                         88198 cycles
   Runtime:                         881.98 us
   Stalls:                          0 cycles
   Executed Nodes:                  88197 cycles

   ========= Kernel Validation Stats ==========
   Kernel validation enabled:       NO
   Configured latency per check:    0 us

   --- Access Breakdown ---
   Total memory accesses (validated): 0
   Cache hits (0 latency):          0
   Validation requests (full lat):  0
     of which DMA-ctrl writes:      0
   Coalesced waits (partial lat):   0
   Validations denied:              0

   --- Latency Breakdown ---
   Validation request latency:      0 us
   Coalesced wait latency:          0 us
   TOTAL SECURITY OVERHEAD:         0 us
   Avg latency per validation:      0 us
   Avg latency per coalesced wait:  0 us
   Avg overhead per blocked access: 0 us

   --- Cache Statistics ---
   Processes with cached pages:     0
   Unique pages validated (total):  0
   Cache hit rate:                  0%

   ========= IOMMU Stats =====================
   IOMMU enabled:                   YES
   IOMMU SimObject:                 system.body.iommu

   --- Access Breakdown ---
   Total IOMMU checks:              27365681
   IOTLB hits:                      27365630
   IOTLB misses (page walks):       51
   IOTLB hit rate:                  99.9998%

   --- Latency Breakdown ---
   TOTAL IOMMU OVERHEAD:            54744 us
   Avg latency per access:          0.00200046 us

********************************************************************************
system.body.body_dwconv.llvm_interface
Total Area: 1.94414e+06
Total Power Static: 5467.5

Total Power Dynamic: 63163.1
   ========= Performance Analysis =============
   Setup Time:                      0h 0m 0s 8ms 699us
   Simulation Time (Total):         0h 1m 21s 154ms
   Simulation Time (Active):        0h 0m 34s 403ms
        Queue Processing Time:      0h 0m 34s 399ms
             Scheduling Time:       0h 0m 31s 551ms
             Computation Time:      0h 0m 0s 325ms
   System Clock:                    0.1GHz
   Runtime:                         89295 cycles
   Runtime:                         892.95 us
   Stalls:                          0 cycles
   Executed Nodes:                  89294 cycles

   ========= Kernel Validation Stats ==========
   Kernel validation enabled:       NO
   Configured latency per check:    0 us

   --- Access Breakdown ---
   Total memory accesses (validated): 0
   Cache hits (0 latency):          0
   Validation requests (full lat):  0
     of which DMA-ctrl writes:      0
   Coalesced waits (partial lat):   0
   Validations denied:              0

   --- Latency Breakdown ---
   Validation request latency:      0 us
   Coalesced wait latency:          0 us
   TOTAL SECURITY OVERHEAD:         0 us
   Avg latency per validation:      0 us
   Avg latency per coalesced wait:  0 us
   Avg overhead per blocked access: 0 us

   --- Cache Statistics ---
   Processes with cached pages:     0
   Unique pages validated (total):  0
   Cache hit rate:                  0%

   ========= IOMMU Stats =====================
   IOMMU enabled:                   YES
   IOMMU SimObject:                 system.body.iommu

   --- Access Breakdown ---
   Total IOMMU checks:              27369860
   IOTLB hits:                      27369809
   IOTLB misses (page walks):       51
   IOTLB hit rate:                  99.9998%

   --- Latency Breakdown ---
   TOTAL IOMMU OVERHEAD:            54752.4 us
   Avg latency per access:          0.00200046 us

********************************************************************************
system.body.body_top.llvm_interface
Total Area: 56241.2
Total Power Static: 0.95918

Total Power Dynamic: 4.75225
   ========= Performance Analysis =============
   Setup Time:                      0h 0m 0s 19ms 15us
   Simulation Time (Total):         0h 1m 21s 546ms
   Simulation Time (Active):        0h 0m 0s 32ms
        Queue Processing Time:      0h 0m 0s 24ms
             Scheduling Time:       0h 0m 0s 10ms
             Computation Time:      0h 0m 0s 2ms
   System Clock:                    0.1GHz
   Runtime:                         107821 cycles
   Runtime:                         1078.21 us
   Stalls:                          0 cycles
   Executed Nodes:                  107820 cycles

   ========= Kernel Validation Stats ==========
   Kernel validation enabled:       NO
   Configured latency per check:    0 us

   --- Access Breakdown ---
   Total memory accesses (validated): 0
   Cache hits (0 latency):          0
   Validation requests (full lat):  0
     of which DMA-ctrl writes:      0
   Coalesced waits (partial lat):   0
   Validations denied:              0

   --- Latency Breakdown ---
   Validation request latency:      0 us
   Coalesced wait latency:          0 us
   TOTAL SECURITY OVERHEAD:         0 us
   Avg latency per validation:      0 us
   Avg latency per coalesced wait:  0 us
   Avg overhead per blocked access: 0 us

   --- Cache Statistics ---
   Processes with cached pages:     0
   Unique pages validated (total):  0
   Cache hit rate:                  0%

   ========= IOMMU Stats =====================
   IOMMU enabled:                   YES
   IOMMU SimObject:                 system.body.iommu

   --- Access Breakdown ---
   Total IOMMU checks:              27369863
   IOTLB hits:                      27369812
   IOTLB misses (page walks):       51
   IOTLB hit rate:                  99.9998%

   --- Latency Breakdown ---
   TOTAL IOMMU OVERHEAD:            54752.4 us
   Avg latency per access:          0.00200046 us

********************************************************************************
system.tail.tail_pwconv.llvm_interface
Total Area: 11678.9
Total Power Static: 1439.58

Total Power Dynamic: 37038.2
   ========= Performance Analysis =============
   Setup Time:                      0h 0m 0s 0ms 694us
   Simulation Time (Total):         0h 0m 15s 729ms
   Simulation Time (Active):        0h 0m 6s 346ms
        Queue Processing Time:      0h 0m 6s 340ms
             Scheduling Time:       0h 0m 2s 595ms
             Computation Time:      0h 0m 0s 155ms
   System Clock:                    0.1GHz
   Runtime:                         42145 cycles
   Runtime:                         421.45 us
   Stalls:                          0 cycles
   Executed Nodes:                  42144 cycles

   ========= Kernel Validation Stats ==========
   Kernel validation enabled:       NO
   Configured latency per check:    0 us

   --- Access Breakdown ---
   Total memory accesses (validated): 0
   Cache hits (0 latency):          0
   Validation requests (full lat):  0
     of which DMA-ctrl writes:      0
   Coalesced waits (partial lat):   0
   Validations denied:              0

   --- Latency Breakdown ---
   Validation request latency:      0 us
   Coalesced wait latency:          0 us
   TOTAL SECURITY OVERHEAD:         0 us
   Avg latency per validation:      0 us
   Avg latency per coalesced wait:  0 us
   Avg overhead per blocked access: 0 us

   --- Cache Statistics ---
   Processes with cached pages:     0
   Unique pages validated (total):  0
   Cache hit rate:                  0%

   ========= IOMMU Stats =====================
   IOMMU enabled:                   YES
   IOMMU SimObject:                 system.tail.iommu

   --- Access Breakdown ---
   Total IOMMU checks:              180901
   IOTLB hits:                      180855
   IOTLB misses (page walks):       46
   IOTLB hit rate:                  99.9746%

   --- Latency Breakdown ---
   TOTAL IOMMU OVERHEAD:            373.21 us
   Avg latency per access:          0.00206306 us

********************************************************************************
system.tail.tail_reshape.llvm_interface
Total Area: 10278.6
Total Power Static: 692.426

Total Power Dynamic: 17462.9
   ========= Performance Analysis =============
   Setup Time:                      0h 0m 0s 0ms 345us
   Simulation Time (Total):         0h 0m 15s 693ms
   Simulation Time (Active):        0h 0m 6s 778ms
        Queue Processing Time:      0h 0m 6s 773ms
             Scheduling Time:       0h 0m 3s 898ms
             Computation Time:      0h 0m 0s 25ms
   System Clock:                    0.1GHz
   Runtime:                         42075 cycles
   Runtime:                         420.75 us
   Stalls:                          0 cycles
   Executed Nodes:                  42074 cycles

   ========= Kernel Validation Stats ==========
   Kernel validation enabled:       NO
   Configured latency per check:    0 us

   --- Access Breakdown ---
   Total memory accesses (validated): 0
   Cache hits (0 latency):          0
   Validation requests (full lat):  0
     of which DMA-ctrl writes:      0
   Coalesced waits (partial lat):   0
   Validations denied:              0

   --- Latency Breakdown ---
   Validation request latency:      0 us
   Coalesced wait latency:          0 us
   TOTAL SECURITY OVERHEAD:         0 us
   Avg latency per validation:      0 us
   Avg latency per coalesced wait:  0 us
   Avg overhead per blocked access: 0 us

   --- Cache Statistics ---
   Processes with cached pages:     0
   Unique pages validated (total):  0
   Cache hit rate:                  0%

   ========= IOMMU Stats =====================
   IOMMU enabled:                   YES
   IOMMU SimObject:                 system.tail.iommu

   --- Access Breakdown ---
   Total IOMMU checks:              180921
   IOTLB hits:                      180875
   IOTLB misses (page walks):       46
   IOTLB hit rate:                  99.9746%

   --- Latency Breakdown ---
   TOTAL IOMMU OVERHEAD:            373.25 us
   Avg latency per access:          0.00206306 us

********************************************************************************
system.tail.tail_avgpool.llvm_interface
Total Area: 5554.55
Total Power Static: 178.864

Total Power Dynamic: 2910.95
   ========= Performance Analysis =============
   Setup Time:                      0h 0m 0s 0ms 344us
   Simulation Time (Total):         0h 0m 20s 324ms
   Simulation Time (Active):        0h 0m 6s 130ms
        Queue Processing Time:      0h 0m 6s 124ms
             Scheduling Time:       0h 0m 3s 897ms
             Computation Time:      0h 0m 0s 37ms
   System Clock:                    0.1GHz
   Runtime:                         51499 cycles
   Runtime:                         514.99 us
   Stalls:                          0 cycles
   Executed Nodes:                  51498 cycles

   ========= Kernel Validation Stats ==========
   Kernel validation enabled:       NO
   Configured latency per check:    0 us

   --- Access Breakdown ---
   Total memory accesses (validated): 0
   Cache hits (0 latency):          0
   Validation requests (full lat):  0
     of which DMA-ctrl writes:      0
   Coalesced waits (partial lat):   0
   Validations denied:              0

   --- Latency Breakdown ---
   Validation request latency:      0 us
   Coalesced wait latency:          0 us
   TOTAL SECURITY OVERHEAD:         0 us
   Avg latency per validation:      0 us
   Avg latency per coalesced wait:  0 us
   Avg overhead per blocked access: 0 us

   --- Cache Statistics ---
   Processes with cached pages:     0
   Unique pages validated (total):  0
   Cache hit rate:                  0%

   ========= IOMMU Stats =====================
   IOMMU enabled:                   YES
   IOMMU SimObject:                 system.tail.iommu

   --- Access Breakdown ---
   Total IOMMU checks:              200905
   IOTLB hits:                      200859
   IOTLB misses (page walks):       46
   IOTLB hit rate:                  99.9771%

   --- Latency Breakdown ---
   TOTAL IOMMU OVERHEAD:            413.218 us
   Avg latency per access:          0.00205678 us

********************************************************************************
system.tail.tail_top.llvm_interface
Total Area: 1300.17
Total Power Static: 20.2164

Total Power Dynamic: 99.3595
   ========= Performance Analysis =============
   Setup Time:                      0h 0m 0s 9ms 77us
   Simulation Time (Total):         0h 0m 21s 9ms
   Simulation Time (Active):        0h 0m 0s 123ms
        Queue Processing Time:      0h 0m 0s 115ms
             Scheduling Time:       0h 0m 0s 57ms
             Computation Time:      0h 0m 0s 16ms
   System Clock:                    0.1GHz
   Runtime:                         92470 cycles
   Runtime:                         924.7 us
   Stalls:                          0 cycles
   Executed Nodes:                  92469 cycles

   ========= Kernel Validation Stats ==========
   Kernel validation enabled:       NO
   Configured latency per check:    0 us

   --- Access Breakdown ---
   Total memory accesses (validated): 0
   Cache hits (0 latency):          0
   Validation requests (full lat):  0
     of which DMA-ctrl writes:      0
   Coalesced waits (partial lat):   0
   Validations denied:              0

   --- Latency Breakdown ---
   Validation request latency:      0 us
   Coalesced wait latency:          0 us
   TOTAL SECURITY OVERHEAD:         0 us
   Avg latency per validation:      0 us
   Avg latency per coalesced wait:  0 us
   Avg overhead per blocked access: 0 us

   --- Cache Statistics ---
   Processes with cached pages:     0
   Unique pages validated (total):  0
   Cache hit rate:                  0%

   ========= IOMMU Stats =====================
   IOMMU enabled:                   YES
   IOMMU SimObject:                 system.tail.iommu

   --- Access Breakdown ---
   Total IOMMU checks:              200911
   IOTLB hits:                      200865
   IOTLB misses (page walks):       46
   IOTLB hit rate:                  99.9771%

   --- Latency Breakdown ---
   TOTAL IOMMU OVERHEAD:            413.23 us
   Avg latency per access:          0.00205678 us

********************************************************************************
system.classifier.classifier_linear.llvm_interface
Total Area: 1.83064e+06
Total Power Static: 149974

Total Power Dynamic: 2.0398e+06
   ========= Performance Analysis =============
   Setup Time:                      0h 0m 0s 595ms 969us
   Simulation Time (Total):         0h 20m 38s 353ms
   Simulation Time (Active):        0h 17m 27s 972ms
        Queue Processing Time:      0h 17m 27s 963ms
             Scheduling Time:       0h 17m 3s 856ms
             Computation Time:      0h 0m 6s 917ms
   System Clock:                    0.1GHz
   Runtime:                         1041599 cycles
   Runtime:                         10416 us
   Stalls:                          0 cycles
   Executed Nodes:                  1041598 cycles

   ========= Kernel Validation Stats ==========
   Kernel validation enabled:       NO
   Configured latency per check:    0 us

   --- Access Breakdown ---
   Total memory accesses (validated): 0
   Cache hits (0 latency):          0
   Validation requests (full lat):  0
     of which DMA-ctrl writes:      0
   Coalesced waits (partial lat):   0
   Validations denied:              0

   --- Latency Breakdown ---
   Validation request latency:      0 us
   Coalesced wait latency:          0 us
   TOTAL SECURITY OVERHEAD:         0 us
   Avg latency per validation:      0 us
   Avg latency per coalesced wait:  0 us
   Avg overhead per blocked access: 0 us

   --- Cache Statistics ---
   Processes with cached pages:     0
   Unique pages validated (total):  0
   Cache hit rate:                  0%

   ========= IOMMU Stats =====================
   IOMMU enabled:                   YES
   IOMMU SimObject:                 system.classifier.iommu

   --- Access Breakdown ---
   Total IOMMU checks:              5490269
   IOTLB hits:                      5489637
   IOTLB misses (page walks):       632
   IOTLB hit rate:                  99.9885%

   --- Latency Breakdown ---
   TOTAL IOMMU OVERHEAD:            11137.3 us
   Avg latency per access:          0.00202855 us

********************************************************************************
system.classifier.classifier_top.llvm_interface
Total Area: 1350.54
Total Power Static: 23.4794

Total Power Dynamic: 115.394
   ========= Performance Analysis =============
   Setup Time:                      0h 0m 0s 8ms 742us
   Simulation Time (Total):         0h 20m 44s 306ms
   Simulation Time (Active):        0h 0m 0s 320ms
        Queue Processing Time:      0h 0m 0s 219ms
             Scheduling Time:       0h 0m 0s 86ms
             Computation Time:      0h 0m 0s 27ms
   System Clock:                    0.1GHz
   Runtime:                         1387031 cycles
   Runtime:                         13870.3 us
   Stalls:                          0 cycles
   Executed Nodes:                  1387030 cycles

   ========= Kernel Validation Stats ==========
   Kernel validation enabled:       NO
   Configured latency per check:    0 us

   --- Access Breakdown ---
   Total memory accesses (validated): 0
   Cache hits (0 latency):          0
   Validation requests (full lat):  0
     of which DMA-ctrl writes:      0
   Coalesced waits (partial lat):   0
   Validations denied:              0

   --- Latency Breakdown ---
   Validation request latency:      0 us
   Coalesced wait latency:          0 us
   TOTAL SECURITY OVERHEAD:         0 us
   Avg latency per validation:      0 us
   Avg latency per coalesced wait:  0 us
   Avg overhead per blocked access: 0 us

   --- Cache Statistics ---
   Processes with cached pages:     0
   Unique pages validated (total):  0
   Cache hit rate:                  0%

   ========= IOMMU Stats =====================
   IOMMU enabled:                   YES
   IOMMU SimObject:                 system.classifier.iommu

   --- Access Breakdown ---
   Total IOMMU checks:              5490272
   IOTLB hits:                      5489640
   IOTLB misses (page walks):       632
   IOTLB hit rate:                  99.9885%

   --- Latency Breakdown ---
   TOTAL IOMMU OVERHEAD:            11137.3 us
   Avg latency per access:          0.00202855 us

Exiting @ tick 101663210000 because m5_exit instruction encountered
