build/ARM/base/statistics.hh:277: warn: One of the stats is a legacy stat. Legacy stat is a stat that does not belong to any statistics::Group. Legacy stat is deprecated.
Global frequency set at 1000000000000 ticks per second
build/ARM/mem/mem_interface.cc:793: warn: DRAM device capacity (16384 Mbytes) does not match the address range assigned (4096 Mbytes)
build/ARM/sim/kernel_workload.cc:46: info: kernel located at: /gem5-SALAM/benchmarks/mobilenetv2/sw/main.elf
build/ARM/arch/arm/system.cc:95: warn: Highest ARM exception-level set to AArch64 but the workload is for AArch32. Assuming you wanted these to match.
build/ARM/base/vnc/vncserver.cc:163: warn: Sockets disabled, not accepting vnc client connections
build/ARM/dev/serial/terminal.cc:170: warn: Sockets disabled, not accepting terminal connections
build/ARM/mem/coherent_xbar.cc:140: warn: CoherentXBar system.body.coherency_bus has no snooping ports attached!
build/ARM/mem/coherent_xbar.cc:140: warn: CoherentXBar system.classifier.coherency_bus has no snooping ports attached!
build/ARM/base/remote_gdb.cc:377: warn: Sockets disabled, not accepting gdb connections
build/ARM/mem/coherent_xbar.cc:140: warn: CoherentXBar system.head.coherency_bus has no snooping ports attached!
build/ARM/mem/coherent_xbar.cc:140: warn: CoherentXBar system.tail.coherency_bus has no snooping ports attached!
build/ARM/dev/arm/energy_ctrl.cc:252: warn: Existing EnergyCtrl, but no enabled DVFSHandler found.
gem5 Simulator System.  http://gem5.org
gem5 is copyrighted software; use the --copyright option for details.

gem5 version 21.1.0.1
gem5 compiled May  4 2026 18:12:38
gem5 started May  4 2026 21:43:57
gem5 executing on 3b7fb6fd27b8, pid 2704739
command line: /gem5-SALAM/build/ARM/gem5.opt --listener-mode=off --outdir=/gem5-SALAM/BM_ARM_OUT/run_all/mobilenetv2_35/iommu_e32_m500ns /gem5-SALAM/configs/SALAM/fs_mobilenetv2_35.py --mem-size=4GB --mem-type=DDR4_2400_8x8 --machine-type=VExpress_GEM5_V1 --dtb-file=none --bare-metal --cpu-type=DerivO3CPU --caches --l2cache --kernel=/gem5-SALAM/benchmarks/mobilenetv2/sw/main.elf --disk-image=/gem5-SALAM/benchmarks/common/fake.iso --accpath=/gem5-SALAM/benchmarks/mobilenetv2 --accbench=mobilenetv2_35 --enable-iommu --iotlb-entries 32 --iotlb-hit-latency 2000 --iotlb-miss-latency 500000

[HWAccConfig] IOMMU ENABLED: entries=32, hit_lat=2000, miss_lat=500000
head_top Profile Loaded
[HWAccConfig] IOMMU ENABLED: entries=32, hit_lat=2000, miss_lat=500000
head_NormalConv Profile Loaded
[HWAccConfig] IOMMU ENABLED: entries=32, hit_lat=2000, miss_lat=500000
head_DWConv Profile Loaded
[HWAccConfig] IOMMU ENABLED: entries=32, hit_lat=2000, miss_lat=500000
head_PWConv Profile Loaded
[HWAccConfig] IOMMU ENABLED: entries=32, hit_lat=2000, miss_lat=500000
body_top Profile Loaded
[HWAccConfig] IOMMU ENABLED: entries=32, hit_lat=2000, miss_lat=500000
body_Residual Profile Loaded
[HWAccConfig] IOMMU ENABLED: entries=32, hit_lat=2000, miss_lat=500000
body_PWConv0 Profile Loaded
[HWAccConfig] IOMMU ENABLED: entries=32, hit_lat=2000, miss_lat=500000
body_DWConv Profile Loaded
[HWAccConfig] IOMMU ENABLED: entries=32, hit_lat=2000, miss_lat=500000
body_PWConv1 Profile Loaded
[HWAccConfig] IOMMU ENABLED: entries=32, hit_lat=2000, miss_lat=500000
tail_top Profile Loaded
[HWAccConfig] IOMMU ENABLED: entries=32, hit_lat=2000, miss_lat=500000
tail_PWConv Profile Loaded
[HWAccConfig] IOMMU ENABLED: entries=32, hit_lat=2000, miss_lat=500000
tail_Reshape Profile Loaded
[HWAccConfig] IOMMU ENABLED: entries=32, hit_lat=2000, miss_lat=500000
tail_AvgPool Profile Loaded
[HWAccConfig] IOMMU ENABLED: entries=32, hit_lat=2000, miss_lat=500000
classifier_top Profile Loaded
[HWAccConfig] IOMMU ENABLED: entries=32, hit_lat=2000, miss_lat=500000
classifier_Linear Profile Loaded
**** REAL SIMULATION ****
warn: iobus.slave is deprecated. `slave` is now called `cpu_side_ports`
warn: bridge.master is deprecated. `master` is now called `mem_side_port`
warn: membus.master is deprecated. `master` is now called `mem_side_ports`
warn: bridge.slave is deprecated. `slave` is now called `cpu_side_port`
warn: membus.slave is deprecated. `slave` is now called `cpu_side_ports`
warn: tol2bus.master is deprecated. `master` is now called `mem_side_ports`
warn: membus.slave is deprecated. `slave` is now called `cpu_side_ports`
warn: tol2bus.slave is deprecated. `slave` is now called `cpu_side_ports`
warn: tol2bus.slave is deprecated. `slave` is now called `cpu_side_ports`
warn: tol2bus.slave is deprecated. `slave` is now called `cpu_side_ports`
warn: tol2bus.slave is deprecated. `slave` is now called `cpu_side_ports`
warn: membus.slave is deprecated. `slave` is now called `cpu_side_ports`
warn: coherency_bus.master is deprecated. `master` is now called `mem_side_ports`
warn: membus.slave is deprecated. `slave` is now called `cpu_side_ports`
warn: coherency_bus.master is deprecated. `master` is now called `mem_side_ports`
warn: membus.slave is deprecated. `slave` is now called `cpu_side_ports`
warn: coherency_bus.master is deprecated. `master` is now called `mem_side_ports`
warn: membus.slave is deprecated. `slave` is now called `cpu_side_ports`
warn: coherency_bus.master is deprecated. `master` is now called `mem_side_ports`
warn: No dot file generated. Please install pydot to generate the dot file and pdf.
build/ARM/sim/simulate.cc:107: info: Entering event queue @ 0.  Starting simulation...
********************************************************************************
system.head.head_top.llvm_interface
Total Area: 3799.78
Total Power Static: 158.885

Total Power Dynamic: 780.827
   ========= Performance Analysis =============
   Setup Time:                      0h 0m 0s 3ms 804us
   Simulation Time (Total):         0h 25m 25s 913ms
   Simulation Time (Active):        0h 0m 1s 652ms
        Queue Processing Time:      0h 0m 1s 447ms
             Scheduling Time:       0h 0m 0s 686ms
             Computation Time:      0h 0m 0s 231ms
   System Clock:                    0.1GHz
   Runtime:                         2197892 cycles
   Runtime:                         21978.9 us
   Stalls:                          0 cycles
   Executed Nodes:                  2197891 cycles

   ========= Kernel Validation Stats ==========
   Kernel validation enabled:       NO
   Configured latency per check:    0 us

   --- Access Breakdown ---
   Total memory accesses (validated): 0
   Cache hits (0 latency):          0
   Validation requests (full lat):  0
     of which DMA-ctrl writes:      0
   Coalesced waits (partial lat):   0
   Validations denied:              0

   --- Latency Breakdown ---
   Validation request latency:      0 us
   Coalesced wait latency:          0 us
   TOTAL SECURITY OVERHEAD:         0 us
   Avg latency per validation:      0 us
   Avg latency per coalesced wait:  0 us
   Avg overhead per blocked access: 0 us

   --- Cache Statistics ---
   Processes with cached pages:     0
   Unique pages validated (total):  0
   Cache hit rate:                  0%

   ========= IOMMU Stats =====================
   IOMMU enabled:                   YES
   IOMMU SimObject:                 system.head.iommu

   --- Access Breakdown ---
   Total IOMMU checks:              10362966
   IOTLB hits:                      10362948
   IOTLB misses (page walks):       18
   IOTLB hit rate:                  99.9998%

   --- Latency Breakdown ---
   TOTAL IOMMU OVERHEAD:            20734.9 us
   Avg latency per access:          0.00200087 us

********************************************************************************
system.head.head_pwconv.llvm_interface
Total Area: 11678.9
Total Power Static: 2554.71

Total Power Dynamic: 61491.8
   ========= Performance Analysis =============
   Setup Time:                      0h 0m 0s 0ms 563us
   Simulation Time (Total):         0h 35m 23s 917ms
   Simulation Time (Active):        0h 0m 47s 743ms
        Queue Processing Time:      0h 0m 47s 706ms
             Scheduling Time:       0h 0m 16s 554ms
             Computation Time:      0h 0m 0s 389ms
   System Clock:                    0.1GHz
   Runtime:                         2481178 cycles
   Runtime:                         24811.8 us
   Stalls:                          0 cycles
   Executed Nodes:                  2481177 cycles

   ========= Kernel Validation Stats ==========
   Kernel validation enabled:       NO
   Configured latency per check:    0 us

   --- Access Breakdown ---
   Total memory accesses (validated): 0
   Cache hits (0 latency):          0
   Validation requests (full lat):  0
     of which DMA-ctrl writes:      0
   Coalesced waits (partial lat):   0
   Validations denied:              0

   --- Latency Breakdown ---
   Validation request latency:      0 us
   Coalesced wait latency:          0 us
   TOTAL SECURITY OVERHEAD:         0 us
   Avg latency per validation:      0 us
   Avg latency per coalesced wait:  0 us
   Avg overhead per blocked access: 0 us

   --- Cache Statistics ---
   Processes with cached pages:     0
   Unique pages validated (total):  0
   Cache hit rate:                  0%

   ========= IOMMU Stats =====================
   IOMMU enabled:                   YES
   IOMMU SimObject:                 system.head.iommu

   --- Access Breakdown ---
   Total IOMMU checks:              11684416
   IOTLB hits:                      11684398
   IOTLB misses (page walks):       18
   IOTLB hit rate:                  99.9998%

   --- Latency Breakdown ---
   TOTAL IOMMU OVERHEAD:            23377.8 us
   Avg latency per access:          0.00200077 us

********************************************************************************
system.head.head_dwconv.llvm_interface
Total Area: 116081
Total Power Static: 72931.3

Total Power Dynamic: 869084
   ========= Performance Analysis =============
   Setup Time:                      0h 0m 0s 4ms 571us
   Simulation Time (Total):         0h 35m 23s 958ms
   Simulation Time (Active):        0h 4m 19s 173ms
        Queue Processing Time:      0h 4m 19s 139ms
             Scheduling Time:       0h 3m 40s 602ms
             Computation Time:      0h 0m 4s 13ms
   System Clock:                    0.1GHz
   Runtime:                         2481220 cycles
   Runtime:                         24812.2 us
   Stalls:                          0 cycles
   Executed Nodes:                  2481219 cycles

   ========= Kernel Validation Stats ==========
   Kernel validation enabled:       NO
   Configured latency per check:    0 us

   --- Access Breakdown ---
   Total memory accesses (validated): 0
   Cache hits (0 latency):          0
   Validation requests (full lat):  0
     of which DMA-ctrl writes:      0
   Coalesced waits (partial lat):   0
   Validations denied:              0

   --- Latency Breakdown ---
   Validation request latency:      0 us
   Coalesced wait latency:          0 us
   TOTAL SECURITY OVERHEAD:         0 us
   Avg latency per validation:      0 us
   Avg latency per coalesced wait:  0 us
   Avg overhead per blocked access: 0 us

   --- Cache Statistics ---
   Processes with cached pages:     0
   Unique pages validated (total):  0
   Cache hit rate:                  0%

   ========= IOMMU Stats =====================
   IOMMU enabled:                   YES
   IOMMU SimObject:                 system.head.iommu

   --- Access Breakdown ---
   Total IOMMU checks:              11684548
   IOTLB hits:                      11684530
   IOTLB misses (page walks):       18
   IOTLB hit rate:                  99.9998%

   --- Latency Breakdown ---
   TOTAL IOMMU OVERHEAD:            23378.1 us
   Avg latency per access:          0.00200077 us

********************************************************************************
system.head.head_normalconv.llvm_interface
Total Area: 200127
Total Power Static: 259429

Total Power Dynamic: 6.41728e+06
   ========= Performance Analysis =============
   Setup Time:                      0h 0m 0s 11ms 460us
   Simulation Time (Total):         0h 35m 37s 387ms
   Simulation Time (Active):        0h 22m 54s 409ms
        Queue Processing Time:      0h 22m 54s 970ms
             Scheduling Time:       0h 20m 19s 35ms
             Computation Time:      0h 0m 17s 592ms
   System Clock:                    0.1GHz
   Runtime:                         2486806 cycles
   Runtime:                         24868.1 us
   Stalls:                          0 cycles
   Executed Nodes:                  2486805 cycles

   ========= Kernel Validation Stats ==========
   Kernel validation enabled:       NO
   Configured latency per check:    0 us

   --- Access Breakdown ---
   Total memory accesses (validated): 0
   Cache hits (0 latency):          0
   Validation requests (full lat):  0
     of which DMA-ctrl writes:      0
   Coalesced waits (partial lat):   0
   Validations denied:              0

   --- Latency Breakdown ---
   Validation request latency:      0 us
   Coalesced wait latency:          0 us
   TOTAL SECURITY OVERHEAD:         0 us
   Avg latency per validation:      0 us
   Avg latency per coalesced wait:  0 us
   Avg overhead per blocked access: 0 us

   --- Cache Statistics ---
   Processes with cached pages:     0
   Unique pages validated (total):  0
   Cache hit rate:                  0%

   ========= IOMMU Stats =====================
   IOMMU enabled:                   YES
   IOMMU SimObject:                 system.head.iommu

   --- Access Breakdown ---
   Total IOMMU checks:              11708999
   IOTLB hits:                      11708981
   IOTLB misses (page walks):       18
   IOTLB hit rate:                  99.9998%

   --- Latency Breakdown ---
   TOTAL IOMMU OVERHEAD:            23427 us
   Avg latency per access:          0.00200077 us

********************************************************************************
system.body.body_residual.llvm_interface
Total Area: 538.329
Total Power Static: 87.7635

Total Power Dynamic: 263.175
   ========= Performance Analysis =============
   Setup Time:                      0h 0m 0s 0ms 547us
   Simulation Time (Total):         0h 43m 9s 941ms
   Simulation Time (Active):        0h 0m 0s 540ms
        Queue Processing Time:      0h 0m 0s 402ms
             Scheduling Time:       0h 0m 0s 195ms
             Computation Time:      0h 0m 0s 15ms
   System Clock:                    0.1GHz
   Runtime:                         1804041 cycles
   Runtime:                         18040.4 us
   Stalls:                          0 cycles
   Executed Nodes:                  1804040 cycles

   ========= Kernel Validation Stats ==========
   Kernel validation enabled:       NO
   Configured latency per check:    0 us

   --- Access Breakdown ---
   Total memory accesses (validated): 0
   Cache hits (0 latency):          0
   Validation requests (full lat):  0
     of which DMA-ctrl writes:      0
   Coalesced waits (partial lat):   0
   Validations denied:              0

   --- Latency Breakdown ---
   Validation request latency:      0 us
   Coalesced wait latency:          0 us
   TOTAL SECURITY OVERHEAD:         0 us
   Avg latency per validation:      0 us
   Avg latency per coalesced wait:  0 us
   Avg overhead per blocked access: 0 us

   --- Cache Statistics ---
   Processes with cached pages:     0
   Unique pages validated (total):  0
   Cache hit rate:                  0%

   ========= IOMMU Stats =====================
   IOMMU enabled:                   YES
   IOMMU SimObject:                 system.body.iommu

   --- Access Breakdown ---
   Total IOMMU checks:              8610280
   IOTLB hits:                      8610253
   IOTLB misses (page walks):       27
   IOTLB hit rate:                  99.9997%

   --- Latency Breakdown ---
   TOTAL IOMMU OVERHEAD:            17234 us
   Avg latency per access:          0.00200156 us

********************************************************************************
system.body.body_pwconv0.llvm_interface
Total Area: 12037.8
Total Power Static: 15393.1

Total Power Dynamic: 366196
   ========= Performance Analysis =============
   Setup Time:                      0h 0m 0s 0ms 863us
   Simulation Time (Total):         0h 43m 22s 898ms
   Simulation Time (Active):        0h 5m 24s 307ms
        Queue Processing Time:      0h 5m 24s 225ms
             Scheduling Time:       0h 3m 32s 288ms
             Computation Time:      0h 0m 2s 910ms
   System Clock:                    0.1GHz
   Runtime:                         1814166 cycles
   Runtime:                         18141.7 us
   Stalls:                          0 cycles
   Executed Nodes:                  1814165 cycles

   ========= Kernel Validation Stats ==========
   Kernel validation enabled:       NO
   Configured latency per check:    0 us

   --- Access Breakdown ---
   Total memory accesses (validated): 0
   Cache hits (0 latency):          0
   Validation requests (full lat):  0
     of which DMA-ctrl writes:      0
   Coalesced waits (partial lat):   0
   Validations denied:              0

   --- Latency Breakdown ---
   Validation request latency:      0 us
   Coalesced wait latency:          0 us
   TOTAL SECURITY OVERHEAD:         0 us
   Avg latency per validation:      0 us
   Avg latency per coalesced wait:  0 us
   Avg overhead per blocked access: 0 us

   --- Cache Statistics ---
   Processes with cached pages:     0
   Unique pages validated (total):  0
   Cache hit rate:                  0%

   ========= IOMMU Stats =====================
   IOMMU enabled:                   YES
   IOMMU SimObject:                 system.body.iommu

   --- Access Breakdown ---
   Total IOMMU checks:              8660042
   IOTLB hits:                      8660015
   IOTLB misses (page walks):       27
   IOTLB hit rate:                  99.9997%

   --- Latency Breakdown ---
   TOTAL IOMMU OVERHEAD:            17333.5 us
   Avg latency per access:          0.00200155 us

********************************************************************************
system.body.body_pwconv1.llvm_interface
Total Area: 749685
Total Power Static: 185773

Total Power Dynamic: 1.83603e+06
   ========= Performance Analysis =============
   Setup Time:                      0h 0m 0s 137ms 972us
   Simulation Time (Total):         0h 43m 48s 466ms
   Simulation Time (Active):        0h 10m 13s 725ms
        Queue Processing Time:      0h 10m 13s 672ms
             Scheduling Time:       0h 8m 29s 160ms
             Computation Time:      0h 0m 11s 291ms
   System Clock:                    0.1GHz
   Runtime:                         1836606 cycles
   Runtime:                         18366.1 us
   Stalls:                          0 cycles
   Executed Nodes:                  1836605 cycles

   ========= Kernel Validation Stats ==========
   Kernel validation enabled:       NO
   Configured latency per check:    0 us

   --- Access Breakdown ---
   Total memory accesses (validated): 0
   Cache hits (0 latency):          0
   Validation requests (full lat):  0
     of which DMA-ctrl writes:      0
   Coalesced waits (partial lat):   0
   Validations denied:              0

   --- Latency Breakdown ---
   Validation request latency:      0 us
   Coalesced wait latency:          0 us
   TOTAL SECURITY OVERHEAD:         0 us
   Avg latency per validation:      0 us
   Avg latency per coalesced wait:  0 us
   Avg overhead per blocked access: 0 us

   --- Cache Statistics ---
   Processes with cached pages:     0
   Unique pages validated (total):  0
   Cache hit rate:                  0%

   ========= IOMMU Stats =====================
   IOMMU enabled:                   YES
   IOMMU SimObject:                 system.body.iommu

   --- Access Breakdown ---
   Total IOMMU checks:              8756267
   IOTLB hits:                      8756240
   IOTLB misses (page walks):       27
   IOTLB hit rate:                  99.9997%

   --- Latency Breakdown ---
   TOTAL IOMMU OVERHEAD:            17526 us
   Avg latency per access:          0.00200154 us

********************************************************************************
system.body.body_dwconv.llvm_interface
Total Area: 129609
Total Power Static: 229952

Total Power Dynamic: 2.63548e+06
   ========= Performance Analysis =============
   Setup Time:                      0h 0m 0s 9ms 185us
   Simulation Time (Total):         0h 43m 48s 654ms
   Simulation Time (Active):        0h 22m 46s 0ms
        Queue Processing Time:      0h 22m 46s 118ms
             Scheduling Time:       0h 21m 2s 956ms
             Computation Time:      0h 0m 14s 139ms
   System Clock:                    0.1GHz
   Runtime:                         1837037 cycles
   Runtime:                         18370.4 us
   Stalls:                          0 cycles
   Executed Nodes:                  1837036 cycles

   ========= Kernel Validation Stats ==========
   Kernel validation enabled:       NO
   Configured latency per check:    0 us

   --- Access Breakdown ---
   Total memory accesses (validated): 0
   Cache hits (0 latency):          0
   Validation requests (full lat):  0
     of which DMA-ctrl writes:      0
   Coalesced waits (partial lat):   0
   Validations denied:              0

   --- Latency Breakdown ---
   Validation request latency:      0 us
   Coalesced wait latency:          0 us
   TOTAL SECURITY OVERHEAD:         0 us
   Avg latency per validation:      0 us
   Avg latency per coalesced wait:  0 us
   Avg overhead per blocked access: 0 us

   --- Cache Statistics ---
   Processes with cached pages:     0
   Unique pages validated (total):  0
   Cache hit rate:                  0%

   ========= IOMMU Stats =====================
   IOMMU enabled:                   YES
   IOMMU SimObject:                 system.body.iommu

   --- Access Breakdown ---
   Total IOMMU checks:              8758000
   IOTLB hits:                      8757973
   IOTLB misses (page walks):       27
   IOTLB hit rate:                  99.9997%

   --- Latency Breakdown ---
   TOTAL IOMMU OVERHEAD:            17529.4 us
   Avg latency per access:          0.00200154 us

********************************************************************************
system.body.body_top.llvm_interface
Total Area: 3749.41
Total Power Static: 0.959791

Total Power Dynamic: 4.75526
   ========= Performance Analysis =============
   Setup Time:                      0h 0m 0s 8ms 973us
   Simulation Time (Total):         0h 44m 2s 41ms
   Simulation Time (Active):        0h 0m 0s 922ms
        Queue Processing Time:      0h 0m 0s 793ms
             Scheduling Time:       0h 0m 0s 341ms
             Computation Time:      0h 0m 0s 91ms
   System Clock:                    0.1GHz
   Runtime:                         1856287 cycles
   Runtime:                         18562.9 us
   Stalls:                          0 cycles
   Executed Nodes:                  1856286 cycles

   ========= Kernel Validation Stats ==========
   Kernel validation enabled:       NO
   Configured latency per check:    0 us

   --- Access Breakdown ---
   Total memory accesses (validated): 0
   Cache hits (0 latency):          0
   Validation requests (full lat):  0
     of which DMA-ctrl writes:      0
   Coalesced waits (partial lat):   0
   Validations denied:              0

   --- Latency Breakdown ---
   Validation request latency:      0 us
   Coalesced wait latency:          0 us
   TOTAL SECURITY OVERHEAD:         0 us
   Avg latency per validation:      0 us
   Avg latency per coalesced wait:  0 us
   Avg overhead per blocked access: 0 us

   --- Cache Statistics ---
   Processes with cached pages:     0
   Unique pages validated (total):  0
   Cache hit rate:                  0%

   ========= IOMMU Stats =====================
   IOMMU enabled:                   YES
   IOMMU SimObject:                 system.body.iommu

   --- Access Breakdown ---
   Total IOMMU checks:              8758003
   IOTLB hits:                      8757976
   IOTLB misses (page walks):       27
   IOTLB hit rate:                  99.9997%

   --- Latency Breakdown ---
   TOTAL IOMMU OVERHEAD:            17529.5 us
   Avg latency per access:          0.00200154 us

********************************************************************************
system.body.body_residual.llvm_interface
Total Area: 1076.66
Total Power Static: 21.9391

Total Power Dynamic: 65.7937
   ========= Performance Analysis =============
   Setup Time:                      0h 0m 0s 0ms 390us
   Simulation Time (Total):         0h 16m 5s 465ms
   Simulation Time (Active):        0h 0m 0s 191ms
        Queue Processing Time:      0h 0m 0s 121ms
             Scheduling Time:       0h 0m 0s 43ms
             Computation Time:      0h 0m 0s 3ms
   System Clock:                    0.1GHz
   Runtime:                         1036370 cycles
   Runtime:                         10363.7 us
   Stalls:                          0 cycles
   Executed Nodes:                  1036369 cycles

   ========= Kernel Validation Stats ==========
   Kernel validation enabled:       NO
   Configured latency per check:    0 us

   --- Access Breakdown ---
   Total memory accesses (validated): 0
   Cache hits (0 latency):          0
   Validation requests (full lat):  0
     of which DMA-ctrl writes:      0
   Coalesced waits (partial lat):   0
   Validations denied:              0

   --- Latency Breakdown ---
   Validation request latency:      0 us
   Coalesced wait latency:          0 us
   TOTAL SECURITY OVERHEAD:         0 us
   Avg latency per validation:      0 us
   Avg latency per coalesced wait:  0 us
   Avg overhead per blocked access: 0 us

   --- Cache Statistics ---
   Processes with cached pages:     0
   Unique pages validated (total):  0
   Cache hit rate:                  0%

   ========= IOMMU Stats =====================
   IOMMU enabled:                   YES
   IOMMU SimObject:                 system.body.iommu

   --- Access Breakdown ---
   Total IOMMU checks:              12628020
   IOTLB hits:                      12627991
   IOTLB misses (page walks):       29
   IOTLB hit rate:                  99.9998%

   --- Latency Breakdown ---
   TOTAL IOMMU OVERHEAD:            25270.5 us
   Avg latency per access:          0.00200114 us

********************************************************************************
system.body.body_pwconv0.llvm_interface
Total Area: 24075.6
Total Power Static: 3848.3

Total Power Dynamic: 91549.2
   ========= Performance Analysis =============
   Setup Time:                      0h 0m 0s 0ms 759us
   Simulation Time (Total):         0h 16m 25s 767ms
   Simulation Time (Active):        0h 1m 11s 250ms
        Queue Processing Time:      0h 1m 11s 227ms
             Scheduling Time:       0h 0m 45s 664ms
             Computation Time:      0h 0m 0s 690ms
   System Clock:                    0.1GHz
   Runtime:                         1052550 cycles
   Runtime:                         10525.5 us
   Stalls:                          0 cycles
   Executed Nodes:                  1052549 cycles

   ========= Kernel Validation Stats ==========
   Kernel validation enabled:       NO
   Configured latency per check:    0 us

   --- Access Breakdown ---
   Total memory accesses (validated): 0
   Cache hits (0 latency):          0
   Validation requests (full lat):  0
     of which DMA-ctrl writes:      0
   Coalesced waits (partial lat):   0
   Validations denied:              0

   --- Latency Breakdown ---
   Validation request latency:      0 us
   Coalesced wait latency:          0 us
   TOTAL SECURITY OVERHEAD:         0 us
   Avg latency per validation:      0 us
   Avg latency per coalesced wait:  0 us
   Avg overhead per blocked access: 0 us

   --- Cache Statistics ---
   Processes with cached pages:     0
   Unique pages validated (total):  0
   Cache hit rate:                  0%

   ========= IOMMU Stats =====================
   IOMMU enabled:                   YES
   IOMMU SimObject:                 system.body.iommu

   --- Access Breakdown ---
   Total IOMMU checks:              12708189
   IOTLB hits:                      12708160
   IOTLB misses (page walks):       29
   IOTLB hit rate:                  99.9998%

   --- Latency Breakdown ---
   TOTAL IOMMU OVERHEAD:            25430.8 us
   Avg latency per access:          0.00200114 us

********************************************************************************
system.body.body_dwconv.llvm_interface
Total Area: 259219
Total Power Static: 56863.8

Total Power Dynamic: 649870
   ========= Performance Analysis =============
   Setup Time:                      0h 0m 0s 9ms 425us
   Simulation Time (Total):         0h 17m 2s 811ms
   Simulation Time (Active):        0h 5m 34s 905ms
        Queue Processing Time:      0h 5m 34s 874ms
             Scheduling Time:       0h 5m 5s 898ms
             Computation Time:      0h 0m 3s 727ms
   System Clock:                    0.1GHz
   Runtime:                         1096815 cycles
   Runtime:                         10968.1 us
   Stalls:                          0 cycles
   Executed Nodes:                  1096814 cycles

   ========= Kernel Validation Stats ==========
   Kernel validation enabled:       NO
   Configured latency per check:    0 us

   --- Access Breakdown ---
   Total memory accesses (validated): 0
   Cache hits (0 latency):          0
   Validation requests (full lat):  0
     of which DMA-ctrl writes:      0
   Coalesced waits (partial lat):   0
   Validations denied:              0

   --- Latency Breakdown ---
   Validation request latency:      0 us
   Coalesced wait latency:          0 us
   TOTAL SECURITY OVERHEAD:         0 us
   Avg latency per validation:      0 us
   Avg latency per coalesced wait:  0 us
   Avg overhead per blocked access: 0 us

   --- Cache Statistics ---
   Processes with cached pages:     0
   Unique pages validated (total):  0
   Cache hit rate:                  0%

   ========= IOMMU Stats =====================
   IOMMU enabled:                   YES
   IOMMU SimObject:                 system.body.iommu

   --- Access Breakdown ---
   Total IOMMU checks:              12863738
   IOTLB hits:                      12863709
   IOTLB misses (page walks):       29
   IOTLB hit rate:                  99.9998%

   --- Latency Breakdown ---
   TOTAL IOMMU OVERHEAD:            25741.9 us
   Avg latency per access:          0.00200112 us

********************************************************************************
system.body.body_pwconv1.llvm_interface
Total Area: 1.49937e+06
Total Power Static: 185773

Total Power Dynamic: 1.83603e+06
   ========= Performance Analysis =============
   Setup Time:                      0h 0m 0s 153ms 323us
   Simulation Time (Total):         0h 17m 3s 381ms
   Simulation Time (Active):        0h 9m 25s 964ms
        Queue Processing Time:      0h 9m 25s 981ms
             Scheduling Time:       0h 8m 10s 606ms
             Computation Time:      0h 0m 10s 975ms
   System Clock:                    0.1GHz
   Runtime:                         1103702 cycles
   Runtime:                         11037 us
   Stalls:                          0 cycles
   Executed Nodes:                  1103701 cycles

   ========= Kernel Validation Stats ==========
   Kernel validation enabled:       NO
   Configured latency per check:    0 us

   --- Access Breakdown ---
   Total memory accesses (validated): 0
   Cache hits (0 latency):          0
   Validation requests (full lat):  0
     of which DMA-ctrl writes:      0
   Coalesced waits (partial lat):   0
   Validations denied:              0

   --- Latency Breakdown ---
   Validation request latency:      0 us
   Coalesced wait latency:          0 us
   TOTAL SECURITY OVERHEAD:         0 us
   Avg latency per validation:      0 us
   Avg latency per coalesced wait:  0 us
   Avg overhead per blocked access: 0 us

   --- Cache Statistics ---
   Processes with cached pages:     0
   Unique pages validated (total):  0
   Cache hit rate:                  0%

   ========= IOMMU Stats =====================
   IOMMU enabled:                   YES
   IOMMU SimObject:                 system.body.iommu

   --- Access Breakdown ---
   Total IOMMU checks:              12871241
   IOTLB hits:                      12871212
   IOTLB misses (page walks):       29
   IOTLB hit rate:                  99.9998%

   --- Latency Breakdown ---
   TOTAL IOMMU OVERHEAD:            25756.9 us
   Avg latency per access:          0.00200112 us

********************************************************************************
system.body.body_top.llvm_interface
Total Area: 7498.83
Total Power Static: 0.961624

Total Power Dynamic: 4.76427
   ========= Performance Analysis =============
   Setup Time:                      0h 0m 0s 7ms 466us
   Simulation Time (Total):         0h 17m 4s 31ms
   Simulation Time (Active):        0h 0m 0s 424ms
        Queue Processing Time:      0h 0m 0s 335ms
             Scheduling Time:       0h 0m 0s 145ms
             Computation Time:      0h 0m 0s 34ms
   System Clock:                    0.1GHz
   Runtime:                         1122279 cycles
   Runtime:                         11222.8 us
   Stalls:                          0 cycles
   Executed Nodes:                  1122278 cycles

   ========= Kernel Validation Stats ==========
   Kernel validation enabled:       NO
   Configured latency per check:    0 us

   --- Access Breakdown ---
   Total memory accesses (validated): 0
   Cache hits (0 latency):          0
   Validation requests (full lat):  0
     of which DMA-ctrl writes:      0
   Coalesced waits (partial lat):   0
   Validations denied:              0

   --- Latency Breakdown ---
   Validation request latency:      0 us
   Coalesced wait latency:          0 us
   TOTAL SECURITY OVERHEAD:         0 us
   Avg latency per validation:      0 us
   Avg latency per coalesced wait:  0 us
   Avg overhead per blocked access: 0 us

   --- Cache Statistics ---
   Processes with cached pages:     0
   Unique pages validated (total):  0
   Cache hit rate:                  0%

   ========= IOMMU Stats =====================
   IOMMU enabled:                   YES
   IOMMU SimObject:                 system.body.iommu

   --- Access Breakdown ---
   Total IOMMU checks:              12871243
   IOTLB hits:                      12871214
   IOTLB misses (page walks):       29
   IOTLB hit rate:                  99.9998%

   --- Latency Breakdown ---
   TOTAL IOMMU OVERHEAD:            25756.9 us
   Avg latency per access:          0.00200112 us

********************************************************************************
system.body.body_residual.llvm_interface
Total Area: 1614.99
Total Power Static: 32.9098

Total Power Dynamic: 131.587
   ========= Performance Analysis =============
   Setup Time:                      0h 0m 0s 0ms 583us
   Simulation Time (Total):         0h 10m 23s 469ms
   Simulation Time (Active):        0h 0m 0s 158ms
        Queue Processing Time:      0h 0m 0s 120ms
             Scheduling Time:       0h 0m 0s 62ms
             Computation Time:      0h 0m 0s 7ms
   System Clock:                    0.1GHz
   Runtime:                         538663 cycles
   Runtime:                         5386.63 us
   Stalls:                          0 cycles
   Executed Nodes:                  538662 cycles

   ========= Kernel Validation Stats ==========
   Kernel validation enabled:       NO
   Configured latency per check:    0 us

   --- Access Breakdown ---
   Total memory accesses (validated): 0
   Cache hits (0 latency):          0
   Validation requests (full lat):  0
     of which DMA-ctrl writes:      0
   Coalesced waits (partial lat):   0
   Validations denied:              0

   --- Latency Breakdown ---
   Validation request latency:      0 us
   Coalesced wait latency:          0 us
   TOTAL SECURITY OVERHEAD:         0 us
   Avg latency per validation:      0 us
   Avg latency per coalesced wait:  0 us
   Avg overhead per blocked access: 0 us

   --- Cache Statistics ---
   Processes with cached pages:     0
   Unique pages validated (total):  0
   Cache hit rate:                  0%

   ========= IOMMU Stats =====================
   IOMMU enabled:                   YES
   IOMMU SimObject:                 system.body.iommu

   --- Access Breakdown ---
   Total IOMMU checks:              15475524
   IOTLB hits:                      15475493
   IOTLB misses (page walks):       31
   IOTLB hit rate:                  99.9998%

   --- Latency Breakdown ---
   TOTAL IOMMU OVERHEAD:            30966.5 us
   Avg latency per access:          0.002001 us

********************************************************************************
system.body.body_pwconv0.llvm_interface
Total Area: 36113.4
Total Power Static: 3848.3

Total Power Dynamic: 91549.2
   ========= Performance Analysis =============
   Setup Time:                      0h 0m 0s 0ms 790us
   Simulation Time (Total):         0h 10m 46s 474ms
   Simulation Time (Active):        0h 1m 8s 801ms
        Queue Processing Time:      0h 1m 8s 780ms
             Scheduling Time:       0h 0m 45s 152ms
             Computation Time:      0h 0m 0s 691ms
   System Clock:                    0.1GHz
   Runtime:                         558937 cycles
   Runtime:                         5589.37 us
   Stalls:                          0 cycles
   Executed Nodes:                  558936 cycles

   ========= Kernel Validation Stats ==========
   Kernel validation enabled:       NO
   Configured latency per check:    0 us

   --- Access Breakdown ---
   Total memory accesses (validated): 0
   Cache hits (0 latency):          0
   Validation requests (full lat):  0
     of which DMA-ctrl writes:      0
   Coalesced waits (partial lat):   0
   Validations denied:              0

   --- Latency Breakdown ---
   Validation request latency:      0 us
   Coalesced wait latency:          0 us
   TOTAL SECURITY OVERHEAD:         0 us
   Avg latency per validation:      0 us
   Avg latency per coalesced wait:  0 us
   Avg overhead per blocked access: 0 us

   --- Cache Statistics ---
   Processes with cached pages:     0
   Unique pages validated (total):  0
   Cache hit rate:                  0%

   ========= IOMMU Stats =====================
   IOMMU enabled:                   YES
   IOMMU SimObject:                 system.body.iommu

   --- Access Breakdown ---
   Total IOMMU checks:              15576383
   IOTLB hits:                      15576352
   IOTLB misses (page walks):       31
   IOTLB hit rate:                  99.9998%

   --- Latency Breakdown ---
   TOTAL IOMMU OVERHEAD:            31168.2 us
   Avg latency per access:          0.00200099 us

********************************************************************************
system.body.body_pwconv1.llvm_interface
Total Area: 2.24905e+06
Total Power Static: 92541.7

Total Power Dynamic: 914996
   ========= Performance Analysis =============
   Setup Time:                      0h 0m 0s 143ms 319us
   Simulation Time (Total):         0h 10m 59s 413ms
   Simulation Time (Active):        0h 3m 51s 23ms
        Queue Processing Time:      0h 3m 50s 999ms
             Scheduling Time:       0h 3m 23s 682ms
             Computation Time:      0h 0m 5s 681ms
   System Clock:                    0.1GHz
   Runtime:                         570601 cycles
   Runtime:                         5706.01 us
   Stalls:                          0 cycles
   Executed Nodes:                  570600 cycles

   ========= Kernel Validation Stats ==========
   Kernel validation enabled:       NO
   Configured latency per check:    0 us

   --- Access Breakdown ---
   Total memory accesses (validated): 0
   Cache hits (0 latency):          0
   Validation requests (full lat):  0
     of which DMA-ctrl writes:      0
   Coalesced waits (partial lat):   0
   Validations denied:              0

   --- Latency Breakdown ---
   Validation request latency:      0 us
   Coalesced wait latency:          0 us
   TOTAL SECURITY OVERHEAD:         0 us
   Avg latency per validation:      0 us
   Avg latency per coalesced wait:  0 us
   Avg overhead per blocked access: 0 us

   --- Cache Statistics ---
   Processes with cached pages:     0
   Unique pages validated (total):  0
   Cache hit rate:                  0%

   ========= IOMMU Stats =====================
   IOMMU enabled:                   YES
   IOMMU SimObject:                 system.body.iommu

   --- Access Breakdown ---
   Total IOMMU checks:              15626699
   IOTLB hits:                      15626668
   IOTLB misses (page walks):       31
   IOTLB hit rate:                  99.9998%

   --- Latency Breakdown ---
   TOTAL IOMMU OVERHEAD:            31268.8 us
   Avg latency per access:          0.00200099 us

********************************************************************************
system.body.body_dwconv.llvm_interface
Total Area: 388828
Total Power Static: 56814.8

Total Power Dynamic: 649870
   ========= Performance Analysis =============
   Setup Time:                      0h 0m 0s 9ms 269us
   Simulation Time (Total):         0h 10m 59s 612ms
   Simulation Time (Active):        0h 5m 26s 767ms
        Queue Processing Time:      0h 5m 26s 731ms
             Scheduling Time:       0h 5m 1s 249ms
             Computation Time:      0h 0m 3s 666ms
   System Clock:                    0.1GHz
   Runtime:                         571024 cycles
   Runtime:                         5710.24 us
   Stalls:                          0 cycles
   Executed Nodes:                  571023 cycles

   ========= Kernel Validation Stats ==========
   Kernel validation enabled:       NO
   Configured latency per check:    0 us

   --- Access Breakdown ---
   Total memory accesses (validated): 0
   Cache hits (0 latency):          0
   Validation requests (full lat):  0
     of which DMA-ctrl writes:      0
   Coalesced waits (partial lat):   0
   Validations denied:              0

   --- Latency Breakdown ---
   Validation request latency:      0 us
   Coalesced wait latency:          0 us
   TOTAL SECURITY OVERHEAD:         0 us
   Avg latency per validation:      0 us
   Avg latency per coalesced wait:  0 us
   Avg overhead per blocked access: 0 us

   --- Cache Statistics ---
   Processes with cached pages:     0
   Unique pages validated (total):  0
   Cache hit rate:                  0%

   ========= IOMMU Stats =====================
   IOMMU enabled:                   YES
   IOMMU SimObject:                 system.body.iommu

   --- Access Breakdown ---
   Total IOMMU checks:              15628398
   IOTLB hits:                      15628367
   IOTLB misses (page walks):       31
   IOTLB hit rate:                  99.9998%

   --- Latency Breakdown ---
   TOTAL IOMMU OVERHEAD:            31272.2 us
   Avg latency per access:          0.00200099 us

********************************************************************************
system.body.body_top.llvm_interface
Total Area: 11248.2
Total Power Static: 0.961013

Total Power Dynamic: 4.76126
   ========= Performance Analysis =============
   Setup Time:                      0h 0m 0s 7ms 375us
   Simulation Time (Total):         0h 11m 0s 123ms
   Simulation Time (Active):        0h 0m 0s 245ms
        Queue Processing Time:      0h 0m 0s 196ms
             Scheduling Time:       0h 0m 0s 85ms
             Computation Time:      0h 0m 0s 22ms
   System Clock:                    0.1GHz
   Runtime:                         589592 cycles
   Runtime:                         5895.92 us
   Stalls:                          0 cycles
   Executed Nodes:                  589591 cycles

   ========= Kernel Validation Stats ==========
   Kernel validation enabled:       NO
   Configured latency per check:    0 us

   --- Access Breakdown ---
   Total memory accesses (validated): 0
   Cache hits (0 latency):          0
   Validation requests (full lat):  0
     of which DMA-ctrl writes:      0
   Coalesced waits (partial lat):   0
   Validations denied:              0

   --- Latency Breakdown ---
   Validation request latency:      0 us
   Coalesced wait latency:          0 us
   TOTAL SECURITY OVERHEAD:         0 us
   Avg latency per validation:      0 us
   Avg latency per coalesced wait:  0 us
   Avg overhead per blocked access: 0 us

   --- Cache Statistics ---
   Processes with cached pages:     0
   Unique pages validated (total):  0
   Cache hit rate:                  0%

   ========= IOMMU Stats =====================
   IOMMU enabled:                   YES
   IOMMU SimObject:                 system.body.iommu

   --- Access Breakdown ---
   Total IOMMU checks:              15628401
   IOTLB hits:                      15628370
   IOTLB misses (page walks):       31
   IOTLB hit rate:                  99.9998%

   --- Latency Breakdown ---
   TOTAL IOMMU OVERHEAD:            31272.2 us
   Avg latency per access:          0.00200099 us

********************************************************************************
system.body.body_residual.llvm_interface
Total Area: 2153.32
Total Power Static: 10.9684

Total Power Dynamic: 32.8969
   ========= Performance Analysis =============
   Setup Time:                      0h 0m 0s 0ms 397us
   Simulation Time (Total):         0h 6m 21s 822ms
   Simulation Time (Active):        0h 0m 0s 73ms
        Queue Processing Time:      0h 0m 0s 47ms
             Scheduling Time:       0h 0m 0s 17ms
             Computation Time:      0h 0m 0s 1ms
   System Clock:                    0.1GHz
   Runtime:                         389742 cycles
   Runtime:                         3897.42 us
   Stalls:                          0 cycles
   Executed Nodes:                  389741 cycles

   ========= Kernel Validation Stats ==========
   Kernel validation enabled:       NO
   Configured latency per check:    0 us

   --- Access Breakdown ---
   Total memory accesses (validated): 0
   Cache hits (0 latency):          0
   Validation requests (full lat):  0
     of which DMA-ctrl writes:      0
   Coalesced waits (partial lat):   0
   Validations denied:              0

   --- Latency Breakdown ---
   Validation request latency:      0 us
   Coalesced wait latency:          0 us
   TOTAL SECURITY OVERHEAD:         0 us
   Avg latency per validation:      0 us
   Avg latency per coalesced wait:  0 us
   Avg overhead per blocked access: 0 us

   --- Cache Statistics ---
   Processes with cached pages:     0
   Unique pages validated (total):  0
   Cache hit rate:                  0%

   ========= IOMMU Stats =====================
   IOMMU enabled:                   YES
   IOMMU SimObject:                 system.body.iommu

   --- Access Breakdown ---
   Total IOMMU checks:              17335277
   IOTLB hits:                      17335245
   IOTLB misses (page walks):       32
   IOTLB hit rate:                  99.9998%

   --- Latency Breakdown ---
   TOTAL IOMMU OVERHEAD:            34686.5 us
   Avg latency per access:          0.00200092 us

********************************************************************************
system.body.body_pwconv0.llvm_interface
Total Area: 48151.2
Total Power Static: 1866.67

Total Power Dynamic: 45269.9
   ========= Performance Analysis =============
   Setup Time:                      0h 0m 0s 0ms 788us
   Simulation Time (Total):         0h 6m 48s 441ms
   Simulation Time (Active):        0h 0m 27s 277ms
        Queue Processing Time:      0h 0m 27s 265ms
             Scheduling Time:       0h 0m 15s 881ms
             Computation Time:      0h 0m 0s 321ms
   System Clock:                    0.1GHz
   Runtime:                         413899 cycles
   Runtime:                         4138.99 us
   Stalls:                          0 cycles
   Executed Nodes:                  413898 cycles

   ========= Kernel Validation Stats ==========
   Kernel validation enabled:       NO
   Configured latency per check:    0 us

   --- Access Breakdown ---
   Total memory accesses (validated): 0
   Cache hits (0 latency):          0
   Validation requests (full lat):  0
     of which DMA-ctrl writes:      0
   Coalesced waits (partial lat):   0
   Validations denied:              0

   --- Latency Breakdown ---
   Validation request latency:      0 us
   Coalesced wait latency:          0 us
   TOTAL SECURITY OVERHEAD:         0 us
   Avg latency per validation:      0 us
   Avg latency per coalesced wait:  0 us
   Avg overhead per blocked access: 0 us

   --- Cache Statistics ---
   Processes with cached pages:     0
   Unique pages validated (total):  0
   Cache hit rate:                  0%

   ========= IOMMU Stats =====================
   IOMMU enabled:                   YES
   IOMMU SimObject:                 system.body.iommu

   --- Access Breakdown ---
   Total IOMMU checks:              17455763
   IOTLB hits:                      17455731
   IOTLB misses (page walks):       32
   IOTLB hit rate:                  99.9998%

   --- Latency Breakdown ---
   TOTAL IOMMU OVERHEAD:            34927.5 us
   Avg latency per access:          0.00200091 us

********************************************************************************
system.body.body_dwconv.llvm_interface
Total Area: 518438
Total Power Static: 27794.7

Total Power Dynamic: 316697
   ========= Performance Analysis =============
   Setup Time:                      0h 0m 0s 9ms 194us
   Simulation Time (Total):         0h 7m 22s 714ms
   Simulation Time (Active):        0h 2m 44s 610ms
        Queue Processing Time:      0h 2m 44s 595ms
             Scheduling Time:       0h 2m 31s 116ms
             Computation Time:      0h 0m 1s 775ms
   System Clock:                    0.1GHz
   Runtime:                         451831 cycles
   Runtime:                         4518.31 us
   Stalls:                          0 cycles
   Executed Nodes:                  451830 cycles

   ========= Kernel Validation Stats ==========
   Kernel validation enabled:       NO
   Configured latency per check:    0 us

   --- Access Breakdown ---
   Total memory accesses (validated): 0
   Cache hits (0 latency):          0
   Validation requests (full lat):  0
     of which DMA-ctrl writes:      0
   Coalesced waits (partial lat):   0
   Validations denied:              0

   --- Latency Breakdown ---
   Validation request latency:      0 us
   Coalesced wait latency:          0 us
   TOTAL SECURITY OVERHEAD:         0 us
   Avg latency per validation:      0 us
   Avg latency per coalesced wait:  0 us
   Avg overhead per blocked access: 0 us

   --- Cache Statistics ---
   Processes with cached pages:     0
   Unique pages validated (total):  0
   Cache hit rate:                  0%

   ========= IOMMU Stats =====================
   IOMMU enabled:                   YES
   IOMMU SimObject:                 system.body.iommu

   --- Access Breakdown ---
   Total IOMMU checks:              17613929
   IOTLB hits:                      17613897
   IOTLB misses (page walks):       32
   IOTLB hit rate:                  99.9998%

   --- Latency Breakdown ---
   TOTAL IOMMU OVERHEAD:            35243.8 us
   Avg latency per access:          0.0020009 us

********************************************************************************
system.body.body_pwconv1.llvm_interface
Total Area: 2.99874e+06
Total Power Static: 92541.7

Total Power Dynamic: 914996
   ========= Performance Analysis =============
   Setup Time:                      0h 0m 0s 141ms 800us
   Simulation Time (Total):         0h 7m 22s 695ms
   Simulation Time (Active):        0h 3m 47s 82ms
        Queue Processing Time:      0h 3m 47s 64ms
             Scheduling Time:       0h 3m 21s 232ms
             Computation Time:      0h 0m 5s 550ms
   System Clock:                    0.1GHz
   Runtime:                         454665 cycles
   Runtime:                         4546.65 us
   Stalls:                          0 cycles
   Executed Nodes:                  454664 cycles

   ========= Kernel Validation Stats ==========
   Kernel validation enabled:       NO
   Configured latency per check:    0 us

   --- Access Breakdown ---
   Total memory accesses (validated): 0
   Cache hits (0 latency):          0
   Validation requests (full lat):  0
     of which DMA-ctrl writes:      0
   Coalesced waits (partial lat):   0
   Validations denied:              0

   --- Latency Breakdown ---
   Validation request latency:      0 us
   Coalesced wait latency:          0 us
   TOTAL SECURITY OVERHEAD:         0 us
   Avg latency per validation:      0 us
   Avg latency per coalesced wait:  0 us
   Avg overhead per blocked access: 0 us

   --- Cache Statistics ---
   Processes with cached pages:     0
   Unique pages validated (total):  0
   Cache hit rate:                  0%

   ========= IOMMU Stats =====================
   IOMMU enabled:                   YES
   IOMMU SimObject:                 system.body.iommu

   --- Access Breakdown ---
   Total IOMMU checks:              17617024
   IOTLB hits:                      17616992
   IOTLB misses (page walks):       32
   IOTLB hit rate:                  99.9998%

   --- Latency Breakdown ---
   TOTAL IOMMU OVERHEAD:            35250 us
   Avg latency per access:          0.0020009 us

********************************************************************************
system.body.body_top.llvm_interface
Total Area: 14997.7
Total Power Static: 0.957346

Total Power Dynamic: 4.74324
   ========= Performance Analysis =============
   Setup Time:                      0h 0m 0s 14ms 488us
   Simulation Time (Total):         0h 7m 23s 304ms
   Simulation Time (Active):        0h 0m 0s 161ms
        Queue Processing Time:      0h 0m 0s 123ms
             Scheduling Time:       0h 0m 0s 51ms
             Computation Time:      0h 0m 0s 13ms
   System Clock:                    0.1GHz
   Runtime:                         473156 cycles
   Runtime:                         4731.56 us
   Stalls:                          0 cycles
   Executed Nodes:                  473155 cycles

   ========= Kernel Validation Stats ==========
   Kernel validation enabled:       NO
   Configured latency per check:    0 us

   --- Access Breakdown ---
   Total memory accesses (validated): 0
   Cache hits (0 latency):          0
   Validation requests (full lat):  0
     of which DMA-ctrl writes:      0
   Coalesced waits (partial lat):   0
   Validations denied:              0

   --- Latency Breakdown ---
   Validation request latency:      0 us
   Coalesced wait latency:          0 us
   TOTAL SECURITY OVERHEAD:         0 us
   Avg latency per validation:      0 us
   Avg latency per coalesced wait:  0 us
   Avg overhead per blocked access: 0 us

   --- Cache Statistics ---
   Processes with cached pages:     0
   Unique pages validated (total):  0
   Cache hit rate:                  0%

   ========= IOMMU Stats =====================
   IOMMU enabled:                   YES
   IOMMU SimObject:                 system.body.iommu

   --- Access Breakdown ---
   Total IOMMU checks:              17617025
   IOTLB hits:                      17616993
   IOTLB misses (page walks):       32
   IOTLB hit rate:                  99.9998%

   --- Latency Breakdown ---
   TOTAL IOMMU OVERHEAD:            35250 us
   Avg latency per access:          0.0020009 us

********************************************************************************
system.body.body_residual.llvm_interface
Total Area: 2691.64
Total Power Static: 16.4537

Total Power Dynamic: 65.7937
   ========= Performance Analysis =============
   Setup Time:                      0h 0m 0s 0ms 402us
   Simulation Time (Total):         0h 6m 14s 680ms
   Simulation Time (Active):        0h 0m 0s 81ms
        Queue Processing Time:      0h 0m 0s 56ms
             Scheduling Time:       0h 0m 0s 24ms
             Computation Time:      0h 0m 0s 3ms
   System Clock:                    0.1GHz
   Runtime:                         390631 cycles
   Runtime:                         3906.31 us
   Stalls:                          0 cycles
   Executed Nodes:                  390630 cycles

   ========= Kernel Validation Stats ==========
   Kernel validation enabled:       NO
   Configured latency per check:    0 us

   --- Access Breakdown ---
   Total memory accesses (validated): 0
   Cache hits (0 latency):          0
   Validation requests (full lat):  0
     of which DMA-ctrl writes:      0
   Coalesced waits (partial lat):   0
   Validations denied:              0

   --- Latency Breakdown ---
   Validation request latency:      0 us
   Coalesced wait latency:          0 us
   TOTAL SECURITY OVERHEAD:         0 us
   Avg latency per validation:      0 us
   Avg latency per coalesced wait:  0 us
   Avg overhead per blocked access: 0 us

   --- Cache Statistics ---
   Processes with cached pages:     0
   Unique pages validated (total):  0
   Cache hit rate:                  0%

   ========= IOMMU Stats =====================
   IOMMU enabled:                   YES
   IOMMU SimObject:                 system.body.iommu

   --- Access Breakdown ---
   Total IOMMU checks:              19326351
   IOTLB hits:                      19326318
   IOTLB misses (page walks):       33
   IOTLB hit rate:                  99.9998%

   --- Latency Breakdown ---
   TOTAL IOMMU OVERHEAD:            38669.1 us
   Avg latency per access:          0.00200085 us

********************************************************************************
system.body.body_pwconv0.llvm_interface
Total Area: 60189
Total Power Static: 1866.67

Total Power Dynamic: 45269.9
   ========= Performance Analysis =============
   Setup Time:                      0h 0m 0s 0ms 769us
   Simulation Time (Total):         0h 6m 41s 784ms
   Simulation Time (Active):        0h 0m 25s 349ms
        Queue Processing Time:      0h 0m 25s 337ms
             Scheduling Time:       0h 0m 15s 321ms
             Computation Time:      0h 0m 0s 311ms
   System Clock:                    0.1GHz
   Runtime:                         414740 cycles
   Runtime:                         4147.4 us
   Stalls:                          0 cycles
   Executed Nodes:                  414739 cycles

   ========= Kernel Validation Stats ==========
   Kernel validation enabled:       NO
   Configured latency per check:    0 us

   --- Access Breakdown ---
   Total memory accesses (validated): 0
   Cache hits (0 latency):          0
   Validation requests (full lat):  0
     of which DMA-ctrl writes:      0
   Coalesced waits (partial lat):   0
   Validations denied:              0

   --- Latency Breakdown ---
   Validation request latency:      0 us
   Coalesced wait latency:          0 us
   TOTAL SECURITY OVERHEAD:         0 us
   Avg latency per validation:      0 us
   Avg latency per coalesced wait:  0 us
   Avg overhead per blocked access: 0 us

   --- Cache Statistics ---
   Processes with cached pages:     0
   Unique pages validated (total):  0
   Cache hit rate:                  0%

   ========= IOMMU Stats =====================
   IOMMU enabled:                   YES
   IOMMU SimObject:                 system.body.iommu

   --- Access Breakdown ---
   Total IOMMU checks:              19446838
   IOTLB hits:                      19446805
   IOTLB misses (page walks):       33
   IOTLB hit rate:                  99.9998%

   --- Latency Breakdown ---
   TOTAL IOMMU OVERHEAD:            38910.1 us
   Avg latency per access:          0.00200085 us

********************************************************************************
system.body.body_dwconv.llvm_interface
Total Area: 648047
Total Power Static: 27794.7

Total Power Dynamic: 316697
   ========= Performance Analysis =============
   Setup Time:                      0h 0m 0s 9ms 99us
   Simulation Time (Total):         0h 7m 16s 353ms
   Simulation Time (Active):        0h 2m 43s 657ms
        Queue Processing Time:      0h 2m 43s 642ms
             Scheduling Time:       0h 2m 30s 892ms
             Computation Time:      0h 0m 1s 728ms
   System Clock:                    0.1GHz
   Runtime:                         452658 cycles
   Runtime:                         4526.58 us
   Stalls:                          0 cycles
   Executed Nodes:                  452657 cycles

   ========= Kernel Validation Stats ==========
   Kernel validation enabled:       NO
   Configured latency per check:    0 us

   --- Access Breakdown ---
   Total memory accesses (validated): 0
   Cache hits (0 latency):          0
   Validation requests (full lat):  0
     of which DMA-ctrl writes:      0
   Coalesced waits (partial lat):   0
   Validations denied:              0

   --- Latency Breakdown ---
   Validation request latency:      0 us
   Coalesced wait latency:          0 us
   TOTAL SECURITY OVERHEAD:         0 us
   Avg latency per validation:      0 us
   Avg latency per coalesced wait:  0 us
   Avg overhead per blocked access: 0 us

   --- Cache Statistics ---
   Processes with cached pages:     0
   Unique pages validated (total):  0
   Cache hit rate:                  0%

   ========= IOMMU Stats =====================
   IOMMU enabled:                   YES
   IOMMU SimObject:                 system.body.iommu

   --- Access Breakdown ---
   Total IOMMU checks:              19605003
   IOTLB hits:                      19604970
   IOTLB misses (page walks):       33
   IOTLB hit rate:                  99.9998%

   --- Latency Breakdown ---
   TOTAL IOMMU OVERHEAD:            39226.4 us
   Avg latency per access:          0.00200084 us

********************************************************************************
system.body.body_pwconv1.llvm_interface
Total Area: 3.74842e+06
Total Power Static: 92541.7

Total Power Dynamic: 914996
   ========= Performance Analysis =============
   Setup Time:                      0h 0m 0s 150ms 807us
   Simulation Time (Total):         0h 7m 16s 327ms
   Simulation Time (Active):        0h 3m 43s 973ms
        Queue Processing Time:      0h 3m 43s 958ms
             Scheduling Time:       0h 3m 19s 694ms
             Computation Time:      0h 0m 5s 425ms
   System Clock:                    0.1GHz
   Runtime:                         455492 cycles
   Runtime:                         4554.92 us
   Stalls:                          0 cycles
   Executed Nodes:                  455491 cycles

   ========= Kernel Validation Stats ==========
   Kernel validation enabled:       NO
   Configured latency per check:    0 us

   --- Access Breakdown ---
   Total memory accesses (validated): 0
   Cache hits (0 latency):          0
   Validation requests (full lat):  0
     of which DMA-ctrl writes:      0
   Coalesced waits (partial lat):   0
   Validations denied:              0

   --- Latency Breakdown ---
   Validation request latency:      0 us
   Coalesced wait latency:          0 us
   TOTAL SECURITY OVERHEAD:         0 us
   Avg latency per validation:      0 us
   Avg latency per coalesced wait:  0 us
   Avg overhead per blocked access: 0 us

   --- Cache Statistics ---
   Processes with cached pages:     0
   Unique pages validated (total):  0
   Cache hit rate:                  0%

   ========= IOMMU Stats =====================
   IOMMU enabled:                   YES
   IOMMU SimObject:                 system.body.iommu

   --- Access Breakdown ---
   Total IOMMU checks:              19608098
   IOTLB hits:                      19608065
   IOTLB misses (page walks):       33
   IOTLB hit rate:                  99.9998%

   --- Latency Breakdown ---
   TOTAL IOMMU OVERHEAD:            39232.6 us
   Avg latency per access:          0.00200084 us

********************************************************************************
system.body.body_top.llvm_interface
Total Area: 18747.1
Total Power Static: 0.964069

Total Power Dynamic: 4.77628
   ========= Performance Analysis =============
   Setup Time:                      0h 0m 0s 7ms 425us
   Simulation Time (Total):         0h 7m 16s 961ms
   Simulation Time (Active):        0h 0m 0s 153ms
        Queue Processing Time:      0h 0m 0s 115ms
             Scheduling Time:       0h 0m 0s 48ms
             Computation Time:      0h 0m 0s 12ms
   System Clock:                    0.1GHz
   Runtime:                         474106 cycles
   Runtime:                         4741.06 us
   Stalls:                          0 cycles
   Executed Nodes:                  474105 cycles

   ========= Kernel Validation Stats ==========
   Kernel validation enabled:       NO
   Configured latency per check:    0 us

   --- Access Breakdown ---
   Total memory accesses (validated): 0
   Cache hits (0 latency):          0
   Validation requests (full lat):  0
     of which DMA-ctrl writes:      0
   Coalesced waits (partial lat):   0
   Validations denied:              0

   --- Latency Breakdown ---
   Validation request latency:      0 us
   Coalesced wait latency:          0 us
   TOTAL SECURITY OVERHEAD:         0 us
   Avg latency per validation:      0 us
   Avg latency per coalesced wait:  0 us
   Avg overhead per blocked access: 0 us

   --- Cache Statistics ---
   Processes with cached pages:     0
   Unique pages validated (total):  0
   Cache hit rate:                  0%

   ========= IOMMU Stats =====================
   IOMMU enabled:                   YES
   IOMMU SimObject:                 system.body.iommu

   --- Access Breakdown ---
   Total IOMMU checks:              19608099
   IOTLB hits:                      19608066
   IOTLB misses (page walks):       33
   IOTLB hit rate:                  99.9998%

   --- Latency Breakdown ---
   TOTAL IOMMU OVERHEAD:            39232.6 us
   Avg latency per access:          0.00200084 us

********************************************************************************
system.body.body_residual.llvm_interface
Total Area: 3229.97
Total Power Static: 16.4537

Total Power Dynamic: 65.7937
   ========= Performance Analysis =============
   Setup Time:                      0h 0m 0s 0ms 388us
   Simulation Time (Total):         0h 3m 55s 489ms
   Simulation Time (Active):        0h 0m 0s 57ms
        Queue Processing Time:      0h 0m 0s 43ms
             Scheduling Time:       0h 0m 0s 20ms
             Computation Time:      0h 0m 0s 2ms
   System Clock:                    0.1GHz
   Runtime:                         214217 cycles
   Runtime:                         2142.17 us
   Stalls:                          0 cycles
   Executed Nodes:                  214216 cycles

   ========= Kernel Validation Stats ==========
   Kernel validation enabled:       NO
   Configured latency per check:    0 us

   --- Access Breakdown ---
   Total memory accesses (validated): 0
   Cache hits (0 latency):          0
   Validation requests (full lat):  0
     of which DMA-ctrl writes:      0
   Coalesced waits (partial lat):   0
   Validations denied:              0

   --- Latency Breakdown ---
   Validation request latency:      0 us
   Coalesced wait latency:          0 us
   TOTAL SECURITY OVERHEAD:         0 us
   Avg latency per validation:      0 us
   Avg latency per coalesced wait:  0 us
   Avg overhead per blocked access: 0 us

   --- Cache Statistics ---
   Processes with cached pages:     0
   Unique pages validated (total):  0
   Cache hit rate:                  0%

   ========= IOMMU Stats =====================
   IOMMU enabled:                   YES
   IOMMU SimObject:                 system.body.iommu

   --- Access Breakdown ---
   Total IOMMU checks:              20672164
   IOTLB hits:                      20672130
   IOTLB misses (page walks):       34
   IOTLB hit rate:                  99.9998%

   --- Latency Breakdown ---
   TOTAL IOMMU OVERHEAD:            41361.3 us
   Avg latency per access:          0.00200082 us

********************************************************************************
system.body.body_pwconv0.llvm_interface
Total Area: 72226.8
Total Power Static: 1866.67

Total Power Dynamic: 45269.9
   ========= Performance Analysis =============
   Setup Time:                      0h 0m 0s 0ms 780us
   Simulation Time (Total):         0h 4m 15s 983ms
   Simulation Time (Active):        0h 0m 22s 979ms
        Queue Processing Time:      0h 0m 22s 968ms
             Scheduling Time:       0h 0m 14s 359ms
             Computation Time:      0h 0m 0s 306ms
   System Clock:                    0.1GHz
   Runtime:                         232963 cycles
   Runtime:                         2329.63 us
   Stalls:                          0 cycles
   Executed Nodes:                  232962 cycles

   ========= Kernel Validation Stats ==========
   Kernel validation enabled:       NO
   Configured latency per check:    0 us

   --- Access Breakdown ---
   Total memory accesses (validated): 0
   Cache hits (0 latency):          0
   Validation requests (full lat):  0
     of which DMA-ctrl writes:      0
   Coalesced waits (partial lat):   0
   Validations denied:              0

   --- Latency Breakdown ---
   Validation request latency:      0 us
   Coalesced wait latency:          0 us
   TOTAL SECURITY OVERHEAD:         0 us
   Avg latency per validation:      0 us
   Avg latency per coalesced wait:  0 us
   Avg overhead per blocked access: 0 us

   --- Cache Statistics ---
   Processes with cached pages:     0
   Unique pages validated (total):  0
   Cache hit rate:                  0%

   ========= IOMMU Stats =====================
   IOMMU enabled:                   YES
   IOMMU SimObject:                 system.body.iommu

   --- Access Breakdown ---
   Total IOMMU checks:              20764304
   IOTLB hits:                      20764270
   IOTLB misses (page walks):       34
   IOTLB hit rate:                  99.9998%

   --- Latency Breakdown ---
   TOTAL IOMMU OVERHEAD:            41545.5 us
   Avg latency per access:          0.00200082 us

********************************************************************************
system.body.body_pwconv1.llvm_interface
Total Area: 4.49811e+06
Total Power Static: 34660

Total Power Dynamic: 342746
   ========= Performance Analysis =============
   Setup Time:                      0h 0m 0s 147ms 31us
   Simulation Time (Total):         0h 4m 23s 119ms
   Simulation Time (Active):        0h 1m 16s 283ms
        Queue Processing Time:      0h 1m 16s 276ms
             Scheduling Time:       0h 1m 8s 227ms
             Computation Time:      0h 0m 2s 10ms
   System Clock:                    0.1GHz
   Runtime:                         239257 cycles
   Runtime:                         2392.57 us
   Stalls:                          0 cycles
   Executed Nodes:                  239256 cycles

   ========= Kernel Validation Stats ==========
   Kernel validation enabled:       NO
   Configured latency per check:    0 us

   --- Access Breakdown ---
   Total memory accesses (validated): 0
   Cache hits (0 latency):          0
   Validation requests (full lat):  0
     of which DMA-ctrl writes:      0
   Coalesced waits (partial lat):   0
   Validations denied:              0

   --- Latency Breakdown ---
   Validation request latency:      0 us
   Coalesced wait latency:          0 us
   TOTAL SECURITY OVERHEAD:         0 us
   Avg latency per validation:      0 us
   Avg latency per coalesced wait:  0 us
   Avg overhead per blocked access: 0 us

   --- Cache Statistics ---
   Processes with cached pages:     0
   Unique pages validated (total):  0
   Cache hit rate:                  0%

   ========= IOMMU Stats =====================
   IOMMU enabled:                   YES
   IOMMU SimObject:                 system.body.iommu

   --- Access Breakdown ---
   Total IOMMU checks:              20791824
   IOTLB hits:                      20791790
   IOTLB misses (page walks):       34
   IOTLB hit rate:                  99.9998%

   --- Latency Breakdown ---
   TOTAL IOMMU OVERHEAD:            41600.6 us
   Avg latency per access:          0.00200081 us

********************************************************************************
system.body.body_dwconv.llvm_interface
Total Area: 777657
Total Power Static: 27770.1

Total Power Dynamic: 316697
   ========= Performance Analysis =============
   Setup Time:                      0h 0m 0s 9ms 140us
   Simulation Time (Total):         0h 4m 30s 795ms
   Simulation Time (Active):        0h 2m 38s 606ms
        Queue Processing Time:      0h 2m 38s 593ms
             Scheduling Time:       0h 2m 27s 603ms
             Computation Time:      0h 0m 1s 701ms
   System Clock:                    0.1GHz
   Runtime:                         246147 cycles
   Runtime:                         2461.47 us
   Stalls:                          0 cycles
   Executed Nodes:                  246146 cycles

   ========= Kernel Validation Stats ==========
   Kernel validation enabled:       NO
   Configured latency per check:    0 us

   --- Access Breakdown ---
   Total memory accesses (validated): 0
   Cache hits (0 latency):          0
   Validation requests (full lat):  0
     of which DMA-ctrl writes:      0
   Coalesced waits (partial lat):   0
   Validations denied:              0

   --- Latency Breakdown ---
   Validation request latency:      0 us
   Coalesced wait latency:          0 us
   TOTAL SECURITY OVERHEAD:         0 us
   Avg latency per validation:      0 us
   Avg latency per coalesced wait:  0 us
   Avg overhead per blocked access: 0 us

   --- Cache Statistics ---
   Processes with cached pages:     0
   Unique pages validated (total):  0
   Cache hit rate:                  0%

   ========= IOMMU Stats =====================
   IOMMU enabled:                   YES
   IOMMU SimObject:                 system.body.iommu

   --- Access Breakdown ---
   Total IOMMU checks:              20821453
   IOTLB hits:                      20821419
   IOTLB misses (page walks):       34
   IOTLB hit rate:                  99.9998%

   --- Latency Breakdown ---
   TOTAL IOMMU OVERHEAD:            41659.8 us
   Avg latency per access:          0.00200081 us

********************************************************************************
system.body.body_top.llvm_interface
Total Area: 22496.5
Total Power Static: 0.961013

Total Power Dynamic: 4.76126
   ========= Performance Analysis =============
   Setup Time:                      0h 0m 0s 7ms 318us
   Simulation Time (Total):         0h 4m 31s 257ms
   Simulation Time (Active):        0h 0m 0s 98ms
        Queue Processing Time:      0h 0m 0s 76ms
             Scheduling Time:       0h 0m 0s 32ms
             Computation Time:      0h 0m 0s 8ms
   System Clock:                    0.1GHz
   Runtime:                         264712 cycles
   Runtime:                         2647.12 us
   Stalls:                          0 cycles
   Executed Nodes:                  264711 cycles

   ========= Kernel Validation Stats ==========
   Kernel validation enabled:       NO
   Configured latency per check:    0 us

   --- Access Breakdown ---
   Total memory accesses (validated): 0
   Cache hits (0 latency):          0
   Validation requests (full lat):  0
     of which DMA-ctrl writes:      0
   Coalesced waits (partial lat):   0
   Validations denied:              0

   --- Latency Breakdown ---
   Validation request latency:      0 us
   Coalesced wait latency:          0 us
   TOTAL SECURITY OVERHEAD:         0 us
   Avg latency per validation:      0 us
   Avg latency per coalesced wait:  0 us
   Avg overhead per blocked access: 0 us

   --- Cache Statistics ---
   Processes with cached pages:     0
   Unique pages validated (total):  0
   Cache hit rate:                  0%

   ========= IOMMU Stats =====================
   IOMMU enabled:                   YES
   IOMMU SimObject:                 system.body.iommu

   --- Access Breakdown ---
   Total IOMMU checks:              20821456
   IOTLB hits:                      20821422
   IOTLB misses (page walks):       34
   IOTLB hit rate:                  99.9998%

   --- Latency Breakdown ---
   TOTAL IOMMU OVERHEAD:            41659.8 us
   Avg latency per access:          0.00200081 us

********************************************************************************
system.body.body_residual.llvm_interface
Total Area: 3768.3
Total Power Static: 4.11165

Total Power Dynamic: 12.3363
   ========= Performance Analysis =============
   Setup Time:                      0h 0m 0s 0ms 395us
   Simulation Time (Total):         0h 1m 41s 893ms
   Simulation Time (Active):        0h 0m 0s 21ms
        Queue Processing Time:      0h 0m 0s 14ms
             Scheduling Time:       0h 0m 0s 6ms
             Computation Time:      0h 0m 0s 0ms
   System Clock:                    0.1GHz
   Runtime:                         102648 cycles
   Runtime:                         1026.48 us
   Stalls:                          0 cycles
   Executed Nodes:                  102647 cycles

   ========= Kernel Validation Stats ==========
   Kernel validation enabled:       NO
   Configured latency per check:    0 us

   --- Access Breakdown ---
   Total memory accesses (validated): 0
   Cache hits (0 latency):          0
   Validation requests (full lat):  0
     of which DMA-ctrl writes:      0
   Coalesced waits (partial lat):   0
   Validations denied:              0

   --- Latency Breakdown ---
   Validation request latency:      0 us
   Coalesced wait latency:          0 us
   TOTAL SECURITY OVERHEAD:         0 us
   Avg latency per validation:      0 us
   Avg latency per coalesced wait:  0 us
   Avg overhead per blocked access: 0 us

   --- Cache Statistics ---
   Processes with cached pages:     0
   Unique pages validated (total):  0
   Cache hit rate:                  0%

   ========= IOMMU Stats =====================
   IOMMU enabled:                   YES
   IOMMU SimObject:                 system.body.iommu

   --- Access Breakdown ---
   Total IOMMU checks:              21323928
   IOTLB hits:                      21323893
   IOTLB misses (page walks):       35
   IOTLB hit rate:                  99.9998%

   --- Latency Breakdown ---
   TOTAL IOMMU OVERHEAD:            42665.3 us
   Avg latency per access:          0.00200082 us

********************************************************************************
system.body.body_pwconv0.llvm_interface
Total Area: 84264.5
Total Power Static: 692.817

Total Power Dynamic: 16913.1
   ========= Performance Analysis =============
   Setup Time:                      0h 0m 0s 0ms 768us
   Simulation Time (Total):         0h 2m 6s 5ms
   Simulation Time (Active):        0h 0m 7s 488ms
        Queue Processing Time:      0h 0m 7s 481ms
             Scheduling Time:       0h 0m 4s 306ms
             Computation Time:      0h 0m 0s 108ms
   System Clock:                    0.1GHz
   Runtime:                         126333 cycles
   Runtime:                         1263.33 us
   Stalls:                          0 cycles
   Executed Nodes:                  126332 cycles

   ========= Kernel Validation Stats ==========
   Kernel validation enabled:       NO
   Configured latency per check:    0 us

   --- Access Breakdown ---
   Total memory accesses (validated): 0
   Cache hits (0 latency):          0
   Validation requests (full lat):  0
     of which DMA-ctrl writes:      0
   Coalesced waits (partial lat):   0
   Validations denied:              0

   --- Latency Breakdown ---
   Validation request latency:      0 us
   Coalesced wait latency:          0 us
   TOTAL SECURITY OVERHEAD:         0 us
   Avg latency per validation:      0 us
   Avg latency per coalesced wait:  0 us
   Avg overhead per blocked access: 0 us

   --- Cache Statistics ---
   Processes with cached pages:     0
   Unique pages validated (total):  0
   Cache hit rate:                  0%

   ========= IOMMU Stats =====================
   IOMMU enabled:                   YES
   IOMMU SimObject:                 system.body.iommu

   --- Access Breakdown ---
   Total IOMMU checks:              21437889
   IOTLB hits:                      21437854
   IOTLB misses (page walks):       35
   IOTLB hit rate:                  99.9998%

   --- Latency Breakdown ---
   TOTAL IOMMU OVERHEAD:            42893.2 us
   Avg latency per access:          0.00200081 us

********************************************************************************
system.body.body_dwconv.llvm_interface
Total Area: 907266
Total Power Static: 10000

Total Power Dynamic: 113736
   ========= Performance Analysis =============
   Setup Time:                      0h 0m 0s 9ms 52us
   Simulation Time (Total):         0h 2m 31s 840ms
   Simulation Time (Active):        0h 0m 59s 703ms
        Queue Processing Time:      0h 0m 59s 697ms
             Scheduling Time:       0h 0m 55s 109ms
             Computation Time:      0h 0m 0s 620ms
   System Clock:                    0.1GHz
   Runtime:                         152842 cycles
   Runtime:                         1528.42 us
   Stalls:                          0 cycles
   Executed Nodes:                  152841 cycles

   ========= Kernel Validation Stats ==========
   Kernel validation enabled:       NO
   Configured latency per check:    0 us

   --- Access Breakdown ---
   Total memory accesses (validated): 0
   Cache hits (0 latency):          0
   Validation requests (full lat):  0
     of which DMA-ctrl writes:      0
   Coalesced waits (partial lat):   0
   Validations denied:              0

   --- Latency Breakdown ---
   Validation request latency:      0 us
   Coalesced wait latency:          0 us
   TOTAL SECURITY OVERHEAD:         0 us
   Avg latency per validation:      0 us
   Avg latency per coalesced wait:  0 us
   Avg overhead per blocked access: 0 us

   --- Cache Statistics ---
   Processes with cached pages:     0
   Unique pages validated (total):  0
   Cache hit rate:                  0%

   ========= IOMMU Stats =====================
   IOMMU enabled:                   YES
   IOMMU SimObject:                 system.body.iommu

   --- Access Breakdown ---
   Total IOMMU checks:              21560670
   IOTLB hits:                      21560635
   IOTLB misses (page walks):       35
   IOTLB hit rate:                  99.9998%

   --- Latency Breakdown ---
   TOTAL IOMMU OVERHEAD:            43138.8 us
   Avg latency per access:          0.00200081 us

********************************************************************************
system.body.body_pwconv1.llvm_interface
Total Area: 5.24779e+06
Total Power Static: 34660

Total Power Dynamic: 342746
   ========= Performance Analysis =============
   Setup Time:                      0h 0m 0s 144ms 959us
   Simulation Time (Total):         0h 2m 31s 712ms
   Simulation Time (Active):        0h 1m 16s 514ms
        Queue Processing Time:      0h 1m 16s 507ms
             Scheduling Time:       0h 1m 8s 553ms
             Computation Time:      0h 0m 1s 984ms
   System Clock:                    0.1GHz
   Runtime:                         153883 cycles
   Runtime:                         1538.83 us
   Stalls:                          0 cycles
   Executed Nodes:                  153882 cycles

   ========= Kernel Validation Stats ==========
   Kernel validation enabled:       NO
   Configured latency per check:    0 us

   --- Access Breakdown ---
   Total memory accesses (validated): 0
   Cache hits (0 latency):          0
   Validation requests (full lat):  0
     of which DMA-ctrl writes:      0
   Coalesced waits (partial lat):   0
   Validations denied:              0

   --- Latency Breakdown ---
   Validation request latency:      0 us
   Coalesced wait latency:          0 us
   TOTAL SECURITY OVERHEAD:         0 us
   Avg latency per validation:      0 us
   Avg latency per coalesced wait:  0 us
   Avg overhead per blocked access: 0 us

   --- Cache Statistics ---
   Processes with cached pages:     0
   Unique pages validated (total):  0
   Cache hit rate:                  0%

   ========= IOMMU Stats =====================
   IOMMU enabled:                   YES
   IOMMU SimObject:                 system.body.iommu

   --- Access Breakdown ---
   Total IOMMU checks:              21561814
   IOTLB hits:                      21561779
   IOTLB misses (page walks):       35
   IOTLB hit rate:                  99.9998%

   --- Latency Breakdown ---
   TOTAL IOMMU OVERHEAD:            43141.1 us
   Avg latency per access:          0.00200081 us

********************************************************************************
system.body.body_top.llvm_interface
Total Area: 26245.9
Total Power Static: 0.956735

Total Power Dynamic: 4.74024
   ========= Performance Analysis =============
   Setup Time:                      0h 0m 0s 7ms 381us
   Simulation Time (Total):         0h 2m 32s 307ms
   Simulation Time (Active):        0h 0m 0s 55ms
        Queue Processing Time:      0h 0m 0s 41ms
             Scheduling Time:       0h 0m 0s 17ms
             Computation Time:      0h 0m 0s 4ms
   System Clock:                    0.1GHz
   Runtime:                         172368 cycles
   Runtime:                         1723.68 us
   Stalls:                          0 cycles
   Executed Nodes:                  172367 cycles

   ========= Kernel Validation Stats ==========
   Kernel validation enabled:       NO
   Configured latency per check:    0 us

   --- Access Breakdown ---
   Total memory accesses (validated): 0
   Cache hits (0 latency):          0
   Validation requests (full lat):  0
     of which DMA-ctrl writes:      0
   Coalesced waits (partial lat):   0
   Validations denied:              0

   --- Latency Breakdown ---
   Validation request latency:      0 us
   Coalesced wait latency:          0 us
   TOTAL SECURITY OVERHEAD:         0 us
   Avg latency per validation:      0 us
   Avg latency per coalesced wait:  0 us
   Avg overhead per blocked access: 0 us

   --- Cache Statistics ---
   Processes with cached pages:     0
   Unique pages validated (total):  0
   Cache hit rate:                  0%

   ========= IOMMU Stats =====================
   IOMMU enabled:                   YES
   IOMMU SimObject:                 system.body.iommu

   --- Access Breakdown ---
   Total IOMMU checks:              21561816
   IOTLB hits:                      21561781
   IOTLB misses (page walks):       35
   IOTLB hit rate:                  99.9998%

   --- Latency Breakdown ---
   TOTAL IOMMU OVERHEAD:            43141.1 us
   Avg latency per access:          0.00200081 us

********************************************************************************
system.body.body_residual.llvm_interface
Total Area: 4306.63
Total Power Static: 6.16866

Total Power Dynamic: 24.6726
   ========= Performance Analysis =============
   Setup Time:                      0h 0m 0s 0ms 382us
   Simulation Time (Total):         0h 1m 42s 17ms
   Simulation Time (Active):        0h 0m 0s 23ms
        Queue Processing Time:      0h 0m 0s 17ms
             Scheduling Time:       0h 0m 0s 8ms
             Computation Time:      0h 0m 0s 1ms
   System Clock:                    0.1GHz
   Runtime:                         102641 cycles
   Runtime:                         1026.41 us
   Stalls:                          0 cycles
   Executed Nodes:                  102640 cycles

   ========= Kernel Validation Stats ==========
   Kernel validation enabled:       NO
   Configured latency per check:    0 us

   --- Access Breakdown ---
   Total memory accesses (validated): 0
   Cache hits (0 latency):          0
   Validation requests (full lat):  0
     of which DMA-ctrl writes:      0
   Coalesced waits (partial lat):   0
   Validations denied:              0

   --- Latency Breakdown ---
   Validation request latency:      0 us
   Coalesced wait latency:          0 us
   TOTAL SECURITY OVERHEAD:         0 us
   Avg latency per validation:      0 us
   Avg latency per coalesced wait:  0 us
   Avg overhead per blocked access: 0 us

   --- Cache Statistics ---
   Processes with cached pages:     0
   Unique pages validated (total):  0
   Cache hit rate:                  0%

   ========= IOMMU Stats =====================
   IOMMU enabled:                   YES
   IOMMU SimObject:                 system.body.iommu

   --- Access Breakdown ---
   Total IOMMU checks:              22065189
   IOTLB hits:                      22065153
   IOTLB misses (page walks):       36
   IOTLB hit rate:                  99.9998%

   --- Latency Breakdown ---
   TOTAL IOMMU OVERHEAD:            44148.3 us
   Avg latency per access:          0.00200081 us

********************************************************************************
system.body.body_pwconv0.llvm_interface
Total Area: 96302.3
Total Power Static: 692.817

Total Power Dynamic: 16913.1
   ========= Performance Analysis =============
   Setup Time:                      0h 0m 0s 0ms 739us
   Simulation Time (Total):         0h 2m 5s 889ms
   Simulation Time (Active):        0h 0m 7s 438ms
        Queue Processing Time:      0h 0m 7s 432ms
             Scheduling Time:       0h 0m 4s 280ms
             Computation Time:      0h 0m 0s 106ms
   System Clock:                    0.1GHz
   Runtime:                         126335 cycles
   Runtime:                         1263.35 us
   Stalls:                          0 cycles
   Executed Nodes:                  126334 cycles

   ========= Kernel Validation Stats ==========
   Kernel validation enabled:       NO
   Configured latency per check:    0 us

   --- Access Breakdown ---
   Total memory accesses (validated): 0
   Cache hits (0 latency):          0
   Validation requests (full lat):  0
     of which DMA-ctrl writes:      0
   Coalesced waits (partial lat):   0
   Validations denied:              0

   --- Latency Breakdown ---
   Validation request latency:      0 us
   Coalesced wait latency:          0 us
   TOTAL SECURITY OVERHEAD:         0 us
   Avg latency per validation:      0 us
   Avg latency per coalesced wait:  0 us
   Avg overhead per blocked access: 0 us

   --- Cache Statistics ---
   Processes with cached pages:     0
   Unique pages validated (total):  0
   Cache hit rate:                  0%

   ========= IOMMU Stats =====================
   IOMMU enabled:                   YES
   IOMMU SimObject:                 system.body.iommu

   --- Access Breakdown ---
   Total IOMMU checks:              22179158
   IOTLB hits:                      22179122
   IOTLB misses (page walks):       36
   IOTLB hit rate:                  99.9998%

   --- Latency Breakdown ---
   TOTAL IOMMU OVERHEAD:            44376.2 us
   Avg latency per access:          0.00200081 us

********************************************************************************
system.body.body_dwconv.llvm_interface
Total Area: 1.03688e+06
Total Power Static: 10000

Total Power Dynamic: 113736
   ========= Performance Analysis =============
   Setup Time:                      0h 0m 0s 8ms 992us
   Simulation Time (Total):         0h 2m 31s 852ms
   Simulation Time (Active):        0h 0m 59s 773ms
        Queue Processing Time:      0h 0m 59s 767ms
             Scheduling Time:       0h 0m 55s 230ms
             Computation Time:      0h 0m 0s 609ms
   System Clock:                    0.1GHz
   Runtime:                         152868 cycles
   Runtime:                         1528.68 us
   Stalls:                          0 cycles
   Executed Nodes:                  152867 cycles

   ========= Kernel Validation Stats ==========
   Kernel validation enabled:       NO
   Configured latency per check:    0 us

   --- Access Breakdown ---
   Total memory accesses (validated): 0
   Cache hits (0 latency):          0
   Validation requests (full lat):  0
     of which DMA-ctrl writes:      0
   Coalesced waits (partial lat):   0
   Validations denied:              0

   --- Latency Breakdown ---
   Validation request latency:      0 us
   Coalesced wait latency:          0 us
   TOTAL SECURITY OVERHEAD:         0 us
   Avg latency per validation:      0 us
   Avg latency per coalesced wait:  0 us
   Avg overhead per blocked access: 0 us

   --- Cache Statistics ---
   Processes with cached pages:     0
   Unique pages validated (total):  0
   Cache hit rate:                  0%

   ========= IOMMU Stats =====================
   IOMMU enabled:                   YES
   IOMMU SimObject:                 system.body.iommu

   --- Access Breakdown ---
   Total IOMMU checks:              22301938
   IOTLB hits:                      22301902
   IOTLB misses (page walks):       36
   IOTLB hit rate:                  99.9998%

   --- Latency Breakdown ---
   TOTAL IOMMU OVERHEAD:            44621.8 us
   Avg latency per access:          0.0020008 us

********************************************************************************
system.body.body_pwconv1.llvm_interface
Total Area: 5.99748e+06
Total Power Static: 34660

Total Power Dynamic: 342746
   ========= Performance Analysis =============
   Setup Time:                      0h 0m 0s 145ms 52us
   Simulation Time (Total):         0h 2m 31s 723ms
   Simulation Time (Active):        0h 1m 16s 506ms
        Queue Processing Time:      0h 1m 16s 499ms
             Scheduling Time:       0h 1m 8s 572ms
             Computation Time:      0h 0m 1s 979ms
   System Clock:                    0.1GHz
   Runtime:                         153909 cycles
   Runtime:                         1539.09 us
   Stalls:                          0 cycles
   Executed Nodes:                  153908 cycles

   ========= Kernel Validation Stats ==========
   Kernel validation enabled:       NO
   Configured latency per check:    0 us

   --- Access Breakdown ---
   Total memory accesses (validated): 0
   Cache hits (0 latency):          0
   Validation requests (full lat):  0
     of which DMA-ctrl writes:      0
   Coalesced waits (partial lat):   0
   Validations denied:              0

   --- Latency Breakdown ---
   Validation request latency:      0 us
   Coalesced wait latency:          0 us
   TOTAL SECURITY OVERHEAD:         0 us
   Avg latency per validation:      0 us
   Avg latency per coalesced wait:  0 us
   Avg overhead per blocked access: 0 us

   --- Cache Statistics ---
   Processes with cached pages:     0
   Unique pages validated (total):  0
   Cache hit rate:                  0%

   ========= IOMMU Stats =====================
   IOMMU enabled:                   YES
   IOMMU SimObject:                 system.body.iommu

   --- Access Breakdown ---
   Total IOMMU checks:              22303082
   IOTLB hits:                      22303046
   IOTLB misses (page walks):       36
   IOTLB hit rate:                  99.9998%

   --- Latency Breakdown ---
   TOTAL IOMMU OVERHEAD:            44624.1 us
   Avg latency per access:          0.0020008 us

********************************************************************************
system.body.body_top.llvm_interface
Total Area: 29995.3
Total Power Static: 0.959791

Total Power Dynamic: 4.75526
   ========= Performance Analysis =============
   Setup Time:                      0h 0m 0s 7ms 345us
   Simulation Time (Total):         0h 2m 32s 320ms
   Simulation Time (Active):        0h 0m 0s 54ms
        Queue Processing Time:      0h 0m 0s 40ms
             Scheduling Time:       0h 0m 0s 17ms
             Computation Time:      0h 0m 0s 4ms
   System Clock:                    0.1GHz
   Runtime:                         172450 cycles
   Runtime:                         1724.5 us
   Stalls:                          0 cycles
   Executed Nodes:                  172449 cycles

   ========= Kernel Validation Stats ==========
   Kernel validation enabled:       NO
   Configured latency per check:    0 us

   --- Access Breakdown ---
   Total memory accesses (validated): 0
   Cache hits (0 latency):          0
   Validation requests (full lat):  0
     of which DMA-ctrl writes:      0
   Coalesced waits (partial lat):   0
   Validations denied:              0

   --- Latency Breakdown ---
   Validation request latency:      0 us
   Coalesced wait latency:          0 us
   TOTAL SECURITY OVERHEAD:         0 us
   Avg latency per validation:      0 us
   Avg latency per coalesced wait:  0 us
   Avg overhead per blocked access: 0 us

   --- Cache Statistics ---
   Processes with cached pages:     0
   Unique pages validated (total):  0
   Cache hit rate:                  0%

   ========= IOMMU Stats =====================
   IOMMU enabled:                   YES
   IOMMU SimObject:                 system.body.iommu

   --- Access Breakdown ---
   Total IOMMU checks:              22303084
   IOTLB hits:                      22303048
   IOTLB misses (page walks):       36
   IOTLB hit rate:                  99.9998%

   --- Latency Breakdown ---
   TOTAL IOMMU OVERHEAD:            44624.1 us
   Avg latency per access:          0.0020008 us

********************************************************************************
system.body.body_residual.llvm_interface
Total Area: 4844.96
Total Power Static: 6.16866

Total Power Dynamic: 24.6726
   ========= Performance Analysis =============
   Setup Time:                      0h 0m 0s 0ms 388us
   Simulation Time (Total):         0h 1m 42s 464ms
   Simulation Time (Active):        0h 0m 0s 24ms
        Queue Processing Time:      0h 0m 0s 17ms
             Scheduling Time:       0h 0m 0s 8ms
             Computation Time:      0h 0m 0s 1ms
   System Clock:                    0.1GHz
   Runtime:                         102641 cycles
   Runtime:                         1026.41 us
   Stalls:                          0 cycles
   Executed Nodes:                  102640 cycles

   ========= Kernel Validation Stats ==========
   Kernel validation enabled:       NO
   Configured latency per check:    0 us

   --- Access Breakdown ---
   Total memory accesses (validated): 0
   Cache hits (0 latency):          0
   Validation requests (full lat):  0
     of which DMA-ctrl writes:      0
   Coalesced waits (partial lat):   0
   Validations denied:              0

   --- Latency Breakdown ---
   Validation request latency:      0 us
   Coalesced wait latency:          0 us
   TOTAL SECURITY OVERHEAD:         0 us
   Avg latency per validation:      0 us
   Avg latency per coalesced wait:  0 us
   Avg overhead per blocked access: 0 us

   --- Cache Statistics ---
   Processes with cached pages:     0
   Unique pages validated (total):  0
   Cache hit rate:                  0%

   ========= IOMMU Stats =====================
   IOMMU enabled:                   YES
   IOMMU SimObject:                 system.body.iommu

   --- Access Breakdown ---
   Total IOMMU checks:              22806452
   IOTLB hits:                      22806415
   IOTLB misses (page walks):       37
   IOTLB hit rate:                  99.9998%

   --- Latency Breakdown ---
   TOTAL IOMMU OVERHEAD:            45631.3 us
   Avg latency per access:          0.00200081 us

********************************************************************************
system.body.body_pwconv0.llvm_interface
Total Area: 108340
Total Power Static: 692.817

Total Power Dynamic: 16913.1
   ========= Performance Analysis =============
   Setup Time:                      0h 0m 0s 0ms 765us
   Simulation Time (Total):         0h 2m 6s 525ms
   Simulation Time (Active):        0h 0m 7s 529ms
        Queue Processing Time:      0h 0m 7s 522ms
             Scheduling Time:       0h 0m 4s 323ms
             Computation Time:      0h 0m 0s 110ms
   System Clock:                    0.1GHz
   Runtime:                         126335 cycles
   Runtime:                         1263.35 us
   Stalls:                          0 cycles
   Executed Nodes:                  126334 cycles

   ========= Kernel Validation Stats ==========
   Kernel validation enabled:       NO
   Configured latency per check:    0 us

   --- Access Breakdown ---
   Total memory accesses (validated): 0
   Cache hits (0 latency):          0
   Validation requests (full lat):  0
     of which DMA-ctrl writes:      0
   Coalesced waits (partial lat):   0
   Validations denied:              0

   --- Latency Breakdown ---
   Validation request latency:      0 us
   Coalesced wait latency:          0 us
   TOTAL SECURITY OVERHEAD:         0 us
   Avg latency per validation:      0 us
   Avg latency per coalesced wait:  0 us
   Avg overhead per blocked access: 0 us

   --- Cache Statistics ---
   Processes with cached pages:     0
   Unique pages validated (total):  0
   Cache hit rate:                  0%

   ========= IOMMU Stats =====================
   IOMMU enabled:                   YES
   IOMMU SimObject:                 system.body.iommu

   --- Access Breakdown ---
   Total IOMMU checks:              22920421
   IOTLB hits:                      22920384
   IOTLB misses (page walks):       37
   IOTLB hit rate:                  99.9998%

   --- Latency Breakdown ---
   TOTAL IOMMU OVERHEAD:            45859.3 us
   Avg latency per access:          0.0020008 us

********************************************************************************
system.body.body_dwconv.llvm_interface
Total Area: 1.16649e+06
Total Power Static: 10000

Total Power Dynamic: 113736
   ========= Performance Analysis =============
   Setup Time:                      0h 0m 0s 9ms 185us
   Simulation Time (Total):         0h 2m 32s 341ms
   Simulation Time (Active):        0h 0m 59s 908ms
        Queue Processing Time:      0h 0m 59s 902ms
             Scheduling Time:       0h 0m 55s 320ms
             Computation Time:      0h 0m 0s 619ms
   System Clock:                    0.1GHz
   Runtime:                         152868 cycles
   Runtime:                         1528.68 us
   Stalls:                          0 cycles
   Executed Nodes:                  152867 cycles

   ========= Kernel Validation Stats ==========
   Kernel validation enabled:       NO
   Configured latency per check:    0 us

   --- Access Breakdown ---
   Total memory accesses (validated): 0
   Cache hits (0 latency):          0
   Validation requests (full lat):  0
     of which DMA-ctrl writes:      0
   Coalesced waits (partial lat):   0
   Validations denied:              0

   --- Latency Breakdown ---
   Validation request latency:      0 us
   Coalesced wait latency:          0 us
   TOTAL SECURITY OVERHEAD:         0 us
   Avg latency per validation:      0 us
   Avg latency per coalesced wait:  0 us
   Avg overhead per blocked access: 0 us

   --- Cache Statistics ---
   Processes with cached pages:     0
   Unique pages validated (total):  0
   Cache hit rate:                  0%

   ========= IOMMU Stats =====================
   IOMMU enabled:                   YES
   IOMMU SimObject:                 system.body.iommu

   --- Access Breakdown ---
   Total IOMMU checks:              23043201
   IOTLB hits:                      23043164
   IOTLB misses (page walks):       37
   IOTLB hit rate:                  99.9998%

   --- Latency Breakdown ---
   TOTAL IOMMU OVERHEAD:            46104.8 us
   Avg latency per access:          0.0020008 us

********************************************************************************
system.body.body_pwconv1.llvm_interface
Total Area: 6.74716e+06
Total Power Static: 34660

Total Power Dynamic: 342746
   ========= Performance Analysis =============
   Setup Time:                      0h 0m 0s 138ms 957us
   Simulation Time (Total):         0h 2m 32s 219ms
   Simulation Time (Active):        0h 1m 16s 769ms
        Queue Processing Time:      0h 1m 16s 764ms
             Scheduling Time:       0h 1m 8s 784ms
             Computation Time:      0h 0m 1s 989ms
   System Clock:                    0.1GHz
   Runtime:                         153909 cycles
   Runtime:                         1539.09 us
   Stalls:                          0 cycles
   Executed Nodes:                  153908 cycles

   ========= Kernel Validation Stats ==========
   Kernel validation enabled:       NO
   Configured latency per check:    0 us

   --- Access Breakdown ---
   Total memory accesses (validated): 0
   Cache hits (0 latency):          0
   Validation requests (full lat):  0
     of which DMA-ctrl writes:      0
   Coalesced waits (partial lat):   0
   Validations denied:              0

   --- Latency Breakdown ---
   Validation request latency:      0 us
   Coalesced wait latency:          0 us
   TOTAL SECURITY OVERHEAD:         0 us
   Avg latency per validation:      0 us
   Avg latency per coalesced wait:  0 us
   Avg overhead per blocked access: 0 us

   --- Cache Statistics ---
   Processes with cached pages:     0
   Unique pages validated (total):  0
   Cache hit rate:                  0%

   ========= IOMMU Stats =====================
   IOMMU enabled:                   YES
   IOMMU SimObject:                 system.body.iommu

   --- Access Breakdown ---
   Total IOMMU checks:              23044345
   IOTLB hits:                      23044308
   IOTLB misses (page walks):       37
   IOTLB hit rate:                  99.9998%

   --- Latency Breakdown ---
   TOTAL IOMMU OVERHEAD:            46107.1 us
   Avg latency per access:          0.0020008 us

********************************************************************************
system.body.body_top.llvm_interface
Total Area: 33744.7
Total Power Static: 0.956735

Total Power Dynamic: 4.74024
   ========= Performance Analysis =============
   Setup Time:                      0h 0m 0s 7ms 227us
   Simulation Time (Total):         0h 2m 32s 807ms
   Simulation Time (Active):        0h 0m 0s 53ms
        Queue Processing Time:      0h 0m 0s 40ms
             Scheduling Time:       0h 0m 0s 16ms
             Computation Time:      0h 0m 0s 4ms
   System Clock:                    0.1GHz
   Runtime:                         172394 cycles
   Runtime:                         1723.94 us
   Stalls:                          0 cycles
   Executed Nodes:                  172393 cycles

   ========= Kernel Validation Stats ==========
   Kernel validation enabled:       NO
   Configured latency per check:    0 us

   --- Access Breakdown ---
   Total memory accesses (validated): 0
   Cache hits (0 latency):          0
   Validation requests (full lat):  0
     of which DMA-ctrl writes:      0
   Coalesced waits (partial lat):   0
   Validations denied:              0

   --- Latency Breakdown ---
   Validation request latency:      0 us
   Coalesced wait latency:          0 us
   TOTAL SECURITY OVERHEAD:         0 us
   Avg latency per validation:      0 us
   Avg latency per coalesced wait:  0 us
   Avg overhead per blocked access: 0 us

   --- Cache Statistics ---
   Processes with cached pages:     0
   Unique pages validated (total):  0
   Cache hit rate:                  0%

   ========= IOMMU Stats =====================
   IOMMU enabled:                   YES
   IOMMU SimObject:                 system.body.iommu

   --- Access Breakdown ---
   Total IOMMU checks:              23044347
   IOTLB hits:                      23044310
   IOTLB misses (page walks):       37
   IOTLB hit rate:                  99.9998%

   --- Latency Breakdown ---
   TOTAL IOMMU OVERHEAD:            46107.1 us
   Avg latency per access:          0.0020008 us

********************************************************************************
system.body.body_residual.llvm_interface
Total Area: 5383.29
Total Power Static: 6.16866

Total Power Dynamic: 24.6726
   ========= Performance Analysis =============
   Setup Time:                      0h 0m 0s 0ms 371us
   Simulation Time (Total):         0h 2m 0s 788ms
   Simulation Time (Active):        0h 0m 0s 27ms
        Queue Processing Time:      0h 0m 0s 18ms
             Scheduling Time:       0h 0m 0s 8ms
             Computation Time:      0h 0m 0s 1ms
   System Clock:                    0.1GHz
   Runtime:                         121347 cycles
   Runtime:                         1213.47 us
   Stalls:                          0 cycles
   Executed Nodes:                  121346 cycles

   ========= Kernel Validation Stats ==========
   Kernel validation enabled:       NO
   Configured latency per check:    0 us

   --- Access Breakdown ---
   Total memory accesses (validated): 0
   Cache hits (0 latency):          0
   Validation requests (full lat):  0
     of which DMA-ctrl writes:      0
   Coalesced waits (partial lat):   0
   Validations denied:              0

   --- Latency Breakdown ---
   Validation request latency:      0 us
   Coalesced wait latency:          0 us
   TOTAL SECURITY OVERHEAD:         0 us
   Avg latency per validation:      0 us
   Avg latency per coalesced wait:  0 us
   Avg overhead per blocked access: 0 us

   --- Cache Statistics ---
   Processes with cached pages:     0
   Unique pages validated (total):  0
   Cache hit rate:                  0%

   ========= IOMMU Stats =====================
   IOMMU enabled:                   YES
   IOMMU SimObject:                 system.body.iommu

   --- Access Breakdown ---
   Total IOMMU checks:              23641431
   IOTLB hits:                      23641392
   IOTLB misses (page walks):       39
   IOTLB hit rate:                  99.9998%

   --- Latency Breakdown ---
   TOTAL IOMMU OVERHEAD:            47302.3 us
   Avg latency per access:          0.00200082 us

********************************************************************************
system.body.body_pwconv0.llvm_interface
Total Area: 120378
Total Power Static: 692.817

Total Power Dynamic: 16913.1
   ========= Performance Analysis =============
   Setup Time:                      0h 0m 0s 0ms 736us
   Simulation Time (Total):         0h 2m 29s 171ms
   Simulation Time (Active):        0h 0m 7s 878ms
        Queue Processing Time:      0h 0m 7s 870ms
             Scheduling Time:       0h 0m 4s 489ms
             Computation Time:      0h 0m 0s 110ms
   System Clock:                    0.1GHz
   Runtime:                         149727 cycles
   Runtime:                         1497.27 us
   Stalls:                          0 cycles
   Executed Nodes:                  149726 cycles

   ========= Kernel Validation Stats ==========
   Kernel validation enabled:       NO
   Configured latency per check:    0 us

   --- Access Breakdown ---
   Total memory accesses (validated): 0
   Cache hits (0 latency):          0
   Validation requests (full lat):  0
     of which DMA-ctrl writes:      0
   Coalesced waits (partial lat):   0
   Validations denied:              0

   --- Latency Breakdown ---
   Validation request latency:      0 us
   Coalesced wait latency:          0 us
   TOTAL SECURITY OVERHEAD:         0 us
   Avg latency per validation:      0 us
   Avg latency per coalesced wait:  0 us
   Avg overhead per blocked access: 0 us

   --- Cache Statistics ---
   Processes with cached pages:     0
   Unique pages validated (total):  0
   Cache hit rate:                  0%

   ========= IOMMU Stats =====================
   IOMMU enabled:                   YES
   IOMMU SimObject:                 system.body.iommu

   --- Access Breakdown ---
   Total IOMMU checks:              23778826
   IOTLB hits:                      23778787
   IOTLB misses (page walks):       39
   IOTLB hit rate:                  99.9998%

   --- Latency Breakdown ---
   TOTAL IOMMU OVERHEAD:            47577.1 us
   Avg latency per access:          0.00200082 us

********************************************************************************
system.body.body_dwconv.llvm_interface
Total Area: 1.29609e+06
Total Power Static: 10000

Total Power Dynamic: 113736
   ========= Performance Analysis =============
   Setup Time:                      0h 0m 0s 9ms 249us
   Simulation Time (Total):         0h 2m 59s 558ms
   Simulation Time (Active):        0h 1m 0s 882ms
        Queue Processing Time:      0h 1m 0s 875ms
             Scheduling Time:       0h 0m 55s 847ms
             Computation Time:      0h 0m 0s 633ms
   System Clock:                    0.1GHz
   Runtime:                         180800 cycles
   Runtime:                         1808 us
   Stalls:                          0 cycles
   Executed Nodes:                  180799 cycles

   ========= Kernel Validation Stats ==========
   Kernel validation enabled:       NO
   Configured latency per check:    0 us

   --- Access Breakdown ---
   Total memory accesses (validated): 0
   Cache hits (0 latency):          0
   Validation requests (full lat):  0
     of which DMA-ctrl writes:      0
   Coalesced waits (partial lat):   0
   Validations denied:              0

   --- Latency Breakdown ---
   Validation request latency:      0 us
   Coalesced wait latency:          0 us
   TOTAL SECURITY OVERHEAD:         0 us
   Avg latency per validation:      0 us
   Avg latency per coalesced wait:  0 us
   Avg overhead per blocked access: 0 us

   --- Cache Statistics ---
   Processes with cached pages:     0
   Unique pages validated (total):  0
   Cache hit rate:                  0%

   ========= IOMMU Stats =====================
   IOMMU enabled:                   YES
   IOMMU SimObject:                 system.body.iommu

   --- Access Breakdown ---
   Total IOMMU checks:              23925047
   IOTLB hits:                      23925008
   IOTLB misses (page walks):       39
   IOTLB hit rate:                  99.9998%

   --- Latency Breakdown ---
   TOTAL IOMMU OVERHEAD:            47869.5 us
   Avg latency per access:          0.00200081 us

********************************************************************************
system.body.body_pwconv1.llvm_interface
Total Area: 7.49685e+06
Total Power Static: 46184.6

Total Power Dynamic: 456743
   ========= Performance Analysis =============
   Setup Time:                      0h 0m 0s 136ms 517us
   Simulation Time (Total):         0h 2m 59s 439ms
   Simulation Time (Active):        0h 1m 40s 751ms
        Queue Processing Time:      0h 1m 40s 745ms
             Scheduling Time:       0h 1m 30s 270ms
             Computation Time:      0h 0m 2s 689ms
   System Clock:                    0.1GHz
   Runtime:                         181841 cycles
   Runtime:                         1818.41 us
   Stalls:                          0 cycles
   Executed Nodes:                  181840 cycles

   ========= Kernel Validation Stats ==========
   Kernel validation enabled:       NO
   Configured latency per check:    0 us

   --- Access Breakdown ---
   Total memory accesses (validated): 0
   Cache hits (0 latency):          0
   Validation requests (full lat):  0
     of which DMA-ctrl writes:      0
   Coalesced waits (partial lat):   0
   Validations denied:              0

   --- Latency Breakdown ---
   Validation request latency:      0 us
   Coalesced wait latency:          0 us
   TOTAL SECURITY OVERHEAD:         0 us
   Avg latency per validation:      0 us
   Avg latency per coalesced wait:  0 us
   Avg overhead per blocked access: 0 us

   --- Cache Statistics ---
   Processes with cached pages:     0
   Unique pages validated (total):  0
   Cache hit rate:                  0%

   ========= IOMMU Stats =====================
   IOMMU enabled:                   YES
   IOMMU SimObject:                 system.body.iommu

   --- Access Breakdown ---
   Total IOMMU checks:              23926191
   IOTLB hits:                      23926152
   IOTLB misses (page walks):       39
   IOTLB hit rate:                  99.9998%

   --- Latency Breakdown ---
   TOTAL IOMMU OVERHEAD:            47871.8 us
   Avg latency per access:          0.00200081 us

********************************************************************************
system.body.body_top.llvm_interface
Total Area: 37494.1
Total Power Static: 0.957957

Total Power Dynamic: 4.74625
   ========= Performance Analysis =============
   Setup Time:                      0h 0m 0s 7ms 216us
   Simulation Time (Total):         0h 3m 0s 28ms
   Simulation Time (Active):        0h 0m 0s 59ms
        Queue Processing Time:      0h 0m 0s 44ms
             Scheduling Time:       0h 0m 0s 17ms
             Computation Time:      0h 0m 0s 4ms
   System Clock:                    0.1GHz
   Runtime:                         200350 cycles
   Runtime:                         2003.5 us
   Stalls:                          0 cycles
   Executed Nodes:                  200349 cycles

   ========= Kernel Validation Stats ==========
   Kernel validation enabled:       NO
   Configured latency per check:    0 us

   --- Access Breakdown ---
   Total memory accesses (validated): 0
   Cache hits (0 latency):          0
   Validation requests (full lat):  0
     of which DMA-ctrl writes:      0
   Coalesced waits (partial lat):   0
   Validations denied:              0

   --- Latency Breakdown ---
   Validation request latency:      0 us
   Coalesced wait latency:          0 us
   TOTAL SECURITY OVERHEAD:         0 us
   Avg latency per validation:      0 us
   Avg latency per coalesced wait:  0 us
   Avg overhead per blocked access: 0 us

   --- Cache Statistics ---
   Processes with cached pages:     0
   Unique pages validated (total):  0
   Cache hit rate:                  0%

   ========= IOMMU Stats =====================
   IOMMU enabled:                   YES
   IOMMU SimObject:                 system.body.iommu

   --- Access Breakdown ---
   Total IOMMU checks:              23926193
   IOTLB hits:                      23926154
   IOTLB misses (page walks):       39
   IOTLB hit rate:                  99.9998%

   --- Latency Breakdown ---
   TOTAL IOMMU OVERHEAD:            47871.8 us
   Avg latency per access:          0.00200081 us

********************************************************************************
system.body.body_residual.llvm_interface
Total Area: 5921.62
Total Power Static: 5.48299

Total Power Dynamic: 16.4484
   ========= Performance Analysis =============
   Setup Time:                      0h 0m 0s 0ms 376us
   Simulation Time (Total):         0h 2m 17s 791ms
   Simulation Time (Active):        0h 0m 0s 28ms
        Queue Processing Time:      0h 0m 0s 19ms
             Scheduling Time:       0h 0m 0s 8ms
             Computation Time:      0h 0m 0s 0ms
   System Clock:                    0.1GHz
   Runtime:                         136386 cycles
   Runtime:                         1363.86 us
   Stalls:                          0 cycles
   Executed Nodes:                  136385 cycles

   ========= Kernel Validation Stats ==========
   Kernel validation enabled:       NO
   Configured latency per check:    0 us

   --- Access Breakdown ---
   Total memory accesses (validated): 0
   Cache hits (0 latency):          0
   Validation requests (full lat):  0
     of which DMA-ctrl writes:      0
   Coalesced waits (partial lat):   0
   Validations denied:              0

   --- Latency Breakdown ---
   Validation request latency:      0 us
   Coalesced wait latency:          0 us
   TOTAL SECURITY OVERHEAD:         0 us
   Avg latency per validation:      0 us
   Avg latency per coalesced wait:  0 us
   Avg overhead per blocked access: 0 us

   --- Cache Statistics ---
   Processes with cached pages:     0
   Unique pages validated (total):  0
   Cache hit rate:                  0%

   ========= IOMMU Stats =====================
   IOMMU enabled:                   YES
   IOMMU SimObject:                 system.body.iommu

   --- Access Breakdown ---
   Total IOMMU checks:              24595462
   IOTLB hits:                      24595422
   IOTLB misses (page walks):       40
   IOTLB hit rate:                  99.9998%

   --- Latency Breakdown ---
   TOTAL IOMMU OVERHEAD:            49210.8 us
   Avg latency per access:          0.00200081 us

********************************************************************************
system.body.body_pwconv0.llvm_interface
Total Area: 132416
Total Power Static: 918.962

Total Power Dynamic: 22508.7
   ========= Performance Analysis =============
   Setup Time:                      0h 0m 0s 0ms 757us
   Simulation Time (Total):         0h 2m 48s 124ms
   Simulation Time (Active):        0h 0m 10s 195ms
        Queue Processing Time:      0h 0m 10s 187ms
             Scheduling Time:       0h 0m 5s 755ms
             Computation Time:      0h 0m 0s 143ms
   System Clock:                    0.1GHz
   Runtime:                         166023 cycles
   Runtime:                         1660.23 us
   Stalls:                          0 cycles
   Executed Nodes:                  166022 cycles

   ========= Kernel Validation Stats ==========
   Kernel validation enabled:       NO
   Configured latency per check:    0 us

   --- Access Breakdown ---
   Total memory accesses (validated): 0
   Cache hits (0 latency):          0
   Validation requests (full lat):  0
     of which DMA-ctrl writes:      0
   Coalesced waits (partial lat):   0
   Validations denied:              0

   --- Latency Breakdown ---
   Validation request latency:      0 us
   Coalesced wait latency:          0 us
   TOTAL SECURITY OVERHEAD:         0 us
   Avg latency per validation:      0 us
   Avg latency per coalesced wait:  0 us
   Avg overhead per blocked access: 0 us

   --- Cache Statistics ---
   Processes with cached pages:     0
   Unique pages validated (total):  0
   Cache hit rate:                  0%

   ========= IOMMU Stats =====================
   IOMMU enabled:                   YES
   IOMMU SimObject:                 system.body.iommu

   --- Access Breakdown ---
   Total IOMMU checks:              24740327
   IOTLB hits:                      24740287
   IOTLB misses (page walks):       40
   IOTLB hit rate:                  99.9998%

   --- Latency Breakdown ---
   TOTAL IOMMU OVERHEAD:            49500.6 us
   Avg latency per access:          0.00200081 us

********************************************************************************
system.body.body_dwconv.llvm_interface
Total Area: 1.4257e+06
Total Power Static: 13333.2

Total Power Dynamic: 151645
   ========= Performance Analysis =============
   Setup Time:                      0h 0m 0s 9ms 455us
   Simulation Time (Total):         0h 3m 21s 926ms
   Simulation Time (Active):        0h 1m 20s 522ms
        Queue Processing Time:      0h 1m 20s 514ms
             Scheduling Time:       0h 1m 14s 356ms
             Computation Time:      0h 0m 0s 825ms
   System Clock:                    0.1GHz
   Runtime:                         200995 cycles
   Runtime:                         2009.95 us
   Stalls:                          0 cycles
   Executed Nodes:                  200994 cycles

   ========= Kernel Validation Stats ==========
   Kernel validation enabled:       NO
   Configured latency per check:    0 us

   --- Access Breakdown ---
   Total memory accesses (validated): 0
   Cache hits (0 latency):          0
   Validation requests (full lat):  0
     of which DMA-ctrl writes:      0
   Coalesced waits (partial lat):   0
   Validations denied:              0

   --- Latency Breakdown ---
   Validation request latency:      0 us
   Coalesced wait latency:          0 us
   TOTAL SECURITY OVERHEAD:         0 us
   Avg latency per validation:      0 us
   Avg latency per coalesced wait:  0 us
   Avg overhead per blocked access: 0 us

   --- Cache Statistics ---
   Processes with cached pages:     0
   Unique pages validated (total):  0
   Cache hit rate:                  0%

   ========= IOMMU Stats =====================
   IOMMU enabled:                   YES
   IOMMU SimObject:                 system.body.iommu

   --- Access Breakdown ---
   Total IOMMU checks:              24901642
   IOTLB hits:                      24901602
   IOTLB misses (page walks):       40
   IOTLB hit rate:                  99.9998%

   --- Latency Breakdown ---
   TOTAL IOMMU OVERHEAD:            49823.2 us
   Avg latency per access:          0.0020008 us

********************************************************************************
system.body.body_pwconv1.llvm_interface
Total Area: 8.24653e+06
Total Power Static: 46184.6

Total Power Dynamic: 456743
   ========= Performance Analysis =============
   Setup Time:                      0h 0m 0s 138ms 944us
   Simulation Time (Total):         0h 3m 21s 792ms
   Simulation Time (Active):        0h 1m 40s 407ms
        Queue Processing Time:      0h 1m 40s 401ms
             Scheduling Time:       0h 1m 29s 830ms
             Computation Time:      0h 0m 2s 660ms
   System Clock:                    0.1GHz
   Runtime:                         201684 cycles
   Runtime:                         2016.84 us
   Stalls:                          0 cycles
   Executed Nodes:                  201683 cycles

   ========= Kernel Validation Stats ==========
   Kernel validation enabled:       NO
   Configured latency per check:    0 us

   --- Access Breakdown ---
   Total memory accesses (validated): 0
   Cache hits (0 latency):          0
   Validation requests (full lat):  0
     of which DMA-ctrl writes:      0
   Coalesced waits (partial lat):   0
   Validations denied:              0

   --- Latency Breakdown ---
   Validation request latency:      0 us
   Coalesced wait latency:          0 us
   TOTAL SECURITY OVERHEAD:         0 us
   Avg latency per validation:      0 us
   Avg latency per coalesced wait:  0 us
   Avg overhead per blocked access: 0 us

   --- Cache Statistics ---
   Processes with cached pages:     0
   Unique pages validated (total):  0
   Cache hit rate:                  0%

   ========= IOMMU Stats =====================
   IOMMU enabled:                   YES
   IOMMU SimObject:                 system.body.iommu

   --- Access Breakdown ---
   Total IOMMU checks:              24902403
   IOTLB hits:                      24902363
   IOTLB misses (page walks):       40
   IOTLB hit rate:                  99.9998%

   --- Latency Breakdown ---
   TOTAL IOMMU OVERHEAD:            49824.7 us
   Avg latency per access:          0.0020008 us

********************************************************************************
system.body.body_top.llvm_interface
Total Area: 41243.6
Total Power Static: 0.959791

Total Power Dynamic: 4.75526
   ========= Performance Analysis =============
   Setup Time:                      0h 0m 0s 7ms 343us
   Simulation Time (Total):         0h 3m 22s 360ms
   Simulation Time (Active):        0h 0m 0s 68ms
        Queue Processing Time:      0h 0m 0s 51ms
             Scheduling Time:       0h 0m 0s 20ms
             Computation Time:      0h 0m 0s 5ms
   System Clock:                    0.1GHz
   Runtime:                         220223 cycles
   Runtime:                         2202.23 us
   Stalls:                          0 cycles
   Executed Nodes:                  220222 cycles

   ========= Kernel Validation Stats ==========
   Kernel validation enabled:       NO
   Configured latency per check:    0 us

   --- Access Breakdown ---
   Total memory accesses (validated): 0
   Cache hits (0 latency):          0
   Validation requests (full lat):  0
     of which DMA-ctrl writes:      0
   Coalesced waits (partial lat):   0
   Validations denied:              0

   --- Latency Breakdown ---
   Validation request latency:      0 us
   Coalesced wait latency:          0 us
   TOTAL SECURITY OVERHEAD:         0 us
   Avg latency per validation:      0 us
   Avg latency per coalesced wait:  0 us
   Avg overhead per blocked access: 0 us

   --- Cache Statistics ---
   Processes with cached pages:     0
   Unique pages validated (total):  0
   Cache hit rate:                  0%

   ========= IOMMU Stats =====================
   IOMMU enabled:                   YES
   IOMMU SimObject:                 system.body.iommu

   --- Access Breakdown ---
   Total IOMMU checks:              24902405
   IOTLB hits:                      24902365
   IOTLB misses (page walks):       40
   IOTLB hit rate:                  99.9998%

   --- Latency Breakdown ---
   TOTAL IOMMU OVERHEAD:            49824.7 us
   Avg latency per access:          0.0020008 us

********************************************************************************
system.body.body_residual.llvm_interface
Total Area: 6459.95
Total Power Static: 8.22567

Total Power Dynamic: 32.8969
   ========= Performance Analysis =============
   Setup Time:                      0h 0m 0s 0ms 390us
   Simulation Time (Total):         0h 2m 18s 880ms
   Simulation Time (Active):        0h 0m 0s 32ms
        Queue Processing Time:      0h 0m 0s 22ms
             Scheduling Time:       0h 0m 0s 10ms
             Computation Time:      0h 0m 0s 1ms
   System Clock:                    0.1GHz
   Runtime:                         137095 cycles
   Runtime:                         1370.95 us
   Stalls:                          0 cycles
   Executed Nodes:                  137094 cycles

   ========= Kernel Validation Stats ==========
   Kernel validation enabled:       NO
   Configured latency per check:    0 us

   --- Access Breakdown ---
   Total memory accesses (validated): 0
   Cache hits (0 latency):          0
   Validation requests (full lat):  0
     of which DMA-ctrl writes:      0
   Coalesced waits (partial lat):   0
   Validations denied:              0

   --- Latency Breakdown ---
   Validation request latency:      0 us
   Coalesced wait latency:          0 us
   TOTAL SECURITY OVERHEAD:         0 us
   Avg latency per validation:      0 us
   Avg latency per coalesced wait:  0 us
   Avg overhead per blocked access: 0 us

   --- Cache Statistics ---
   Processes with cached pages:     0
   Unique pages validated (total):  0
   Cache hit rate:                  0%

   ========= IOMMU Stats =====================
   IOMMU enabled:                   YES
   IOMMU SimObject:                 system.body.iommu

   --- Access Breakdown ---
   Total IOMMU checks:              25572900
   IOTLB hits:                      25572859
   IOTLB misses (page walks):       41
   IOTLB hit rate:                  99.9998%

   --- Latency Breakdown ---
   TOTAL IOMMU OVERHEAD:            51166.2 us
   Avg latency per access:          0.0020008 us

********************************************************************************
system.body.body_pwconv0.llvm_interface
Total Area: 144454
Total Power Static: 918.962

Total Power Dynamic: 22508.7
   ========= Performance Analysis =============
   Setup Time:                      0h 0m 0s 0ms 754us
   Simulation Time (Total):         0h 2m 49s 307ms
   Simulation Time (Active):        0h 0m 10s 407ms
        Queue Processing Time:      0h 0m 10s 399ms
             Scheduling Time:       0h 0m 5s 934ms
             Computation Time:      0h 0m 0s 147ms
   System Clock:                    0.1GHz
   Runtime:                         166729 cycles
   Runtime:                         1667.29 us
   Stalls:                          0 cycles
   Executed Nodes:                  166728 cycles

   ========= Kernel Validation Stats ==========
   Kernel validation enabled:       NO
   Configured latency per check:    0 us

   --- Access Breakdown ---
   Total memory accesses (validated): 0
   Cache hits (0 latency):          0
   Validation requests (full lat):  0
     of which DMA-ctrl writes:      0
   Coalesced waits (partial lat):   0
   Validations denied:              0

   --- Latency Breakdown ---
   Validation request latency:      0 us
   Coalesced wait latency:          0 us
   TOTAL SECURITY OVERHEAD:         0 us
   Avg latency per validation:      0 us
   Avg latency per coalesced wait:  0 us
   Avg overhead per blocked access: 0 us

   --- Cache Statistics ---
   Processes with cached pages:     0
   Unique pages validated (total):  0
   Cache hit rate:                  0%

   ========= IOMMU Stats =====================
   IOMMU enabled:                   YES
   IOMMU SimObject:                 system.body.iommu

   --- Access Breakdown ---
   Total IOMMU checks:              25717766
   IOTLB hits:                      25717725
   IOTLB misses (page walks):       41
   IOTLB hit rate:                  99.9998%

   --- Latency Breakdown ---
   TOTAL IOMMU OVERHEAD:            51455.9 us
   Avg latency per access:          0.00200079 us

********************************************************************************
system.body.body_dwconv.llvm_interface
Total Area: 1.55531e+06
Total Power Static: 13333.2

Total Power Dynamic: 151645
   ========= Performance Analysis =============
   Setup Time:                      0h 0m 0s 8ms 732us
   Simulation Time (Total):         0h 3m 22s 896ms
   Simulation Time (Active):        0h 1m 20s 785ms
        Queue Processing Time:      0h 1m 20s 777ms
             Scheduling Time:       0h 1m 14s 590ms
             Computation Time:      0h 0m 0s 831ms
   System Clock:                    0.1GHz
   Runtime:                         201701 cycles
   Runtime:                         2017.01 us
   Stalls:                          0 cycles
   Executed Nodes:                  201700 cycles

   ========= Kernel Validation Stats ==========
   Kernel validation enabled:       NO
   Configured latency per check:    0 us

   --- Access Breakdown ---
   Total memory accesses (validated): 0
   Cache hits (0 latency):          0
   Validation requests (full lat):  0
     of which DMA-ctrl writes:      0
   Coalesced waits (partial lat):   0
   Validations denied:              0

   --- Latency Breakdown ---
   Validation request latency:      0 us
   Coalesced wait latency:          0 us
   TOTAL SECURITY OVERHEAD:         0 us
   Avg latency per validation:      0 us
   Avg latency per coalesced wait:  0 us
   Avg overhead per blocked access: 0 us

   --- Cache Statistics ---
   Processes with cached pages:     0
   Unique pages validated (total):  0
   Cache hit rate:                  0%

   ========= IOMMU Stats =====================
   IOMMU enabled:                   YES
   IOMMU SimObject:                 system.body.iommu

   --- Access Breakdown ---
   Total IOMMU checks:              25879081
   IOTLB hits:                      25879040
   IOTLB misses (page walks):       41
   IOTLB hit rate:                  99.9998%

   --- Latency Breakdown ---
   TOTAL IOMMU OVERHEAD:            51778.6 us
   Avg latency per access:          0.00200079 us

********************************************************************************
system.body.body_pwconv1.llvm_interface
Total Area: 8.99621e+06
Total Power Static: 46184.6

Total Power Dynamic: 456743
   ========= Performance Analysis =============
   Setup Time:                      0h 0m 0s 132ms 13us
   Simulation Time (Total):         0h 3m 22s 770ms
   Simulation Time (Active):        0h 1m 40s 830ms
        Queue Processing Time:      0h 1m 40s 824ms
             Scheduling Time:       0h 1m 30s 303ms
             Computation Time:      0h 0m 2s 640ms
   System Clock:                    0.1GHz
   Runtime:                         202390 cycles
   Runtime:                         2023.9 us
   Stalls:                          0 cycles
   Executed Nodes:                  202389 cycles

   ========= Kernel Validation Stats ==========
   Kernel validation enabled:       NO
   Configured latency per check:    0 us

   --- Access Breakdown ---
   Total memory accesses (validated): 0
   Cache hits (0 latency):          0
   Validation requests (full lat):  0
     of which DMA-ctrl writes:      0
   Coalesced waits (partial lat):   0
   Validations denied:              0

   --- Latency Breakdown ---
   Validation request latency:      0 us
   Coalesced wait latency:          0 us
   TOTAL SECURITY OVERHEAD:         0 us
   Avg latency per validation:      0 us
   Avg latency per coalesced wait:  0 us
   Avg overhead per blocked access: 0 us

   --- Cache Statistics ---
   Processes with cached pages:     0
   Unique pages validated (total):  0
   Cache hit rate:                  0%

   ========= IOMMU Stats =====================
   IOMMU enabled:                   YES
   IOMMU SimObject:                 system.body.iommu

   --- Access Breakdown ---
   Total IOMMU checks:              25879842
   IOTLB hits:                      25879801
   IOTLB misses (page walks):       41
   IOTLB hit rate:                  99.9998%

   --- Latency Breakdown ---
   TOTAL IOMMU OVERHEAD:            51780.1 us
   Avg latency per access:          0.00200079 us

********************************************************************************
system.body.body_top.llvm_interface
Total Area: 44993
Total Power Static: 0.960402

Total Power Dynamic: 4.75826
   ========= Performance Analysis =============
   Setup Time:                      0h 0m 0s 7ms 309us
   Simulation Time (Total):         0h 3m 23s 347ms
   Simulation Time (Active):        0h 0m 0s 69ms
        Queue Processing Time:      0h 0m 0s 51ms
             Scheduling Time:       0h 0m 0s 21ms
             Computation Time:      0h 0m 0s 5ms
   System Clock:                    0.1GHz
   Runtime:                         220941 cycles
   Runtime:                         2209.41 us
   Stalls:                          0 cycles
   Executed Nodes:                  220940 cycles

   ========= Kernel Validation Stats ==========
   Kernel validation enabled:       NO
   Configured latency per check:    0 us

   --- Access Breakdown ---
   Total memory accesses (validated): 0
   Cache hits (0 latency):          0
   Validation requests (full lat):  0
     of which DMA-ctrl writes:      0
   Coalesced waits (partial lat):   0
   Validations denied:              0

   --- Latency Breakdown ---
   Validation request latency:      0 us
   Coalesced wait latency:          0 us
   TOTAL SECURITY OVERHEAD:         0 us
   Avg latency per validation:      0 us
   Avg latency per coalesced wait:  0 us
   Avg overhead per blocked access: 0 us

   --- Cache Statistics ---
   Processes with cached pages:     0
   Unique pages validated (total):  0
   Cache hit rate:                  0%

   ========= IOMMU Stats =====================
   IOMMU enabled:                   YES
   IOMMU SimObject:                 system.body.iommu

   --- Access Breakdown ---
   Total IOMMU checks:              25879844
   IOTLB hits:                      25879803
   IOTLB misses (page walks):       41
   IOTLB hit rate:                  99.9998%

   --- Latency Breakdown ---
   TOTAL IOMMU OVERHEAD:            51780.1 us
   Avg latency per access:          0.00200079 us

********************************************************************************
system.body.body_residual.llvm_interface
Total Area: 6998.28
Total Power Static: 8.22567

Total Power Dynamic: 32.8969
   ========= Performance Analysis =============
   Setup Time:                      0h 0m 0s 0ms 374us
   Simulation Time (Total):         0h 1m 33s 131ms
   Simulation Time (Active):        0h 0m 0s 24ms
        Queue Processing Time:      0h 0m 0s 18ms
             Scheduling Time:       0h 0m 0s 8ms
             Computation Time:      0h 0m 0s 1ms
   System Clock:                    0.1GHz
   Runtime:                         89924 cycles
   Runtime:                         899.24 us
   Stalls:                          0 cycles
   Executed Nodes:                  89923 cycles

   ========= Kernel Validation Stats ==========
   Kernel validation enabled:       NO
   Configured latency per check:    0 us

   --- Access Breakdown ---
   Total memory accesses (validated): 0
   Cache hits (0 latency):          0
   Validation requests (full lat):  0
     of which DMA-ctrl writes:      0
   Coalesced waits (partial lat):   0
   Validations denied:              0

   --- Latency Breakdown ---
   Validation request latency:      0 us
   Coalesced wait latency:          0 us
   TOTAL SECURITY OVERHEAD:         0 us
   Avg latency per validation:      0 us
   Avg latency per coalesced wait:  0 us
   Avg overhead per blocked access: 0 us

   --- Cache Statistics ---
   Processes with cached pages:     0
   Unique pages validated (total):  0
   Cache hit rate:                  0%

   ========= IOMMU Stats =====================
   IOMMU enabled:                   YES
   IOMMU SimObject:                 system.body.iommu

   --- Access Breakdown ---
   Total IOMMU checks:              26323112
   IOTLB hits:                      26323068
   IOTLB misses (page walks):       44
   IOTLB hit rate:                  99.9998%

   --- Latency Breakdown ---
   TOTAL IOMMU OVERHEAD:            52668.1 us
   Avg latency per access:          0.00200083 us

********************************************************************************
system.body.body_pwconv0.llvm_interface
Total Area: 156491
Total Power Static: 918.962

Total Power Dynamic: 22508.7
   ========= Performance Analysis =============
   Setup Time:                      0h 0m 0s 0ms 749us
   Simulation Time (Total):         0h 1m 59s 562ms
   Simulation Time (Active):        0h 0m 8s 998ms
        Queue Processing Time:      0h 0m 8s 991ms
             Scheduling Time:       0h 0m 5s 303ms
             Computation Time:      0h 0m 0s 138ms
   System Clock:                    0.1GHz
   Runtime:                         116199 cycles
   Runtime:                         1161.99 us
   Stalls:                          0 cycles
   Executed Nodes:                  116198 cycles

   ========= Kernel Validation Stats ==========
   Kernel validation enabled:       NO
   Configured latency per check:    0 us

   --- Access Breakdown ---
   Total memory accesses (validated): 0
   Cache hits (0 latency):          0
   Validation requests (full lat):  0
     of which DMA-ctrl writes:      0
   Coalesced waits (partial lat):   0
   Validations denied:              0

   --- Latency Breakdown ---
   Validation request latency:      0 us
   Coalesced wait latency:          0 us
   TOTAL SECURITY OVERHEAD:         0 us
   Avg latency per validation:      0 us
   Avg latency per coalesced wait:  0 us
   Avg overhead per blocked access: 0 us

   --- Cache Statistics ---
   Processes with cached pages:     0
   Unique pages validated (total):  0
   Cache hit rate:                  0%

   ========= IOMMU Stats =====================
   IOMMU enabled:                   YES
   IOMMU SimObject:                 system.body.iommu

   --- Access Breakdown ---
   Total IOMMU checks:              26453480
   IOTLB hits:                      26453436
   IOTLB misses (page walks):       44
   IOTLB hit rate:                  99.9998%

   --- Latency Breakdown ---
   TOTAL IOMMU OVERHEAD:            52928.9 us
   Avg latency per access:          0.00200083 us

********************************************************************************
system.body.body_pwconv1.llvm_interface
Total Area: 9.7459e+06
Total Power Static: 20189.6

Total Power Dynamic: 199684
   ========= Performance Analysis =============
   Setup Time:                      0h 0m 0s 131ms 634us
   Simulation Time (Total):         0h 2m 2s 544ms
   Simulation Time (Active):        0h 0m 41s 849ms
        Queue Processing Time:      0h 0m 41s 846ms
             Scheduling Time:       0h 0m 37s 709ms
             Computation Time:      0h 0m 1s 123ms
   System Clock:                    0.1GHz
   Runtime:                         119080 cycles
   Runtime:                         1190.8 us
   Stalls:                          0 cycles
   Executed Nodes:                  119079 cycles

   ========= Kernel Validation Stats ==========
   Kernel validation enabled:       NO
   Configured latency per check:    0 us

   --- Access Breakdown ---
   Total memory accesses (validated): 0
   Cache hits (0 latency):          0
   Validation requests (full lat):  0
     of which DMA-ctrl writes:      0
   Coalesced waits (partial lat):   0
   Validations denied:              0

   --- Latency Breakdown ---
   Validation request latency:      0 us
   Coalesced wait latency:          0 us
   TOTAL SECURITY OVERHEAD:         0 us
   Avg latency per validation:      0 us
   Avg latency per coalesced wait:  0 us
   Avg overhead per blocked access: 0 us

   --- Cache Statistics ---
   Processes with cached pages:     0
   Unique pages validated (total):  0
   Cache hit rate:                  0%

   ========= IOMMU Stats =====================
   IOMMU enabled:                   YES
   IOMMU SimObject:                 system.body.iommu

   --- Access Breakdown ---
   Total IOMMU checks:              26466137
   IOTLB hits:                      26466093
   IOTLB misses (page walks):       44
   IOTLB hit rate:                  99.9998%

   --- Latency Breakdown ---
   TOTAL IOMMU OVERHEAD:            52954.2 us
   Avg latency per access:          0.00200083 us

********************************************************************************
system.body.body_dwconv.llvm_interface
Total Area: 1.68492e+06
Total Power Static: 13321

Total Power Dynamic: 151645
   ========= Performance Analysis =============
   Setup Time:                      0h 0m 0s 8ms 652us
   Simulation Time (Total):         0h 2m 15s 330ms
   Simulation Time (Active):        0h 1m 18s 50ms
        Queue Processing Time:      0h 1m 18s 42ms
             Scheduling Time:       0h 1m 12s 766ms
             Computation Time:      0h 0m 0s 800ms
   System Clock:                    0.1GHz
   Runtime:                         130636 cycles
   Runtime:                         1306.36 us
   Stalls:                          0 cycles
   Executed Nodes:                  130635 cycles

   ========= Kernel Validation Stats ==========
   Kernel validation enabled:       NO
   Configured latency per check:    0 us

   --- Access Breakdown ---
   Total memory accesses (validated): 0
   Cache hits (0 latency):          0
   Validation requests (full lat):  0
     of which DMA-ctrl writes:      0
   Coalesced waits (partial lat):   0
   Validations denied:              0

   --- Latency Breakdown ---
   Validation request latency:      0 us
   Coalesced wait latency:          0 us
   TOTAL SECURITY OVERHEAD:         0 us
   Avg latency per validation:      0 us
   Avg latency per coalesced wait:  0 us
   Avg overhead per blocked access: 0 us

   --- Cache Statistics ---
   Processes with cached pages:     0
   Unique pages validated (total):  0
   Cache hit rate:                  0%

   ========= IOMMU Stats =====================
   IOMMU enabled:                   YES
   IOMMU SimObject:                 system.body.iommu

   --- Access Breakdown ---
   Total IOMMU checks:              26514753
   IOTLB hits:                      26514709
   IOTLB misses (page walks):       44
   IOTLB hit rate:                  99.9998%

   --- Latency Breakdown ---
   TOTAL IOMMU OVERHEAD:            53051.4 us
   Avg latency per access:          0.00200083 us

********************************************************************************
system.body.body_top.llvm_interface
Total Area: 48742.4
Total Power Static: 0.957346

Total Power Dynamic: 4.74324
   ========= Performance Analysis =============
   Setup Time:                      0h 0m 0s 7ms 256us
   Simulation Time (Total):         0h 2m 15s 751ms
   Simulation Time (Active):        0h 0m 0s 50ms
        Queue Processing Time:      0h 0m 0s 38ms
             Scheduling Time:       0h 0m 0s 15ms
             Computation Time:      0h 0m 0s 4ms
   System Clock:                    0.1GHz
   Runtime:                         149128 cycles
   Runtime:                         1491.28 us
   Stalls:                          0 cycles
   Executed Nodes:                  149127 cycles

   ========= Kernel Validation Stats ==========
   Kernel validation enabled:       NO
   Configured latency per check:    0 us

   --- Access Breakdown ---
   Total memory accesses (validated): 0
   Cache hits (0 latency):          0
   Validation requests (full lat):  0
     of which DMA-ctrl writes:      0
   Coalesced waits (partial lat):   0
   Validations denied:              0

   --- Latency Breakdown ---
   Validation request latency:      0 us
   Coalesced wait latency:          0 us
   TOTAL SECURITY OVERHEAD:         0 us
   Avg latency per validation:      0 us
   Avg latency per coalesced wait:  0 us
   Avg overhead per blocked access: 0 us

   --- Cache Statistics ---
   Processes with cached pages:     0
   Unique pages validated (total):  0
   Cache hit rate:                  0%

   ========= IOMMU Stats =====================
   IOMMU enabled:                   YES
   IOMMU SimObject:                 system.body.iommu

   --- Access Breakdown ---
   Total IOMMU checks:              26514756
   IOTLB hits:                      26514712
   IOTLB misses (page walks):       44
   IOTLB hit rate:                  99.9998%

   --- Latency Breakdown ---
   TOTAL IOMMU OVERHEAD:            53051.4 us
   Avg latency per access:          0.00200083 us

********************************************************************************
system.body.body_residual.llvm_interface
Total Area: 7536.61
Total Power Static: 2.39747

Total Power Dynamic: 7.19619
   ========= Performance Analysis =============
   Setup Time:                      0h 0m 0s 0ms 380us
   Simulation Time (Total):         0h 0m 23s 254ms
   Simulation Time (Active):        0h 0m 0s 6ms
        Queue Processing Time:      0h 0m 0s 4ms
             Scheduling Time:       0h 0m 0s 2ms
             Computation Time:      0h 0m 0s 0ms
   System Clock:                    0.1GHz
   Runtime:                         29627 cycles
   Runtime:                         296.27 us
   Stalls:                          0 cycles
   Executed Nodes:                  29626 cycles

   ========= Kernel Validation Stats ==========
   Kernel validation enabled:       NO
   Configured latency per check:    0 us

   --- Access Breakdown ---
   Total memory accesses (validated): 0
   Cache hits (0 latency):          0
   Validation requests (full lat):  0
     of which DMA-ctrl writes:      0
   Coalesced waits (partial lat):   0
   Validations denied:              0

   --- Latency Breakdown ---
   Validation request latency:      0 us
   Coalesced wait latency:          0 us
   TOTAL SECURITY OVERHEAD:         0 us
   Avg latency per validation:      0 us
   Avg latency per coalesced wait:  0 us
   Avg overhead per blocked access: 0 us

   --- Cache Statistics ---
   Processes with cached pages:     0
   Unique pages validated (total):  0
   Cache hit rate:                  0%

   ========= IOMMU Stats =====================
   IOMMU enabled:                   YES
   IOMMU SimObject:                 system.body.iommu

   --- Access Breakdown ---
   Total IOMMU checks:              26661160
   IOTLB hits:                      26661115
   IOTLB misses (page walks):       45
   IOTLB hit rate:                  99.9998%

   --- Latency Breakdown ---
   TOTAL IOMMU OVERHEAD:            53344.7 us
   Avg latency per access:          0.00200084 us

********************************************************************************
system.body.body_pwconv0.llvm_interface
Total Area: 168529
Total Power Static: 399.351

Total Power Dynamic: 9823.92
   ========= Performance Analysis =============
   Setup Time:                      0h 0m 0s 0ms 755us
   Simulation Time (Total):         0h 0m 48s 474ms
   Simulation Time (Active):        0h 0m 2s 805ms
        Queue Processing Time:      0h 0m 2s 801ms
             Scheduling Time:       0h 0m 1s 681ms
             Computation Time:      0h 0m 0s 49ms
   System Clock:                    0.1GHz
   Runtime:                         55733 cycles
   Runtime:                         557.33 us
   Stalls:                          0 cycles
   Executed Nodes:                  55732 cycles

   ========= Kernel Validation Stats ==========
   Kernel validation enabled:       NO
   Configured latency per check:    0 us

   --- Access Breakdown ---
   Total memory accesses (validated): 0
   Cache hits (0 latency):          0
   Validation requests (full lat):  0
     of which DMA-ctrl writes:      0
   Coalesced waits (partial lat):   0
   Validations denied:              0

   --- Latency Breakdown ---
   Validation request latency:      0 us
   Coalesced wait latency:          0 us
   TOTAL SECURITY OVERHEAD:         0 us
   Avg latency per validation:      0 us
   Avg latency per coalesced wait:  0 us
   Avg overhead per blocked access: 0 us

   --- Cache Statistics ---
   Processes with cached pages:     0
   Unique pages validated (total):  0
   Cache hit rate:                  0%

   ========= IOMMU Stats =====================
   IOMMU enabled:                   YES
   IOMMU SimObject:                 system.body.iommu

   --- Access Breakdown ---
   Total IOMMU checks:              26788789
   IOTLB hits:                      26788744
   IOTLB misses (page walks):       45
   IOTLB hit rate:                  99.9998%

   --- Latency Breakdown ---
   TOTAL IOMMU OVERHEAD:            53600 us
   Avg latency per access:          0.00200084 us

********************************************************************************
system.body.body_pwconv1.llvm_interface
Total Area: 1.04956e+07
Total Power Static: 20189.6

Total Power Dynamic: 199684
   ========= Performance Analysis =============
   Setup Time:                      0h 0m 0s 131ms 392us
   Simulation Time (Total):         0h 1m 19s 935ms
   Simulation Time (Active):        0h 0m 38s 943ms
        Queue Processing Time:      0h 0m 38s 940ms
             Scheduling Time:       0h 0m 35s 116ms
             Computation Time:      0h 0m 1s 31ms
   System Clock:                    0.1GHz
   Runtime:                         87450 cycles
   Runtime:                         874.5 us
   Stalls:                          0 cycles
   Executed Nodes:                  87449 cycles

   ========= Kernel Validation Stats ==========
   Kernel validation enabled:       NO
   Configured latency per check:    0 us

   --- Access Breakdown ---
   Total memory accesses (validated): 0
   Cache hits (0 latency):          0
   Validation requests (full lat):  0
     of which DMA-ctrl writes:      0
   Coalesced waits (partial lat):   0
   Validations denied:              0

   --- Latency Breakdown ---
   Validation request latency:      0 us
   Coalesced wait latency:          0 us
   TOTAL SECURITY OVERHEAD:         0 us
   Avg latency per validation:      0 us
   Avg latency per coalesced wait:  0 us
   Avg overhead per blocked access: 0 us

   --- Cache Statistics ---
   Processes with cached pages:     0
   Unique pages validated (total):  0
   Cache hit rate:                  0%

   ========= IOMMU Stats =====================
   IOMMU enabled:                   YES
   IOMMU SimObject:                 system.body.iommu

   --- Access Breakdown ---
   Total IOMMU checks:              26937909
   IOTLB hits:                      26937864
   IOTLB misses (page walks):       45
   IOTLB hit rate:                  99.9998%

   --- Latency Breakdown ---
   TOTAL IOMMU OVERHEAD:            53898.2 us
   Avg latency per access:          0.00200083 us

********************************************************************************
system.body.body_dwconv.llvm_interface
Total Area: 1.81453e+06
Total Power Static: 5467.5

Total Power Dynamic: 63163.1
   ========= Performance Analysis =============
   Setup Time:                      0h 0m 0s 8ms 533us
   Simulation Time (Total):         0h 1m 20s 245ms
   Simulation Time (Active):        0h 0m 34s 195ms
        Queue Processing Time:      0h 0m 34s 191ms
             Scheduling Time:       0h 0m 31s 526ms
             Computation Time:      0h 0m 0s 313ms
   System Clock:                    0.1GHz
   Runtime:                         88547 cycles
   Runtime:                         885.47 us
   Stalls:                          0 cycles
   Executed Nodes:                  88546 cycles

   ========= Kernel Validation Stats ==========
   Kernel validation enabled:       NO
   Configured latency per check:    0 us

   --- Access Breakdown ---
   Total memory accesses (validated): 0
   Cache hits (0 latency):          0
   Validation requests (full lat):  0
     of which DMA-ctrl writes:      0
   Coalesced waits (partial lat):   0
   Validations denied:              0

   --- Latency Breakdown ---
   Validation request latency:      0 us
   Coalesced wait latency:          0 us
   TOTAL SECURITY OVERHEAD:         0 us
   Avg latency per validation:      0 us
   Avg latency per coalesced wait:  0 us
   Avg overhead per blocked access: 0 us

   --- Cache Statistics ---
   Processes with cached pages:     0
   Unique pages validated (total):  0
   Cache hit rate:                  0%

   ========= IOMMU Stats =====================
   IOMMU enabled:                   YES
   IOMMU SimObject:                 system.body.iommu

   --- Access Breakdown ---
   Total IOMMU checks:              26942088
   IOTLB hits:                      26942043
   IOTLB misses (page walks):       45
   IOTLB hit rate:                  99.9998%

   --- Latency Breakdown ---
   TOTAL IOMMU OVERHEAD:            53906.6 us
   Avg latency per access:          0.00200083 us

********************************************************************************
system.body.body_top.llvm_interface
Total Area: 52491.8
Total Power Static: 0.958569

Total Power Dynamic: 4.74925
   ========= Performance Analysis =============
   Setup Time:                      0h 0m 0s 17ms 170us
   Simulation Time (Total):         0h 1m 20s 630ms
   Simulation Time (Active):        0h 0m 0s 32ms
        Queue Processing Time:      0h 0m 0s 24ms
             Scheduling Time:       0h 0m 0s 10ms
             Computation Time:      0h 0m 0s 2ms
   System Clock:                    0.1GHz
   Runtime:                         107058 cycles
   Runtime:                         1070.58 us
   Stalls:                          0 cycles
   Executed Nodes:                  107057 cycles

   ========= Kernel Validation Stats ==========
   Kernel validation enabled:       NO
   Configured latency per check:    0 us

   --- Access Breakdown ---
   Total memory accesses (validated): 0
   Cache hits (0 latency):          0
   Validation requests (full lat):  0
     of which DMA-ctrl writes:      0
   Coalesced waits (partial lat):   0
   Validations denied:              0

   --- Latency Breakdown ---
   Validation request latency:      0 us
   Coalesced wait latency:          0 us
   TOTAL SECURITY OVERHEAD:         0 us
   Avg latency per validation:      0 us
   Avg latency per coalesced wait:  0 us
   Avg overhead per blocked access: 0 us

   --- Cache Statistics ---
   Processes with cached pages:     0
   Unique pages validated (total):  0
   Cache hit rate:                  0%

   ========= IOMMU Stats =====================
   IOMMU enabled:                   YES
   IOMMU SimObject:                 system.body.iommu

   --- Access Breakdown ---
   Total IOMMU checks:              26942091
   IOTLB hits:                      26942046
   IOTLB misses (page walks):       45
   IOTLB hit rate:                  99.9998%

   --- Latency Breakdown ---
   TOTAL IOMMU OVERHEAD:            53906.6 us
   Avg latency per access:          0.00200083 us

********************************************************************************
system.body.body_residual.llvm_interface
Total Area: 8074.94
Total Power Static: 3.59739

Total Power Dynamic: 14.3924
   ========= Performance Analysis =============
   Setup Time:                      0h 0m 0s 0ms 381us
   Simulation Time (Total):         0h 0m 23s 588ms
   Simulation Time (Active):        0h 0m 0s 8ms
        Queue Processing Time:      0h 0m 0s 6ms
             Scheduling Time:       0h 0m 0s 2ms
             Computation Time:      0h 0m 0s 0ms
   System Clock:                    0.1GHz
   Runtime:                         30405 cycles
   Runtime:                         304.05 us
   Stalls:                          0 cycles
   Executed Nodes:                  30404 cycles

   ========= Kernel Validation Stats ==========
   Kernel validation enabled:       NO
   Configured latency per check:    0 us

   --- Access Breakdown ---
   Total memory accesses (validated): 0
   Cache hits (0 latency):          0
   Validation requests (full lat):  0
     of which DMA-ctrl writes:      0
   Coalesced waits (partial lat):   0
   Validations denied:              0

   --- Latency Breakdown ---
   Validation request latency:      0 us
   Coalesced wait latency:          0 us
   TOTAL SECURITY OVERHEAD:         0 us
   Avg latency per validation:      0 us
   Avg latency per coalesced wait:  0 us
   Avg overhead per blocked access: 0 us

   --- Cache Statistics ---
   Processes with cached pages:     0
   Unique pages validated (total):  0
   Cache hit rate:                  0%

   ========= IOMMU Stats =====================
   IOMMU enabled:                   YES
   IOMMU SimObject:                 system.body.iommu

   --- Access Breakdown ---
   Total IOMMU checks:              27089074
   IOTLB hits:                      27089028
   IOTLB misses (page walks):       46
   IOTLB hit rate:                  99.9998%

   --- Latency Breakdown ---
   TOTAL IOMMU OVERHEAD:            54201.1 us
   Avg latency per access:          0.00200085 us

********************************************************************************
system.body.body_pwconv0.llvm_interface
Total Area: 180567
Total Power Static: 399.351

Total Power Dynamic: 9823.92
   ========= Performance Analysis =============
   Setup Time:                      0h 0m 0s 0ms 758us
   Simulation Time (Total):         0h 0m 49s 260ms
   Simulation Time (Active):        0h 0m 2s 822ms
        Queue Processing Time:      0h 0m 2s 817ms
             Scheduling Time:       0h 0m 1s 698ms
             Computation Time:      0h 0m 0s 50ms
   System Clock:                    0.1GHz
   Runtime:                         56511 cycles
   Runtime:                         565.11 us
   Stalls:                          0 cycles
   Executed Nodes:                  56510 cycles

   ========= Kernel Validation Stats ==========
   Kernel validation enabled:       NO
   Configured latency per check:    0 us

   --- Access Breakdown ---
   Total memory accesses (validated): 0
   Cache hits (0 latency):          0
   Validation requests (full lat):  0
     of which DMA-ctrl writes:      0
   Coalesced waits (partial lat):   0
   Validations denied:              0

   --- Latency Breakdown ---
   Validation request latency:      0 us
   Coalesced wait latency:          0 us
   TOTAL SECURITY OVERHEAD:         0 us
   Avg latency per validation:      0 us
   Avg latency per coalesced wait:  0 us
   Avg overhead per blocked access: 0 us

   --- Cache Statistics ---
   Processes with cached pages:     0
   Unique pages validated (total):  0
   Cache hit rate:                  0%

   ========= IOMMU Stats =====================
   IOMMU enabled:                   YES
   IOMMU SimObject:                 system.body.iommu

   --- Access Breakdown ---
   Total IOMMU checks:              27216703
   IOTLB hits:                      27216657
   IOTLB misses (page walks):       46
   IOTLB hit rate:                  99.9998%

   --- Latency Breakdown ---
   TOTAL IOMMU OVERHEAD:            54456.3 us
   Avg latency per access:          0.00200084 us

********************************************************************************
system.body.body_pwconv1.llvm_interface
Total Area: 1.12453e+07
Total Power Static: 20189.6

Total Power Dynamic: 199684
   ========= Performance Analysis =============
   Setup Time:                      0h 0m 0s 132ms 428us
   Simulation Time (Total):         0h 1m 20s 830ms
   Simulation Time (Active):        0h 0m 39s 617ms
        Queue Processing Time:      0h 0m 39s 614ms
             Scheduling Time:       0h 0m 35s 726ms
             Computation Time:      0h 0m 1s 49ms
   System Clock:                    0.1GHz
   Runtime:                         88228 cycles
   Runtime:                         882.28 us
   Stalls:                          0 cycles
   Executed Nodes:                  88227 cycles

   ========= Kernel Validation Stats ==========
   Kernel validation enabled:       NO
   Configured latency per check:    0 us

   --- Access Breakdown ---
   Total memory accesses (validated): 0
   Cache hits (0 latency):          0
   Validation requests (full lat):  0
     of which DMA-ctrl writes:      0
   Coalesced waits (partial lat):   0
   Validations denied:              0

   --- Latency Breakdown ---
   Validation request latency:      0 us
   Coalesced wait latency:          0 us
   TOTAL SECURITY OVERHEAD:         0 us
   Avg latency per validation:      0 us
   Avg latency per coalesced wait:  0 us
   Avg overhead per blocked access: 0 us

   --- Cache Statistics ---
   Processes with cached pages:     0
   Unique pages validated (total):  0
   Cache hit rate:                  0%

   ========= IOMMU Stats =====================
   IOMMU enabled:                   YES
   IOMMU SimObject:                 system.body.iommu

   --- Access Breakdown ---
   Total IOMMU checks:              27365823
   IOTLB hits:                      27365777
   IOTLB misses (page walks):       46
   IOTLB hit rate:                  99.9998%

   --- Latency Breakdown ---
   TOTAL IOMMU OVERHEAD:            54754.6 us
   Avg latency per access:          0.00200084 us

********************************************************************************
system.body.body_dwconv.llvm_interface
Total Area: 1.94414e+06
Total Power Static: 5467.5

Total Power Dynamic: 63163.1
   ========= Performance Analysis =============
   Setup Time:                      0h 0m 0s 8ms 549us
   Simulation Time (Total):         0h 1m 21s 138ms
   Simulation Time (Active):        0h 0m 34s 360ms
        Queue Processing Time:      0h 0m 34s 356ms
             Scheduling Time:       0h 0m 31s 666ms
             Computation Time:      0h 0m 0s 315ms
   System Clock:                    0.1GHz
   Runtime:                         89325 cycles
   Runtime:                         893.25 us
   Stalls:                          0 cycles
   Executed Nodes:                  89324 cycles

   ========= Kernel Validation Stats ==========
   Kernel validation enabled:       NO
   Configured latency per check:    0 us

   --- Access Breakdown ---
   Total memory accesses (validated): 0
   Cache hits (0 latency):          0
   Validation requests (full lat):  0
     of which DMA-ctrl writes:      0
   Coalesced waits (partial lat):   0
   Validations denied:              0

   --- Latency Breakdown ---
   Validation request latency:      0 us
   Coalesced wait latency:          0 us
   TOTAL SECURITY OVERHEAD:         0 us
   Avg latency per validation:      0 us
   Avg latency per coalesced wait:  0 us
   Avg overhead per blocked access: 0 us

   --- Cache Statistics ---
   Processes with cached pages:     0
   Unique pages validated (total):  0
   Cache hit rate:                  0%

   ========= IOMMU Stats =====================
   IOMMU enabled:                   YES
   IOMMU SimObject:                 system.body.iommu

   --- Access Breakdown ---
   Total IOMMU checks:              27370002
   IOTLB hits:                      27369956
   IOTLB misses (page walks):       46
   IOTLB hit rate:                  99.9998%

   --- Latency Breakdown ---
   TOTAL IOMMU OVERHEAD:            54762.9 us
   Avg latency per access:          0.00200084 us

********************************************************************************
system.body.body_top.llvm_interface
Total Area: 56241.2
Total Power Static: 0.956735

Total Power Dynamic: 4.74024
   ========= Performance Analysis =============
   Setup Time:                      0h 0m 0s 16ms 60us
   Simulation Time (Total):         0h 1m 21s 524ms
   Simulation Time (Active):        0h 0m 0s 33ms
        Queue Processing Time:      0h 0m 0s 24ms
             Scheduling Time:       0h 0m 0s 10ms
             Computation Time:      0h 0m 0s 2ms
   System Clock:                    0.1GHz
   Runtime:                         107806 cycles
   Runtime:                         1078.06 us
   Stalls:                          0 cycles
   Executed Nodes:                  107805 cycles

   ========= Kernel Validation Stats ==========
   Kernel validation enabled:       NO
   Configured latency per check:    0 us

   --- Access Breakdown ---
   Total memory accesses (validated): 0
   Cache hits (0 latency):          0
   Validation requests (full lat):  0
     of which DMA-ctrl writes:      0
   Coalesced waits (partial lat):   0
   Validations denied:              0

   --- Latency Breakdown ---
   Validation request latency:      0 us
   Coalesced wait latency:          0 us
   TOTAL SECURITY OVERHEAD:         0 us
   Avg latency per validation:      0 us
   Avg latency per coalesced wait:  0 us
   Avg overhead per blocked access: 0 us

   --- Cache Statistics ---
   Processes with cached pages:     0
   Unique pages validated (total):  0
   Cache hit rate:                  0%

   ========= IOMMU Stats =====================
   IOMMU enabled:                   YES
   IOMMU SimObject:                 system.body.iommu

   --- Access Breakdown ---
   Total IOMMU checks:              27370005
   IOTLB hits:                      27369959
   IOTLB misses (page walks):       46
   IOTLB hit rate:                  99.9998%

   --- Latency Breakdown ---
   TOTAL IOMMU OVERHEAD:            54762.9 us
   Avg latency per access:          0.00200084 us

********************************************************************************
system.tail.tail_pwconv.llvm_interface
Total Area: 11678.9
Total Power Static: 1439.58

Total Power Dynamic: 37038.2
   ========= Performance Analysis =============
   Setup Time:                      0h 0m 0s 0ms 758us
   Simulation Time (Total):         0h 0m 15s 265ms
   Simulation Time (Active):        0h 0m 6s 324ms
        Queue Processing Time:      0h 0m 6s 318ms
             Scheduling Time:       0h 0m 2s 610ms
             Computation Time:      0h 0m 0s 157ms
   System Clock:                    0.1GHz
   Runtime:                         35586 cycles
   Runtime:                         355.86 us
   Stalls:                          0 cycles
   Executed Nodes:                  35585 cycles

   ========= Kernel Validation Stats ==========
   Kernel validation enabled:       NO
   Configured latency per check:    0 us

   --- Access Breakdown ---
   Total memory accesses (validated): 0
   Cache hits (0 latency):          0
   Validation requests (full lat):  0
     of which DMA-ctrl writes:      0
   Coalesced waits (partial lat):   0
   Validations denied:              0

   --- Latency Breakdown ---
   Validation request latency:      0 us
   Coalesced wait latency:          0 us
   TOTAL SECURITY OVERHEAD:         0 us
   Avg latency per validation:      0 us
   Avg latency per coalesced wait:  0 us
   Avg overhead per blocked access: 0 us

   --- Cache Statistics ---
   Processes with cached pages:     0
   Unique pages validated (total):  0
   Cache hit rate:                  0%

   ========= IOMMU Stats =====================
   IOMMU enabled:                   YES
   IOMMU SimObject:                 system.tail.iommu

   --- Access Breakdown ---
   Total IOMMU checks:              175566
   IOTLB hits:                      175520
   IOTLB misses (page walks):       46
   IOTLB hit rate:                  99.9738%

   --- Latency Breakdown ---
   TOTAL IOMMU OVERHEAD:            374.04 us
   Avg latency per access:          0.00213048 us

********************************************************************************
system.tail.tail_reshape.llvm_interface
Total Area: 10278.6
Total Power Static: 692.426

Total Power Dynamic: 17462.9
   ========= Performance Analysis =============
   Setup Time:                      0h 0m 0s 0ms 329us
   Simulation Time (Total):         0h 0m 15s 228ms
   Simulation Time (Active):        0h 0m 6s 688ms
        Queue Processing Time:      0h 0m 6s 683ms
             Scheduling Time:       0h 0m 3s 882ms
             Computation Time:      0h 0m 0s 26ms
   System Clock:                    0.1GHz
   Runtime:                         35442 cycles
   Runtime:                         354.42 us
   Stalls:                          0 cycles
   Executed Nodes:                  35441 cycles

   ========= Kernel Validation Stats ==========
   Kernel validation enabled:       NO
   Configured latency per check:    0 us

   --- Access Breakdown ---
   Total memory accesses (validated): 0
   Cache hits (0 latency):          0
   Validation requests (full lat):  0
     of which DMA-ctrl writes:      0
   Coalesced waits (partial lat):   0
   Validations denied:              0

   --- Latency Breakdown ---
   Validation request latency:      0 us
   Coalesced wait latency:          0 us
   TOTAL SECURITY OVERHEAD:         0 us
   Avg latency per validation:      0 us
   Avg latency per coalesced wait:  0 us
   Avg overhead per blocked access: 0 us

   --- Cache Statistics ---
   Processes with cached pages:     0
   Unique pages validated (total):  0
   Cache hit rate:                  0%

   ========= IOMMU Stats =====================
   IOMMU enabled:                   YES
   IOMMU SimObject:                 system.tail.iommu

   --- Access Breakdown ---
   Total IOMMU checks:              175581
   IOTLB hits:                      175535
   IOTLB misses (page walks):       46
   IOTLB hit rate:                  99.9738%

   --- Latency Breakdown ---
   TOTAL IOMMU OVERHEAD:            374.07 us
   Avg latency per access:          0.00213047 us

********************************************************************************
system.tail.tail_avgpool.llvm_interface
Total Area: 5554.55
Total Power Static: 178.864

Total Power Dynamic: 2910.95
   ========= Performance Analysis =============
   Setup Time:                      0h 0m 0s 0ms 346us
   Simulation Time (Total):         0h 0m 19s 931ms
   Simulation Time (Active):        0h 0m 5s 869ms
        Queue Processing Time:      0h 0m 5s 863ms
             Scheduling Time:       0h 0m 3s 747ms
             Computation Time:      0h 0m 0s 35ms
   System Clock:                    0.1GHz
   Runtime:                         55164 cycles
   Runtime:                         551.64 us
   Stalls:                          0 cycles
   Executed Nodes:                  55163 cycles

   ========= Kernel Validation Stats ==========
   Kernel validation enabled:       NO
   Configured latency per check:    0 us

   --- Access Breakdown ---
   Total memory accesses (validated): 0
   Cache hits (0 latency):          0
   Validation requests (full lat):  0
     of which DMA-ctrl writes:      0
   Coalesced waits (partial lat):   0
   Validations denied:              0

   --- Latency Breakdown ---
   Validation request latency:      0 us
   Coalesced wait latency:          0 us
   TOTAL SECURITY OVERHEAD:         0 us
   Avg latency per validation:      0 us
   Avg latency per coalesced wait:  0 us
   Avg overhead per blocked access: 0 us

   --- Cache Statistics ---
   Processes with cached pages:     0
   Unique pages validated (total):  0
   Cache hit rate:                  0%

   ========= IOMMU Stats =====================
   IOMMU enabled:                   YES
   IOMMU SimObject:                 system.tail.iommu

   --- Access Breakdown ---
   Total IOMMU checks:              196425
   IOTLB hits:                      196379
   IOTLB misses (page walks):       46
   IOTLB hit rate:                  99.9766%

   --- Latency Breakdown ---
   TOTAL IOMMU OVERHEAD:            415.758 us
   Avg latency per access:          0.00211662 us

********************************************************************************
system.tail.tail_top.llvm_interface
Total Area: 1300.17
Total Power Static: 17.4771

Total Power Dynamic: 85.8985
   ========= Performance Analysis =============
   Setup Time:                      0h 0m 0s 8ms 996us
   Simulation Time (Total):         0h 0m 20s 619ms
   Simulation Time (Active):        0h 0m 0s 112ms
        Queue Processing Time:      0h 0m 0s 105ms
             Scheduling Time:       0h 0m 0s 50ms
             Computation Time:      0h 0m 0s 14ms
   System Clock:                    0.1GHz
   Runtime:                         97273 cycles
   Runtime:                         972.73 us
   Stalls:                          0 cycles
   Executed Nodes:                  97272 cycles

   ========= Kernel Validation Stats ==========
   Kernel validation enabled:       NO
   Configured latency per check:    0 us

   --- Access Breakdown ---
   Total memory accesses (validated): 0
   Cache hits (0 latency):          0
   Validation requests (full lat):  0
     of which DMA-ctrl writes:      0
   Coalesced waits (partial lat):   0
   Validations denied:              0

   --- Latency Breakdown ---
   Validation request latency:      0 us
   Coalesced wait latency:          0 us
   TOTAL SECURITY OVERHEAD:         0 us
   Avg latency per validation:      0 us
   Avg latency per coalesced wait:  0 us
   Avg overhead per blocked access: 0 us

   --- Cache Statistics ---
   Processes with cached pages:     0
   Unique pages validated (total):  0
   Cache hit rate:                  0%

   ========= IOMMU Stats =====================
   IOMMU enabled:                   YES
   IOMMU SimObject:                 system.tail.iommu

   --- Access Breakdown ---
   Total IOMMU checks:              196429
   IOTLB hits:                      196383
   IOTLB misses (page walks):       46
   IOTLB hit rate:                  99.9766%

   --- Latency Breakdown ---
   TOTAL IOMMU OVERHEAD:            415.766 us
   Avg latency per access:          0.00211662 us

********************************************************************************
system.classifier.classifier_linear.llvm_interface
Total Area: 1.83064e+06
Total Power Static: 149974

Total Power Dynamic: 2.0398e+06
   ========= Performance Analysis =============
   Setup Time:                      0h 0m 0s 556ms 381us
   Simulation Time (Total):         0h 20m 34s 524ms
   Simulation Time (Active):        0h 17m 23s 985ms
        Queue Processing Time:      0h 17m 23s 973ms
             Scheduling Time:       0h 17m 0s 420ms
             Computation Time:      0h 0m 6s 758ms
   System Clock:                    0.1GHz
   Runtime:                         1049616 cycles
   Runtime:                         10496.2 us
   Stalls:                          0 cycles
   Executed Nodes:                  1049615 cycles

   ========= Kernel Validation Stats ==========
   Kernel validation enabled:       NO
   Configured latency per check:    0 us

   --- Access Breakdown ---
   Total memory accesses (validated): 0
   Cache hits (0 latency):          0
   Validation requests (full lat):  0
     of which DMA-ctrl writes:      0
   Coalesced waits (partial lat):   0
   Validations denied:              0

   --- Latency Breakdown ---
   Validation request latency:      0 us
   Coalesced wait latency:          0 us
   TOTAL SECURITY OVERHEAD:         0 us
   Avg latency per validation:      0 us
   Avg latency per coalesced wait:  0 us
   Avg overhead per blocked access: 0 us

   --- Cache Statistics ---
   Processes with cached pages:     0
   Unique pages validated (total):  0
   Cache hit rate:                  0%

   ========= IOMMU Stats =====================
   IOMMU enabled:                   YES
   IOMMU SimObject:                 system.classifier.iommu

   --- Access Breakdown ---
   Total IOMMU checks:              5490323
   IOTLB hits:                      5489690
   IOTLB misses (page walks):       633
   IOTLB hit rate:                  99.9885%

   --- Latency Breakdown ---
   TOTAL IOMMU OVERHEAD:            11295.9 us
   Avg latency per access:          0.00205742 us

********************************************************************************
system.classifier.classifier_top.llvm_interface
Total Area: 1350.54
Total Power Static: 23.513

Total Power Dynamic: 115.56
   ========= Performance Analysis =============
   Setup Time:                      0h 0m 0s 1ms 227us
   Simulation Time (Total):         0h 20m 40s 450ms
   Simulation Time (Active):        0h 0m 0s 315ms
        Queue Processing Time:      0h 0m 0s 219ms
             Scheduling Time:       0h 0m 0s 84ms
             Computation Time:      0h 0m 0s 25ms
   System Clock:                    0.1GHz
   Runtime:                         1403227 cycles
   Runtime:                         14032.3 us
   Stalls:                          0 cycles
   Executed Nodes:                  1403226 cycles

   ========= Kernel Validation Stats ==========
   Kernel validation enabled:       NO
   Configured latency per check:    0 us

   --- Access Breakdown ---
   Total memory accesses (validated): 0
   Cache hits (0 latency):          0
   Validation requests (full lat):  0
     of which DMA-ctrl writes:      0
   Coalesced waits (partial lat):   0
   Validations denied:              0

   --- Latency Breakdown ---
   Validation request latency:      0 us
   Coalesced wait latency:          0 us
   TOTAL SECURITY OVERHEAD:         0 us
   Avg latency per validation:      0 us
   Avg latency per coalesced wait:  0 us
   Avg overhead per blocked access: 0 us

   --- Cache Statistics ---
   Processes with cached pages:     0
   Unique pages validated (total):  0
   Cache hit rate:                  0%

   ========= IOMMU Stats =====================
   IOMMU enabled:                   YES
   IOMMU SimObject:                 system.classifier.iommu

   --- Access Breakdown ---
   Total IOMMU checks:              5490327
   IOTLB hits:                      5489694
   IOTLB misses (page walks):       633
   IOTLB hit rate:                  99.9885%

   --- Latency Breakdown ---
   TOTAL IOMMU OVERHEAD:            11295.9 us
   Avg latency per access:          0.00205742 us

Exiting @ tick 101906362000 because m5_exit instruction encountered
