build/ARM/base/statistics.hh:277: warn: One of the stats is a legacy stat. Legacy stat is a stat that does not belong to any statistics::Group. Legacy stat is deprecated.
Global frequency set at 1000000000000 ticks per second
build/ARM/mem/mem_interface.cc:793: warn: DRAM device capacity (16384 Mbytes) does not match the address range assigned (4096 Mbytes)
build/ARM/sim/kernel_workload.cc:46: info: kernel located at: /gem5-SALAM/benchmarks/mobilenetv2/sw/main.elf
build/ARM/arch/arm/system.cc:95: warn: Highest ARM exception-level set to AArch64 but the workload is for AArch32. Assuming you wanted these to match.
build/ARM/base/vnc/vncserver.cc:163: warn: Sockets disabled, not accepting vnc client connections
build/ARM/dev/serial/terminal.cc:170: warn: Sockets disabled, not accepting terminal connections
build/ARM/mem/coherent_xbar.cc:140: warn: CoherentXBar system.body.coherency_bus has no snooping ports attached!
build/ARM/mem/coherent_xbar.cc:140: warn: CoherentXBar system.classifier.coherency_bus has no snooping ports attached!
build/ARM/base/remote_gdb.cc:377: warn: Sockets disabled, not accepting gdb connections
build/ARM/mem/coherent_xbar.cc:140: warn: CoherentXBar system.head.coherency_bus has no snooping ports attached!
build/ARM/mem/coherent_xbar.cc:140: warn: CoherentXBar system.tail.coherency_bus has no snooping ports attached!
build/ARM/dev/arm/energy_ctrl.cc:252: warn: Existing EnergyCtrl, but no enabled DVFSHandler found.
gem5 Simulator System.  http://gem5.org
gem5 is copyrighted software; use the --copyright option for details.

gem5 version 21.1.0.1
gem5 compiled May  4 2026 18:12:38
gem5 started May  4 2026 21:43:57
gem5 executing on 3b7fb6fd27b8, pid 2704731
command line: /gem5-SALAM/build/ARM/gem5.opt --listener-mode=off --outdir=/gem5-SALAM/BM_ARM_OUT/run_all/mobilenetv2_35/iommu_e16_m500ns /gem5-SALAM/configs/SALAM/fs_mobilenetv2_35.py --mem-size=4GB --mem-type=DDR4_2400_8x8 --machine-type=VExpress_GEM5_V1 --dtb-file=none --bare-metal --cpu-type=DerivO3CPU --caches --l2cache --kernel=/gem5-SALAM/benchmarks/mobilenetv2/sw/main.elf --disk-image=/gem5-SALAM/benchmarks/common/fake.iso --accpath=/gem5-SALAM/benchmarks/mobilenetv2 --accbench=mobilenetv2_35 --enable-iommu --iotlb-entries 16 --iotlb-hit-latency 2000 --iotlb-miss-latency 500000

[HWAccConfig] IOMMU ENABLED: entries=16, hit_lat=2000, miss_lat=500000
head_top Profile Loaded
[HWAccConfig] IOMMU ENABLED: entries=16, hit_lat=2000, miss_lat=500000
head_NormalConv Profile Loaded
[HWAccConfig] IOMMU ENABLED: entries=16, hit_lat=2000, miss_lat=500000
head_DWConv Profile Loaded
[HWAccConfig] IOMMU ENABLED: entries=16, hit_lat=2000, miss_lat=500000
head_PWConv Profile Loaded
[HWAccConfig] IOMMU ENABLED: entries=16, hit_lat=2000, miss_lat=500000
body_top Profile Loaded
[HWAccConfig] IOMMU ENABLED: entries=16, hit_lat=2000, miss_lat=500000
body_Residual Profile Loaded
[HWAccConfig] IOMMU ENABLED: entries=16, hit_lat=2000, miss_lat=500000
body_PWConv0 Profile Loaded
[HWAccConfig] IOMMU ENABLED: entries=16, hit_lat=2000, miss_lat=500000
body_DWConv Profile Loaded
[HWAccConfig] IOMMU ENABLED: entries=16, hit_lat=2000, miss_lat=500000
body_PWConv1 Profile Loaded
[HWAccConfig] IOMMU ENABLED: entries=16, hit_lat=2000, miss_lat=500000
tail_top Profile Loaded
[HWAccConfig] IOMMU ENABLED: entries=16, hit_lat=2000, miss_lat=500000
tail_PWConv Profile Loaded
[HWAccConfig] IOMMU ENABLED: entries=16, hit_lat=2000, miss_lat=500000
tail_Reshape Profile Loaded
[HWAccConfig] IOMMU ENABLED: entries=16, hit_lat=2000, miss_lat=500000
tail_AvgPool Profile Loaded
[HWAccConfig] IOMMU ENABLED: entries=16, hit_lat=2000, miss_lat=500000
classifier_top Profile Loaded
[HWAccConfig] IOMMU ENABLED: entries=16, hit_lat=2000, miss_lat=500000
classifier_Linear Profile Loaded
**** REAL SIMULATION ****
warn: iobus.slave is deprecated. `slave` is now called `cpu_side_ports`
warn: bridge.master is deprecated. `master` is now called `mem_side_port`
warn: membus.master is deprecated. `master` is now called `mem_side_ports`
warn: bridge.slave is deprecated. `slave` is now called `cpu_side_port`
warn: membus.slave is deprecated. `slave` is now called `cpu_side_ports`
warn: tol2bus.master is deprecated. `master` is now called `mem_side_ports`
warn: membus.slave is deprecated. `slave` is now called `cpu_side_ports`
warn: tol2bus.slave is deprecated. `slave` is now called `cpu_side_ports`
warn: tol2bus.slave is deprecated. `slave` is now called `cpu_side_ports`
warn: tol2bus.slave is deprecated. `slave` is now called `cpu_side_ports`
warn: tol2bus.slave is deprecated. `slave` is now called `cpu_side_ports`
warn: membus.slave is deprecated. `slave` is now called `cpu_side_ports`
warn: coherency_bus.master is deprecated. `master` is now called `mem_side_ports`
warn: membus.slave is deprecated. `slave` is now called `cpu_side_ports`
warn: coherency_bus.master is deprecated. `master` is now called `mem_side_ports`
warn: membus.slave is deprecated. `slave` is now called `cpu_side_ports`
warn: coherency_bus.master is deprecated. `master` is now called `mem_side_ports`
warn: membus.slave is deprecated. `slave` is now called `cpu_side_ports`
warn: coherency_bus.master is deprecated. `master` is now called `mem_side_ports`
warn: No dot file generated. Please install pydot to generate the dot file and pdf.
build/ARM/sim/simulate.cc:107: info: Entering event queue @ 0.  Starting simulation...
********************************************************************************
system.head.head_top.llvm_interface
Total Area: 3799.78
Total Power Static: 158.885

Total Power Dynamic: 780.827
   ========= Performance Analysis =============
   Setup Time:                      0h 0m 0s 3ms 797us
   Simulation Time (Total):         0h 25m 22s 367ms
   Simulation Time (Active):        0h 0m 1s 634ms
        Queue Processing Time:      0h 0m 1s 430ms
             Scheduling Time:       0h 0m 0s 680ms
             Computation Time:      0h 0m 0s 229ms
   System Clock:                    0.1GHz
   Runtime:                         2197892 cycles
   Runtime:                         21978.9 us
   Stalls:                          0 cycles
   Executed Nodes:                  2197891 cycles

   ========= Kernel Validation Stats ==========
   Kernel validation enabled:       NO
   Configured latency per check:    0 us

   --- Access Breakdown ---
   Total memory accesses (validated): 0
   Cache hits (0 latency):          0
   Validation requests (full lat):  0
     of which DMA-ctrl writes:      0
   Coalesced waits (partial lat):   0
   Validations denied:              0

   --- Latency Breakdown ---
   Validation request latency:      0 us
   Coalesced wait latency:          0 us
   TOTAL SECURITY OVERHEAD:         0 us
   Avg latency per validation:      0 us
   Avg latency per coalesced wait:  0 us
   Avg overhead per blocked access: 0 us

   --- Cache Statistics ---
   Processes with cached pages:     0
   Unique pages validated (total):  0
   Cache hit rate:                  0%

   ========= IOMMU Stats =====================
   IOMMU enabled:                   YES
   IOMMU SimObject:                 system.head.iommu

   --- Access Breakdown ---
   Total IOMMU checks:              10362966
   IOTLB hits:                      10362948
   IOTLB misses (page walks):       18
   IOTLB hit rate:                  99.9998%

   --- Latency Breakdown ---
   TOTAL IOMMU OVERHEAD:            20734.9 us
   Avg latency per access:          0.00200087 us

********************************************************************************
system.head.head_pwconv.llvm_interface
Total Area: 11678.9
Total Power Static: 2554.71

Total Power Dynamic: 61491.8
   ========= Performance Analysis =============
   Setup Time:                      0h 0m 0s 0ms 549us
   Simulation Time (Total):         0h 35m 1s 944ms
   Simulation Time (Active):        0h 0m 46s 764ms
        Queue Processing Time:      0h 0m 46s 729ms
             Scheduling Time:       0h 0m 15s 499ms
             Computation Time:      0h 0m 0s 384ms
   System Clock:                    0.1GHz
   Runtime:                         2481178 cycles
   Runtime:                         24811.8 us
   Stalls:                          0 cycles
   Executed Nodes:                  2481177 cycles

   ========= Kernel Validation Stats ==========
   Kernel validation enabled:       NO
   Configured latency per check:    0 us

   --- Access Breakdown ---
   Total memory accesses (validated): 0
   Cache hits (0 latency):          0
   Validation requests (full lat):  0
     of which DMA-ctrl writes:      0
   Coalesced waits (partial lat):   0
   Validations denied:              0

   --- Latency Breakdown ---
   Validation request latency:      0 us
   Coalesced wait latency:          0 us
   TOTAL SECURITY OVERHEAD:         0 us
   Avg latency per validation:      0 us
   Avg latency per coalesced wait:  0 us
   Avg overhead per blocked access: 0 us

   --- Cache Statistics ---
   Processes with cached pages:     0
   Unique pages validated (total):  0
   Cache hit rate:                  0%

   ========= IOMMU Stats =====================
   IOMMU enabled:                   YES
   IOMMU SimObject:                 system.head.iommu

   --- Access Breakdown ---
   Total IOMMU checks:              11684416
   IOTLB hits:                      11684398
   IOTLB misses (page walks):       18
   IOTLB hit rate:                  99.9998%

   --- Latency Breakdown ---
   TOTAL IOMMU OVERHEAD:            23377.8 us
   Avg latency per access:          0.00200077 us

********************************************************************************
system.head.head_dwconv.llvm_interface
Total Area: 116081
Total Power Static: 72931.3

Total Power Dynamic: 869084
   ========= Performance Analysis =============
   Setup Time:                      0h 0m 0s 4ms 583us
   Simulation Time (Total):         0h 35m 2s 84ms
   Simulation Time (Active):        0h 4m 16s 177ms
        Queue Processing Time:      0h 4m 16s 134ms
             Scheduling Time:       0h 3m 37s 585ms
             Computation Time:      0h 0m 3s 938ms
   System Clock:                    0.1GHz
   Runtime:                         2481220 cycles
   Runtime:                         24812.2 us
   Stalls:                          0 cycles
   Executed Nodes:                  2481219 cycles

   ========= Kernel Validation Stats ==========
   Kernel validation enabled:       NO
   Configured latency per check:    0 us

   --- Access Breakdown ---
   Total memory accesses (validated): 0
   Cache hits (0 latency):          0
   Validation requests (full lat):  0
     of which DMA-ctrl writes:      0
   Coalesced waits (partial lat):   0
   Validations denied:              0

   --- Latency Breakdown ---
   Validation request latency:      0 us
   Coalesced wait latency:          0 us
   TOTAL SECURITY OVERHEAD:         0 us
   Avg latency per validation:      0 us
   Avg latency per coalesced wait:  0 us
   Avg overhead per blocked access: 0 us

   --- Cache Statistics ---
   Processes with cached pages:     0
   Unique pages validated (total):  0
   Cache hit rate:                  0%

   ========= IOMMU Stats =====================
   IOMMU enabled:                   YES
   IOMMU SimObject:                 system.head.iommu

   --- Access Breakdown ---
   Total IOMMU checks:              11684548
   IOTLB hits:                      11684530
   IOTLB misses (page walks):       18
   IOTLB hit rate:                  99.9998%

   --- Latency Breakdown ---
   TOTAL IOMMU OVERHEAD:            23378.1 us
   Avg latency per access:          0.00200077 us

********************************************************************************
system.head.head_normalconv.llvm_interface
Total Area: 200127
Total Power Static: 259429

Total Power Dynamic: 6.41728e+06
   ========= Performance Analysis =============
   Setup Time:                      0h 0m 0s 10ms 988us
   Simulation Time (Total):         0h 35m 15s 684ms
   Simulation Time (Active):        0h 22m 48s 364ms
        Queue Processing Time:      0h 22m 49s 21ms
             Scheduling Time:       0h 20m 15s 831ms
             Computation Time:      0h 0m 17s 309ms
   System Clock:                    0.1GHz
   Runtime:                         2486806 cycles
   Runtime:                         24868.1 us
   Stalls:                          0 cycles
   Executed Nodes:                  2486805 cycles

   ========= Kernel Validation Stats ==========
   Kernel validation enabled:       NO
   Configured latency per check:    0 us

   --- Access Breakdown ---
   Total memory accesses (validated): 0
   Cache hits (0 latency):          0
   Validation requests (full lat):  0
     of which DMA-ctrl writes:      0
   Coalesced waits (partial lat):   0
   Validations denied:              0

   --- Latency Breakdown ---
   Validation request latency:      0 us
   Coalesced wait latency:          0 us
   TOTAL SECURITY OVERHEAD:         0 us
   Avg latency per validation:      0 us
   Avg latency per coalesced wait:  0 us
   Avg overhead per blocked access: 0 us

   --- Cache Statistics ---
   Processes with cached pages:     0
   Unique pages validated (total):  0
   Cache hit rate:                  0%

   ========= IOMMU Stats =====================
   IOMMU enabled:                   YES
   IOMMU SimObject:                 system.head.iommu

   --- Access Breakdown ---
   Total IOMMU checks:              11708999
   IOTLB hits:                      11708981
   IOTLB misses (page walks):       18
   IOTLB hit rate:                  99.9998%

   --- Latency Breakdown ---
   TOTAL IOMMU OVERHEAD:            23427 us
   Avg latency per access:          0.00200077 us

********************************************************************************
system.body.body_residual.llvm_interface
Total Area: 538.329
Total Power Static: 87.7635

Total Power Dynamic: 263.175
   ========= Performance Analysis =============
   Setup Time:                      0h 0m 0s 0ms 533us
   Simulation Time (Total):         0h 41m 16s 157ms
   Simulation Time (Active):        0h 0m 0s 483ms
        Queue Processing Time:      0h 0m 0s 356ms
             Scheduling Time:       0h 0m 0s 172ms
             Computation Time:      0h 0m 0s 15ms
   System Clock:                    0.1GHz
   Runtime:                         1802697 cycles
   Runtime:                         18027 us
   Stalls:                          0 cycles
   Executed Nodes:                  1802696 cycles

   ========= Kernel Validation Stats ==========
   Kernel validation enabled:       NO
   Configured latency per check:    0 us

   --- Access Breakdown ---
   Total memory accesses (validated): 0
   Cache hits (0 latency):          0
   Validation requests (full lat):  0
     of which DMA-ctrl writes:      0
   Coalesced waits (partial lat):   0
   Validations denied:              0

   --- Latency Breakdown ---
   Validation request latency:      0 us
   Coalesced wait latency:          0 us
   TOTAL SECURITY OVERHEAD:         0 us
   Avg latency per validation:      0 us
   Avg latency per coalesced wait:  0 us
   Avg overhead per blocked access: 0 us

   --- Cache Statistics ---
   Processes with cached pages:     0
   Unique pages validated (total):  0
   Cache hit rate:                  0%

   ========= IOMMU Stats =====================
   IOMMU enabled:                   YES
   IOMMU SimObject:                 system.body.iommu

   --- Access Breakdown ---
   Total IOMMU checks:              8610156
   IOTLB hits:                      8610128
   IOTLB misses (page walks):       28
   IOTLB hit rate:                  99.9997%

   --- Latency Breakdown ---
   TOTAL IOMMU OVERHEAD:            17234.3 us
   Avg latency per access:          0.00200162 us

********************************************************************************
system.body.body_pwconv0.llvm_interface
Total Area: 12037.8
Total Power Static: 15393.1

Total Power Dynamic: 366196
   ========= Performance Analysis =============
   Setup Time:                      0h 0m 0s 0ms 843us
   Simulation Time (Total):         0h 41m 28s 588ms
   Simulation Time (Active):        0h 4m 43s 915ms
        Queue Processing Time:      0h 4m 43s 715ms
             Scheduling Time:       0h 3m 14s 102ms
             Computation Time:      0h 0m 2s 723ms
   System Clock:                    0.1GHz
   Runtime:                         1812822 cycles
   Runtime:                         18128.2 us
   Stalls:                          0 cycles
   Executed Nodes:                  1812821 cycles

   ========= Kernel Validation Stats ==========
   Kernel validation enabled:       NO
   Configured latency per check:    0 us

   --- Access Breakdown ---
   Total memory accesses (validated): 0
   Cache hits (0 latency):          0
   Validation requests (full lat):  0
     of which DMA-ctrl writes:      0
   Coalesced waits (partial lat):   0
   Validations denied:              0

   --- Latency Breakdown ---
   Validation request latency:      0 us
   Coalesced wait latency:          0 us
   TOTAL SECURITY OVERHEAD:         0 us
   Avg latency per validation:      0 us
   Avg latency per coalesced wait:  0 us
   Avg overhead per blocked access: 0 us

   --- Cache Statistics ---
   Processes with cached pages:     0
   Unique pages validated (total):  0
   Cache hit rate:                  0%

   ========= IOMMU Stats =====================
   IOMMU enabled:                   YES
   IOMMU SimObject:                 system.body.iommu

   --- Access Breakdown ---
   Total IOMMU checks:              8659918
   IOTLB hits:                      8659890
   IOTLB misses (page walks):       28
   IOTLB hit rate:                  99.9997%

   --- Latency Breakdown ---
   TOTAL IOMMU OVERHEAD:            17333.8 us
   Avg latency per access:          0.00200161 us

********************************************************************************
system.body.body_pwconv1.llvm_interface
Total Area: 749685
Total Power Static: 185773

Total Power Dynamic: 1.83603e+06
   ========= Performance Analysis =============
   Setup Time:                      0h 0m 0s 136ms 658us
   Simulation Time (Total):         0h 41m 53s 330ms
   Simulation Time (Active):        0h 9m 46s 243ms
        Queue Processing Time:      0h 9m 46s 222ms
             Scheduling Time:       0h 8m 16s 608ms
             Computation Time:      0h 0m 10s 886ms
   System Clock:                    0.1GHz
   Runtime:                         1835262 cycles
   Runtime:                         18352.6 us
   Stalls:                          0 cycles
   Executed Nodes:                  1835261 cycles

   ========= Kernel Validation Stats ==========
   Kernel validation enabled:       NO
   Configured latency per check:    0 us

   --- Access Breakdown ---
   Total memory accesses (validated): 0
   Cache hits (0 latency):          0
   Validation requests (full lat):  0
     of which DMA-ctrl writes:      0
   Coalesced waits (partial lat):   0
   Validations denied:              0

   --- Latency Breakdown ---
   Validation request latency:      0 us
   Coalesced wait latency:          0 us
   TOTAL SECURITY OVERHEAD:         0 us
   Avg latency per validation:      0 us
   Avg latency per coalesced wait:  0 us
   Avg overhead per blocked access: 0 us

   --- Cache Statistics ---
   Processes with cached pages:     0
   Unique pages validated (total):  0
   Cache hit rate:                  0%

   ========= IOMMU Stats =====================
   IOMMU enabled:                   YES
   IOMMU SimObject:                 system.body.iommu

   --- Access Breakdown ---
   Total IOMMU checks:              8756143
   IOTLB hits:                      8756115
   IOTLB misses (page walks):       28
   IOTLB hit rate:                  99.9997%

   --- Latency Breakdown ---
   TOTAL IOMMU OVERHEAD:            17526.2 us
   Avg latency per access:          0.00200159 us

********************************************************************************
system.body.body_dwconv.llvm_interface
Total Area: 129609
Total Power Static: 229952

Total Power Dynamic: 2.63548e+06
   ========= Performance Analysis =============
   Setup Time:                      0h 0m 0s 9ms 53us
   Simulation Time (Total):         0h 41m 53s 510ms
   Simulation Time (Active):        0h 22m 11s 794ms
        Queue Processing Time:      0h 22m 12s 117ms
             Scheduling Time:       0h 20m 41s 257ms
             Computation Time:      0h 0m 13s 532ms
   System Clock:                    0.1GHz
   Runtime:                         1835693 cycles
   Runtime:                         18356.9 us
   Stalls:                          0 cycles
   Executed Nodes:                  1835692 cycles

   ========= Kernel Validation Stats ==========
   Kernel validation enabled:       NO
   Configured latency per check:    0 us

   --- Access Breakdown ---
   Total memory accesses (validated): 0
   Cache hits (0 latency):          0
   Validation requests (full lat):  0
     of which DMA-ctrl writes:      0
   Coalesced waits (partial lat):   0
   Validations denied:              0

   --- Latency Breakdown ---
   Validation request latency:      0 us
   Coalesced wait latency:          0 us
   TOTAL SECURITY OVERHEAD:         0 us
   Avg latency per validation:      0 us
   Avg latency per coalesced wait:  0 us
   Avg overhead per blocked access: 0 us

   --- Cache Statistics ---
   Processes with cached pages:     0
   Unique pages validated (total):  0
   Cache hit rate:                  0%

   ========= IOMMU Stats =====================
   IOMMU enabled:                   YES
   IOMMU SimObject:                 system.body.iommu

   --- Access Breakdown ---
   Total IOMMU checks:              8757876
   IOTLB hits:                      8757848
   IOTLB misses (page walks):       28
   IOTLB hit rate:                  99.9997%

   --- Latency Breakdown ---
   TOTAL IOMMU OVERHEAD:            17529.7 us
   Avg latency per access:          0.00200159 us

********************************************************************************
system.body.body_top.llvm_interface
Total Area: 3749.41
Total Power Static: 0.959791

Total Power Dynamic: 4.75526
   ========= Performance Analysis =============
   Setup Time:                      0h 0m 0s 8ms 492us
   Simulation Time (Total):         0h 42m 6s 443ms
   Simulation Time (Active):        0h 0m 0s 832ms
        Queue Processing Time:      0h 0m 0s 710ms
             Scheduling Time:       0h 0m 0s 311ms
             Computation Time:      0h 0m 0s 76ms
   System Clock:                    0.1GHz
   Runtime:                         1854943 cycles
   Runtime:                         18549.4 us
   Stalls:                          0 cycles
   Executed Nodes:                  1854942 cycles

   ========= Kernel Validation Stats ==========
   Kernel validation enabled:       NO
   Configured latency per check:    0 us

   --- Access Breakdown ---
   Total memory accesses (validated): 0
   Cache hits (0 latency):          0
   Validation requests (full lat):  0
     of which DMA-ctrl writes:      0
   Coalesced waits (partial lat):   0
   Validations denied:              0

   --- Latency Breakdown ---
   Validation request latency:      0 us
   Coalesced wait latency:          0 us
   TOTAL SECURITY OVERHEAD:         0 us
   Avg latency per validation:      0 us
   Avg latency per coalesced wait:  0 us
   Avg overhead per blocked access: 0 us

   --- Cache Statistics ---
   Processes with cached pages:     0
   Unique pages validated (total):  0
   Cache hit rate:                  0%

   ========= IOMMU Stats =====================
   IOMMU enabled:                   YES
   IOMMU SimObject:                 system.body.iommu

   --- Access Breakdown ---
   Total IOMMU checks:              8757879
   IOTLB hits:                      8757851
   IOTLB misses (page walks):       28
   IOTLB hit rate:                  99.9997%

   --- Latency Breakdown ---
   TOTAL IOMMU OVERHEAD:            17529.7 us
   Avg latency per access:          0.00200159 us

********************************************************************************
system.body.body_residual.llvm_interface
Total Area: 1076.66
Total Power Static: 21.9391

Total Power Dynamic: 65.7937
   ========= Performance Analysis =============
   Setup Time:                      0h 0m 0s 0ms 400us
   Simulation Time (Total):         0h 15m 34s 245ms
   Simulation Time (Active):        0h 0m 0s 178ms
        Queue Processing Time:      0h 0m 0s 110ms
             Scheduling Time:       0h 0m 0s 39ms
             Computation Time:      0h 0m 0s 3ms
   System Clock:                    0.1GHz
   Runtime:                         1036744 cycles
   Runtime:                         10367.4 us
   Stalls:                          0 cycles
   Executed Nodes:                  1036743 cycles

   ========= Kernel Validation Stats ==========
   Kernel validation enabled:       NO
   Configured latency per check:    0 us

   --- Access Breakdown ---
   Total memory accesses (validated): 0
   Cache hits (0 latency):          0
   Validation requests (full lat):  0
     of which DMA-ctrl writes:      0
   Coalesced waits (partial lat):   0
   Validations denied:              0

   --- Latency Breakdown ---
   Validation request latency:      0 us
   Coalesced wait latency:          0 us
   TOTAL SECURITY OVERHEAD:         0 us
   Avg latency per validation:      0 us
   Avg latency per coalesced wait:  0 us
   Avg overhead per blocked access: 0 us

   --- Cache Statistics ---
   Processes with cached pages:     0
   Unique pages validated (total):  0
   Cache hit rate:                  0%

   ========= IOMMU Stats =====================
   IOMMU enabled:                   YES
   IOMMU SimObject:                 system.body.iommu

   --- Access Breakdown ---
   Total IOMMU checks:              12627893
   IOTLB hits:                      12627845
   IOTLB misses (page walks):       48
   IOTLB hit rate:                  99.9996%

   --- Latency Breakdown ---
   TOTAL IOMMU OVERHEAD:            25279.7 us
   Avg latency per access:          0.00200189 us

********************************************************************************
system.body.body_pwconv0.llvm_interface
Total Area: 24075.6
Total Power Static: 3848.3

Total Power Dynamic: 91549.2
   ========= Performance Analysis =============
   Setup Time:                      0h 0m 0s 0ms 723us
   Simulation Time (Total):         0h 15m 54s 150ms
   Simulation Time (Active):        0h 1m 4s 795ms
        Queue Processing Time:      0h 1m 4s 774ms
             Scheduling Time:       0h 0m 42s 940ms
             Computation Time:      0h 0m 0s 651ms
   System Clock:                    0.1GHz
   Runtime:                         1052924 cycles
   Runtime:                         10529.2 us
   Stalls:                          0 cycles
   Executed Nodes:                  1052923 cycles

   ========= Kernel Validation Stats ==========
   Kernel validation enabled:       NO
   Configured latency per check:    0 us

   --- Access Breakdown ---
   Total memory accesses (validated): 0
   Cache hits (0 latency):          0
   Validation requests (full lat):  0
     of which DMA-ctrl writes:      0
   Coalesced waits (partial lat):   0
   Validations denied:              0

   --- Latency Breakdown ---
   Validation request latency:      0 us
   Coalesced wait latency:          0 us
   TOTAL SECURITY OVERHEAD:         0 us
   Avg latency per validation:      0 us
   Avg latency per coalesced wait:  0 us
   Avg overhead per blocked access: 0 us

   --- Cache Statistics ---
   Processes with cached pages:     0
   Unique pages validated (total):  0
   Cache hit rate:                  0%

   ========= IOMMU Stats =====================
   IOMMU enabled:                   YES
   IOMMU SimObject:                 system.body.iommu

   --- Access Breakdown ---
   Total IOMMU checks:              12708062
   IOTLB hits:                      12708014
   IOTLB misses (page walks):       48
   IOTLB hit rate:                  99.9996%

   --- Latency Breakdown ---
   TOTAL IOMMU OVERHEAD:            25440 us
   Avg latency per access:          0.00200188 us

********************************************************************************
system.body.body_dwconv.llvm_interface
Total Area: 259219
Total Power Static: 56863.8

Total Power Dynamic: 649870
   ========= Performance Analysis =============
   Setup Time:                      0h 0m 0s 9ms 383us
   Simulation Time (Total):         0h 16m 30s 572ms
   Simulation Time (Active):        0h 5m 28s 650ms
        Queue Processing Time:      0h 5m 28s 623ms
             Scheduling Time:       0h 5m 2s 128ms
             Computation Time:      0h 0m 3s 543ms
   System Clock:                    0.1GHz
   Runtime:                         1097189 cycles
   Runtime:                         10971.9 us
   Stalls:                          0 cycles
   Executed Nodes:                  1097188 cycles

   ========= Kernel Validation Stats ==========
   Kernel validation enabled:       NO
   Configured latency per check:    0 us

   --- Access Breakdown ---
   Total memory accesses (validated): 0
   Cache hits (0 latency):          0
   Validation requests (full lat):  0
     of which DMA-ctrl writes:      0
   Coalesced waits (partial lat):   0
   Validations denied:              0

   --- Latency Breakdown ---
   Validation request latency:      0 us
   Coalesced wait latency:          0 us
   TOTAL SECURITY OVERHEAD:         0 us
   Avg latency per validation:      0 us
   Avg latency per coalesced wait:  0 us
   Avg overhead per blocked access: 0 us

   --- Cache Statistics ---
   Processes with cached pages:     0
   Unique pages validated (total):  0
   Cache hit rate:                  0%

   ========= IOMMU Stats =====================
   IOMMU enabled:                   YES
   IOMMU SimObject:                 system.body.iommu

   --- Access Breakdown ---
   Total IOMMU checks:              12863611
   IOTLB hits:                      12863563
   IOTLB misses (page walks):       48
   IOTLB hit rate:                  99.9996%

   --- Latency Breakdown ---
   TOTAL IOMMU OVERHEAD:            25751.1 us
   Avg latency per access:          0.00200186 us

********************************************************************************
system.body.body_pwconv1.llvm_interface
Total Area: 1.49937e+06
Total Power Static: 185773

Total Power Dynamic: 1.83603e+06
   ========= Performance Analysis =============
   Setup Time:                      0h 0m 0s 145ms 966us
   Simulation Time (Total):         0h 16m 31s 143ms
   Simulation Time (Active):        0h 9m 8s 802ms
        Queue Processing Time:      0h 9m 8s 825ms
             Scheduling Time:       0h 8m 0s 220ms
             Computation Time:      0h 0m 10s 536ms
   System Clock:                    0.1GHz
   Runtime:                         1104076 cycles
   Runtime:                         11040.8 us
   Stalls:                          0 cycles
   Executed Nodes:                  1104075 cycles

   ========= Kernel Validation Stats ==========
   Kernel validation enabled:       NO
   Configured latency per check:    0 us

   --- Access Breakdown ---
   Total memory accesses (validated): 0
   Cache hits (0 latency):          0
   Validation requests (full lat):  0
     of which DMA-ctrl writes:      0
   Coalesced waits (partial lat):   0
   Validations denied:              0

   --- Latency Breakdown ---
   Validation request latency:      0 us
   Coalesced wait latency:          0 us
   TOTAL SECURITY OVERHEAD:         0 us
   Avg latency per validation:      0 us
   Avg latency per coalesced wait:  0 us
   Avg overhead per blocked access: 0 us

   --- Cache Statistics ---
   Processes with cached pages:     0
   Unique pages validated (total):  0
   Cache hit rate:                  0%

   ========= IOMMU Stats =====================
   IOMMU enabled:                   YES
   IOMMU SimObject:                 system.body.iommu

   --- Access Breakdown ---
   Total IOMMU checks:              12871114
   IOTLB hits:                      12871066
   IOTLB misses (page walks):       48
   IOTLB hit rate:                  99.9996%

   --- Latency Breakdown ---
   TOTAL IOMMU OVERHEAD:            25766.1 us
   Avg latency per access:          0.00200186 us

********************************************************************************
system.body.body_top.llvm_interface
Total Area: 7498.83
Total Power Static: 0.960402

Total Power Dynamic: 4.75826
   ========= Performance Analysis =============
   Setup Time:                      0h 0m 0s 7ms 649us
   Simulation Time (Total):         0h 16m 31s 790ms
   Simulation Time (Active):        0h 0m 0s 424ms
        Queue Processing Time:      0h 0m 0s 334ms
             Scheduling Time:       0h 0m 0s 134ms
             Computation Time:      0h 0m 0s 31ms
   System Clock:                    0.1GHz
   Runtime:                         1123130 cycles
   Runtime:                         11231.3 us
   Stalls:                          0 cycles
   Executed Nodes:                  1123129 cycles

   ========= Kernel Validation Stats ==========
   Kernel validation enabled:       NO
   Configured latency per check:    0 us

   --- Access Breakdown ---
   Total memory accesses (validated): 0
   Cache hits (0 latency):          0
   Validation requests (full lat):  0
     of which DMA-ctrl writes:      0
   Coalesced waits (partial lat):   0
   Validations denied:              0

   --- Latency Breakdown ---
   Validation request latency:      0 us
   Coalesced wait latency:          0 us
   TOTAL SECURITY OVERHEAD:         0 us
   Avg latency per validation:      0 us
   Avg latency per coalesced wait:  0 us
   Avg overhead per blocked access: 0 us

   --- Cache Statistics ---
   Processes with cached pages:     0
   Unique pages validated (total):  0
   Cache hit rate:                  0%

   ========= IOMMU Stats =====================
   IOMMU enabled:                   YES
   IOMMU SimObject:                 system.body.iommu

   --- Access Breakdown ---
   Total IOMMU checks:              12871116
   IOTLB hits:                      12871068
   IOTLB misses (page walks):       48
   IOTLB hit rate:                  99.9996%

   --- Latency Breakdown ---
   TOTAL IOMMU OVERHEAD:            25766.1 us
   Avg latency per access:          0.00200186 us

********************************************************************************
system.body.body_residual.llvm_interface
Total Area: 1614.99
Total Power Static: 32.9098

Total Power Dynamic: 131.587
   ========= Performance Analysis =============
   Setup Time:                      0h 0m 0s 0ms 396us
   Simulation Time (Total):         0h 9m 59s 42ms
   Simulation Time (Active):        0h 0m 0s 146ms
        Queue Processing Time:      0h 0m 0s 109ms
             Scheduling Time:       0h 0m 0s 56ms
             Computation Time:      0h 0m 0s 6ms
   System Clock:                    0.1GHz
   Runtime:                         537695 cycles
   Runtime:                         5376.95 us
   Stalls:                          0 cycles
   Executed Nodes:                  537694 cycles

   ========= Kernel Validation Stats ==========
   Kernel validation enabled:       NO
   Configured latency per check:    0 us

   --- Access Breakdown ---
   Total memory accesses (validated): 0
   Cache hits (0 latency):          0
   Validation requests (full lat):  0
     of which DMA-ctrl writes:      0
   Coalesced waits (partial lat):   0
   Validations denied:              0

   --- Latency Breakdown ---
   Validation request latency:      0 us
   Coalesced wait latency:          0 us
   TOTAL SECURITY OVERHEAD:         0 us
   Avg latency per validation:      0 us
   Avg latency per coalesced wait:  0 us
   Avg overhead per blocked access: 0 us

   --- Cache Statistics ---
   Processes with cached pages:     0
   Unique pages validated (total):  0
   Cache hit rate:                  0%

   ========= IOMMU Stats =====================
   IOMMU enabled:                   YES
   IOMMU SimObject:                 system.body.iommu

   --- Access Breakdown ---
   Total IOMMU checks:              15475264
   IOTLB hits:                      15475194
   IOTLB misses (page walks):       70
   IOTLB hit rate:                  99.9995%

   --- Latency Breakdown ---
   TOTAL IOMMU OVERHEAD:            30985.4 us
   Avg latency per access:          0.00200225 us

********************************************************************************
system.body.body_pwconv0.llvm_interface
Total Area: 36113.4
Total Power Static: 3848.3

Total Power Dynamic: 91549.2
   ========= Performance Analysis =============
   Setup Time:                      0h 0m 0s 0ms 751us
   Simulation Time (Total):         0h 10m 21s 582ms
   Simulation Time (Active):        0h 1m 1s 149ms
        Queue Processing Time:      0h 1m 1s 126ms
             Scheduling Time:       0h 0m 41s 924ms
             Computation Time:      0h 0m 0s 646ms
   System Clock:                    0.1GHz
   Runtime:                         557969 cycles
   Runtime:                         5579.69 us
   Stalls:                          0 cycles
   Executed Nodes:                  557968 cycles

   ========= Kernel Validation Stats ==========
   Kernel validation enabled:       NO
   Configured latency per check:    0 us

   --- Access Breakdown ---
   Total memory accesses (validated): 0
   Cache hits (0 latency):          0
   Validation requests (full lat):  0
     of which DMA-ctrl writes:      0
   Coalesced waits (partial lat):   0
   Validations denied:              0

   --- Latency Breakdown ---
   Validation request latency:      0 us
   Coalesced wait latency:          0 us
   TOTAL SECURITY OVERHEAD:         0 us
   Avg latency per validation:      0 us
   Avg latency per coalesced wait:  0 us
   Avg overhead per blocked access: 0 us

   --- Cache Statistics ---
   Processes with cached pages:     0
   Unique pages validated (total):  0
   Cache hit rate:                  0%

   ========= IOMMU Stats =====================
   IOMMU enabled:                   YES
   IOMMU SimObject:                 system.body.iommu

   --- Access Breakdown ---
   Total IOMMU checks:              15576123
   IOTLB hits:                      15576053
   IOTLB misses (page walks):       70
   IOTLB hit rate:                  99.9996%

   --- Latency Breakdown ---
   TOTAL IOMMU OVERHEAD:            31187.1 us
   Avg latency per access:          0.00200224 us

********************************************************************************
system.body.body_pwconv1.llvm_interface
Total Area: 2.24905e+06
Total Power Static: 92541.7

Total Power Dynamic: 914996
   ========= Performance Analysis =============
   Setup Time:                      0h 0m 0s 136ms 786us
   Simulation Time (Total):         0h 10m 34s 288ms
   Simulation Time (Active):        0h 3m 42s 258ms
        Queue Processing Time:      0h 3m 42s 236ms
             Scheduling Time:       0h 3m 17s 781ms
             Computation Time:      0h 0m 5s 449ms
   System Clock:                    0.1GHz
   Runtime:                         569633 cycles
   Runtime:                         5696.33 us
   Stalls:                          0 cycles
   Executed Nodes:                  569632 cycles

   ========= Kernel Validation Stats ==========
   Kernel validation enabled:       NO
   Configured latency per check:    0 us

   --- Access Breakdown ---
   Total memory accesses (validated): 0
   Cache hits (0 latency):          0
   Validation requests (full lat):  0
     of which DMA-ctrl writes:      0
   Coalesced waits (partial lat):   0
   Validations denied:              0

   --- Latency Breakdown ---
   Validation request latency:      0 us
   Coalesced wait latency:          0 us
   TOTAL SECURITY OVERHEAD:         0 us
   Avg latency per validation:      0 us
   Avg latency per coalesced wait:  0 us
   Avg overhead per blocked access: 0 us

   --- Cache Statistics ---
   Processes with cached pages:     0
   Unique pages validated (total):  0
   Cache hit rate:                  0%

   ========= IOMMU Stats =====================
   IOMMU enabled:                   YES
   IOMMU SimObject:                 system.body.iommu

   --- Access Breakdown ---
   Total IOMMU checks:              15626439
   IOTLB hits:                      15626369
   IOTLB misses (page walks):       70
   IOTLB hit rate:                  99.9996%

   --- Latency Breakdown ---
   TOTAL IOMMU OVERHEAD:            31287.7 us
   Avg latency per access:          0.00200223 us

********************************************************************************
system.body.body_dwconv.llvm_interface
Total Area: 388828
Total Power Static: 56814.8

Total Power Dynamic: 649870
   ========= Performance Analysis =============
   Setup Time:                      0h 0m 0s 8ms 623us
   Simulation Time (Total):         0h 10m 34s 476ms
   Simulation Time (Active):        0h 5m 20s 110ms
        Queue Processing Time:      0h 5m 20s 72ms
             Scheduling Time:       0h 4m 56s 991ms
             Computation Time:      0h 0m 3s 495ms
   System Clock:                    0.1GHz
   Runtime:                         570056 cycles
   Runtime:                         5700.56 us
   Stalls:                          0 cycles
   Executed Nodes:                  570055 cycles

   ========= Kernel Validation Stats ==========
   Kernel validation enabled:       NO
   Configured latency per check:    0 us

   --- Access Breakdown ---
   Total memory accesses (validated): 0
   Cache hits (0 latency):          0
   Validation requests (full lat):  0
     of which DMA-ctrl writes:      0
   Coalesced waits (partial lat):   0
   Validations denied:              0

   --- Latency Breakdown ---
   Validation request latency:      0 us
   Coalesced wait latency:          0 us
   TOTAL SECURITY OVERHEAD:         0 us
   Avg latency per validation:      0 us
   Avg latency per coalesced wait:  0 us
   Avg overhead per blocked access: 0 us

   --- Cache Statistics ---
   Processes with cached pages:     0
   Unique pages validated (total):  0
   Cache hit rate:                  0%

   ========= IOMMU Stats =====================
   IOMMU enabled:                   YES
   IOMMU SimObject:                 system.body.iommu

   --- Access Breakdown ---
   Total IOMMU checks:              15628138
   IOTLB hits:                      15628068
   IOTLB misses (page walks):       70
   IOTLB hit rate:                  99.9996%

   --- Latency Breakdown ---
   TOTAL IOMMU OVERHEAD:            31291.1 us
   Avg latency per access:          0.00200223 us

********************************************************************************
system.body.body_top.llvm_interface
Total Area: 11248.2
Total Power Static: 0.963458

Total Power Dynamic: 4.77328
   ========= Performance Analysis =============
   Setup Time:                      0h 0m 0s 7ms 338us
   Simulation Time (Total):         0h 10m 34s 991ms
   Simulation Time (Active):        0h 0m 0s 223ms
        Queue Processing Time:      0h 0m 0s 174ms
             Scheduling Time:       0h 0m 0s 75ms
             Computation Time:      0h 0m 0s 19ms
   System Clock:                    0.1GHz
   Runtime:                         589173 cycles
   Runtime:                         5891.73 us
   Stalls:                          0 cycles
   Executed Nodes:                  589172 cycles

   ========= Kernel Validation Stats ==========
   Kernel validation enabled:       NO
   Configured latency per check:    0 us

   --- Access Breakdown ---
   Total memory accesses (validated): 0
   Cache hits (0 latency):          0
   Validation requests (full lat):  0
     of which DMA-ctrl writes:      0
   Coalesced waits (partial lat):   0
   Validations denied:              0

   --- Latency Breakdown ---
   Validation request latency:      0 us
   Coalesced wait latency:          0 us
   TOTAL SECURITY OVERHEAD:         0 us
   Avg latency per validation:      0 us
   Avg latency per coalesced wait:  0 us
   Avg overhead per blocked access: 0 us

   --- Cache Statistics ---
   Processes with cached pages:     0
   Unique pages validated (total):  0
   Cache hit rate:                  0%

   ========= IOMMU Stats =====================
   IOMMU enabled:                   YES
   IOMMU SimObject:                 system.body.iommu

   --- Access Breakdown ---
   Total IOMMU checks:              15628141
   IOTLB hits:                      15628071
   IOTLB misses (page walks):       70
   IOTLB hit rate:                  99.9996%

   --- Latency Breakdown ---
   TOTAL IOMMU OVERHEAD:            31291.1 us
   Avg latency per access:          0.00200223 us

********************************************************************************
system.body.body_residual.llvm_interface
Total Area: 2153.32
Total Power Static: 10.9684

Total Power Dynamic: 32.8969
   ========= Performance Analysis =============
   Setup Time:                      0h 0m 0s 0ms 437us
   Simulation Time (Total):         0h 6m 11s 76ms
   Simulation Time (Active):        0h 0m 0s 72ms
        Queue Processing Time:      0h 0m 0s 46ms
             Scheduling Time:       0h 0m 0s 17ms
             Computation Time:      0h 0m 0s 1ms
   System Clock:                    0.1GHz
   Runtime:                         389902 cycles
   Runtime:                         3899.02 us
   Stalls:                          0 cycles
   Executed Nodes:                  389901 cycles

   ========= Kernel Validation Stats ==========
   Kernel validation enabled:       NO
   Configured latency per check:    0 us

   --- Access Breakdown ---
   Total memory accesses (validated): 0
   Cache hits (0 latency):          0
   Validation requests (full lat):  0
     of which DMA-ctrl writes:      0
   Coalesced waits (partial lat):   0
   Validations denied:              0

   --- Latency Breakdown ---
   Validation request latency:      0 us
   Coalesced wait latency:          0 us
   TOTAL SECURITY OVERHEAD:         0 us
   Avg latency per validation:      0 us
   Avg latency per coalesced wait:  0 us
   Avg overhead per blocked access: 0 us

   --- Cache Statistics ---
   Processes with cached pages:     0
   Unique pages validated (total):  0
   Cache hit rate:                  0%

   ========= IOMMU Stats =====================
   IOMMU enabled:                   YES
   IOMMU SimObject:                 system.body.iommu

   --- Access Breakdown ---
   Total IOMMU checks:              17335008
   IOTLB hits:                      17334919
   IOTLB misses (page walks):       89
   IOTLB hit rate:                  99.9995%

   --- Latency Breakdown ---
   TOTAL IOMMU OVERHEAD:            34714.3 us
   Avg latency per access:          0.00200256 us

********************************************************************************
system.body.body_pwconv0.llvm_interface
Total Area: 48151.2
Total Power Static: 1866.67

Total Power Dynamic: 45269.9
   ========= Performance Analysis =============
   Setup Time:                      0h 0m 0s 0ms 737us
   Simulation Time (Total):         0h 6m 38s 102ms
   Simulation Time (Active):        0h 0m 25s 147ms
        Queue Processing Time:      0h 0m 25s 134ms
             Scheduling Time:       0h 0m 14s 926ms
             Computation Time:      0h 0m 0s 312ms
   System Clock:                    0.1GHz
   Runtime:                         414059 cycles
   Runtime:                         4140.59 us
   Stalls:                          0 cycles
   Executed Nodes:                  414058 cycles

   ========= Kernel Validation Stats ==========
   Kernel validation enabled:       NO
   Configured latency per check:    0 us

   --- Access Breakdown ---
   Total memory accesses (validated): 0
   Cache hits (0 latency):          0
   Validation requests (full lat):  0
     of which DMA-ctrl writes:      0
   Coalesced waits (partial lat):   0
   Validations denied:              0

   --- Latency Breakdown ---
   Validation request latency:      0 us
   Coalesced wait latency:          0 us
   TOTAL SECURITY OVERHEAD:         0 us
   Avg latency per validation:      0 us
   Avg latency per coalesced wait:  0 us
   Avg overhead per blocked access: 0 us

   --- Cache Statistics ---
   Processes with cached pages:     0
   Unique pages validated (total):  0
   Cache hit rate:                  0%

   ========= IOMMU Stats =====================
   IOMMU enabled:                   YES
   IOMMU SimObject:                 system.body.iommu

   --- Access Breakdown ---
   Total IOMMU checks:              17455494
   IOTLB hits:                      17455405
   IOTLB misses (page walks):       89
   IOTLB hit rate:                  99.9995%

   --- Latency Breakdown ---
   TOTAL IOMMU OVERHEAD:            34955.3 us
   Avg latency per access:          0.00200254 us

********************************************************************************
system.body.body_dwconv.llvm_interface
Total Area: 518438
Total Power Static: 27794.7

Total Power Dynamic: 316697
   ========= Performance Analysis =============
   Setup Time:                      0h 0m 0s 9ms 243us
   Simulation Time (Total):         0h 7m 12s 641ms
   Simulation Time (Active):        0h 2m 42s 646ms
        Queue Processing Time:      0h 2m 42s 632ms
             Scheduling Time:       0h 2m 29s 819ms
             Computation Time:      0h 0m 1s 730ms
   System Clock:                    0.1GHz
   Runtime:                         451991 cycles
   Runtime:                         4519.91 us
   Stalls:                          0 cycles
   Executed Nodes:                  451990 cycles

   ========= Kernel Validation Stats ==========
   Kernel validation enabled:       NO
   Configured latency per check:    0 us

   --- Access Breakdown ---
   Total memory accesses (validated): 0
   Cache hits (0 latency):          0
   Validation requests (full lat):  0
     of which DMA-ctrl writes:      0
   Coalesced waits (partial lat):   0
   Validations denied:              0

   --- Latency Breakdown ---
   Validation request latency:      0 us
   Coalesced wait latency:          0 us
   TOTAL SECURITY OVERHEAD:         0 us
   Avg latency per validation:      0 us
   Avg latency per coalesced wait:  0 us
   Avg overhead per blocked access: 0 us

   --- Cache Statistics ---
   Processes with cached pages:     0
   Unique pages validated (total):  0
   Cache hit rate:                  0%

   ========= IOMMU Stats =====================
   IOMMU enabled:                   YES
   IOMMU SimObject:                 system.body.iommu

   --- Access Breakdown ---
   Total IOMMU checks:              17613660
   IOTLB hits:                      17613571
   IOTLB misses (page walks):       89
   IOTLB hit rate:                  99.9995%

   --- Latency Breakdown ---
   TOTAL IOMMU OVERHEAD:            35271.6 us
   Avg latency per access:          0.00200252 us

********************************************************************************
system.body.body_pwconv1.llvm_interface
Total Area: 2.99874e+06
Total Power Static: 92541.7

Total Power Dynamic: 914996
   ========= Performance Analysis =============
   Setup Time:                      0h 0m 0s 139ms 391us
   Simulation Time (Total):         0h 7m 12s 625ms
   Simulation Time (Active):        0h 3m 41s 935ms
        Queue Processing Time:      0h 3m 41s 917ms
             Scheduling Time:       0h 3m 17s 495ms
             Computation Time:      0h 0m 5s 412ms
   System Clock:                    0.1GHz
   Runtime:                         454825 cycles
   Runtime:                         4548.25 us
   Stalls:                          0 cycles
   Executed Nodes:                  454824 cycles

   ========= Kernel Validation Stats ==========
   Kernel validation enabled:       NO
   Configured latency per check:    0 us

   --- Access Breakdown ---
   Total memory accesses (validated): 0
   Cache hits (0 latency):          0
   Validation requests (full lat):  0
     of which DMA-ctrl writes:      0
   Coalesced waits (partial lat):   0
   Validations denied:              0

   --- Latency Breakdown ---
   Validation request latency:      0 us
   Coalesced wait latency:          0 us
   TOTAL SECURITY OVERHEAD:         0 us
   Avg latency per validation:      0 us
   Avg latency per coalesced wait:  0 us
   Avg overhead per blocked access: 0 us

   --- Cache Statistics ---
   Processes with cached pages:     0
   Unique pages validated (total):  0
   Cache hit rate:                  0%

   ========= IOMMU Stats =====================
   IOMMU enabled:                   YES
   IOMMU SimObject:                 system.body.iommu

   --- Access Breakdown ---
   Total IOMMU checks:              17616755
   IOTLB hits:                      17616666
   IOTLB misses (page walks):       89
   IOTLB hit rate:                  99.9995%

   --- Latency Breakdown ---
   TOTAL IOMMU OVERHEAD:            35277.8 us
   Avg latency per access:          0.00200252 us

********************************************************************************
system.body.body_top.llvm_interface
Total Area: 14997.7
Total Power Static: 0.960402

Total Power Dynamic: 4.75826
   ========= Performance Analysis =============
   Setup Time:                      0h 0m 0s 14ms 658us
   Simulation Time (Total):         0h 7m 13s 228ms
   Simulation Time (Active):        0h 0m 0s 159ms
        Queue Processing Time:      0h 0m 0s 120ms
             Scheduling Time:       0h 0m 0s 50ms
             Computation Time:      0h 0m 0s 12ms
   System Clock:                    0.1GHz
   Runtime:                         473889 cycles
   Runtime:                         4738.89 us
   Stalls:                          0 cycles
   Executed Nodes:                  473888 cycles

   ========= Kernel Validation Stats ==========
   Kernel validation enabled:       NO
   Configured latency per check:    0 us

   --- Access Breakdown ---
   Total memory accesses (validated): 0
   Cache hits (0 latency):          0
   Validation requests (full lat):  0
     of which DMA-ctrl writes:      0
   Coalesced waits (partial lat):   0
   Validations denied:              0

   --- Latency Breakdown ---
   Validation request latency:      0 us
   Coalesced wait latency:          0 us
   TOTAL SECURITY OVERHEAD:         0 us
   Avg latency per validation:      0 us
   Avg latency per coalesced wait:  0 us
   Avg overhead per blocked access: 0 us

   --- Cache Statistics ---
   Processes with cached pages:     0
   Unique pages validated (total):  0
   Cache hit rate:                  0%

   ========= IOMMU Stats =====================
   IOMMU enabled:                   YES
   IOMMU SimObject:                 system.body.iommu

   --- Access Breakdown ---
   Total IOMMU checks:              17616756
   IOTLB hits:                      17616667
   IOTLB misses (page walks):       89
   IOTLB hit rate:                  99.9995%

   --- Latency Breakdown ---
   TOTAL IOMMU OVERHEAD:            35277.8 us
   Avg latency per access:          0.00200252 us

********************************************************************************
system.body.body_residual.llvm_interface
Total Area: 2691.64
Total Power Static: 16.4537

Total Power Dynamic: 65.7937
   ========= Performance Analysis =============
   Setup Time:                      0h 0m 0s 0ms 392us
   Simulation Time (Total):         0h 6m 13s 916ms
   Simulation Time (Active):        0h 0m 0s 83ms
        Queue Processing Time:      0h 0m 0s 57ms
             Scheduling Time:       0h 0m 0s 25ms
             Computation Time:      0h 0m 0s 3ms
   System Clock:                    0.1GHz
   Runtime:                         390604 cycles
   Runtime:                         3906.04 us
   Stalls:                          0 cycles
   Executed Nodes:                  390603 cycles

   ========= Kernel Validation Stats ==========
   Kernel validation enabled:       NO
   Configured latency per check:    0 us

   --- Access Breakdown ---
   Total memory accesses (validated): 0
   Cache hits (0 latency):          0
   Validation requests (full lat):  0
     of which DMA-ctrl writes:      0
   Coalesced waits (partial lat):   0
   Validations denied:              0

   --- Latency Breakdown ---
   Validation request latency:      0 us
   Coalesced wait latency:          0 us
   TOTAL SECURITY OVERHEAD:         0 us
   Avg latency per validation:      0 us
   Avg latency per coalesced wait:  0 us
   Avg overhead per blocked access: 0 us

   --- Cache Statistics ---
   Processes with cached pages:     0
   Unique pages validated (total):  0
   Cache hit rate:                  0%

   ========= IOMMU Stats =====================
   IOMMU enabled:                   YES
   IOMMU SimObject:                 system.body.iommu

   --- Access Breakdown ---
   Total IOMMU checks:              19325801
   IOTLB hits:                      19325692
   IOTLB misses (page walks):       109
   IOTLB hit rate:                  99.9994%

   --- Latency Breakdown ---
   TOTAL IOMMU OVERHEAD:            38705.9 us
   Avg latency per access:          0.00200281 us

********************************************************************************
system.body.body_pwconv0.llvm_interface
Total Area: 60189
Total Power Static: 1866.67

Total Power Dynamic: 45269.9
   ========= Performance Analysis =============
   Setup Time:                      0h 0m 0s 0ms 752us
   Simulation Time (Total):         0h 6m 40s 684ms
   Simulation Time (Active):        0h 0m 25s 251ms
        Queue Processing Time:      0h 0m 25s 239ms
             Scheduling Time:       0h 0m 15s 23ms
             Computation Time:      0h 0m 0s 310ms
   System Clock:                    0.1GHz
   Runtime:                         414758 cycles
   Runtime:                         4147.58 us
   Stalls:                          0 cycles
   Executed Nodes:                  414757 cycles

   ========= Kernel Validation Stats ==========
   Kernel validation enabled:       NO
   Configured latency per check:    0 us

   --- Access Breakdown ---
   Total memory accesses (validated): 0
   Cache hits (0 latency):          0
   Validation requests (full lat):  0
     of which DMA-ctrl writes:      0
   Coalesced waits (partial lat):   0
   Validations denied:              0

   --- Latency Breakdown ---
   Validation request latency:      0 us
   Coalesced wait latency:          0 us
   TOTAL SECURITY OVERHEAD:         0 us
   Avg latency per validation:      0 us
   Avg latency per coalesced wait:  0 us
   Avg overhead per blocked access: 0 us

   --- Cache Statistics ---
   Processes with cached pages:     0
   Unique pages validated (total):  0
   Cache hit rate:                  0%

   ========= IOMMU Stats =====================
   IOMMU enabled:                   YES
   IOMMU SimObject:                 system.body.iommu

   --- Access Breakdown ---
   Total IOMMU checks:              19446535
   IOTLB hits:                      19446426
   IOTLB misses (page walks):       109
   IOTLB hit rate:                  99.9994%

   --- Latency Breakdown ---
   TOTAL IOMMU OVERHEAD:            38947.4 us
   Avg latency per access:          0.00200279 us

********************************************************************************
system.body.body_dwconv.llvm_interface
Total Area: 648047
Total Power Static: 27794.7

Total Power Dynamic: 316697
   ========= Performance Analysis =============
   Setup Time:                      0h 0m 0s 8ms 329us
   Simulation Time (Total):         0h 7m 14s 775ms
   Simulation Time (Active):        0h 2m 43s 112ms
        Queue Processing Time:      0h 2m 43s 97ms
             Scheduling Time:       0h 2m 30s 275ms
             Computation Time:      0h 0m 1s 733ms
   System Clock:                    0.1GHz
   Runtime:                         452676 cycles
   Runtime:                         4526.76 us
   Stalls:                          0 cycles
   Executed Nodes:                  452675 cycles

   ========= Kernel Validation Stats ==========
   Kernel validation enabled:       NO
   Configured latency per check:    0 us

   --- Access Breakdown ---
   Total memory accesses (validated): 0
   Cache hits (0 latency):          0
   Validation requests (full lat):  0
     of which DMA-ctrl writes:      0
   Coalesced waits (partial lat):   0
   Validations denied:              0

   --- Latency Breakdown ---
   Validation request latency:      0 us
   Coalesced wait latency:          0 us
   TOTAL SECURITY OVERHEAD:         0 us
   Avg latency per validation:      0 us
   Avg latency per coalesced wait:  0 us
   Avg overhead per blocked access: 0 us

   --- Cache Statistics ---
   Processes with cached pages:     0
   Unique pages validated (total):  0
   Cache hit rate:                  0%

   ========= IOMMU Stats =====================
   IOMMU enabled:                   YES
   IOMMU SimObject:                 system.body.iommu

   --- Access Breakdown ---
   Total IOMMU checks:              19604700
   IOTLB hits:                      19604591
   IOTLB misses (page walks):       109
   IOTLB hit rate:                  99.9994%

   --- Latency Breakdown ---
   TOTAL IOMMU OVERHEAD:            39263.7 us
   Avg latency per access:          0.00200277 us

********************************************************************************
system.body.body_pwconv1.llvm_interface
Total Area: 3.74842e+06
Total Power Static: 92541.7

Total Power Dynamic: 914996
   ========= Performance Analysis =============
   Setup Time:                      0h 0m 0s 141ms 952us
   Simulation Time (Total):         0h 7m 14s 759ms
   Simulation Time (Active):        0h 3m 43s 403ms
        Queue Processing Time:      0h 3m 43s 386ms
             Scheduling Time:       0h 3m 18s 906ms
             Computation Time:      0h 0m 5s 427ms
   System Clock:                    0.1GHz
   Runtime:                         455510 cycles
   Runtime:                         4555.1 us
   Stalls:                          0 cycles
   Executed Nodes:                  455509 cycles

   ========= Kernel Validation Stats ==========
   Kernel validation enabled:       NO
   Configured latency per check:    0 us

   --- Access Breakdown ---
   Total memory accesses (validated): 0
   Cache hits (0 latency):          0
   Validation requests (full lat):  0
     of which DMA-ctrl writes:      0
   Coalesced waits (partial lat):   0
   Validations denied:              0

   --- Latency Breakdown ---
   Validation request latency:      0 us
   Coalesced wait latency:          0 us
   TOTAL SECURITY OVERHEAD:         0 us
   Avg latency per validation:      0 us
   Avg latency per coalesced wait:  0 us
   Avg overhead per blocked access: 0 us

   --- Cache Statistics ---
   Processes with cached pages:     0
   Unique pages validated (total):  0
   Cache hit rate:                  0%

   ========= IOMMU Stats =====================
   IOMMU enabled:                   YES
   IOMMU SimObject:                 system.body.iommu

   --- Access Breakdown ---
   Total IOMMU checks:              19607795
   IOTLB hits:                      19607686
   IOTLB misses (page walks):       109
   IOTLB hit rate:                  99.9994%

   --- Latency Breakdown ---
   TOTAL IOMMU OVERHEAD:            39269.9 us
   Avg latency per access:          0.00200277 us

********************************************************************************
system.body.body_top.llvm_interface
Total Area: 18747.1
Total Power Static: 0.960402

Total Power Dynamic: 4.75826
   ========= Performance Analysis =============
   Setup Time:                      0h 0m 0s 7ms 423us
   Simulation Time (Total):         0h 7m 15s 386ms
   Simulation Time (Active):        0h 0m 0s 147ms
        Queue Processing Time:      0h 0m 0s 116ms
             Scheduling Time:       0h 0m 0s 47ms
             Computation Time:      0h 0m 0s 12ms
   System Clock:                    0.1GHz
   Runtime:                         474574 cycles
   Runtime:                         4745.74 us
   Stalls:                          0 cycles
   Executed Nodes:                  474573 cycles

   ========= Kernel Validation Stats ==========
   Kernel validation enabled:       NO
   Configured latency per check:    0 us

   --- Access Breakdown ---
   Total memory accesses (validated): 0
   Cache hits (0 latency):          0
   Validation requests (full lat):  0
     of which DMA-ctrl writes:      0
   Coalesced waits (partial lat):   0
   Validations denied:              0

   --- Latency Breakdown ---
   Validation request latency:      0 us
   Coalesced wait latency:          0 us
   TOTAL SECURITY OVERHEAD:         0 us
   Avg latency per validation:      0 us
   Avg latency per coalesced wait:  0 us
   Avg overhead per blocked access: 0 us

   --- Cache Statistics ---
   Processes with cached pages:     0
   Unique pages validated (total):  0
   Cache hit rate:                  0%

   ========= IOMMU Stats =====================
   IOMMU enabled:                   YES
   IOMMU SimObject:                 system.body.iommu

   --- Access Breakdown ---
   Total IOMMU checks:              19607796
   IOTLB hits:                      19607687
   IOTLB misses (page walks):       109
   IOTLB hit rate:                  99.9994%

   --- Latency Breakdown ---
   TOTAL IOMMU OVERHEAD:            39269.9 us
   Avg latency per access:          0.00200277 us

********************************************************************************
system.body.body_residual.llvm_interface
Total Area: 3229.97
Total Power Static: 16.4537

Total Power Dynamic: 65.7937
   ========= Performance Analysis =============
   Setup Time:                      0h 0m 0s 0ms 406us
   Simulation Time (Total):         0h 3m 57s 563ms
   Simulation Time (Active):        0h 0m 0s 58ms
        Queue Processing Time:      0h 0m 0s 43ms
             Scheduling Time:       0h 0m 0s 20ms
             Computation Time:      0h 0m 0s 2ms
   System Clock:                    0.1GHz
   Runtime:                         214615 cycles
   Runtime:                         2146.15 us
   Stalls:                          0 cycles
   Executed Nodes:                  214614 cycles

   ========= Kernel Validation Stats ==========
   Kernel validation enabled:       NO
   Configured latency per check:    0 us

   --- Access Breakdown ---
   Total memory accesses (validated): 0
   Cache hits (0 latency):          0
   Validation requests (full lat):  0
     of which DMA-ctrl writes:      0
   Coalesced waits (partial lat):   0
   Validations denied:              0

   --- Latency Breakdown ---
   Validation request latency:      0 us
   Coalesced wait latency:          0 us
   TOTAL SECURITY OVERHEAD:         0 us
   Avg latency per validation:      0 us
   Avg latency per coalesced wait:  0 us
   Avg overhead per blocked access: 0 us

   --- Cache Statistics ---
   Processes with cached pages:     0
   Unique pages validated (total):  0
   Cache hit rate:                  0%

   ========= IOMMU Stats =====================
   IOMMU enabled:                   YES
   IOMMU SimObject:                 system.body.iommu

   --- Access Breakdown ---
   Total IOMMU checks:              20671869
   IOTLB hits:                      20671740
   IOTLB misses (page walks):       129
   IOTLB hit rate:                  99.9994%

   --- Latency Breakdown ---
   TOTAL IOMMU OVERHEAD:            41408 us
   Avg latency per access:          0.00200311 us

********************************************************************************
system.body.body_pwconv0.llvm_interface
Total Area: 72226.8
Total Power Static: 1866.67

Total Power Dynamic: 45269.9
   ========= Performance Analysis =============
   Setup Time:                      0h 0m 0s 0ms 736us
   Simulation Time (Total):         0h 4m 17s 689ms
   Simulation Time (Active):        0h 0m 23s 479ms
        Queue Processing Time:      0h 0m 23s 467ms
             Scheduling Time:       0h 0m 14s 612ms
             Computation Time:      0h 0m 0s 305ms
   System Clock:                    0.1GHz
   Runtime:                         233361 cycles
   Runtime:                         2333.61 us
   Stalls:                          0 cycles
   Executed Nodes:                  233360 cycles

   ========= Kernel Validation Stats ==========
   Kernel validation enabled:       NO
   Configured latency per check:    0 us

   --- Access Breakdown ---
   Total memory accesses (validated): 0
   Cache hits (0 latency):          0
   Validation requests (full lat):  0
     of which DMA-ctrl writes:      0
   Coalesced waits (partial lat):   0
   Validations denied:              0

   --- Latency Breakdown ---
   Validation request latency:      0 us
   Coalesced wait latency:          0 us
   TOTAL SECURITY OVERHEAD:         0 us
   Avg latency per validation:      0 us
   Avg latency per coalesced wait:  0 us
   Avg overhead per blocked access: 0 us

   --- Cache Statistics ---
   Processes with cached pages:     0
   Unique pages validated (total):  0
   Cache hit rate:                  0%

   ========= IOMMU Stats =====================
   IOMMU enabled:                   YES
   IOMMU SimObject:                 system.body.iommu

   --- Access Breakdown ---
   Total IOMMU checks:              20764009
   IOTLB hits:                      20763880
   IOTLB misses (page walks):       129
   IOTLB hit rate:                  99.9994%

   --- Latency Breakdown ---
   TOTAL IOMMU OVERHEAD:            41592.3 us
   Avg latency per access:          0.00200309 us

********************************************************************************
system.body.body_pwconv1.llvm_interface
Total Area: 4.49811e+06
Total Power Static: 34660

Total Power Dynamic: 342746
   ========= Performance Analysis =============
   Setup Time:                      0h 0m 0s 138ms 384us
   Simulation Time (Total):         0h 4m 24s 790ms
   Simulation Time (Active):        0h 1m 17s 244ms
        Queue Processing Time:      0h 1m 17s 237ms
             Scheduling Time:       0h 1m 9s 74ms
             Computation Time:      0h 0m 2s 19ms
   System Clock:                    0.1GHz
   Runtime:                         239655 cycles
   Runtime:                         2396.55 us
   Stalls:                          0 cycles
   Executed Nodes:                  239654 cycles

   ========= Kernel Validation Stats ==========
   Kernel validation enabled:       NO
   Configured latency per check:    0 us

   --- Access Breakdown ---
   Total memory accesses (validated): 0
   Cache hits (0 latency):          0
   Validation requests (full lat):  0
     of which DMA-ctrl writes:      0
   Coalesced waits (partial lat):   0
   Validations denied:              0

   --- Latency Breakdown ---
   Validation request latency:      0 us
   Coalesced wait latency:          0 us
   TOTAL SECURITY OVERHEAD:         0 us
   Avg latency per validation:      0 us
   Avg latency per coalesced wait:  0 us
   Avg overhead per blocked access: 0 us

   --- Cache Statistics ---
   Processes with cached pages:     0
   Unique pages validated (total):  0
   Cache hit rate:                  0%

   ========= IOMMU Stats =====================
   IOMMU enabled:                   YES
   IOMMU SimObject:                 system.body.iommu

   --- Access Breakdown ---
   Total IOMMU checks:              20791529
   IOTLB hits:                      20791400
   IOTLB misses (page walks):       129
   IOTLB hit rate:                  99.9994%

   --- Latency Breakdown ---
   TOTAL IOMMU OVERHEAD:            41647.3 us
   Avg latency per access:          0.00200309 us

********************************************************************************
system.body.body_dwconv.llvm_interface
Total Area: 777657
Total Power Static: 27770.1

Total Power Dynamic: 316697
   ========= Performance Analysis =============
   Setup Time:                      0h 0m 0s 9ms 219us
   Simulation Time (Total):         0h 4m 32s 378ms
   Simulation Time (Active):        0h 2m 38s 870ms
        Queue Processing Time:      0h 2m 38s 855ms
             Scheduling Time:       0h 2m 27s 698ms
             Computation Time:      0h 0m 1s 701ms
   System Clock:                    0.1GHz
   Runtime:                         246545 cycles
   Runtime:                         2465.45 us
   Stalls:                          0 cycles
   Executed Nodes:                  246544 cycles

   ========= Kernel Validation Stats ==========
   Kernel validation enabled:       NO
   Configured latency per check:    0 us

   --- Access Breakdown ---
   Total memory accesses (validated): 0
   Cache hits (0 latency):          0
   Validation requests (full lat):  0
     of which DMA-ctrl writes:      0
   Coalesced waits (partial lat):   0
   Validations denied:              0

   --- Latency Breakdown ---
   Validation request latency:      0 us
   Coalesced wait latency:          0 us
   TOTAL SECURITY OVERHEAD:         0 us
   Avg latency per validation:      0 us
   Avg latency per coalesced wait:  0 us
   Avg overhead per blocked access: 0 us

   --- Cache Statistics ---
   Processes with cached pages:     0
   Unique pages validated (total):  0
   Cache hit rate:                  0%

   ========= IOMMU Stats =====================
   IOMMU enabled:                   YES
   IOMMU SimObject:                 system.body.iommu

   --- Access Breakdown ---
   Total IOMMU checks:              20821158
   IOTLB hits:                      20821029
   IOTLB misses (page walks):       129
   IOTLB hit rate:                  99.9994%

   --- Latency Breakdown ---
   TOTAL IOMMU OVERHEAD:            41706.6 us
   Avg latency per access:          0.00200309 us

********************************************************************************
system.body.body_top.llvm_interface
Total Area: 22496.5
Total Power Static: 0.964069

Total Power Dynamic: 4.77628
   ========= Performance Analysis =============
   Setup Time:                      0h 0m 0s 7ms 338us
   Simulation Time (Total):         0h 4m 32s 843ms
   Simulation Time (Active):        0h 0m 0s 100ms
        Queue Processing Time:      0h 0m 0s 79ms
             Scheduling Time:       0h 0m 0s 33ms
             Computation Time:      0h 0m 0s 8ms
   System Clock:                    0.1GHz
   Runtime:                         265680 cycles
   Runtime:                         2656.8 us
   Stalls:                          0 cycles
   Executed Nodes:                  265679 cycles

   ========= Kernel Validation Stats ==========
   Kernel validation enabled:       NO
   Configured latency per check:    0 us

   --- Access Breakdown ---
   Total memory accesses (validated): 0
   Cache hits (0 latency):          0
   Validation requests (full lat):  0
     of which DMA-ctrl writes:      0
   Coalesced waits (partial lat):   0
   Validations denied:              0

   --- Latency Breakdown ---
   Validation request latency:      0 us
   Coalesced wait latency:          0 us
   TOTAL SECURITY OVERHEAD:         0 us
   Avg latency per validation:      0 us
   Avg latency per coalesced wait:  0 us
   Avg overhead per blocked access: 0 us

   --- Cache Statistics ---
   Processes with cached pages:     0
   Unique pages validated (total):  0
   Cache hit rate:                  0%

   ========= IOMMU Stats =====================
   IOMMU enabled:                   YES
   IOMMU SimObject:                 system.body.iommu

   --- Access Breakdown ---
   Total IOMMU checks:              20821161
   IOTLB hits:                      20821032
   IOTLB misses (page walks):       129
   IOTLB hit rate:                  99.9994%

   --- Latency Breakdown ---
   TOTAL IOMMU OVERHEAD:            41706.6 us
   Avg latency per access:          0.00200309 us

********************************************************************************
system.body.body_residual.llvm_interface
Total Area: 3768.3
Total Power Static: 4.11165

Total Power Dynamic: 12.3363
   ========= Performance Analysis =============
   Setup Time:                      0h 0m 0s 0ms 389us
   Simulation Time (Total):         0h 1m 41s 207ms
   Simulation Time (Active):        0h 0m 0s 21ms
        Queue Processing Time:      0h 0m 0s 14ms
             Scheduling Time:       0h 0m 0s 6ms
             Computation Time:      0h 0m 0s 0ms
   System Clock:                    0.1GHz
   Runtime:                         102768 cycles
   Runtime:                         1027.68 us
   Stalls:                          0 cycles
   Executed Nodes:                  102767 cycles

   ========= Kernel Validation Stats ==========
   Kernel validation enabled:       NO
   Configured latency per check:    0 us

   --- Access Breakdown ---
   Total memory accesses (validated): 0
   Cache hits (0 latency):          0
   Validation requests (full lat):  0
     of which DMA-ctrl writes:      0
   Coalesced waits (partial lat):   0
   Validations denied:              0

   --- Latency Breakdown ---
   Validation request latency:      0 us
   Coalesced wait latency:          0 us
   TOTAL SECURITY OVERHEAD:         0 us
   Avg latency per validation:      0 us
   Avg latency per coalesced wait:  0 us
   Avg overhead per blocked access: 0 us

   --- Cache Statistics ---
   Processes with cached pages:     0
   Unique pages validated (total):  0
   Cache hit rate:                  0%

   ========= IOMMU Stats =====================
   IOMMU enabled:                   YES
   IOMMU SimObject:                 system.body.iommu

   --- Access Breakdown ---
   Total IOMMU checks:              21323626
   IOTLB hits:                      21323479
   IOTLB misses (page walks):       147
   IOTLB hit rate:                  99.9993%

   --- Latency Breakdown ---
   TOTAL IOMMU OVERHEAD:            42720.5 us
   Avg latency per access:          0.00200343 us

********************************************************************************
system.body.body_pwconv0.llvm_interface
Total Area: 84264.5
Total Power Static: 692.817

Total Power Dynamic: 16913.1
   ========= Performance Analysis =============
   Setup Time:                      0h 0m 0s 0ms 759us
   Simulation Time (Total):         0h 2m 5s 547ms
   Simulation Time (Active):        0h 0m 7s 498ms
        Queue Processing Time:      0h 0m 7s 491ms
             Scheduling Time:       0h 0m 4s 281ms
             Computation Time:      0h 0m 0s 107ms
   System Clock:                    0.1GHz
   Runtime:                         126453 cycles
   Runtime:                         1264.53 us
   Stalls:                          0 cycles
   Executed Nodes:                  126452 cycles

   ========= Kernel Validation Stats ==========
   Kernel validation enabled:       NO
   Configured latency per check:    0 us

   --- Access Breakdown ---
   Total memory accesses (validated): 0
   Cache hits (0 latency):          0
   Validation requests (full lat):  0
     of which DMA-ctrl writes:      0
   Coalesced waits (partial lat):   0
   Validations denied:              0

   --- Latency Breakdown ---
   Validation request latency:      0 us
   Coalesced wait latency:          0 us
   TOTAL SECURITY OVERHEAD:         0 us
   Avg latency per validation:      0 us
   Avg latency per coalesced wait:  0 us
   Avg overhead per blocked access: 0 us

   --- Cache Statistics ---
   Processes with cached pages:     0
   Unique pages validated (total):  0
   Cache hit rate:                  0%

   ========= IOMMU Stats =====================
   IOMMU enabled:                   YES
   IOMMU SimObject:                 system.body.iommu

   --- Access Breakdown ---
   Total IOMMU checks:              21437587
   IOTLB hits:                      21437440
   IOTLB misses (page walks):       147
   IOTLB hit rate:                  99.9993%

   --- Latency Breakdown ---
   TOTAL IOMMU OVERHEAD:            42948.4 us
   Avg latency per access:          0.00200341 us

********************************************************************************
system.body.body_dwconv.llvm_interface
Total Area: 907266
Total Power Static: 10000

Total Power Dynamic: 113736
   ========= Performance Analysis =============
   Setup Time:                      0h 0m 0s 8ms 359us
   Simulation Time (Total):         0h 2m 31s 523ms
   Simulation Time (Active):        0h 0m 59s 826ms
        Queue Processing Time:      0h 0m 59s 819ms
             Scheduling Time:       0h 0m 55s 196ms
             Computation Time:      0h 0m 0s 624ms
   System Clock:                    0.1GHz
   Runtime:                         152962 cycles
   Runtime:                         1529.62 us
   Stalls:                          0 cycles
   Executed Nodes:                  152961 cycles

   ========= Kernel Validation Stats ==========
   Kernel validation enabled:       NO
   Configured latency per check:    0 us

   --- Access Breakdown ---
   Total memory accesses (validated): 0
   Cache hits (0 latency):          0
   Validation requests (full lat):  0
     of which DMA-ctrl writes:      0
   Coalesced waits (partial lat):   0
   Validations denied:              0

   --- Latency Breakdown ---
   Validation request latency:      0 us
   Coalesced wait latency:          0 us
   TOTAL SECURITY OVERHEAD:         0 us
   Avg latency per validation:      0 us
   Avg latency per coalesced wait:  0 us
   Avg overhead per blocked access: 0 us

   --- Cache Statistics ---
   Processes with cached pages:     0
   Unique pages validated (total):  0
   Cache hit rate:                  0%

   ========= IOMMU Stats =====================
   IOMMU enabled:                   YES
   IOMMU SimObject:                 system.body.iommu

   --- Access Breakdown ---
   Total IOMMU checks:              21560368
   IOTLB hits:                      21560221
   IOTLB misses (page walks):       147
   IOTLB hit rate:                  99.9993%

   --- Latency Breakdown ---
   TOTAL IOMMU OVERHEAD:            43193.9 us
   Avg latency per access:          0.0020034 us

********************************************************************************
system.body.body_pwconv1.llvm_interface
Total Area: 5.24779e+06
Total Power Static: 34660

Total Power Dynamic: 342746
   ========= Performance Analysis =============
   Setup Time:                      0h 0m 0s 139ms 744us
   Simulation Time (Total):         0h 2m 31s 399ms
   Simulation Time (Active):        0h 1m 16s 223ms
        Queue Processing Time:      0h 1m 16s 216ms
             Scheduling Time:       0h 1m 8s 271ms
             Computation Time:      0h 0m 1s 982ms
   System Clock:                    0.1GHz
   Runtime:                         154003 cycles
   Runtime:                         1540.03 us
   Stalls:                          0 cycles
   Executed Nodes:                  154002 cycles

   ========= Kernel Validation Stats ==========
   Kernel validation enabled:       NO
   Configured latency per check:    0 us

   --- Access Breakdown ---
   Total memory accesses (validated): 0
   Cache hits (0 latency):          0
   Validation requests (full lat):  0
     of which DMA-ctrl writes:      0
   Coalesced waits (partial lat):   0
   Validations denied:              0

   --- Latency Breakdown ---
   Validation request latency:      0 us
   Coalesced wait latency:          0 us
   TOTAL SECURITY OVERHEAD:         0 us
   Avg latency per validation:      0 us
   Avg latency per coalesced wait:  0 us
   Avg overhead per blocked access: 0 us

   --- Cache Statistics ---
   Processes with cached pages:     0
   Unique pages validated (total):  0
   Cache hit rate:                  0%

   ========= IOMMU Stats =====================
   IOMMU enabled:                   YES
   IOMMU SimObject:                 system.body.iommu

   --- Access Breakdown ---
   Total IOMMU checks:              21561512
   IOTLB hits:                      21561365
   IOTLB misses (page walks):       147
   IOTLB hit rate:                  99.9993%

   --- Latency Breakdown ---
   TOTAL IOMMU OVERHEAD:            43196.2 us
   Avg latency per access:          0.0020034 us

********************************************************************************
system.body.body_top.llvm_interface
Total Area: 26245.9
Total Power Static: 0.960402

Total Power Dynamic: 4.75826
   ========= Performance Analysis =============
   Setup Time:                      0h 0m 0s 16ms 983us
   Simulation Time (Total):         0h 2m 31s 993ms
   Simulation Time (Active):        0h 0m 0s 54ms
        Queue Processing Time:      0h 0m 0s 41ms
             Scheduling Time:       0h 0m 0s 17ms
             Computation Time:      0h 0m 0s 4ms
   System Clock:                    0.1GHz
   Runtime:                         173059 cycles
   Runtime:                         1730.59 us
   Stalls:                          0 cycles
   Executed Nodes:                  173058 cycles

   ========= Kernel Validation Stats ==========
   Kernel validation enabled:       NO
   Configured latency per check:    0 us

   --- Access Breakdown ---
   Total memory accesses (validated): 0
   Cache hits (0 latency):          0
   Validation requests (full lat):  0
     of which DMA-ctrl writes:      0
   Coalesced waits (partial lat):   0
   Validations denied:              0

   --- Latency Breakdown ---
   Validation request latency:      0 us
   Coalesced wait latency:          0 us
   TOTAL SECURITY OVERHEAD:         0 us
   Avg latency per validation:      0 us
   Avg latency per coalesced wait:  0 us
   Avg overhead per blocked access: 0 us

   --- Cache Statistics ---
   Processes with cached pages:     0
   Unique pages validated (total):  0
   Cache hit rate:                  0%

   ========= IOMMU Stats =====================
   IOMMU enabled:                   YES
   IOMMU SimObject:                 system.body.iommu

   --- Access Breakdown ---
   Total IOMMU checks:              21561514
   IOTLB hits:                      21561367
   IOTLB misses (page walks):       147
   IOTLB hit rate:                  99.9993%

   --- Latency Breakdown ---
   TOTAL IOMMU OVERHEAD:            43196.2 us
   Avg latency per access:          0.0020034 us

********************************************************************************
system.body.body_residual.llvm_interface
Total Area: 4306.63
Total Power Static: 6.16866

Total Power Dynamic: 24.6726
   ========= Performance Analysis =============
   Setup Time:                      0h 0m 0s 0ms 420us
   Simulation Time (Total):         0h 1m 40s 501ms
   Simulation Time (Active):        0h 0m 0s 23ms
        Queue Processing Time:      0h 0m 0s 16ms
             Scheduling Time:       0h 0m 0s 7ms
             Computation Time:      0h 0m 0s 1ms
   System Clock:                    0.1GHz
   Runtime:                         102223 cycles
   Runtime:                         1022.23 us
   Stalls:                          0 cycles
   Executed Nodes:                  102222 cycles

   ========= Kernel Validation Stats ==========
   Kernel validation enabled:       NO
   Configured latency per check:    0 us

   --- Access Breakdown ---
   Total memory accesses (validated): 0
   Cache hits (0 latency):          0
   Validation requests (full lat):  0
     of which DMA-ctrl writes:      0
   Coalesced waits (partial lat):   0
   Validations denied:              0

   --- Latency Breakdown ---
   Validation request latency:      0 us
   Coalesced wait latency:          0 us
   TOTAL SECURITY OVERHEAD:         0 us
   Avg latency per validation:      0 us
   Avg latency per coalesced wait:  0 us
   Avg overhead per blocked access: 0 us

   --- Cache Statistics ---
   Processes with cached pages:     0
   Unique pages validated (total):  0
   Cache hit rate:                  0%

   ========= IOMMU Stats =====================
   IOMMU enabled:                   YES
   IOMMU SimObject:                 system.body.iommu

   --- Access Breakdown ---
   Total IOMMU checks:              22064832
   IOTLB hits:                      22064666
   IOTLB misses (page walks):       166
   IOTLB hit rate:                  99.9992%

   --- Latency Breakdown ---
   TOTAL IOMMU OVERHEAD:            44212.3 us
   Avg latency per access:          0.00200375 us

********************************************************************************
system.body.body_pwconv0.llvm_interface
Total Area: 96302.3
Total Power Static: 692.817

Total Power Dynamic: 16913.1
   ========= Performance Analysis =============
   Setup Time:                      0h 0m 0s 0ms 762us
   Simulation Time (Total):         0h 2m 4s 445ms
   Simulation Time (Active):        0h 0m 7s 265ms
        Queue Processing Time:      0h 0m 7s 258ms
             Scheduling Time:       0h 0m 4s 82ms
             Computation Time:      0h 0m 0s 105ms
   System Clock:                    0.1GHz
   Runtime:                         125917 cycles
   Runtime:                         1259.17 us
   Stalls:                          0 cycles
   Executed Nodes:                  125916 cycles

   ========= Kernel Validation Stats ==========
   Kernel validation enabled:       NO
   Configured latency per check:    0 us

   --- Access Breakdown ---
   Total memory accesses (validated): 0
   Cache hits (0 latency):          0
   Validation requests (full lat):  0
     of which DMA-ctrl writes:      0
   Coalesced waits (partial lat):   0
   Validations denied:              0

   --- Latency Breakdown ---
   Validation request latency:      0 us
   Coalesced wait latency:          0 us
   TOTAL SECURITY OVERHEAD:         0 us
   Avg latency per validation:      0 us
   Avg latency per coalesced wait:  0 us
   Avg overhead per blocked access: 0 us

   --- Cache Statistics ---
   Processes with cached pages:     0
   Unique pages validated (total):  0
   Cache hit rate:                  0%

   ========= IOMMU Stats =====================
   IOMMU enabled:                   YES
   IOMMU SimObject:                 system.body.iommu

   --- Access Breakdown ---
   Total IOMMU checks:              22178801
   IOTLB hits:                      22178635
   IOTLB misses (page walks):       166
   IOTLB hit rate:                  99.9993%

   --- Latency Breakdown ---
   TOTAL IOMMU OVERHEAD:            44440.3 us
   Avg latency per access:          0.00200373 us

********************************************************************************
system.body.body_dwconv.llvm_interface
Total Area: 1.03688e+06
Total Power Static: 10000

Total Power Dynamic: 113736
   ========= Performance Analysis =============
   Setup Time:                      0h 0m 0s 8ms 171us
   Simulation Time (Total):         0h 2m 30s 246ms
   Simulation Time (Active):        0h 0m 59s 444ms
        Queue Processing Time:      0h 0m 59s 438ms
             Scheduling Time:       0h 0m 54s 872ms
             Computation Time:      0h 0m 0s 611ms
   System Clock:                    0.1GHz
   Runtime:                         152450 cycles
   Runtime:                         1524.5 us
   Stalls:                          0 cycles
   Executed Nodes:                  152449 cycles

   ========= Kernel Validation Stats ==========
   Kernel validation enabled:       NO
   Configured latency per check:    0 us

   --- Access Breakdown ---
   Total memory accesses (validated): 0
   Cache hits (0 latency):          0
   Validation requests (full lat):  0
     of which DMA-ctrl writes:      0
   Coalesced waits (partial lat):   0
   Validations denied:              0

   --- Latency Breakdown ---
   Validation request latency:      0 us
   Coalesced wait latency:          0 us
   TOTAL SECURITY OVERHEAD:         0 us
   Avg latency per validation:      0 us
   Avg latency per coalesced wait:  0 us
   Avg overhead per blocked access: 0 us

   --- Cache Statistics ---
   Processes with cached pages:     0
   Unique pages validated (total):  0
   Cache hit rate:                  0%

   ========= IOMMU Stats =====================
   IOMMU enabled:                   YES
   IOMMU SimObject:                 system.body.iommu

   --- Access Breakdown ---
   Total IOMMU checks:              22301581
   IOTLB hits:                      22301415
   IOTLB misses (page walks):       166
   IOTLB hit rate:                  99.9993%

   --- Latency Breakdown ---
   TOTAL IOMMU OVERHEAD:            44685.8 us
   Avg latency per access:          0.00200371 us

********************************************************************************
system.body.body_pwconv1.llvm_interface
Total Area: 5.99748e+06
Total Power Static: 34660

Total Power Dynamic: 342746
   ========= Performance Analysis =============
   Setup Time:                      0h 0m 0s 136ms 95us
   Simulation Time (Total):         0h 2m 30s 126ms
   Simulation Time (Active):        0h 1m 15s 572ms
        Queue Processing Time:      0h 1m 15s 565ms
             Scheduling Time:       0h 1m 7s 633ms
             Computation Time:      0h 0m 1s 978ms
   System Clock:                    0.1GHz
   Runtime:                         153491 cycles
   Runtime:                         1534.91 us
   Stalls:                          0 cycles
   Executed Nodes:                  153490 cycles

   ========= Kernel Validation Stats ==========
   Kernel validation enabled:       NO
   Configured latency per check:    0 us

   --- Access Breakdown ---
   Total memory accesses (validated): 0
   Cache hits (0 latency):          0
   Validation requests (full lat):  0
     of which DMA-ctrl writes:      0
   Coalesced waits (partial lat):   0
   Validations denied:              0

   --- Latency Breakdown ---
   Validation request latency:      0 us
   Coalesced wait latency:          0 us
   TOTAL SECURITY OVERHEAD:         0 us
   Avg latency per validation:      0 us
   Avg latency per coalesced wait:  0 us
   Avg overhead per blocked access: 0 us

   --- Cache Statistics ---
   Processes with cached pages:     0
   Unique pages validated (total):  0
   Cache hit rate:                  0%

   ========= IOMMU Stats =====================
   IOMMU enabled:                   YES
   IOMMU SimObject:                 system.body.iommu

   --- Access Breakdown ---
   Total IOMMU checks:              22302725
   IOTLB hits:                      22302559
   IOTLB misses (page walks):       166
   IOTLB hit rate:                  99.9993%

   --- Latency Breakdown ---
   TOTAL IOMMU OVERHEAD:            44688.1 us
   Avg latency per access:          0.00200371 us

********************************************************************************
system.body.body_top.llvm_interface
Total Area: 29995.3
Total Power Static: 0.960402

Total Power Dynamic: 4.75826
   ========= Performance Analysis =============
   Setup Time:                      0h 0m 0s 7ms 351us
   Simulation Time (Total):         0h 2m 30s 716ms
   Simulation Time (Active):        0h 0m 0s 54ms
        Queue Processing Time:      0h 0m 0s 40ms
             Scheduling Time:       0h 0m 0s 16ms
             Computation Time:      0h 0m 0s 4ms
   System Clock:                    0.1GHz
   Runtime:                         172598 cycles
   Runtime:                         1725.98 us
   Stalls:                          0 cycles
   Executed Nodes:                  172597 cycles

   ========= Kernel Validation Stats ==========
   Kernel validation enabled:       NO
   Configured latency per check:    0 us

   --- Access Breakdown ---
   Total memory accesses (validated): 0
   Cache hits (0 latency):          0
   Validation requests (full lat):  0
     of which DMA-ctrl writes:      0
   Coalesced waits (partial lat):   0
   Validations denied:              0

   --- Latency Breakdown ---
   Validation request latency:      0 us
   Coalesced wait latency:          0 us
   TOTAL SECURITY OVERHEAD:         0 us
   Avg latency per validation:      0 us
   Avg latency per coalesced wait:  0 us
   Avg overhead per blocked access: 0 us

   --- Cache Statistics ---
   Processes with cached pages:     0
   Unique pages validated (total):  0
   Cache hit rate:                  0%

   ========= IOMMU Stats =====================
   IOMMU enabled:                   YES
   IOMMU SimObject:                 system.body.iommu

   --- Access Breakdown ---
   Total IOMMU checks:              22302727
   IOTLB hits:                      22302561
   IOTLB misses (page walks):       166
   IOTLB hit rate:                  99.9993%

   --- Latency Breakdown ---
   TOTAL IOMMU OVERHEAD:            44688.1 us
   Avg latency per access:          0.00200371 us

********************************************************************************
system.body.body_residual.llvm_interface
Total Area: 4844.96
Total Power Static: 6.16866

Total Power Dynamic: 24.6726
   ========= Performance Analysis =============
   Setup Time:                      0h 0m 0s 0ms 386us
   Simulation Time (Total):         0h 1m 42s 278ms
   Simulation Time (Active):        0h 0m 0s 24ms
        Queue Processing Time:      0h 0m 0s 17ms
             Scheduling Time:       0h 0m 0s 8ms
             Computation Time:      0h 0m 0s 1ms
   System Clock:                    0.1GHz
   Runtime:                         102223 cycles
   Runtime:                         1022.23 us
   Stalls:                          0 cycles
   Executed Nodes:                  102222 cycles

   ========= Kernel Validation Stats ==========
   Kernel validation enabled:       NO
   Configured latency per check:    0 us

   --- Access Breakdown ---
   Total memory accesses (validated): 0
   Cache hits (0 latency):          0
   Validation requests (full lat):  0
     of which DMA-ctrl writes:      0
   Coalesced waits (partial lat):   0
   Validations denied:              0

   --- Latency Breakdown ---
   Validation request latency:      0 us
   Coalesced wait latency:          0 us
   TOTAL SECURITY OVERHEAD:         0 us
   Avg latency per validation:      0 us
   Avg latency per coalesced wait:  0 us
   Avg overhead per blocked access: 0 us

   --- Cache Statistics ---
   Processes with cached pages:     0
   Unique pages validated (total):  0
   Cache hit rate:                  0%

   ========= IOMMU Stats =====================
   IOMMU enabled:                   YES
   IOMMU SimObject:                 system.body.iommu

   --- Access Breakdown ---
   Total IOMMU checks:              22806046
   IOTLB hits:                      22805861
   IOTLB misses (page walks):       185
   IOTLB hit rate:                  99.9992%

   --- Latency Breakdown ---
   TOTAL IOMMU OVERHEAD:            45704.2 us
   Avg latency per access:          0.00200404 us

********************************************************************************
system.body.body_pwconv0.llvm_interface
Total Area: 108340
Total Power Static: 692.817

Total Power Dynamic: 16913.1
   ========= Performance Analysis =============
   Setup Time:                      0h 0m 0s 0ms 757us
   Simulation Time (Total):         0h 2m 6s 529ms
   Simulation Time (Active):        0h 0m 7s 553ms
        Queue Processing Time:      0h 0m 7s 546ms
             Scheduling Time:       0h 0m 4s 285ms
             Computation Time:      0h 0m 0s 108ms
   System Clock:                    0.1GHz
   Runtime:                         125917 cycles
   Runtime:                         1259.17 us
   Stalls:                          0 cycles
   Executed Nodes:                  125916 cycles

   ========= Kernel Validation Stats ==========
   Kernel validation enabled:       NO
   Configured latency per check:    0 us

   --- Access Breakdown ---
   Total memory accesses (validated): 0
   Cache hits (0 latency):          0
   Validation requests (full lat):  0
     of which DMA-ctrl writes:      0
   Coalesced waits (partial lat):   0
   Validations denied:              0

   --- Latency Breakdown ---
   Validation request latency:      0 us
   Coalesced wait latency:          0 us
   TOTAL SECURITY OVERHEAD:         0 us
   Avg latency per validation:      0 us
   Avg latency per coalesced wait:  0 us
   Avg overhead per blocked access: 0 us

   --- Cache Statistics ---
   Processes with cached pages:     0
   Unique pages validated (total):  0
   Cache hit rate:                  0%

   ========= IOMMU Stats =====================
   IOMMU enabled:                   YES
   IOMMU SimObject:                 system.body.iommu

   --- Access Breakdown ---
   Total IOMMU checks:              22920015
   IOTLB hits:                      22919830
   IOTLB misses (page walks):       185
   IOTLB hit rate:                  99.9992%

   --- Latency Breakdown ---
   TOTAL IOMMU OVERHEAD:            45932.2 us
   Avg latency per access:          0.00200402 us

********************************************************************************
system.body.body_dwconv.llvm_interface
Total Area: 1.16649e+06
Total Power Static: 10000

Total Power Dynamic: 113736
   ========= Performance Analysis =============
   Setup Time:                      0h 0m 0s 8ms 531us
   Simulation Time (Total):         0h 2m 32s 631ms
   Simulation Time (Active):        0h 0m 59s 947ms
        Queue Processing Time:      0h 0m 59s 940ms
             Scheduling Time:       0h 0m 55s 278ms
             Computation Time:      0h 0m 0s 625ms
   System Clock:                    0.1GHz
   Runtime:                         152450 cycles
   Runtime:                         1524.5 us
   Stalls:                          0 cycles
   Executed Nodes:                  152449 cycles

   ========= Kernel Validation Stats ==========
   Kernel validation enabled:       NO
   Configured latency per check:    0 us

   --- Access Breakdown ---
   Total memory accesses (validated): 0
   Cache hits (0 latency):          0
   Validation requests (full lat):  0
     of which DMA-ctrl writes:      0
   Coalesced waits (partial lat):   0
   Validations denied:              0

   --- Latency Breakdown ---
   Validation request latency:      0 us
   Coalesced wait latency:          0 us
   TOTAL SECURITY OVERHEAD:         0 us
   Avg latency per validation:      0 us
   Avg latency per coalesced wait:  0 us
   Avg overhead per blocked access: 0 us

   --- Cache Statistics ---
   Processes with cached pages:     0
   Unique pages validated (total):  0
   Cache hit rate:                  0%

   ========= IOMMU Stats =====================
   IOMMU enabled:                   YES
   IOMMU SimObject:                 system.body.iommu

   --- Access Breakdown ---
   Total IOMMU checks:              23042795
   IOTLB hits:                      23042610
   IOTLB misses (page walks):       185
   IOTLB hit rate:                  99.9992%

   --- Latency Breakdown ---
   TOTAL IOMMU OVERHEAD:            46177.7 us
   Avg latency per access:          0.002004 us

********************************************************************************
system.body.body_pwconv1.llvm_interface
Total Area: 6.74716e+06
Total Power Static: 34660

Total Power Dynamic: 342746
   ========= Performance Analysis =============
   Setup Time:                      0h 0m 0s 145ms 668us
   Simulation Time (Total):         0h 2m 32s 501ms
   Simulation Time (Active):        0h 1m 17s 99ms
        Queue Processing Time:      0h 1m 17s 94ms
             Scheduling Time:       0h 1m 9s 19ms
             Computation Time:      0h 0m 1s 999ms
   System Clock:                    0.1GHz
   Runtime:                         153491 cycles
   Runtime:                         1534.91 us
   Stalls:                          0 cycles
   Executed Nodes:                  153490 cycles

   ========= Kernel Validation Stats ==========
   Kernel validation enabled:       NO
   Configured latency per check:    0 us

   --- Access Breakdown ---
   Total memory accesses (validated): 0
   Cache hits (0 latency):          0
   Validation requests (full lat):  0
     of which DMA-ctrl writes:      0
   Coalesced waits (partial lat):   0
   Validations denied:              0

   --- Latency Breakdown ---
   Validation request latency:      0 us
   Coalesced wait latency:          0 us
   TOTAL SECURITY OVERHEAD:         0 us
   Avg latency per validation:      0 us
   Avg latency per coalesced wait:  0 us
   Avg overhead per blocked access: 0 us

   --- Cache Statistics ---
   Processes with cached pages:     0
   Unique pages validated (total):  0
   Cache hit rate:                  0%

   ========= IOMMU Stats =====================
   IOMMU enabled:                   YES
   IOMMU SimObject:                 system.body.iommu

   --- Access Breakdown ---
   Total IOMMU checks:              23043939
   IOTLB hits:                      23043754
   IOTLB misses (page walks):       185
   IOTLB hit rate:                  99.9992%

   --- Latency Breakdown ---
   TOTAL IOMMU OVERHEAD:            46180 us
   Avg latency per access:          0.002004 us

********************************************************************************
system.body.body_top.llvm_interface
Total Area: 33744.7
Total Power Static: 0.961013

Total Power Dynamic: 4.76126
   ========= Performance Analysis =============
   Setup Time:                      0h 0m 0s 7ms 342us
   Simulation Time (Total):         0h 2m 33s 101ms
   Simulation Time (Active):        0h 0m 0s 55ms
        Queue Processing Time:      0h 0m 0s 42ms
             Scheduling Time:       0h 0m 0s 18ms
             Computation Time:      0h 0m 0s 4ms
   System Clock:                    0.1GHz
   Runtime:                         172616 cycles
   Runtime:                         1726.16 us
   Stalls:                          0 cycles
   Executed Nodes:                  172615 cycles

   ========= Kernel Validation Stats ==========
   Kernel validation enabled:       NO
   Configured latency per check:    0 us

   --- Access Breakdown ---
   Total memory accesses (validated): 0
   Cache hits (0 latency):          0
   Validation requests (full lat):  0
     of which DMA-ctrl writes:      0
   Coalesced waits (partial lat):   0
   Validations denied:              0

   --- Latency Breakdown ---
   Validation request latency:      0 us
   Coalesced wait latency:          0 us
   TOTAL SECURITY OVERHEAD:         0 us
   Avg latency per validation:      0 us
   Avg latency per coalesced wait:  0 us
   Avg overhead per blocked access: 0 us

   --- Cache Statistics ---
   Processes with cached pages:     0
   Unique pages validated (total):  0
   Cache hit rate:                  0%

   ========= IOMMU Stats =====================
   IOMMU enabled:                   YES
   IOMMU SimObject:                 system.body.iommu

   --- Access Breakdown ---
   Total IOMMU checks:              23043941
   IOTLB hits:                      23043756
   IOTLB misses (page walks):       185
   IOTLB hit rate:                  99.9992%

   --- Latency Breakdown ---
   TOTAL IOMMU OVERHEAD:            46180 us
   Avg latency per access:          0.002004 us

********************************************************************************
system.body.body_residual.llvm_interface
Total Area: 5383.29
Total Power Static: 6.16866

Total Power Dynamic: 24.6726
   ========= Performance Analysis =============
   Setup Time:                      0h 0m 0s 0ms 389us
   Simulation Time (Total):         0h 1m 58s 777ms
   Simulation Time (Active):        0h 0m 0s 26ms
        Queue Processing Time:      0h 0m 0s 18ms
             Scheduling Time:       0h 0m 0s 8ms
             Computation Time:      0h 0m 0s 1ms
   System Clock:                    0.1GHz
   Runtime:                         120943 cycles
   Runtime:                         1209.43 us
   Stalls:                          0 cycles
   Executed Nodes:                  120942 cycles

   ========= Kernel Validation Stats ==========
   Kernel validation enabled:       NO
   Configured latency per check:    0 us

   --- Access Breakdown ---
   Total memory accesses (validated): 0
   Cache hits (0 latency):          0
   Validation requests (full lat):  0
     of which DMA-ctrl writes:      0
   Coalesced waits (partial lat):   0
   Validations denied:              0

   --- Latency Breakdown ---
   Validation request latency:      0 us
   Coalesced wait latency:          0 us
   TOTAL SECURITY OVERHEAD:         0 us
   Avg latency per validation:      0 us
   Avg latency per coalesced wait:  0 us
   Avg overhead per blocked access: 0 us

   --- Cache Statistics ---
   Processes with cached pages:     0
   Unique pages validated (total):  0
   Cache hit rate:                  0%

   ========= IOMMU Stats =====================
   IOMMU enabled:                   YES
   IOMMU SimObject:                 system.body.iommu

   --- Access Breakdown ---
   Total IOMMU checks:              23640971
   IOTLB hits:                      23640766
   IOTLB misses (page walks):       205
   IOTLB hit rate:                  99.9991%

   --- Latency Breakdown ---
   TOTAL IOMMU OVERHEAD:            47384 us
   Avg latency per access:          0.00200432 us

********************************************************************************
system.body.body_pwconv0.llvm_interface
Total Area: 120378
Total Power Static: 692.817

Total Power Dynamic: 16913.1
   ========= Performance Analysis =============
   Setup Time:                      0h 0m 0s 0ms 746us
   Simulation Time (Total):         0h 2m 27s 218ms
   Simulation Time (Active):        0h 0m 7s 676ms
        Queue Processing Time:      0h 0m 7s 668ms
             Scheduling Time:       0h 0m 4s 329ms
             Computation Time:      0h 0m 0s 108ms
   System Clock:                    0.1GHz
   Runtime:                         149323 cycles
   Runtime:                         1493.23 us
   Stalls:                          0 cycles
   Executed Nodes:                  149322 cycles

   ========= Kernel Validation Stats ==========
   Kernel validation enabled:       NO
   Configured latency per check:    0 us

   --- Access Breakdown ---
   Total memory accesses (validated): 0
   Cache hits (0 latency):          0
   Validation requests (full lat):  0
     of which DMA-ctrl writes:      0
   Coalesced waits (partial lat):   0
   Validations denied:              0

   --- Latency Breakdown ---
   Validation request latency:      0 us
   Coalesced wait latency:          0 us
   TOTAL SECURITY OVERHEAD:         0 us
   Avg latency per validation:      0 us
   Avg latency per coalesced wait:  0 us
   Avg overhead per blocked access: 0 us

   --- Cache Statistics ---
   Processes with cached pages:     0
   Unique pages validated (total):  0
   Cache hit rate:                  0%

   ========= IOMMU Stats =====================
   IOMMU enabled:                   YES
   IOMMU SimObject:                 system.body.iommu

   --- Access Breakdown ---
   Total IOMMU checks:              23778366
   IOTLB hits:                      23778161
   IOTLB misses (page walks):       205
   IOTLB hit rate:                  99.9991%

   --- Latency Breakdown ---
   TOTAL IOMMU OVERHEAD:            47658.8 us
   Avg latency per access:          0.00200429 us

********************************************************************************
system.body.body_dwconv.llvm_interface
Total Area: 1.29609e+06
Total Power Static: 10000

Total Power Dynamic: 113736
   ========= Performance Analysis =============
   Setup Time:                      0h 0m 0s 8ms 377us
   Simulation Time (Total):         0h 2m 57s 221ms
   Simulation Time (Active):        0h 1m 0s 464ms
        Queue Processing Time:      0h 1m 0s 457ms
             Scheduling Time:       0h 0m 55s 431ms
             Computation Time:      0h 0m 0s 625ms
   System Clock:                    0.1GHz
   Runtime:                         180396 cycles
   Runtime:                         1803.96 us
   Stalls:                          0 cycles
   Executed Nodes:                  180395 cycles

   ========= Kernel Validation Stats ==========
   Kernel validation enabled:       NO
   Configured latency per check:    0 us

   --- Access Breakdown ---
   Total memory accesses (validated): 0
   Cache hits (0 latency):          0
   Validation requests (full lat):  0
     of which DMA-ctrl writes:      0
   Coalesced waits (partial lat):   0
   Validations denied:              0

   --- Latency Breakdown ---
   Validation request latency:      0 us
   Coalesced wait latency:          0 us
   TOTAL SECURITY OVERHEAD:         0 us
   Avg latency per validation:      0 us
   Avg latency per coalesced wait:  0 us
   Avg overhead per blocked access: 0 us

   --- Cache Statistics ---
   Processes with cached pages:     0
   Unique pages validated (total):  0
   Cache hit rate:                  0%

   ========= IOMMU Stats =====================
   IOMMU enabled:                   YES
   IOMMU SimObject:                 system.body.iommu

   --- Access Breakdown ---
   Total IOMMU checks:              23924587
   IOTLB hits:                      23924382
   IOTLB misses (page walks):       205
   IOTLB hit rate:                  99.9991%

   --- Latency Breakdown ---
   TOTAL IOMMU OVERHEAD:            47951.3 us
   Avg latency per access:          0.00200427 us

********************************************************************************
system.body.body_pwconv1.llvm_interface
Total Area: 7.49685e+06
Total Power Static: 46184.6

Total Power Dynamic: 456743
   ========= Performance Analysis =============
   Setup Time:                      0h 0m 0s 133ms 429us
   Simulation Time (Total):         0h 2m 57s 103ms
   Simulation Time (Active):        0h 1m 39s 227ms
        Queue Processing Time:      0h 1m 39s 220ms
             Scheduling Time:       0h 1m 28s 826ms
             Computation Time:      0h 0m 2s 657ms
   System Clock:                    0.1GHz
   Runtime:                         181437 cycles
   Runtime:                         1814.37 us
   Stalls:                          0 cycles
   Executed Nodes:                  181436 cycles

   ========= Kernel Validation Stats ==========
   Kernel validation enabled:       NO
   Configured latency per check:    0 us

   --- Access Breakdown ---
   Total memory accesses (validated): 0
   Cache hits (0 latency):          0
   Validation requests (full lat):  0
     of which DMA-ctrl writes:      0
   Coalesced waits (partial lat):   0
   Validations denied:              0

   --- Latency Breakdown ---
   Validation request latency:      0 us
   Coalesced wait latency:          0 us
   TOTAL SECURITY OVERHEAD:         0 us
   Avg latency per validation:      0 us
   Avg latency per coalesced wait:  0 us
   Avg overhead per blocked access: 0 us

   --- Cache Statistics ---
   Processes with cached pages:     0
   Unique pages validated (total):  0
   Cache hit rate:                  0%

   ========= IOMMU Stats =====================
   IOMMU enabled:                   YES
   IOMMU SimObject:                 system.body.iommu

   --- Access Breakdown ---
   Total IOMMU checks:              23925731
   IOTLB hits:                      23925526
   IOTLB misses (page walks):       205
   IOTLB hit rate:                  99.9991%

   --- Latency Breakdown ---
   TOTAL IOMMU OVERHEAD:            47953.6 us
   Avg latency per access:          0.00200427 us

********************************************************************************
system.body.body_top.llvm_interface
Total Area: 37494.1
Total Power Static: 0.959791

Total Power Dynamic: 4.75526
   ========= Performance Analysis =============
   Setup Time:                      0h 0m 0s 7ms 274us
   Simulation Time (Total):         0h 2m 57s 695ms
   Simulation Time (Active):        0h 0m 0s 59ms
        Queue Processing Time:      0h 0m 0s 43ms
             Scheduling Time:       0h 0m 0s 17ms
             Computation Time:      0h 0m 0s 4ms
   System Clock:                    0.1GHz
   Runtime:                         200544 cycles
   Runtime:                         2005.44 us
   Stalls:                          0 cycles
   Executed Nodes:                  200543 cycles

   ========= Kernel Validation Stats ==========
   Kernel validation enabled:       NO
   Configured latency per check:    0 us

   --- Access Breakdown ---
   Total memory accesses (validated): 0
   Cache hits (0 latency):          0
   Validation requests (full lat):  0
     of which DMA-ctrl writes:      0
   Coalesced waits (partial lat):   0
   Validations denied:              0

   --- Latency Breakdown ---
   Validation request latency:      0 us
   Coalesced wait latency:          0 us
   TOTAL SECURITY OVERHEAD:         0 us
   Avg latency per validation:      0 us
   Avg latency per coalesced wait:  0 us
   Avg overhead per blocked access: 0 us

   --- Cache Statistics ---
   Processes with cached pages:     0
   Unique pages validated (total):  0
   Cache hit rate:                  0%

   ========= IOMMU Stats =====================
   IOMMU enabled:                   YES
   IOMMU SimObject:                 system.body.iommu

   --- Access Breakdown ---
   Total IOMMU checks:              23925733
   IOTLB hits:                      23925528
   IOTLB misses (page walks):       205
   IOTLB hit rate:                  99.9991%

   --- Latency Breakdown ---
   TOTAL IOMMU OVERHEAD:            47953.6 us
   Avg latency per access:          0.00200427 us

********************************************************************************
system.body.body_residual.llvm_interface
Total Area: 5921.62
Total Power Static: 5.48299

Total Power Dynamic: 16.4484
   ========= Performance Analysis =============
   Setup Time:                      0h 0m 0s 0ms 393us
   Simulation Time (Total):         0h 2m 17s 691ms
   Simulation Time (Active):        0h 0m 0s 29ms
        Queue Processing Time:      0h 0m 0s 19ms
             Scheduling Time:       0h 0m 0s 8ms
             Computation Time:      0h 0m 0s 0ms
   System Clock:                    0.1GHz
   Runtime:                         136850 cycles
   Runtime:                         1368.5 us
   Stalls:                          0 cycles
   Executed Nodes:                  136849 cycles

   ========= Kernel Validation Stats ==========
   Kernel validation enabled:       NO
   Configured latency per check:    0 us

   --- Access Breakdown ---
   Total memory accesses (validated): 0
   Cache hits (0 latency):          0
   Validation requests (full lat):  0
     of which DMA-ctrl writes:      0
   Coalesced waits (partial lat):   0
   Validations denied:              0

   --- Latency Breakdown ---
   Validation request latency:      0 us
   Coalesced wait latency:          0 us
   TOTAL SECURITY OVERHEAD:         0 us
   Avg latency per validation:      0 us
   Avg latency per coalesced wait:  0 us
   Avg overhead per blocked access: 0 us

   --- Cache Statistics ---
   Processes with cached pages:     0
   Unique pages validated (total):  0
   Cache hit rate:                  0%

   ========= IOMMU Stats =====================
   IOMMU enabled:                   YES
   IOMMU SimObject:                 system.body.iommu

   --- Access Breakdown ---
   Total IOMMU checks:              24595009
   IOTLB hits:                      24594784
   IOTLB misses (page walks):       225
   IOTLB hit rate:                  99.9991%

   --- Latency Breakdown ---
   TOTAL IOMMU OVERHEAD:            49302.1 us
   Avg latency per access:          0.00200456 us

********************************************************************************
system.body.body_pwconv0.llvm_interface
Total Area: 132416
Total Power Static: 918.962

Total Power Dynamic: 22508.7
   ========= Performance Analysis =============
   Setup Time:                      0h 0m 0s 0ms 745us
   Simulation Time (Total):         0h 2m 47s 840ms
   Simulation Time (Active):        0h 0m 10s 297ms
        Queue Processing Time:      0h 0m 10s 290ms
             Scheduling Time:       0h 0m 5s 744ms
             Computation Time:      0h 0m 0s 147ms
   System Clock:                    0.1GHz
   Runtime:                         166487 cycles
   Runtime:                         1664.87 us
   Stalls:                          0 cycles
   Executed Nodes:                  166486 cycles

   ========= Kernel Validation Stats ==========
   Kernel validation enabled:       NO
   Configured latency per check:    0 us

   --- Access Breakdown ---
   Total memory accesses (validated): 0
   Cache hits (0 latency):          0
   Validation requests (full lat):  0
     of which DMA-ctrl writes:      0
   Coalesced waits (partial lat):   0
   Validations denied:              0

   --- Latency Breakdown ---
   Validation request latency:      0 us
   Coalesced wait latency:          0 us
   TOTAL SECURITY OVERHEAD:         0 us
   Avg latency per validation:      0 us
   Avg latency per coalesced wait:  0 us
   Avg overhead per blocked access: 0 us

   --- Cache Statistics ---
   Processes with cached pages:     0
   Unique pages validated (total):  0
   Cache hit rate:                  0%

   ========= IOMMU Stats =====================
   IOMMU enabled:                   YES
   IOMMU SimObject:                 system.body.iommu

   --- Access Breakdown ---
   Total IOMMU checks:              24739874
   IOTLB hits:                      24739649
   IOTLB misses (page walks):       225
   IOTLB hit rate:                  99.9991%

   --- Latency Breakdown ---
   TOTAL IOMMU OVERHEAD:            49591.8 us
   Avg latency per access:          0.00200453 us

********************************************************************************
system.body.body_dwconv.llvm_interface
Total Area: 1.4257e+06
Total Power Static: 13333.2

Total Power Dynamic: 151645
   ========= Performance Analysis =============
   Setup Time:                      0h 0m 0s 8ms 701us
   Simulation Time (Total):         0h 3m 21s 945ms
   Simulation Time (Active):        0h 1m 20s 639ms
        Queue Processing Time:      0h 1m 20s 630ms
             Scheduling Time:       0h 1m 14s 330ms
             Computation Time:      0h 0m 0s 843ms
   System Clock:                    0.1GHz
   Runtime:                         201459 cycles
   Runtime:                         2014.59 us
   Stalls:                          0 cycles
   Executed Nodes:                  201458 cycles

   ========= Kernel Validation Stats ==========
   Kernel validation enabled:       NO
   Configured latency per check:    0 us

   --- Access Breakdown ---
   Total memory accesses (validated): 0
   Cache hits (0 latency):          0
   Validation requests (full lat):  0
     of which DMA-ctrl writes:      0
   Coalesced waits (partial lat):   0
   Validations denied:              0

   --- Latency Breakdown ---
   Validation request latency:      0 us
   Coalesced wait latency:          0 us
   TOTAL SECURITY OVERHEAD:         0 us
   Avg latency per validation:      0 us
   Avg latency per coalesced wait:  0 us
   Avg overhead per blocked access: 0 us

   --- Cache Statistics ---
   Processes with cached pages:     0
   Unique pages validated (total):  0
   Cache hit rate:                  0%

   ========= IOMMU Stats =====================
   IOMMU enabled:                   YES
   IOMMU SimObject:                 system.body.iommu

   --- Access Breakdown ---
   Total IOMMU checks:              24901189
   IOTLB hits:                      24900964
   IOTLB misses (page walks):       225
   IOTLB hit rate:                  99.9991%

   --- Latency Breakdown ---
   TOTAL IOMMU OVERHEAD:            49914.4 us
   Avg latency per access:          0.0020045 us

********************************************************************************
system.body.body_pwconv1.llvm_interface
Total Area: 8.24653e+06
Total Power Static: 46184.6

Total Power Dynamic: 456743
   ========= Performance Analysis =============
   Setup Time:                      0h 0m 0s 133ms 337us
   Simulation Time (Total):         0h 3m 21s 817ms
   Simulation Time (Active):        0h 1m 40s 235ms
        Queue Processing Time:      0h 1m 40s 229ms
             Scheduling Time:       0h 1m 29s 482ms
             Computation Time:      0h 0m 2s 669ms
   System Clock:                    0.1GHz
   Runtime:                         202148 cycles
   Runtime:                         2021.48 us
   Stalls:                          0 cycles
   Executed Nodes:                  202147 cycles

   ========= Kernel Validation Stats ==========
   Kernel validation enabled:       NO
   Configured latency per check:    0 us

   --- Access Breakdown ---
   Total memory accesses (validated): 0
   Cache hits (0 latency):          0
   Validation requests (full lat):  0
     of which DMA-ctrl writes:      0
   Coalesced waits (partial lat):   0
   Validations denied:              0

   --- Latency Breakdown ---
   Validation request latency:      0 us
   Coalesced wait latency:          0 us
   TOTAL SECURITY OVERHEAD:         0 us
   Avg latency per validation:      0 us
   Avg latency per coalesced wait:  0 us
   Avg overhead per blocked access: 0 us

   --- Cache Statistics ---
   Processes with cached pages:     0
   Unique pages validated (total):  0
   Cache hit rate:                  0%

   ========= IOMMU Stats =====================
   IOMMU enabled:                   YES
   IOMMU SimObject:                 system.body.iommu

   --- Access Breakdown ---
   Total IOMMU checks:              24901950
   IOTLB hits:                      24901725
   IOTLB misses (page walks):       225
   IOTLB hit rate:                  99.9991%

   --- Latency Breakdown ---
   TOTAL IOMMU OVERHEAD:            49915.9 us
   Avg latency per access:          0.0020045 us

********************************************************************************
system.body.body_top.llvm_interface
Total Area: 41243.6
Total Power Static: 0.959791

Total Power Dynamic: 4.75526
   ========= Performance Analysis =============
   Setup Time:                      0h 0m 0s 7ms 344us
   Simulation Time (Total):         0h 3m 22s 378ms
   Simulation Time (Active):        0h 0m 0s 67ms
        Queue Processing Time:      0h 0m 0s 52ms
             Scheduling Time:       0h 0m 0s 22ms
             Computation Time:      0h 0m 0s 5ms
   System Clock:                    0.1GHz
   Runtime:                         221200 cycles
   Runtime:                         2212 us
   Stalls:                          0 cycles
   Executed Nodes:                  221199 cycles

   ========= Kernel Validation Stats ==========
   Kernel validation enabled:       NO
   Configured latency per check:    0 us

   --- Access Breakdown ---
   Total memory accesses (validated): 0
   Cache hits (0 latency):          0
   Validation requests (full lat):  0
     of which DMA-ctrl writes:      0
   Coalesced waits (partial lat):   0
   Validations denied:              0

   --- Latency Breakdown ---
   Validation request latency:      0 us
   Coalesced wait latency:          0 us
   TOTAL SECURITY OVERHEAD:         0 us
   Avg latency per validation:      0 us
   Avg latency per coalesced wait:  0 us
   Avg overhead per blocked access: 0 us

   --- Cache Statistics ---
   Processes with cached pages:     0
   Unique pages validated (total):  0
   Cache hit rate:                  0%

   ========= IOMMU Stats =====================
   IOMMU enabled:                   YES
   IOMMU SimObject:                 system.body.iommu

   --- Access Breakdown ---
   Total IOMMU checks:              24901952
   IOTLB hits:                      24901727
   IOTLB misses (page walks):       225
   IOTLB hit rate:                  99.9991%

   --- Latency Breakdown ---
   TOTAL IOMMU OVERHEAD:            49916 us
   Avg latency per access:          0.0020045 us

********************************************************************************
system.body.body_residual.llvm_interface
Total Area: 6459.95
Total Power Static: 8.22567

Total Power Dynamic: 32.8969
   ========= Performance Analysis =============
   Setup Time:                      0h 0m 0s 0ms 385us
   Simulation Time (Total):         0h 2m 17s 469ms
   Simulation Time (Active):        0h 0m 0s 32ms
        Queue Processing Time:      0h 0m 0s 23ms
             Scheduling Time:       0h 0m 0s 10ms
             Computation Time:      0h 0m 0s 1ms
   System Clock:                    0.1GHz
   Runtime:                         137365 cycles
   Runtime:                         1373.65 us
   Stalls:                          0 cycles
   Executed Nodes:                  137364 cycles

   ========= Kernel Validation Stats ==========
   Kernel validation enabled:       NO
   Configured latency per check:    0 us

   --- Access Breakdown ---
   Total memory accesses (validated): 0
   Cache hits (0 latency):          0
   Validation requests (full lat):  0
     of which DMA-ctrl writes:      0
   Coalesced waits (partial lat):   0
   Validations denied:              0

   --- Latency Breakdown ---
   Validation request latency:      0 us
   Coalesced wait latency:          0 us
   TOTAL SECURITY OVERHEAD:         0 us
   Avg latency per validation:      0 us
   Avg latency per coalesced wait:  0 us
   Avg overhead per blocked access: 0 us

   --- Cache Statistics ---
   Processes with cached pages:     0
   Unique pages validated (total):  0
   Cache hit rate:                  0%

   ========= IOMMU Stats =====================
   IOMMU enabled:                   YES
   IOMMU SimObject:                 system.body.iommu

   --- Access Breakdown ---
   Total IOMMU checks:              25572438
   IOTLB hits:                      25572192
   IOTLB misses (page walks):       246
   IOTLB hit rate:                  99.999%

   --- Latency Breakdown ---
   TOTAL IOMMU OVERHEAD:            51267.4 us
   Avg latency per access:          0.00200479 us

********************************************************************************
system.body.body_pwconv0.llvm_interface
Total Area: 144454
Total Power Static: 918.962

Total Power Dynamic: 22508.7
   ========= Performance Analysis =============
   Setup Time:                      0h 0m 0s 0ms 755us
   Simulation Time (Total):         0h 2m 47s 499ms
   Simulation Time (Active):        0h 0m 10s 233ms
        Queue Processing Time:      0h 0m 10s 225ms
             Scheduling Time:       0h 0m 5s 635ms
             Computation Time:      0h 0m 0s 147ms
   System Clock:                    0.1GHz
   Runtime:                         166999 cycles
   Runtime:                         1669.99 us
   Stalls:                          0 cycles
   Executed Nodes:                  166998 cycles

   ========= Kernel Validation Stats ==========
   Kernel validation enabled:       NO
   Configured latency per check:    0 us

   --- Access Breakdown ---
   Total memory accesses (validated): 0
   Cache hits (0 latency):          0
   Validation requests (full lat):  0
     of which DMA-ctrl writes:      0
   Coalesced waits (partial lat):   0
   Validations denied:              0

   --- Latency Breakdown ---
   Validation request latency:      0 us
   Coalesced wait latency:          0 us
   TOTAL SECURITY OVERHEAD:         0 us
   Avg latency per validation:      0 us
   Avg latency per coalesced wait:  0 us
   Avg overhead per blocked access: 0 us

   --- Cache Statistics ---
   Processes with cached pages:     0
   Unique pages validated (total):  0
   Cache hit rate:                  0%

   ========= IOMMU Stats =====================
   IOMMU enabled:                   YES
   IOMMU SimObject:                 system.body.iommu

   --- Access Breakdown ---
   Total IOMMU checks:              25717304
   IOTLB hits:                      25717058
   IOTLB misses (page walks):       246
   IOTLB hit rate:                  99.999%

   --- Latency Breakdown ---
   TOTAL IOMMU OVERHEAD:            51557.1 us
   Avg latency per access:          0.00200476 us

********************************************************************************
system.body.body_dwconv.llvm_interface
Total Area: 1.55531e+06
Total Power Static: 13333.2

Total Power Dynamic: 151645
   ========= Performance Analysis =============
   Setup Time:                      0h 0m 0s 8ms 728us
   Simulation Time (Total):         0h 3m 21s 312ms
   Simulation Time (Active):        0h 1m 20s 451ms
        Queue Processing Time:      0h 1m 20s 442ms
             Scheduling Time:       0h 1m 14s 170ms
             Computation Time:      0h 0m 0s 837ms
   System Clock:                    0.1GHz
   Runtime:                         201971 cycles
   Runtime:                         2019.71 us
   Stalls:                          0 cycles
   Executed Nodes:                  201970 cycles

   ========= Kernel Validation Stats ==========
   Kernel validation enabled:       NO
   Configured latency per check:    0 us

   --- Access Breakdown ---
   Total memory accesses (validated): 0
   Cache hits (0 latency):          0
   Validation requests (full lat):  0
     of which DMA-ctrl writes:      0
   Coalesced waits (partial lat):   0
   Validations denied:              0

   --- Latency Breakdown ---
   Validation request latency:      0 us
   Coalesced wait latency:          0 us
   TOTAL SECURITY OVERHEAD:         0 us
   Avg latency per validation:      0 us
   Avg latency per coalesced wait:  0 us
   Avg overhead per blocked access: 0 us

   --- Cache Statistics ---
   Processes with cached pages:     0
   Unique pages validated (total):  0
   Cache hit rate:                  0%

   ========= IOMMU Stats =====================
   IOMMU enabled:                   YES
   IOMMU SimObject:                 system.body.iommu

   --- Access Breakdown ---
   Total IOMMU checks:              25878619
   IOTLB hits:                      25878373
   IOTLB misses (page walks):       246
   IOTLB hit rate:                  99.999%

   --- Latency Breakdown ---
   TOTAL IOMMU OVERHEAD:            51879.7 us
   Avg latency per access:          0.00200473 us

********************************************************************************
system.body.body_pwconv1.llvm_interface
Total Area: 8.99621e+06
Total Power Static: 46184.6

Total Power Dynamic: 456743
   ========= Performance Analysis =============
   Setup Time:                      0h 0m 0s 138ms 250us
   Simulation Time (Total):         0h 3m 21s 179ms
   Simulation Time (Active):        0h 1m 39s 843ms
        Queue Processing Time:      0h 1m 39s 836ms
             Scheduling Time:       0h 1m 29s 114ms
             Computation Time:      0h 0m 2s 664ms
   System Clock:                    0.1GHz
   Runtime:                         202660 cycles
   Runtime:                         2026.6 us
   Stalls:                          0 cycles
   Executed Nodes:                  202659 cycles

   ========= Kernel Validation Stats ==========
   Kernel validation enabled:       NO
   Configured latency per check:    0 us

   --- Access Breakdown ---
   Total memory accesses (validated): 0
   Cache hits (0 latency):          0
   Validation requests (full lat):  0
     of which DMA-ctrl writes:      0
   Coalesced waits (partial lat):   0
   Validations denied:              0

   --- Latency Breakdown ---
   Validation request latency:      0 us
   Coalesced wait latency:          0 us
   TOTAL SECURITY OVERHEAD:         0 us
   Avg latency per validation:      0 us
   Avg latency per coalesced wait:  0 us
   Avg overhead per blocked access: 0 us

   --- Cache Statistics ---
   Processes with cached pages:     0
   Unique pages validated (total):  0
   Cache hit rate:                  0%

   ========= IOMMU Stats =====================
   IOMMU enabled:                   YES
   IOMMU SimObject:                 system.body.iommu

   --- Access Breakdown ---
   Total IOMMU checks:              25879380
   IOTLB hits:                      25879134
   IOTLB misses (page walks):       246
   IOTLB hit rate:                  99.999%

   --- Latency Breakdown ---
   TOTAL IOMMU OVERHEAD:            51881.3 us
   Avg latency per access:          0.00200473 us

********************************************************************************
system.body.body_top.llvm_interface
Total Area: 44993
Total Power Static: 0.95918

Total Power Dynamic: 4.75225
   ========= Performance Analysis =============
   Setup Time:                      0h 0m 0s 7ms 248us
   Simulation Time (Total):         0h 3m 21s 766ms
   Simulation Time (Active):        0h 0m 0s 70ms
        Queue Processing Time:      0h 0m 0s 52ms
             Scheduling Time:       0h 0m 0s 21ms
             Computation Time:      0h 0m 0s 5ms
   System Clock:                    0.1GHz
   Runtime:                         221697 cycles
   Runtime:                         2216.97 us
   Stalls:                          0 cycles
   Executed Nodes:                  221696 cycles

   ========= Kernel Validation Stats ==========
   Kernel validation enabled:       NO
   Configured latency per check:    0 us

   --- Access Breakdown ---
   Total memory accesses (validated): 0
   Cache hits (0 latency):          0
   Validation requests (full lat):  0
     of which DMA-ctrl writes:      0
   Coalesced waits (partial lat):   0
   Validations denied:              0

   --- Latency Breakdown ---
   Validation request latency:      0 us
   Coalesced wait latency:          0 us
   TOTAL SECURITY OVERHEAD:         0 us
   Avg latency per validation:      0 us
   Avg latency per coalesced wait:  0 us
   Avg overhead per blocked access: 0 us

   --- Cache Statistics ---
   Processes with cached pages:     0
   Unique pages validated (total):  0
   Cache hit rate:                  0%

   ========= IOMMU Stats =====================
   IOMMU enabled:                   YES
   IOMMU SimObject:                 system.body.iommu

   --- Access Breakdown ---
   Total IOMMU checks:              25879382
   IOTLB hits:                      25879136
   IOTLB misses (page walks):       246
   IOTLB hit rate:                  99.999%

   --- Latency Breakdown ---
   TOTAL IOMMU OVERHEAD:            51881.3 us
   Avg latency per access:          0.00200473 us

********************************************************************************
system.body.body_residual.llvm_interface
Total Area: 6998.28
Total Power Static: 8.22567

Total Power Dynamic: 32.8969
   ========= Performance Analysis =============
   Setup Time:                      0h 0m 0s 0ms 393us
   Simulation Time (Total):         0h 1m 34s 364ms
   Simulation Time (Active):        0h 0m 0s 25ms
        Queue Processing Time:      0h 0m 0s 19ms
             Scheduling Time:       0h 0m 0s 9ms
             Computation Time:      0h 0m 0s 1ms
   System Clock:                    0.1GHz
   Runtime:                         90218 cycles
   Runtime:                         902.18 us
   Stalls:                          0 cycles
   Executed Nodes:                  90217 cycles

   ========= Kernel Validation Stats ==========
   Kernel validation enabled:       NO
   Configured latency per check:    0 us

   --- Access Breakdown ---
   Total memory accesses (validated): 0
   Cache hits (0 latency):          0
   Validation requests (full lat):  0
     of which DMA-ctrl writes:      0
   Coalesced waits (partial lat):   0
   Validations denied:              0

   --- Latency Breakdown ---
   Validation request latency:      0 us
   Coalesced wait latency:          0 us
   TOTAL SECURITY OVERHEAD:         0 us
   Avg latency per validation:      0 us
   Avg latency per coalesced wait:  0 us
   Avg overhead per blocked access: 0 us

   --- Cache Statistics ---
   Processes with cached pages:     0
   Unique pages validated (total):  0
   Cache hit rate:                  0%

   ========= IOMMU Stats =====================
   IOMMU enabled:                   YES
   IOMMU SimObject:                 system.body.iommu

   --- Access Breakdown ---
   Total IOMMU checks:              26322663
   IOTLB hits:                      26322394
   IOTLB misses (page walks):       269
   IOTLB hit rate:                  99.999%

   --- Latency Breakdown ---
   TOTAL IOMMU OVERHEAD:            52779.3 us
   Avg latency per access:          0.00200509 us

********************************************************************************
system.body.body_pwconv0.llvm_interface
Total Area: 156491
Total Power Static: 918.962

Total Power Dynamic: 22508.7
   ========= Performance Analysis =============
   Setup Time:                      0h 0m 0s 0ms 763us
   Simulation Time (Total):         0h 2m 1s 652ms
   Simulation Time (Active):        0h 0m 9s 576ms
        Queue Processing Time:      0h 0m 9s 569ms
             Scheduling Time:       0h 0m 5s 533ms
             Computation Time:      0h 0m 0s 144ms
   System Clock:                    0.1GHz
   Runtime:                         116493 cycles
   Runtime:                         1164.93 us
   Stalls:                          0 cycles
   Executed Nodes:                  116492 cycles

   ========= Kernel Validation Stats ==========
   Kernel validation enabled:       NO
   Configured latency per check:    0 us

   --- Access Breakdown ---
   Total memory accesses (validated): 0
   Cache hits (0 latency):          0
   Validation requests (full lat):  0
     of which DMA-ctrl writes:      0
   Coalesced waits (partial lat):   0
   Validations denied:              0

   --- Latency Breakdown ---
   Validation request latency:      0 us
   Coalesced wait latency:          0 us
   TOTAL SECURITY OVERHEAD:         0 us
   Avg latency per validation:      0 us
   Avg latency per coalesced wait:  0 us
   Avg overhead per blocked access: 0 us

   --- Cache Statistics ---
   Processes with cached pages:     0
   Unique pages validated (total):  0
   Cache hit rate:                  0%

   ========= IOMMU Stats =====================
   IOMMU enabled:                   YES
   IOMMU SimObject:                 system.body.iommu

   --- Access Breakdown ---
   Total IOMMU checks:              26453031
   IOTLB hits:                      26452762
   IOTLB misses (page walks):       269
   IOTLB hit rate:                  99.999%

   --- Latency Breakdown ---
   TOTAL IOMMU OVERHEAD:            53040 us
   Avg latency per access:          0.00200506 us

********************************************************************************
system.body.body_pwconv1.llvm_interface
Total Area: 9.7459e+06
Total Power Static: 20189.6

Total Power Dynamic: 199684
   ========= Performance Analysis =============
   Setup Time:                      0h 0m 0s 144ms 381us
   Simulation Time (Total):         0h 2m 4s 668ms
   Simulation Time (Active):        0h 0m 42s 776ms
        Queue Processing Time:      0h 0m 42s 772ms
             Scheduling Time:       0h 0m 38s 280ms
             Computation Time:      0h 0m 1s 168ms
   System Clock:                    0.1GHz
   Runtime:                         119374 cycles
   Runtime:                         1193.74 us
   Stalls:                          0 cycles
   Executed Nodes:                  119373 cycles

   ========= Kernel Validation Stats ==========
   Kernel validation enabled:       NO
   Configured latency per check:    0 us

   --- Access Breakdown ---
   Total memory accesses (validated): 0
   Cache hits (0 latency):          0
   Validation requests (full lat):  0
     of which DMA-ctrl writes:      0
   Coalesced waits (partial lat):   0
   Validations denied:              0

   --- Latency Breakdown ---
   Validation request latency:      0 us
   Coalesced wait latency:          0 us
   TOTAL SECURITY OVERHEAD:         0 us
   Avg latency per validation:      0 us
   Avg latency per coalesced wait:  0 us
   Avg overhead per blocked access: 0 us

   --- Cache Statistics ---
   Processes with cached pages:     0
   Unique pages validated (total):  0
   Cache hit rate:                  0%

   ========= IOMMU Stats =====================
   IOMMU enabled:                   YES
   IOMMU SimObject:                 system.body.iommu

   --- Access Breakdown ---
   Total IOMMU checks:              26465688
   IOTLB hits:                      26465419
   IOTLB misses (page walks):       269
   IOTLB hit rate:                  99.999%

   --- Latency Breakdown ---
   TOTAL IOMMU OVERHEAD:            53065.3 us
   Avg latency per access:          0.00200506 us

********************************************************************************
system.body.body_dwconv.llvm_interface
Total Area: 1.68492e+06
Total Power Static: 13321

Total Power Dynamic: 151645
   ========= Performance Analysis =============
   Setup Time:                      0h 0m 0s 8ms 813us
   Simulation Time (Total):         0h 2m 17s 679ms
   Simulation Time (Active):        0h 1m 18s 720ms
        Queue Processing Time:      0h 1m 18s 711ms
             Scheduling Time:       0h 1m 13s 112ms
             Computation Time:      0h 0m 0s 833ms
   System Clock:                    0.1GHz
   Runtime:                         130930 cycles
   Runtime:                         1309.3 us
   Stalls:                          0 cycles
   Executed Nodes:                  130929 cycles

   ========= Kernel Validation Stats ==========
   Kernel validation enabled:       NO
   Configured latency per check:    0 us

   --- Access Breakdown ---
   Total memory accesses (validated): 0
   Cache hits (0 latency):          0
   Validation requests (full lat):  0
     of which DMA-ctrl writes:      0
   Coalesced waits (partial lat):   0
   Validations denied:              0

   --- Latency Breakdown ---
   Validation request latency:      0 us
   Coalesced wait latency:          0 us
   TOTAL SECURITY OVERHEAD:         0 us
   Avg latency per validation:      0 us
   Avg latency per coalesced wait:  0 us
   Avg overhead per blocked access: 0 us

   --- Cache Statistics ---
   Processes with cached pages:     0
   Unique pages validated (total):  0
   Cache hit rate:                  0%

   ========= IOMMU Stats =====================
   IOMMU enabled:                   YES
   IOMMU SimObject:                 system.body.iommu

   --- Access Breakdown ---
   Total IOMMU checks:              26514304
   IOTLB hits:                      26514035
   IOTLB misses (page walks):       269
   IOTLB hit rate:                  99.999%

   --- Latency Breakdown ---
   TOTAL IOMMU OVERHEAD:            53162.6 us
   Avg latency per access:          0.00200505 us

********************************************************************************
system.body.body_top.llvm_interface
Total Area: 48742.4
Total Power Static: 0.963458

Total Power Dynamic: 4.77328
   ========= Performance Analysis =============
   Setup Time:                      0h 0m 0s 7ms 321us
   Simulation Time (Total):         0h 2m 18s 103ms
   Simulation Time (Active):        0h 0m 0s 53ms
        Queue Processing Time:      0h 0m 0s 41ms
             Scheduling Time:       0h 0m 0s 17ms
             Computation Time:      0h 0m 0s 4ms
   System Clock:                    0.1GHz
   Runtime:                         150037 cycles
   Runtime:                         1500.37 us
   Stalls:                          0 cycles
   Executed Nodes:                  150036 cycles

   ========= Kernel Validation Stats ==========
   Kernel validation enabled:       NO
   Configured latency per check:    0 us

   --- Access Breakdown ---
   Total memory accesses (validated): 0
   Cache hits (0 latency):          0
   Validation requests (full lat):  0
     of which DMA-ctrl writes:      0
   Coalesced waits (partial lat):   0
   Validations denied:              0

   --- Latency Breakdown ---
   Validation request latency:      0 us
   Coalesced wait latency:          0 us
   TOTAL SECURITY OVERHEAD:         0 us
   Avg latency per validation:      0 us
   Avg latency per coalesced wait:  0 us
   Avg overhead per blocked access: 0 us

   --- Cache Statistics ---
   Processes with cached pages:     0
   Unique pages validated (total):  0
   Cache hit rate:                  0%

   ========= IOMMU Stats =====================
   IOMMU enabled:                   YES
   IOMMU SimObject:                 system.body.iommu

   --- Access Breakdown ---
   Total IOMMU checks:              26514307
   IOTLB hits:                      26514038
   IOTLB misses (page walks):       269
   IOTLB hit rate:                  99.999%

   --- Latency Breakdown ---
   TOTAL IOMMU OVERHEAD:            53162.6 us
   Avg latency per access:          0.00200505 us

********************************************************************************
system.body.body_residual.llvm_interface
Total Area: 7536.61
Total Power Static: 2.39747

Total Power Dynamic: 7.19619
   ========= Performance Analysis =============
   Setup Time:                      0h 0m 0s 0ms 398us
   Simulation Time (Total):         0h 0m 23s 908ms
   Simulation Time (Active):        0h 0m 0s 7ms
        Queue Processing Time:      0h 0m 0s 5ms
             Scheduling Time:       0h 0m 0s 2ms
             Computation Time:      0h 0m 0s 0ms
   System Clock:                    0.1GHz
   Runtime:                         30029 cycles
   Runtime:                         300.29 us
   Stalls:                          0 cycles
   Executed Nodes:                  30028 cycles

   ========= Kernel Validation Stats ==========
   Kernel validation enabled:       NO
   Configured latency per check:    0 us

   --- Access Breakdown ---
   Total memory accesses (validated): 0
   Cache hits (0 latency):          0
   Validation requests (full lat):  0
     of which DMA-ctrl writes:      0
   Coalesced waits (partial lat):   0
   Validations denied:              0

   --- Latency Breakdown ---
   Validation request latency:      0 us
   Coalesced wait latency:          0 us
   TOTAL SECURITY OVERHEAD:         0 us
   Avg latency per validation:      0 us
   Avg latency per coalesced wait:  0 us
   Avg overhead per blocked access: 0 us

   --- Cache Statistics ---
   Processes with cached pages:     0
   Unique pages validated (total):  0
   Cache hit rate:                  0%

   ========= IOMMU Stats =====================
   IOMMU enabled:                   YES
   IOMMU SimObject:                 system.body.iommu

   --- Access Breakdown ---
   Total IOMMU checks:              26660717
   IOTLB hits:                      26660427
   IOTLB misses (page walks):       290
   IOTLB hit rate:                  99.9989%

   --- Latency Breakdown ---
   TOTAL IOMMU OVERHEAD:            53465.9 us
   Avg latency per access:          0.00200542 us

********************************************************************************
system.body.body_pwconv0.llvm_interface
Total Area: 168529
Total Power Static: 399.351

Total Power Dynamic: 9823.92
   ========= Performance Analysis =============
   Setup Time:                      0h 0m 0s 0ms 733us
   Simulation Time (Total):         0h 0m 50s 400ms
   Simulation Time (Active):        0h 0m 3s 23ms
        Queue Processing Time:      0h 0m 3s 18ms
             Scheduling Time:       0h 0m 1s 767ms
             Computation Time:      0h 0m 0s 53ms
   System Clock:                    0.1GHz
   Runtime:                         56135 cycles
   Runtime:                         561.35 us
   Stalls:                          0 cycles
   Executed Nodes:                  56134 cycles

   ========= Kernel Validation Stats ==========
   Kernel validation enabled:       NO
   Configured latency per check:    0 us

   --- Access Breakdown ---
   Total memory accesses (validated): 0
   Cache hits (0 latency):          0
   Validation requests (full lat):  0
     of which DMA-ctrl writes:      0
   Coalesced waits (partial lat):   0
   Validations denied:              0

   --- Latency Breakdown ---
   Validation request latency:      0 us
   Coalesced wait latency:          0 us
   TOTAL SECURITY OVERHEAD:         0 us
   Avg latency per validation:      0 us
   Avg latency per coalesced wait:  0 us
   Avg overhead per blocked access: 0 us

   --- Cache Statistics ---
   Processes with cached pages:     0
   Unique pages validated (total):  0
   Cache hit rate:                  0%

   ========= IOMMU Stats =====================
   IOMMU enabled:                   YES
   IOMMU SimObject:                 system.body.iommu

   --- Access Breakdown ---
   Total IOMMU checks:              26788346
   IOTLB hits:                      26788056
   IOTLB misses (page walks):       290
   IOTLB hit rate:                  99.9989%

   --- Latency Breakdown ---
   TOTAL IOMMU OVERHEAD:            53721.1 us
   Avg latency per access:          0.00200539 us

********************************************************************************
system.body.body_pwconv1.llvm_interface
Total Area: 1.04956e+07
Total Power Static: 20189.6

Total Power Dynamic: 199684
   ========= Performance Analysis =============
   Setup Time:                      0h 0m 0s 131ms 28us
   Simulation Time (Total):         0h 1m 22s 223ms
   Simulation Time (Active):        0h 0m 40s 393ms
        Queue Processing Time:      0h 0m 40s 389ms
             Scheduling Time:       0h 0m 36s 112ms
             Computation Time:      0h 0m 1s 106ms
   System Clock:                    0.1GHz
   Runtime:                         87852 cycles
   Runtime:                         878.52 us
   Stalls:                          0 cycles
   Executed Nodes:                  87851 cycles

   ========= Kernel Validation Stats ==========
   Kernel validation enabled:       NO
   Configured latency per check:    0 us

   --- Access Breakdown ---
   Total memory accesses (validated): 0
   Cache hits (0 latency):          0
   Validation requests (full lat):  0
     of which DMA-ctrl writes:      0
   Coalesced waits (partial lat):   0
   Validations denied:              0

   --- Latency Breakdown ---
   Validation request latency:      0 us
   Coalesced wait latency:          0 us
   TOTAL SECURITY OVERHEAD:         0 us
   Avg latency per validation:      0 us
   Avg latency per coalesced wait:  0 us
   Avg overhead per blocked access: 0 us

   --- Cache Statistics ---
   Processes with cached pages:     0
   Unique pages validated (total):  0
   Cache hit rate:                  0%

   ========= IOMMU Stats =====================
   IOMMU enabled:                   YES
   IOMMU SimObject:                 system.body.iommu

   --- Access Breakdown ---
   Total IOMMU checks:              26937466
   IOTLB hits:                      26937176
   IOTLB misses (page walks):       290
   IOTLB hit rate:                  99.9989%

   --- Latency Breakdown ---
   TOTAL IOMMU OVERHEAD:            54019.4 us
   Avg latency per access:          0.00200536 us

********************************************************************************
system.body.body_dwconv.llvm_interface
Total Area: 1.81453e+06
Total Power Static: 5467.5

Total Power Dynamic: 63163.1
   ========= Performance Analysis =============
   Setup Time:                      0h 0m 0s 8ms 731us
   Simulation Time (Total):         0h 1m 22s 534ms
   Simulation Time (Active):        0h 0m 34s 734ms
        Queue Processing Time:      0h 0m 34s 729ms
             Scheduling Time:       0h 0m 31s 784ms
             Computation Time:      0h 0m 0s 332ms
   System Clock:                    0.1GHz
   Runtime:                         88949 cycles
   Runtime:                         889.49 us
   Stalls:                          0 cycles
   Executed Nodes:                  88948 cycles

   ========= Kernel Validation Stats ==========
   Kernel validation enabled:       NO
   Configured latency per check:    0 us

   --- Access Breakdown ---
   Total memory accesses (validated): 0
   Cache hits (0 latency):          0
   Validation requests (full lat):  0
     of which DMA-ctrl writes:      0
   Coalesced waits (partial lat):   0
   Validations denied:              0

   --- Latency Breakdown ---
   Validation request latency:      0 us
   Coalesced wait latency:          0 us
   TOTAL SECURITY OVERHEAD:         0 us
   Avg latency per validation:      0 us
   Avg latency per coalesced wait:  0 us
   Avg overhead per blocked access: 0 us

   --- Cache Statistics ---
   Processes with cached pages:     0
   Unique pages validated (total):  0
   Cache hit rate:                  0%

   ========= IOMMU Stats =====================
   IOMMU enabled:                   YES
   IOMMU SimObject:                 system.body.iommu

   --- Access Breakdown ---
   Total IOMMU checks:              26941645
   IOTLB hits:                      26941355
   IOTLB misses (page walks):       290
   IOTLB hit rate:                  99.9989%

   --- Latency Breakdown ---
   TOTAL IOMMU OVERHEAD:            54027.7 us
   Avg latency per access:          0.00200536 us

********************************************************************************
system.body.body_top.llvm_interface
Total Area: 52491.8
Total Power Static: 0.963458

Total Power Dynamic: 4.77328
   ========= Performance Analysis =============
   Setup Time:                      0h 0m 0s 17ms 418us
   Simulation Time (Total):         0h 1m 22s 924ms
   Simulation Time (Active):        0h 0m 0s 33ms
        Queue Processing Time:      0h 0m 0s 25ms
             Scheduling Time:       0h 0m 0s 10ms
             Computation Time:      0h 0m 0s 2ms
   System Clock:                    0.1GHz
   Runtime:                         108070 cycles
   Runtime:                         1080.7 us
   Stalls:                          0 cycles
   Executed Nodes:                  108069 cycles

   ========= Kernel Validation Stats ==========
   Kernel validation enabled:       NO
   Configured latency per check:    0 us

   --- Access Breakdown ---
   Total memory accesses (validated): 0
   Cache hits (0 latency):          0
   Validation requests (full lat):  0
     of which DMA-ctrl writes:      0
   Coalesced waits (partial lat):   0
   Validations denied:              0

   --- Latency Breakdown ---
   Validation request latency:      0 us
   Coalesced wait latency:          0 us
   TOTAL SECURITY OVERHEAD:         0 us
   Avg latency per validation:      0 us
   Avg latency per coalesced wait:  0 us
   Avg overhead per blocked access: 0 us

   --- Cache Statistics ---
   Processes with cached pages:     0
   Unique pages validated (total):  0
   Cache hit rate:                  0%

   ========= IOMMU Stats =====================
   IOMMU enabled:                   YES
   IOMMU SimObject:                 system.body.iommu

   --- Access Breakdown ---
   Total IOMMU checks:              26941648
   IOTLB hits:                      26941358
   IOTLB misses (page walks):       290
   IOTLB hit rate:                  99.9989%

   --- Latency Breakdown ---
   TOTAL IOMMU OVERHEAD:            54027.7 us
   Avg latency per access:          0.00200536 us

********************************************************************************
system.body.body_residual.llvm_interface
Total Area: 8074.94
Total Power Static: 3.59739

Total Power Dynamic: 14.3924
   ========= Performance Analysis =============
   Setup Time:                      0h 0m 0s 0ms 387us
   Simulation Time (Total):         0h 0m 23s 911ms
   Simulation Time (Active):        0h 0m 0s 8ms
        Queue Processing Time:      0h 0m 0s 6ms
             Scheduling Time:       0h 0m 0s 2ms
             Computation Time:      0h 0m 0s 0ms
   System Clock:                    0.1GHz
   Runtime:                         30685 cycles
   Runtime:                         306.85 us
   Stalls:                          0 cycles
   Executed Nodes:                  30684 cycles

   ========= Kernel Validation Stats ==========
   Kernel validation enabled:       NO
   Configured latency per check:    0 us

   --- Access Breakdown ---
   Total memory accesses (validated): 0
   Cache hits (0 latency):          0
   Validation requests (full lat):  0
     of which DMA-ctrl writes:      0
   Coalesced waits (partial lat):   0
   Validations denied:              0

   --- Latency Breakdown ---
   Validation request latency:      0 us
   Coalesced wait latency:          0 us
   TOTAL SECURITY OVERHEAD:         0 us
   Avg latency per validation:      0 us
   Avg latency per coalesced wait:  0 us
   Avg overhead per blocked access: 0 us

   --- Cache Statistics ---
   Processes with cached pages:     0
   Unique pages validated (total):  0
   Cache hit rate:                  0%

   ========= IOMMU Stats =====================
   IOMMU enabled:                   YES
   IOMMU SimObject:                 system.body.iommu

   --- Access Breakdown ---
   Total IOMMU checks:              27088620
   IOTLB hits:                      27088307
   IOTLB misses (page walks):       313
   IOTLB hit rate:                  99.9988%

   --- Latency Breakdown ---
   TOTAL IOMMU OVERHEAD:            54333.1 us
   Avg latency per access:          0.00200575 us

********************************************************************************
system.body.body_pwconv0.llvm_interface
Total Area: 180567
Total Power Static: 399.351

Total Power Dynamic: 9823.92
   ========= Performance Analysis =============
   Setup Time:                      0h 0m 0s 0ms 728us
   Simulation Time (Total):         0h 0m 50s 157ms
   Simulation Time (Active):        0h 0m 3s 11ms
        Queue Processing Time:      0h 0m 3s 6ms
             Scheduling Time:       0h 0m 1s 747ms
             Computation Time:      0h 0m 0s 52ms
   System Clock:                    0.1GHz
   Runtime:                         56791 cycles
   Runtime:                         567.91 us
   Stalls:                          0 cycles
   Executed Nodes:                  56790 cycles

   ========= Kernel Validation Stats ==========
   Kernel validation enabled:       NO
   Configured latency per check:    0 us

   --- Access Breakdown ---
   Total memory accesses (validated): 0
   Cache hits (0 latency):          0
   Validation requests (full lat):  0
     of which DMA-ctrl writes:      0
   Coalesced waits (partial lat):   0
   Validations denied:              0

   --- Latency Breakdown ---
   Validation request latency:      0 us
   Coalesced wait latency:          0 us
   TOTAL SECURITY OVERHEAD:         0 us
   Avg latency per validation:      0 us
   Avg latency per coalesced wait:  0 us
   Avg overhead per blocked access: 0 us

   --- Cache Statistics ---
   Processes with cached pages:     0
   Unique pages validated (total):  0
   Cache hit rate:                  0%

   ========= IOMMU Stats =====================
   IOMMU enabled:                   YES
   IOMMU SimObject:                 system.body.iommu

   --- Access Breakdown ---
   Total IOMMU checks:              27216249
   IOTLB hits:                      27215936
   IOTLB misses (page walks):       313
   IOTLB hit rate:                  99.9988%

   --- Latency Breakdown ---
   TOTAL IOMMU OVERHEAD:            54588.4 us
   Avg latency per access:          0.00200573 us

********************************************************************************
system.body.body_pwconv1.llvm_interface
Total Area: 1.12453e+07
Total Power Static: 20189.6

Total Power Dynamic: 199684
   ========= Performance Analysis =============
   Setup Time:                      0h 0m 0s 131ms 361us
   Simulation Time (Total):         0h 1m 21s 979ms
   Simulation Time (Active):        0h 0m 40s 258ms
        Queue Processing Time:      0h 0m 40s 254ms
             Scheduling Time:       0h 0m 35s 878ms
             Computation Time:      0h 0m 1s 126ms
   System Clock:                    0.1GHz
   Runtime:                         88508 cycles
   Runtime:                         885.08 us
   Stalls:                          0 cycles
   Executed Nodes:                  88507 cycles

   ========= Kernel Validation Stats ==========
   Kernel validation enabled:       NO
   Configured latency per check:    0 us

   --- Access Breakdown ---
   Total memory accesses (validated): 0
   Cache hits (0 latency):          0
   Validation requests (full lat):  0
     of which DMA-ctrl writes:      0
   Coalesced waits (partial lat):   0
   Validations denied:              0

   --- Latency Breakdown ---
   Validation request latency:      0 us
   Coalesced wait latency:          0 us
   TOTAL SECURITY OVERHEAD:         0 us
   Avg latency per validation:      0 us
   Avg latency per coalesced wait:  0 us
   Avg overhead per blocked access: 0 us

   --- Cache Statistics ---
   Processes with cached pages:     0
   Unique pages validated (total):  0
   Cache hit rate:                  0%

   ========= IOMMU Stats =====================
   IOMMU enabled:                   YES
   IOMMU SimObject:                 system.body.iommu

   --- Access Breakdown ---
   Total IOMMU checks:              27365369
   IOTLB hits:                      27365056
   IOTLB misses (page walks):       313
   IOTLB hit rate:                  99.9989%

   --- Latency Breakdown ---
   TOTAL IOMMU OVERHEAD:            54886.6 us
   Avg latency per access:          0.0020057 us

********************************************************************************
system.body.body_dwconv.llvm_interface
Total Area: 1.94414e+06
Total Power Static: 5467.5

Total Power Dynamic: 63163.1
   ========= Performance Analysis =============
   Setup Time:                      0h 0m 0s 8ms 985us
   Simulation Time (Total):         0h 1m 22s 290ms
   Simulation Time (Active):        0h 0m 34s 592ms
        Queue Processing Time:      0h 0m 34s 587ms
             Scheduling Time:       0h 0m 31s 623ms
             Computation Time:      0h 0m 0s 327ms
   System Clock:                    0.1GHz
   Runtime:                         89605 cycles
   Runtime:                         896.05 us
   Stalls:                          0 cycles
   Executed Nodes:                  89604 cycles

   ========= Kernel Validation Stats ==========
   Kernel validation enabled:       NO
   Configured latency per check:    0 us

   --- Access Breakdown ---
   Total memory accesses (validated): 0
   Cache hits (0 latency):          0
   Validation requests (full lat):  0
     of which DMA-ctrl writes:      0
   Coalesced waits (partial lat):   0
   Validations denied:              0

   --- Latency Breakdown ---
   Validation request latency:      0 us
   Coalesced wait latency:          0 us
   TOTAL SECURITY OVERHEAD:         0 us
   Avg latency per validation:      0 us
   Avg latency per coalesced wait:  0 us
   Avg overhead per blocked access: 0 us

   --- Cache Statistics ---
   Processes with cached pages:     0
   Unique pages validated (total):  0
   Cache hit rate:                  0%

   ========= IOMMU Stats =====================
   IOMMU enabled:                   YES
   IOMMU SimObject:                 system.body.iommu

   --- Access Breakdown ---
   Total IOMMU checks:              27369548
   IOTLB hits:                      27369235
   IOTLB misses (page walks):       313
   IOTLB hit rate:                  99.9989%

   --- Latency Breakdown ---
   TOTAL IOMMU OVERHEAD:            54895 us
   Avg latency per access:          0.0020057 us

********************************************************************************
system.body.body_top.llvm_interface
Total Area: 56241.2
Total Power Static: 0.961013

Total Power Dynamic: 4.76126
   ========= Performance Analysis =============
   Setup Time:                      0h 0m 0s 17ms 487us
   Simulation Time (Total):         0h 1m 22s 679ms
   Simulation Time (Active):        0h 0m 0s 33ms
        Queue Processing Time:      0h 0m 0s 25ms
             Scheduling Time:       0h 0m 0s 11ms
             Computation Time:      0h 0m 0s 2ms
   System Clock:                    0.1GHz
   Runtime:                         108723 cycles
   Runtime:                         1087.23 us
   Stalls:                          0 cycles
   Executed Nodes:                  108722 cycles

   ========= Kernel Validation Stats ==========
   Kernel validation enabled:       NO
   Configured latency per check:    0 us

   --- Access Breakdown ---
   Total memory accesses (validated): 0
   Cache hits (0 latency):          0
   Validation requests (full lat):  0
     of which DMA-ctrl writes:      0
   Coalesced waits (partial lat):   0
   Validations denied:              0

   --- Latency Breakdown ---
   Validation request latency:      0 us
   Coalesced wait latency:          0 us
   TOTAL SECURITY OVERHEAD:         0 us
   Avg latency per validation:      0 us
   Avg latency per coalesced wait:  0 us
   Avg overhead per blocked access: 0 us

   --- Cache Statistics ---
   Processes with cached pages:     0
   Unique pages validated (total):  0
   Cache hit rate:                  0%

   ========= IOMMU Stats =====================
   IOMMU enabled:                   YES
   IOMMU SimObject:                 system.body.iommu

   --- Access Breakdown ---
   Total IOMMU checks:              27369551
   IOTLB hits:                      27369238
   IOTLB misses (page walks):       313
   IOTLB hit rate:                  99.9989%

   --- Latency Breakdown ---
   TOTAL IOMMU OVERHEAD:            54895 us
   Avg latency per access:          0.0020057 us

********************************************************************************
system.tail.tail_pwconv.llvm_interface
Total Area: 11678.9
Total Power Static: 1439.58

Total Power Dynamic: 37038.2
   ========= Performance Analysis =============
   Setup Time:                      0h 0m 0s 0ms 709us
   Simulation Time (Total):         0h 0m 15s 781ms
   Simulation Time (Active):        0h 0m 6s 337ms
        Queue Processing Time:      0h 0m 6s 331ms
             Scheduling Time:       0h 0m 2s 609ms
             Computation Time:      0h 0m 0s 163ms
   System Clock:                    0.1GHz
   Runtime:                         36373 cycles
   Runtime:                         363.73 us
   Stalls:                          0 cycles
   Executed Nodes:                  36372 cycles

   ========= Kernel Validation Stats ==========
   Kernel validation enabled:       NO
   Configured latency per check:    0 us

   --- Access Breakdown ---
   Total memory accesses (validated): 0
   Cache hits (0 latency):          0
   Validation requests (full lat):  0
     of which DMA-ctrl writes:      0
   Coalesced waits (partial lat):   0
   Validations denied:              0

   --- Latency Breakdown ---
   Validation request latency:      0 us
   Coalesced wait latency:          0 us
   TOTAL SECURITY OVERHEAD:         0 us
   Avg latency per validation:      0 us
   Avg latency per coalesced wait:  0 us
   Avg overhead per blocked access: 0 us

   --- Cache Statistics ---
   Processes with cached pages:     0
   Unique pages validated (total):  0
   Cache hit rate:                  0%

   ========= IOMMU Stats =====================
   IOMMU enabled:                   YES
   IOMMU SimObject:                 system.tail.iommu

   --- Access Breakdown ---
   Total IOMMU checks:              177359
   IOTLB hits:                      177313
   IOTLB misses (page walks):       46
   IOTLB hit rate:                  99.9741%

   --- Latency Breakdown ---
   TOTAL IOMMU OVERHEAD:            377.626 us
   Avg latency per access:          0.00212916 us

********************************************************************************
system.tail.tail_reshape.llvm_interface
Total Area: 10278.6
Total Power Static: 692.426

Total Power Dynamic: 17462.9
   ========= Performance Analysis =============
   Setup Time:                      0h 0m 0s 0ms 359us
   Simulation Time (Total):         0h 0m 15s 741ms
   Simulation Time (Active):        0h 0m 6s 680ms
        Queue Processing Time:      0h 0m 6s 675ms
             Scheduling Time:       0h 0m 3s 871ms
             Computation Time:      0h 0m 0s 27ms
   System Clock:                    0.1GHz
   Runtime:                         36222 cycles
   Runtime:                         362.22 us
   Stalls:                          0 cycles
   Executed Nodes:                  36221 cycles

   ========= Kernel Validation Stats ==========
   Kernel validation enabled:       NO
   Configured latency per check:    0 us

   --- Access Breakdown ---
   Total memory accesses (validated): 0
   Cache hits (0 latency):          0
   Validation requests (full lat):  0
     of which DMA-ctrl writes:      0
   Coalesced waits (partial lat):   0
   Validations denied:              0

   --- Latency Breakdown ---
   Validation request latency:      0 us
   Coalesced wait latency:          0 us
   TOTAL SECURITY OVERHEAD:         0 us
   Avg latency per validation:      0 us
   Avg latency per coalesced wait:  0 us
   Avg overhead per blocked access: 0 us

   --- Cache Statistics ---
   Processes with cached pages:     0
   Unique pages validated (total):  0
   Cache hit rate:                  0%

   ========= IOMMU Stats =====================
   IOMMU enabled:                   YES
   IOMMU SimObject:                 system.tail.iommu

   --- Access Breakdown ---
   Total IOMMU checks:              177360
   IOTLB hits:                      177314
   IOTLB misses (page walks):       46
   IOTLB hit rate:                  99.9741%

   --- Latency Breakdown ---
   TOTAL IOMMU OVERHEAD:            377.628 us
   Avg latency per access:          0.00212916 us

********************************************************************************
system.tail.tail_avgpool.llvm_interface
Total Area: 5554.55
Total Power Static: 178.864

Total Power Dynamic: 2910.95
   ========= Performance Analysis =============
   Setup Time:                      0h 0m 0s 0ms 345us
   Simulation Time (Total):         0h 0m 20s 196ms
   Simulation Time (Active):        0h 0m 6s 155ms
        Queue Processing Time:      0h 0m 6s 149ms
             Scheduling Time:       0h 0m 3s 923ms
             Computation Time:      0h 0m 0s 38ms
   System Clock:                    0.1GHz
   Runtime:                         54184 cycles
   Runtime:                         541.84 us
   Stalls:                          0 cycles
   Executed Nodes:                  54183 cycles

   ========= Kernel Validation Stats ==========
   Kernel validation enabled:       NO
   Configured latency per check:    0 us

   --- Access Breakdown ---
   Total memory accesses (validated): 0
   Cache hits (0 latency):          0
   Validation requests (full lat):  0
     of which DMA-ctrl writes:      0
   Coalesced waits (partial lat):   0
   Validations denied:              0

   --- Latency Breakdown ---
   Validation request latency:      0 us
   Coalesced wait latency:          0 us
   TOTAL SECURITY OVERHEAD:         0 us
   Avg latency per validation:      0 us
   Avg latency per coalesced wait:  0 us
   Avg overhead per blocked access: 0 us

   --- Cache Statistics ---
   Processes with cached pages:     0
   Unique pages validated (total):  0
   Cache hit rate:                  0%

   ========= IOMMU Stats =====================
   IOMMU enabled:                   YES
   IOMMU SimObject:                 system.tail.iommu

   --- Access Breakdown ---
   Total IOMMU checks:              196345
   IOTLB hits:                      196299
   IOTLB misses (page walks):       46
   IOTLB hit rate:                  99.9766%

   --- Latency Breakdown ---
   TOTAL IOMMU OVERHEAD:            415.598 us
   Avg latency per access:          0.00211667 us

********************************************************************************
system.tail.tail_top.llvm_interface
Total Area: 1300.17
Total Power Static: 17.4282

Total Power Dynamic: 85.6582
   ========= Performance Analysis =============
   Setup Time:                      0h 0m 0s 9ms 464us
   Simulation Time (Total):         0h 0m 20s 878ms
   Simulation Time (Active):        0h 0m 0s 107ms
        Queue Processing Time:      0h 0m 0s 100ms
             Scheduling Time:       0h 0m 0s 50ms
             Computation Time:      0h 0m 0s 14ms
   System Clock:                    0.1GHz
   Runtime:                         96284 cycles
   Runtime:                         962.84 us
   Stalls:                          0 cycles
   Executed Nodes:                  96283 cycles

   ========= Kernel Validation Stats ==========
   Kernel validation enabled:       NO
   Configured latency per check:    0 us

   --- Access Breakdown ---
   Total memory accesses (validated): 0
   Cache hits (0 latency):          0
   Validation requests (full lat):  0
     of which DMA-ctrl writes:      0
   Coalesced waits (partial lat):   0
   Validations denied:              0

   --- Latency Breakdown ---
   Validation request latency:      0 us
   Coalesced wait latency:          0 us
   TOTAL SECURITY OVERHEAD:         0 us
   Avg latency per validation:      0 us
   Avg latency per coalesced wait:  0 us
   Avg overhead per blocked access: 0 us

   --- Cache Statistics ---
   Processes with cached pages:     0
   Unique pages validated (total):  0
   Cache hit rate:                  0%

   ========= IOMMU Stats =====================
   IOMMU enabled:                   YES
   IOMMU SimObject:                 system.tail.iommu

   --- Access Breakdown ---
   Total IOMMU checks:              196349
   IOTLB hits:                      196303
   IOTLB misses (page walks):       46
   IOTLB hit rate:                  99.9766%

   --- Latency Breakdown ---
   TOTAL IOMMU OVERHEAD:            415.606 us
   Avg latency per access:          0.00211667 us

********************************************************************************
system.classifier.classifier_linear.llvm_interface
Total Area: 1.83064e+06
Total Power Static: 149974

Total Power Dynamic: 2.0398e+06
   ========= Performance Analysis =============
   Setup Time:                      0h 0m 0s 554ms 724us
   Simulation Time (Total):         0h 20m 32s 17ms
   Simulation Time (Active):        0h 17m 24s 765ms
        Queue Processing Time:      0h 17m 24s 755ms
             Scheduling Time:       0h 17m 0s 884ms
             Computation Time:      0h 0m 6s 821ms
   System Clock:                    0.1GHz
   Runtime:                         1049616 cycles
   Runtime:                         10496.2 us
   Stalls:                          0 cycles
   Executed Nodes:                  1049615 cycles

   ========= Kernel Validation Stats ==========
   Kernel validation enabled:       NO
   Configured latency per check:    0 us

   --- Access Breakdown ---
   Total memory accesses (validated): 0
   Cache hits (0 latency):          0
   Validation requests (full lat):  0
     of which DMA-ctrl writes:      0
   Coalesced waits (partial lat):   0
   Validations denied:              0

   --- Latency Breakdown ---
   Validation request latency:      0 us
   Coalesced wait latency:          0 us
   TOTAL SECURITY OVERHEAD:         0 us
   Avg latency per validation:      0 us
   Avg latency per coalesced wait:  0 us
   Avg overhead per blocked access: 0 us

   --- Cache Statistics ---
   Processes with cached pages:     0
   Unique pages validated (total):  0
   Cache hit rate:                  0%

   ========= IOMMU Stats =====================
   IOMMU enabled:                   YES
   IOMMU SimObject:                 system.classifier.iommu

   --- Access Breakdown ---
   Total IOMMU checks:              5490323
   IOTLB hits:                      5489690
   IOTLB misses (page walks):       633
   IOTLB hit rate:                  99.9885%

   --- Latency Breakdown ---
   TOTAL IOMMU OVERHEAD:            11295.9 us
   Avg latency per access:          0.00205742 us

********************************************************************************
system.classifier.classifier_top.llvm_interface
Total Area: 1350.54
Total Power Static: 23.5124

Total Power Dynamic: 115.557
   ========= Performance Analysis =============
   Setup Time:                      0h 0m 0s 1ms 297us
   Simulation Time (Total):         0h 20m 37s 892ms
   Simulation Time (Active):        0h 0m 0s 308ms
        Queue Processing Time:      0h 0m 0s 213ms
             Scheduling Time:       0h 0m 0s 83ms
             Computation Time:      0h 0m 0s 25ms
   System Clock:                    0.1GHz
   Runtime:                         1403236 cycles
   Runtime:                         14032.4 us
   Stalls:                          0 cycles
   Executed Nodes:                  1403235 cycles

   ========= Kernel Validation Stats ==========
   Kernel validation enabled:       NO
   Configured latency per check:    0 us

   --- Access Breakdown ---
   Total memory accesses (validated): 0
   Cache hits (0 latency):          0
   Validation requests (full lat):  0
     of which DMA-ctrl writes:      0
   Coalesced waits (partial lat):   0
   Validations denied:              0

   --- Latency Breakdown ---
   Validation request latency:      0 us
   Coalesced wait latency:          0 us
   TOTAL SECURITY OVERHEAD:         0 us
   Avg latency per validation:      0 us
   Avg latency per coalesced wait:  0 us
   Avg overhead per blocked access: 0 us

   --- Cache Statistics ---
   Processes with cached pages:     0
   Unique pages validated (total):  0
   Cache hit rate:                  0%

   ========= IOMMU Stats =====================
   IOMMU enabled:                   YES
   IOMMU SimObject:                 system.classifier.iommu

   --- Access Breakdown ---
   Total IOMMU checks:              5490326
   IOTLB hits:                      5489693
   IOTLB misses (page walks):       633
   IOTLB hit rate:                  99.9885%

   --- Latency Breakdown ---
   TOTAL IOMMU OVERHEAD:            11295.9 us
   Avg latency per access:          0.00205742 us

Exiting @ tick 101968503000 because m5_exit instruction encountered
